id,placename,municipality,province,population
295005,Matatiele NU,Matatiele,Eastern Cape,5630
176002,Jonkersberg State Forest,Mossel Bay,Western Cape,114
580159,Othinsangu,Nongoma,KwaZulu-Natal,1981
297234,Emdikisweni,Mbizana,Eastern Cape,1351
877117,Legokgwe,Bushbuckridge,Mpumalanga,12064
290086,Mtshayelo,Ngquza Hill,Eastern Cape,1620
290095,Taweni,Ngquza Hill,Eastern Cape,1570
296187,Chani,Umzimvubu,Eastern Cape,287
171004,Genadendal,Theewaterskloof,Western Cape,5663
283151,Kwa-Blangwe,Emalahleni,Eastern Cape,208
976006,Mahlatsani,Lepele-Nkumpi,Limpopo,531
593043,Mkhukhuze,Ndwedwe,KwaZulu-Natal,637
296164,Njijini,Umzimvubu,Eastern Cape,4254
594059,Sawoti,Ingwe,KwaZulu-Natal,541
966074,Vondwe,Thulamela,Limpopo,6521
297162,Bhukuva,Mbizana,Eastern Cape,103
296132,Dlabhani,Umzimvubu,Eastern Cape,204
970053,Ga-Kgoroshi,Aganang,Limpopo,698
964021,Harmony,Maruleng,Limpopo,23
664047,Koedoespruit,Moses Kotane,North West,2938
260110,KwaNdubungela,Buffalo City,Eastern Cape,568
283201,Luxeni,Emalahleni,Eastern Cape,113
293263,Mangonkone,Mhlontlo,Eastern Cape,581
297009,Mbuthweni B,Mbizana,Eastern Cape,913
674024,Morokweng B,Kagisano/Molopo,North West,14260
593002,Ndwedwe NU,Ndwedwe,KwaZulu-Natal,4911
287001,Ntatyana,Senqu,Eastern Cape,366
283180,Qithi,Emalahleni,Eastern Cape,414
567030,Simondi,Mkhambathini,KwaZulu-Natal,669
965107,Tshilavulu,Mutale,Limpopo,616
169005,Zolani,Langeberg,Western Cape,5598
580030,Bangamaya,Nongoma,KwaZulu-Natal,1199
464007,Brandfort,Masilonyana,Free State,3134
526054,Dannhauser,Dannhauser,KwaZulu-Natal,6493
461004,Edenburg,Kopanong,Free State,1409
546013,Esiweni/Amambulwa,Maphumulo,KwaZulu-Natal,1531
982106,GaMasenya,Mogalakwena,Limpopo,907
960002,Greater Giyani NU,Greater Giyani,Limpopo,1801
561019,Ifafa marine,Umdoni,KwaZulu-Natal,187
265012,Kenton on Sea,Ndlambe,Eastern Cape,5154
270143,KuManxiweni,Mbhashe,Eastern Cape,414
270104,KwaLuvundu,Mbhashe,Eastern Cape,387
284242,KwaTshatshu B,Engcobo,Eastern Cape,421
284146,Lower Gqobonco,Engcobo,Eastern Cape,584
295278,Madlangeni,Matatiele,Eastern Cape,198
472036,Makwane,Maluti a Phofung,Free State,18550
282052,Maqwatini A,Intsika Yethu,Eastern Cape,612
287120,Maxeba,Senqu,Eastern Cape,1167
286043,Mgcetyana,Elundini,Eastern Cape,480
969005,Modimvuhusi,Blouberg,Limpopo,1343
296226,Mpongweni,Umzimvubu,Eastern Cape,111
364010,Nababeep,Nama Khoi,Northern Cape,5374
271450,Ngqolongwane,Mnquma,Eastern Cape,451
588032,Nomponjwana,Ntambanana,KwaZulu-Natal,2228
296025,Nxakaxha,Umzimvubu,Eastern Cape,141
282213,Phukwana A,Intsika Yethu,Eastern Cape,331
968123,Ribungwani,Makhado,Limpopo,2753
598159,Shamto,Umzimkhulu,KwaZulu-Natal,419
378012,Soverby,Kai !Garib,Northern Cape,970
294397,Thwalikhulu,King Sabata Dalindyebo,Eastern Cape,1456
599058,Umgagaba,eThekwini,KwaZulu-Natal,1552
293312,Xabane,Mhlontlo,Eastern Cape,1155
274070,eMxaxa,Ngqushwa,Eastern Cape,4
589138,Amatikulu,uMlalazi,KwaZulu-Natal,515
525004,Berouw,Emadlangeni,KwaZulu-Natal,1793
982067,Bokwidi,Mogalakwena,Limpopo,1354
296172,Butsheni,Umzimvubu,Eastern Cape,448
293085,Cokomfini,Mhlontlo,Eastern Cape,220
667054,Dihatshwane,Mafikeng,North West,1005
762008,Duduza,Lesedi,Gauteng,185
273123,Eluphendweni,Amahlathi,Eastern Cape,846
588034,Enkwenkwe A,Ntambanana,KwaZulu-Natal,884
274084,Fair View,Ngqushwa,Eastern Cape,365
661010,Ga-Moti,Madibeng,North West,5
293161,Gabazi,Mhlontlo,Eastern Cape,1561
260133,Gompo Town,Buffalo City,Eastern Cape,2254
293019,Gwadane,Mhlontlo,Eastern Cape,328
874043,Hlauhlau,Mbombela,Mpumalanga,9590
668016,Itekeng,Ditsobotla,North West,5626
667014,Kabe,Mafikeng,North West,1135
877134,Khokhamoya,Bushbuckridge,Mpumalanga,9466
874022,Kruger National Park,Mbombela,Mpumalanga,2349
270397,KuQangqalala,Mbhashe,Eastern Cape,1157
567029,KwaDwengu,Mkhambathini,KwaZulu-Natal,620
566013,KwaMgwagwa,The Msunduzi,KwaZulu-Natal,2135
294153,KwaNxura,King Sabata Dalindyebo,Eastern Cape,214
581131,Kweyezulu A,Ulundi,KwaZulu-Natal,977
986098,Letolong,Fetakgomo,Limpopo,118
297259,Lugwijini,Mbizana,Eastern Cape,1793
588038,Mabukata,Ntambanana,KwaZulu-Natal,966
985129,Magnetite,Makhuduthamaga,Limpopo,1844
969025,Makgari,Blouberg,Limpopo,564
361018,Mamoratwe,Ga-Segonyana,Northern Cape,2266
294028,Manyosi,King Sabata Dalindyebo,Eastern Cape,836
292164,Masameni,Nyandeni,Eastern Cape,654
986051,Matsha,Fetakgomo,Limpopo,415
575064,Mbewunye A,Nqutu,KwaZulu-Natal,304
598220,Mehlomane,Umzimkhulu,KwaZulu-Natal,580
290125,Mhlwazini,Ngquza Hill,Eastern Cape,1967
987162,Mmaphoko,Greater Tubatse,Limpopo,2634
962025,Moleketla,Greater Tzaneen,Limpopo,3123
295009,Moyeni B,Matatiele,Eastern Cape,460
599030,Mshazi Skhambane,eThekwini,KwaZulu-Natal,1333
583088,Muzi,Jozini,KwaZulu-Natal,5353
290042,Ndakeni B,Ngquza Hill,Eastern Cape,1905
294231,Ngcotyeni,King Sabata Dalindyebo,Eastern Cape,358
290143,Ngwenyeni,Ngquza Hill,Eastern Cape,1521
576093,Nkonyane,Msinga,KwaZulu-Natal,861
270022,Nqgaqeni,Mbhashe,Eastern Cape,208
297082,Ntshamathe A,Mbizana,Eastern Cape,1234
294469,Nzwakazi,King Sabata Dalindyebo,Eastern Cape,196
460005,Petrusburg,Letsemeng,Free State,8435
260081,Potsdam East,Buffalo City,Eastern Cape,1664
986013,Ramallane,Fetakgomo,Limpopo,64
274096,Runletts,Ngqushwa,Eastern Cape,495
660014,Selepe,Moretele,North West,211
960010,Sifasonke,Greater Giyani,Limpopo,2391
864002,Sivukile,Lekwa,Mpumalanga,5754
664090,Sun City,Moses Kotane,North West,1299
171002,Theewaterskloof NU,Theewaterskloof,Western Cape,34200
360090,Tsamaros,Joe Morolong,Northern Cape,405
467017,Tswelangpele,Matjhabeng,Free State,2150
877064,Utlha A,Bushbuckridge,Mpumalanga,880
260138,Welcomewood,Buffalo City,Eastern Cape,837
669036,Zeerust,Ramotshere Moiloa,North West,9093
270059,eLuxomo,Mbhashe,Eastern Cape,349
575127,eSigqumeni B,Nqutu,KwaZulu-Natal,456
276132,Allandale,Nkonkobe,Eastern Cape,414
962040,Babanana,Greater Tzaneen,Limpopo,1709
561016,Bazley Beach,Umdoni,KwaZulu-Natal,268
297349,Bhekiyeza,Mbizana,Eastern Cape,466
505009,Blose,Ezingoleni,KwaZulu-Natal,309
874056,Boschrand Heights,Mbombela,Mpumalanga,0
284071,Bula,Engcobo,Eastern Cape,391
766004,Carletonville,Merafong City,Gauteng,23000
270239,Cinaka,Mbhashe,Eastern Cape,323
526035,Curragh,Dannhauser,KwaZulu-Natal,2334
384005,Delportshoop,Dikgatlong,Northern Cape,4788
360014,Dinopeng,Joe Morolong,Northern Cape,3115
283001,Dordrecht,Emalahleni,Eastern Cape,2023
283195,Dwareni,Emalahleni,Eastern Cape,182
292281,Ekukhwezeni,Nyandeni,Eastern Cape,42
273116,Emangweni,Amahlathi,Eastern Cape,218
294459,Emthaleni,King Sabata Dalindyebo,Eastern Cape,750
276147,Esgangeni,Nkonkobe,Eastern Cape,256
529025,Ezidulini,Abaqulusi,KwaZulu-Natal,4080
177003,Formosa State Forest,George,Western Cape,0
970005,Ga-Mankodi,Aganang,Limpopo,475
667060,Ga-Tau,Mafikeng,North West,1026
986046,GaNkoana,Fetakgomo,Limpopo,1614
297206,Ganyile,Mbizana,Eastern Cape,944
598077,Gloveester,Umzimkhulu,KwaZulu-Natal,861
260169,Gqala,Buffalo City,Eastern Cape,651
293167,Gubini,Mhlontlo,Eastern Cape,237
968039,Ha-Rabali,Makhado,Limpopo,8774
175002,Hessequa NU,Hessequa,Western Cape,11586
384007,Holpan,Dikgatlong,Northern Cape,646
291185,Ingoje,Port St Johns,Eastern Cape,481
291025,Jambeni A,Port St Johns,Eastern Cape,1258
960037,KaDizingidzingi,Greater Giyani,Limpopo,3490
378008,Kanoneiland,Kai !Garib,Northern Cape,174
965125,Khakhu,Mutale,Limpopo,3105
274064,Kingslynn,Ngqushwa,Eastern Cape,200
599142,Kontinga,eThekwini,KwaZulu-Natal,796
282247,KuHange A,Intsika Yethu,Eastern Cape,622
283128,KuNdonga,Emalahleni,Eastern Cape,1088
282030,Kulo-Ngqayi,Intsika Yethu,Eastern Cape,317
295231,KwaBubesi,Matatiele,Eastern Cape,693
562029,KwaHlwemini,uMshwathi,KwaZulu-Natal,4349
294209,KwaMaradebe,King Sabata Dalindyebo,Eastern Cape,522
580050,KwaMshanelo,Nongoma,KwaZulu-Natal,1641
262004,KwaNojoli,Blue Crane Route,Eastern Cape,5206
505021,KwaShoba,Ezingoleni,KwaZulu-Natal,1993
588046,Kwahlaza,Ntambanana,KwaZulu-Natal,12
797024,Langaville,Ekurhuleni,Gauteng,54710
798032,Lenasia South,City of Johannesburg,Gauteng,37110
665014,Logageng,Ratlou,North West,3481
270286,Lubanzi,Mbhashe,Eastern Cape,346
297364,Luphithini B,Mbizana,Eastern Cape,1164
599070,Mabedlane E,eThekwini,KwaZulu-Natal,842
296125,Madadiyela,Umzimvubu,Eastern Cape,313
575045,Mafitleng A,Nqutu,KwaZulu-Natal,2009
987115,Magwareng,Greater Tubatse,Limpopo,1247
464006,Majemasweu,Masilonyana,Free State,9765
961104,Makhupe,Greater Letaba,Limpopo,338
576056,Malomeni,Msinga,KwaZulu-Natal,7039
968025,Mandiwana,Makhado,Limpopo,3208
284432,Manqoyi,Engcobo,Eastern Cape,193
674029,Mapitiki,Kagisano/Molopo,North West,103
669034,Marico-Bosveld Nature Reserve,Ramotshere Moiloa,North West,181
576050,Mashunka,Msinga,KwaZulu-Natal,2775
873003,Matibidi,Thaba Chweu,Mpumalanga,6476
270083,Matyamini,Mbhashe,Eastern Cape,304
291128,Mbabalani,Port St Johns,Eastern Cape,1353
284072,Mboleni B,Engcobo,Eastern Cape,223
276059,Mdeni A,Nkonkobe,Eastern Cape,60
286087,Mfanta,Elundini,Eastern Cape,246
293090,Mhlabamnyama,Mhlontlo,Eastern Cape,1213
294440,Mjikweni B,King Sabata Dalindyebo,Eastern Cape,266
286136,Mlamlankunzi,Elundini,Eastern Cape,144
580013,Mngxanyeni,Nongoma,KwaZulu-Natal,289
985081,Mohlala,Makhuduthamaga,Limpopo,665
468005,Monyakeng,Nala,Free State,25392
961026,Mothatsohle,Greater Letaba,Limpopo,1040
966153,Mphego,Thulamela,Limpopo,3003
270110,Mqe,Mbhashe,Eastern Cape,276
290145,Mthentu,Ngquza Hill,Eastern Cape,47
965091,Mukondeni,Mutale,Limpopo,466
672012,Myra,Greater Taung,North West,3238
286123,Ncembu,Elundini,Eastern Cape,1866
503087,Ndlovuzulu,Umzumbe,KwaZulu-Natal,716
874047,Newscom,Mbombela,Mpumalanga,8812
270606,Ngomana,Mbhashe,Eastern Cape,697
576041,Ngubevu,Msinga,KwaZulu-Natal,3466
582057,Nhlamvu,Umhlabuyalingana,KwaZulu-Natal,839
270651,Nkawukazi B,Mbhashe,Eastern Cape,141
290202,Nobadula,Ngquza Hill,Eastern Cape,408
566001,Northdale,The Msunduzi,KwaZulu-Natal,54822
287009,Ntaba-Kusuku,Senqu,Eastern Cape,253
283026,Ntlanjeni,Emalahleni,Eastern Cape,130
285020,Ntsukaze,Sakhisizwe,Eastern Cape,537
538034,Nyembe,uMhlathuze,KwaZulu-Natal,1398
571033,Olivia,Okhahlamba,KwaZulu-Natal,509
167024,Paradyskloof,Stellenbosch,Western Cape,1614
283072,Phesheya,Emalahleni,Eastern Cape,111
179009,Plettenberg Bay,Bitou,Western Cape,6475
284401,Qanguleni,Engcobo,Eastern Cape,588
294476,Qulu,King Sabata Dalindyebo,Eastern Cape,351
660058,Ratjiepane,Moretele,North West,4215
961009,Roerfontein,Greater Letaba,Limpopo,2144
282027,Samela,Intsika Yethu,Eastern Cape,234
180007,Sedgefield,Knysna,Western Cape,8286
976085,Seruleng,Lepele-Nkumpi,Limpopo,1317
296173,Shugabhushi,Umzimvubu,Eastern Cape,559
296197,Sijika,Umzimvubu,Eastern Cape,185
291044,Siphusiphu,Port St Johns,Eastern Cape,316
360087,Smauswane,Joe Morolong,Northern Cape,461
961004,Staseni,Greater Letaba,Limpopo,219
660015,Syferskuil,Moretele,North West,6269
977010,Thabazimbi,Thabazimbi,Limpopo,3517
506063,Thongasi,Hibiscus Coast,KwaZulu-Natal,2450
660021,Tlholwe,Moretele,North West,800
978014,Tshelamake,Lephalale,Limpopo,327
290219,Tshonya,Ngquza Hill,Eastern Cape,503
273104,Tyelimdaka,Amahlathi,Eastern Cape,127
273068,Upper Gxulu,Amahlathi,Eastern Cape,810
599034,Verulam,eThekwini,KwaZulu-Natal,37273
297207,Vuyisile,Mbizana,Eastern Cape,62
270422,Willow,Mbhashe,Eastern Cape,1715
294121,Xongora,King Sabata Dalindyebo,Eastern Cape,428
270212,Zimtshe,Mbhashe,Eastern Cape,124
284047,eGcabalata,Engcobo,Eastern Cape,367
271110,eMasisini,Mnquma,Eastern Cape,441
270565,eNtilini C,Mbhashe,Eastern Cape,249
270638,eZimfeneni,Mbhashe,Eastern Cape,99
660020,Agisaneng,Moretele,North West,119
671005,Amalia,Mamusa,North West,226
272039,Arena,Great Kei,Eastern Cape,63
499041,Balaclava,Mangaung,Free State,222
170001,Barrydale,Swellendam,Western Cape,4156
274102,Bell,Ngqushwa,Eastern Cape,865
291010,Bhakaleni,Port St Johns,Eastern Cape,848
290254,Bhobhoyi,Ngquza Hill,Eastern Cape,323
160004,Bitterfontein,Matzikama,Western Cape,986
976027,Bodutulo,Lepele-Nkumpi,Limpopo,684
589021,Bongela,uMlalazi,KwaZulu-Natal,685
472007,Botjhabelo,Maluti a Phofung,Free State,1080
675006,Bruidegomskraal,Ventersdorp,North West,2292
270185,Bunene,Mbhashe,Eastern Cape,614
276140,Calderwood,Nkonkobe,Eastern Cape,197
292216,Ceka,Nyandeni,Eastern Cape,394
292056,Chophetyeni,Nyandeni,Eastern Cape,3185
524013,Claremont,Newcastle,KwaZulu-Natal,4780
260167,Cosy Corner,Buffalo City,Eastern Cape,111
292084,Dalaguba,Nyandeni,Eastern Cape,1240
162013,De Lust,Bergrivier,Western Cape,684
276176,Dhlawu,Nkonkobe,Eastern Cape,1225
799025,Dilopye,City of Tshwane,Gauteng,3874
985014,Ditabeng,Makhuduthamaga,Limpopo,344
287011,Dolosini,Senqu,Eastern Cape,467
284347,Drayini B,Engcobo,Eastern Cape,282
506049,Dumezulu,Hibiscus Coast,KwaZulu-Natal,1358
281078,Eardley,Lukanji,Eastern Cape,399
560014,Egudwini,Vulamehlo,KwaZulu-Natal,625
504036,Elangeni,UMuziwabantu,KwaZulu-Natal,889
590017,Emahlabathini,Mthonjaneni,KwaZulu-Natal,865
298079,Ematyeni,Ntabankulu,Eastern Cape,973
597030,Emkhubane,Ubuhlebezwe,KwaZulu-Natal,459
284414,Engcotyeni,Engcobo,Eastern Cape,261
297130,Envis,Mbizana,Eastern Cape,60
576047,Esijozini,Msinga,KwaZulu-Natal,2506
562018,Etsheni,uMshwathi,KwaZulu-Natal,1646
542047,Ezindundumeni,Nkandla,KwaZulu-Natal,647
276044,Fernvilla,Nkonkobe,Eastern Cape,527
270514,Fukula,Mbhashe,Eastern Cape,233
970078,Ga-Madiba,Aganang,Limpopo,662
962010,Ga-Modjadji,Greater Tzaneen,Limpopo,1118
970056,Ga-Ramakara,Aganang,Limpopo,653
974063,GaMakgobathe,Polokwane,Limpopo,137
962006,GaMokgwathi,Greater Tzaneen,Limpopo,4599
669012,GaSeane,Ramotshere Moiloa,North West,478
362002,Gamagara NU,Gamagara,Northern Cape,992
293233,Gcaka,Mhlontlo,Eastern Cape,265
297235,Giniswayo,Mbizana,Eastern Cape,685
462008,Goedemoed,Mohokare,Free State,537
571046,Gosheni,Okhahlamba,KwaZulu-Natal,927
284137,Gqutyini C,Engcobo,Eastern Cape,228
381004,Groenwater,Tsantsabane,Northern Cape,739
965067,Gundani,Mutale,Limpopo,306
576038,Gxobanyawo,Msinga,KwaZulu-Natal,1955
276017,Hala,Nkonkobe,Eastern Cape,588
273054,Heckel,Amahlathi,Eastern Cape,609
294171,Hlabatshane A,King Sabata Dalindyebo,Eastern Cape,323
584020,Hluhluwe,The Big 5 False Bay,KwaZulu-Natal,3830
499010,Houtnek,Mangaung,Free State,93
570001,Impembeni,Umtshezi,KwaZulu-Natal,754
546059,Inyezini,Maphumulo,KwaZulu-Natal,148
297076,Izinini B,Mbizana,Eastern Cape,936
271153,Jingqi,Mnquma,Eastern Cape,124
966212,Ka-Jilongo,Thulamela,Limpopo,3117
960004,KaMininginisi,Greater Giyani,Limpopo,6021
281040,Kamastone,Lukanji,Eastern Cape,785
985162,Katlegong,Makhuduthamaga,Limpopo,1574
969114,Kgokonyane,Blouberg,Limpopo,563
167012,Khayamandi,Stellenbosch,Western Cape,24645
968063,Khunda,Makhado,Limpopo,231
364008,Kleinzee Mine,Nama Khoi,Northern Cape,3
876004,Komatipoort,Nkomazi,Mpumalanga,4683
269002,Kou-Kamma NU,Kou-Kamma,Eastern Cape,12201
298103,KuDebeza,Ntabankulu,Eastern Cape,1178
270603,KuLokamisa,Mbhashe,Eastern Cape,317
286156,KuMbulunga,Elundini,Eastern Cape,100
270120,KuNombete,Mbhashe,Eastern Cape,334
285061,KuVayile,Sakhisizwe,Eastern Cape,259
260136,Kuni,Buffalo City,Eastern Cape,2179
270316,KwaBawu,Mbhashe,Eastern Cape,648
290274,KwaDick,Ngquza Hill,Eastern Cape,1405
587002,KwaGcoba,Mfolozi,KwaZulu-Natal,2252
294125,KwaKhonongwane,King Sabata Dalindyebo,Eastern Cape,248
272012,KwaMahomba,Great Kei,Eastern Cape,703
290243,KwaMbhayi,Ngquza Hill,Eastern Cape,1231
276072,KwaMlalandle,Nkonkobe,Eastern Cape,522
276055,KwaNacelwane,Nkonkobe,Eastern Cape,174
270320,KwaNjamatafa,Mbhashe,Eastern Cape,111
270020,KwaNoxabani,Mbhashe,Eastern Cape,217
295253,KwaQili,Matatiele,Eastern Cape,159
290017,KwaSomkhetho,Ngquza Hill,Eastern Cape,274
869012,KwaZamokuhle,Steve Tshwete,Mpumalanga,20427
583075,Kwaqondile,Jozini,KwaZulu-Natal,1330
760003,Lakeside,Emfuleni,Gauteng,7843
172001,Lebanon,Overstrand,Western Cape,74
987113,Lekgwabeng,Greater Tubatse,Limpopo,1641
661029,Lerulaneng,Madibeng,North West,3633
294081,Lindini,King Sabata Dalindyebo,Eastern Cape,1908
672016,Loselong,Greater Taung,North West,799
294241,Lower Ngqwarha,King Sabata Dalindyebo,Eastern Cape,1772
297183,Ludeke A,Mbizana,Eastern Cape,294
860019,Lukwatini,Albert Luthuli,Mpumalanga,13149
298148,Lutambeko,Ntabankulu,Eastern Cape,840
876008,M'hati,Nkomazi,Mpumalanga,472
284147,Mabhulwini,Engcobo,Eastern Cape,211
294455,Macelweni,King Sabata Dalindyebo,Eastern Cape,817
661027,Madidi,Madibeng,North West,7444
877077,Madyembeni,Bushbuckridge,Mpumalanga,7210
271159,Magalakangqa,Mnquma,Eastern Cape,1154
582079,Magovini,Umhlabuyalingana,KwaZulu-Natal,430
961006,Mahembeni,Greater Letaba,Limpopo,1970
966025,Mahunguhwi,Thulamela,Limpopo,394
974086,Makanye,Polokwane,Limpopo,9536
586017,Makhambane,Mtubatuba,KwaZulu-Natal,4016
295052,Makomereng,Matatiele,Eastern Cape,339
966087,Malavuwe,Thulamela,Limpopo,2362
672017,Mamashokwane,Greater Taung,North West,542
666021,Manamolele,Tswaing,North West,7695
987125,Mangabane,Greater Tubatse,Limpopo,753
664021,Mankaipaya,Moses Kotane,North West,502
597061,Mantulela,Ubuhlebezwe,KwaZulu-Natal,456
877023,Mapaleng B,Bushbuckridge,Mpumalanga,836
286040,Maqhatseng,Elundini,Eastern Cape,432
984025,Maratheng,Elias Motsoaledi,Limpopo,1944
970080,Mars,Aganang,Limpopo,1
270564,Maseti,Mbhashe,Eastern Cape,466
984043,Masoyeng,Elias Motsoaledi,Limpopo,521
985033,Mathibeng,Makhuduthamaga,Limpopo,1392
669033,Matlhase,Ramotshere Moiloa,North West,756
872042,Matshiding,Dr JS Moroka,Mpumalanga,5484
965109,Mavhuwa,Mutale,Limpopo,351
282127,Mayireni A,Intsika Yethu,Eastern Cape,622
294379,Mbanyaru,King Sabata Dalindyebo,Eastern Cape,549
542033,Mbiswe,Nkandla,KwaZulu-Natal,983
567013,Mboyi,Mkhambathini,KwaZulu-Natal,1274
297287,Mcijweni,Mbizana,Eastern Cape,611
286086,Mdlokovana,Elundini,Eastern Cape,423
499018,Merino,Mangaung,Free State,382
293083,Mfundisweni,Mhlontlo,Eastern Cape,358
294280,Mgqumo,King Sabata Dalindyebo,Eastern Cape,1144
290019,Mhlanjeni,Ngquza Hill,Eastern Cape,737
671001,Migdol,Mamusa,North West,3526
583016,Mkhanyeni,Jozini,KwaZulu-Natal,843
871005,Mkobola,Thembisile,Mpumalanga,9166
982014,Mmakala,Mogalakwena,Limpopo,316
598018,Mncweba,Umzimkhulu,KwaZulu-Natal,360
271413,Mnyama,Mnquma,Eastern Cape,329
360037,Mogobing,Joe Morolong,Northern Cape,132
976078,Mokgophong,Lepele-Nkumpi,Limpopo,3706
962098,Moname,Greater Tzaneen,Limpopo,652
475002,Moqhaka NU,Moqhaka,Free State,21354
961092,Moshate Head Kraal,Greater Letaba,Limpopo,602
985116,Motsiphiri,Makhuduthamaga,Limpopo,429
298003,Mpelazwe,Ntabankulu,Eastern Cape,353
296209,Mpindweni A,Umzimvubu,Eastern Cape,503
270540,Mpume,Mbhashe,Eastern Cape,270
292136,Mqunga,Nyandeni,Eastern Cape,793
294381,Msukeni,King Sabata Dalindyebo,Eastern Cape,348
294334,Mthuthukeni,King Sabata Dalindyebo,Eastern Cape,929
274008,Mtyinweni,Ngqushwa,Eastern Cape,318
506018,Murchison,Hibiscus Coast,KwaZulu-Natal,7352
506042,Mvutshini,Hibiscus Coast,KwaZulu-Natal,4439
296159,Mzinto,Umzimvubu,Eastern Cape,1844
179003,Nature's Valley,Bitou,Western Cape,460
295175,Ncome,Matatiele,Eastern Cape,186
298036,Ndikini,Ntabankulu,Eastern Cape,331
281001,Ndumangeni,Lukanji,Eastern Cape,109
599020,New Glasgow,eThekwini,KwaZulu-Natal,2101
291198,Ngcande,Port St Johns,Eastern Cape,562
966157,Nghomunghom,Thulamela,Limpopo,1799
271396,Ngqanda,Mnquma,Eastern Cape,485
284331,Ngquru,Engcobo,Eastern Cape,318
276032,Ngwangwane,Nkonkobe,Eastern Cape,28
286034,Ngxazana,Elundini,Eastern Cape,298
577018,Nietgedocht,Umvoti,KwaZulu-Natal,1613
874007,Nkambeni,Mbombela,Mpumalanga,7801
571043,Nkomanzana,Okhahlamba,KwaZulu-Natal,1720
295233,Nkungwini A,Matatiele,Eastern Cape,439
297245,Nokogqo,Mbizana,Eastern Cape,217
291103,Nonjonjo,Port St Johns,Eastern Cape,194
282129,Noxweba,Intsika Yethu,Eastern Cape,242
291207,Nqutyana,Port St Johns,Eastern Cape,495
282212,Ntabeni B,Intsika Yethu,Eastern Cape,79
271246,Ntilini A,Mnquma,Eastern Cape,341
546038,Ntombiyahlulinina,Maphumulo,KwaZulu-Natal,2714
599127,Ntshongweni A,eThekwini,KwaZulu-Natal,568
294211,Ntuwe,King Sabata Dalindyebo,Eastern Cape,330
282115,Nyalasa,Intsika Yethu,Eastern Cape,179
282163,Nyongwana,Intsika Yethu,Eastern Cape,144
580011,Ogedleni,Nongoma,KwaZulu-Natal,797
569039,Oqungweni,Indaka,KwaZulu-Natal,2194
379003,Paballelo,//Khara Hais,Northern Cape,17614
799039,Pebble Rock Golf Village,City of Tshwane,Gauteng,357
542012,Phambana,Nkandla,KwaZulu-Natal,508
599051,Phoenix,eThekwini,KwaZulu-Natal,176989
862009,Piet Retief,Mkhondo,Mpumalanga,57428
798040,Poortjie,City of Johannesburg,Gauteng,11153
672015,Pudumoe,Greater Taung,North West,4092
295168,Qhitsi,Matatiele,Eastern Cape,780
582099,Qondweni,Umhlabuyalingana,KwaZulu-Natal,2199
504038,Qwebela,UMuziwabantu,KwaZulu-Natal,1562
664022,Rampampaspoort,Moses Kotane,North West,326
294135,Relegwini,King Sabata Dalindyebo,Eastern Cape,308
294454,Rini,King Sabata Dalindyebo,Eastern Cape,1336
287046,Rooiwal,Senqu,Eastern Cape,634
281067,Sada,Lukanji,Eastern Cape,13493
588050,Sangweyana,Ntambanana,KwaZulu-Natal,2248
284183,Sdadeni,Engcobo,Eastern Cape,1053
985008,Sekale,Makhuduthamaga,Limpopo,807
598146,Senti,Umzimkhulu,KwaZulu-Natal,1085
974073,Setotolwane,Polokwane,Limpopo,2271
586019,ShikiShela,Mtubatuba,KwaZulu-Natal,6905
571047,Sibotsheni,Okhahlamba,KwaZulu-Natal,504
575044,Sigqobheleni,Nqutu,KwaZulu-Natal,315
294429,Sikoba,King Sabata Dalindyebo,Eastern Cape,483
292200,Sinwandweni,Nyandeni,Eastern Cape,401
296066,Sisulwini,Umzimvubu,Eastern Cape,245
869011,Sizanane,Steve Tshwete,Mpumalanga,1155
562023,Solhem,uMshwathi,KwaZulu-Natal,200
287008,Sqitini,Senqu,Eastern Cape,425
478005,Stokkies Draai,Metsimaholo,Free State,3
542142,Swane,Nkandla,KwaZulu-Natal,1369
270231,Talemofu,Mbhashe,Eastern Cape,241
295095,Tereseng,Matatiele,Eastern Cape,31
295230,Thamsanga,Matatiele,Eastern Cape,285
472024,Theosane,Maluti a Phofung,Free State,1541
877069,Thulamahashe,Bushbuckridge,Mpumalanga,13333
974016,Titibe,Polokwane,Limpopo,3380
505003,Tonjeni,Ezingoleni,KwaZulu-Natal,277
291121,Tshakude,Port St Johns,Eastern Cape,177
966038,Tshifudi,Thulamela,Limpopo,2343
965069,Tshitambe,Mutale,Limpopo,267
986010,Tsimeng,Fetakgomo,Limpopo,2323
270260,Tunzini,Mbhashe,Eastern Cape,87
286214,Ugie,Elundini,Eastern Cape,13467
546064,Umvoti,Maphumulo,KwaZulu-Natal,760
273062,Upper Mnyameni,Amahlathi,Eastern Cape,893
799014,Vastfontein,City of Tshwane,Gauteng,837
580139,Vimbisikhala,Nongoma,KwaZulu-Natal,579
283017,Vukani,Emalahleni,Eastern Cape,889
574008,Wasbank,Endumeni,KwaZulu-Natal,1323
599012,Westbrook,eThekwini,KwaZulu-Natal,1526
276053,Woburn,Nkonkobe,Eastern Cape,100
270238,Xhiba,Mbhashe,Eastern Cape,222
499042,Yorksford,Mangaung,Free State,313
580076,Zihlakaniphele,Nongoma,KwaZulu-Natal,457
283055,Zisoyini,Emalahleni,Eastern Cape,569
270486,eBakaneni,Mbhashe,Eastern Cape,930
271184,eKomannishini,Mnquma,Eastern Cape,268
271093,eMakodisini,Mnquma,Eastern Cape,645
270009,eMgudlwane,Mbhashe,Eastern Cape,354
283129,eNgqanda B,Emalahleni,Eastern Cape,445
271243,ePhika,Mnquma,Eastern Cape,239
583026,eSiweni,Jozini,KwaZulu-Natal,3847
271176,iNtlambonkulu,Mnquma,Eastern Cape,358
674001,Abingdon,Kagisano/Molopo,North West,39
874052,Aldie,Mbombela,Mpumalanga,7517
538021,Amadaka,uMhlathuze,KwaZulu-Natal,5213
297036,Amantshangase A/a E,Mbizana,Eastern Cape,1717
281037,Angola,Lukanji,Eastern Cape,1693
199029,Athlone,City of Cape Town,Western Cape,237414
969023,Bahamanoa,Blouberg,Limpopo,9
563005,Balgowan,uMngeni,KwaZulu-Natal,980
293278,Bantubabi,Mhlontlo,Eastern Cape,231
360023,Battlemound,Joe Morolong,Northern Cape,353
573029,Bekabhezayo,Imbabazane,KwaZulu-Natal,1010
580193,Bendle,Nongoma,KwaZulu-Natal,452
295216,Bethesda,Matatiele,Eastern Cape,941
270288,Bhawu,Mbhashe,Eastern Cape,125
506024,Bhethani,Hibiscus Coast,KwaZulu-Natal,2126
271229,Bhongolwethu,Mnquma,Eastern Cape,374
664040,Bierkraal,Moses Kotane,North West,536
282014,Blasini Village,Intsika Yethu,Eastern Cape,184
873002,Blyde River Canyon Nature Reserve,Thaba Chweu,Mpumalanga,58
672031,Boipelo,Greater Taung,North West,4182
580067,Bombolo B,Nongoma,KwaZulu-Natal,159
760013,Bophelong,Emfuleni,Gauteng,46089
360028,Bosra,Joe Morolong,Northern Cape,462
292004,Bovini,Nyandeni,Eastern Cape,217
526058,Bright Home,Dannhauser,KwaZulu-Natal,443
873017,Buffelskloof,Thaba Chweu,Mpumalanga,10
270293,Bulungula,Mbhashe,Eastern Cape,96
270620,Busakwe,Mbhashe,Eastern Cape,160
567003,Cabazini,Mkhambathini,KwaZulu-Natal,1334
567016,Camperdown,Mkhambathini,KwaZulu-Natal,2101
276014,Cathcartvale A,Nkonkobe,Eastern Cape,627
165007,Ceres,Witzenberg,Western Cape,10413
526052,Chelmsford,Dannhauser,KwaZulu-Natal,30
565033,Cibelichle,Impendle,KwaZulu-Natal,2011
161007,Citrusdal,Cederberg,Western Cape,7177
599098,Cliffdale,eThekwini,KwaZulu-Natal,2298
364007,Concordia,Nama Khoi,Northern Cape,4988
282091,Cuba,Intsika Yethu,Eastern Cape,543
542001,Cwezi,Nkandla,KwaZulu-Natal,1366
296081,Dambeni,Umzimvubu,Eastern Cape,4
286166,Daweni,Elundini,Eastern Cape,77
566032,Deda,The Msunduzi,KwaZulu-Natal,5237
660046,Dertig,Moretele,North West,2996
983001,Dichoeung,Ephraim Mogale,Limpopo,1467
984004,Dikgalaopeng,Elias Motsoaledi,Limpopo,1541
294398,Dinga,King Sabata Dalindyebo,Eastern Cape,562
271411,Diphini,Mnquma,Eastern Cape,191
987039,Ditobeleng,Greater Tubatse,Limpopo,1361
271477,Dlephu,Mnquma,Eastern Cape,118
287058,Dontsi,Senqu,Eastern Cape,1278
799017,Downbern,City of Tshwane,Gauteng,603
672006,Dry Harts,Greater Taung,North West,7196
870002,Dullstroom,Emakhazeni,Mpumalanga,45
575107,Dunudunu,Nqutu,KwaZulu-Natal,1058
178003,Dysselsdorp,Oudtshoorn,Western Cape,12544
583017,Ebovini,Jozini,KwaZulu-Natal,688
287092,Edwaleni,Senqu,Eastern Cape,362
271404,Ejojweni,Mnquma,Eastern Cape,645
282009,Ekuxeni,Intsika Yethu,Eastern Cape,123
867008,Eloff,Victor Khanye,Mpumalanga,3968
291047,Emachibini,Port St Johns,Eastern Cape,312
291107,Emakhumsubeni,Port St Johns,Eastern Cape,401
588035,Emasangweni,Ntambanana,KwaZulu-Natal,1974
281083,Embekweni,Lukanji,Eastern Cape,1343
870004,Emgwenya,Emakhazeni,Mpumalanga,6178
538015,Empangeni,uMhlathuze,KwaZulu-Natal,110340
562044,Enbuyeni,uMshwathi,KwaZulu-Natal,705
587008,Enhlabosini,Mfolozi,KwaZulu-Natal,6997
594048,Ensimbini,Ingwe,KwaZulu-Natal,1548
293200,Enzebe,Mhlontlo,Eastern Cape,741
598174,Esicwecweni,Umzimkhulu,KwaZulu-Natal,514
566034,Esinyaneni,The Msunduzi,KwaZulu-Natal,3215
284170,Estishini,Engcobo,Eastern Cape,660
590027,Eyingwenya,Mthonjaneni,KwaZulu-Natal,2993
593013,Ezikotshini,Ndwedwe,KwaZulu-Natal,1461
294339,Ezintulweni,King Sabata Dalindyebo,Eastern Cape,451
470008,Fateng Tse Ntsho,Dihlabeng,Free State,5715
985093,Flaka,Makhuduthamaga,Limpopo,1087
167007,Franschhoek,Stellenbosch,Western Cape,17556
982044,Ga-Dukakgomo,Mogalakwena,Limpopo,606
982115,Ga-Letwaba,Mogalakwena,Limpopo,3855
963012,Ga-Makhushane,Ba-Phalaborwa,Limpopo,12499
970086,Ga-Mashashane,Aganang,Limpopo,5395
962014,Ga-Mookgo,Greater Tzaneen,Limpopo,2303
868025,Ga-Nala,Emalahleni,Mpumalanga,15237
987088,Ga-Riba,Greater Tubatse,Limpopo,3073
969107,GaMabeba,Blouberg,Limpopo,395
969056,GaMamokhwibidu,Blouberg,Limpopo,713
974119,GaMmamatsha,Polokwane,Limpopo,3399
982033,GaMonare,Mogalakwena,Limpopo,1323
969003,GaRamaswikana,Blouberg,Limpopo,1297
974085,GaThoka,Polokwane,Limpopo,11258
982008,Galakwena,Mogalakwena,Limpopo,598
590004,Gandolo,Mthonjaneni,KwaZulu-Natal,582
599086,Gasa Section,eThekwini,KwaZulu-Natal,1442
274029,Gcinisa,Ngqushwa,Eastern Cape,143
666022,Geysdorp,Tswaing,North West,1365
472004,Glen Lenie,Maluti a Phofung,Free State,3590
297384,Gobodweni,Mbizana,Eastern Cape,111
286155,Goji,Elundini,Eastern Cape,315
260106,Gonubie,Buffalo City,Eastern Cape,11471
180010,Goukamma Nature Reserve,Knysna,Western Cape,13
270477,Gqola,Mbhashe,Eastern Cape,206
668004,Grasfontein,Ditsobotla,North West,1352
297175,Greenville,Mbizana,Eastern Cape,3121
799015,Grootvlei,City of Tshwane,Gauteng,1786
589071,Gugushe,uMlalazi,KwaZulu-Natal,771
580147,Guqe,Nongoma,KwaZulu-Natal,563
284190,Gwetyubeni,Engcobo,Eastern Cape,489
968049,Ha-Mapila,Makhado,Limpopo,862
286066,HaNokhohloko,Elundini,Eastern Cape,70
968099,Hanani,Makhado,Limpopo,1137
966151,Hatshisele,Thulamela,Limpopo,4382
869013,Hendrina,Steve Tshwete,Mpumalanga,2359
271130,Hili Hili,Mnquma,Eastern Cape,214
868001,Hlalanikahle,Emalahleni,Mpumalanga,35108
469009,Hlohlolwane,Setsoto,Free State,16253
964033,Hoedspruit,Maruleng,Limpopo,3157
286126,Hopedale,Elundini,Eastern Cape,193
369007,Hutchinson,Ubuntu,Northern Cape,367
164017,Ilinge Lethu,Swartland,Western Cape,13671
598015,Indawana,Umzimkhulu,KwaZulu-Natal,641
568014,Inkumane,Richmond,KwaZulu-Natal,317
297029,Isilangwe,Mbizana,Eastern Cape,379
860047,Izidonga,Albert Luthuli,Mpumalanga,694
460002,Jacobsdal,Letsemeng,Free State,3504
271266,Jekete,Mnquma,Eastern Cape,405
271314,Jojweni B,Mnquma,Eastern Cape,320
284128,Jumba,Engcobo,Eastern Cape,486
966119,Ka-Nghezimani,Thulamela,Limpopo,2170
960074,KaMakhuva,Greater Giyani,Limpopo,3602
960064,KaSabulane,Greater Giyani,Limpopo,2014
294179,Kala,King Sabata Dalindyebo,Eastern Cape,152
672064,Kameelputs,Greater Taung,North West,1508
563001,Karkloof,uMngeni,KwaZulu-Natal,0
799069,Keinfontein,City of Tshwane,Gauteng,121
382002,Kgatelopele NU,Kgatelopele,Northern Cape,566
470012,Kgubetswana,Dihlabeng,Free State,5628
290147,Khanyayo A,Ngquza Hill,Eastern Cape,91
575054,Khiphinkunzi A,Nqutu,KwaZulu-Natal,678
363005,Khubus,Richtersveld,Northern Cape,948
271241,Khwetsha,Mnquma,Eastern Cape,278
167001,Klapmuts,Stellenbosch,Western Cape,7703
578012,Klipspruit,eDumbe,KwaZulu-Natal,1770
766026,Kokosi,Merafong City,Gauteng,26407
274007,Komkulu,Ngqushwa,Eastern Cape,614
281019,Koppies,Lukanji,Eastern Cape,626
579008,Kranskloof,UPhongolo,KwaZulu-Natal,8891
294111,KuBeke,King Sabata Dalindyebo,Eastern Cape,291
270585,KuGatyana,Mbhashe,Eastern Cape,396
294388,KuJonga,King Sabata Dalindyebo,Eastern Cape,525
270221,KuMadakane B,Mbhashe,Eastern Cape,319
282095,KuMaya A,Intsika Yethu,Eastern Cape,360
270325,KuMpame,Mbhashe,Eastern Cape,1016
270429,KuNgwidli,Mbhashe,Eastern Cape,414
284049,KuNtaka B,Engcobo,Eastern Cape,151
286211,KuSitana,Elundini,Eastern Cape,416
297322,Kublekwana,Mbizana,Eastern Cape,433
271322,Kulomiza,Mnquma,Eastern Cape,97
384003,Kutlwano,Dikgatlong,Northern Cape,3959
283117,Kwa-Ntaka,Emalahleni,Eastern Cape,396
284421,KwaBinase,Engcobo,Eastern Cape,462
290094,KwaCoka,Ngquza Hill,Eastern Cape,1365
284390,KwaDlomo C,Engcobo,Eastern Cape,213
294096,KwaGabu,King Sabata Dalindyebo,Eastern Cape,468
270619,KwaGoqo A,Mbhashe,Eastern Cape,433
274015,KwaJubisa,Ngqushwa,Eastern Cape,868
284262,KwaLandu,Engcobo,Eastern Cape,472
292296,KwaMadwatyana,Nyandeni,Eastern Cape,354
273111,KwaMangati,Amahlathi,Eastern Cape,1260
588006,KwaMawanda,Ntambanana,KwaZulu-Natal,827
271501,KwaMdange,Mnquma,Eastern Cape,478
284411,KwaMiya,Engcobo,Eastern Cape,498
594015,KwaMnyamana,Ingwe,KwaZulu-Natal,875
287090,KwaMundu,Senqu,Eastern Cape,191
284154,KwaNdima,Engcobo,Eastern Cape,763
270201,KwaNgezana,Mbhashe,Eastern Cape,257
271108,KwaNkohla,Mnquma,Eastern Cape,372
270382,KwaNongxeke,Mbhashe,Eastern Cape,262
284232,KwaNtondo,Engcobo,Eastern Cape,530
294216,KwaPahla,King Sabata Dalindyebo,Eastern Cape,613
260072,KwaRayi,Buffalo City,Eastern Cape,1144
271067,KwaSimeliyana,Mnquma,Eastern Cape,311
290211,KwaThahle,Ngquza Hill,Eastern Cape,2054
271540,KwaVuso,Mnquma,Eastern Cape,289
292269,KwaZinja,Nyandeni,Eastern Cape,510
297303,Kwamundazwe,Mbizana,Eastern Cape,474
581118,KweYezulu C,Ulundi,KwaZulu-Natal,497
293292,Labry,Mhlontlo,Eastern Cape,152
965062,Lamvi,Mutale,Limpopo,712
283136,Lapesini B,Emalahleni,Eastern Cape,242
379004,Leerkrans,//Khara Hais,Northern Cape,1383
986092,Lehlokong,Fetakgomo,Limpopo,26
667053,Lekoko,Mafikeng,North West,1651
976002,Lepele-Nkumpi NU,Lepele-Nkumpi,Limpopo,2452
866009,Leslie Gold Mines,Govan Mbeki,Mpumalanga,456
563007,Lidgetton West,uMngeni,KwaZulu-Natal,4521
290112,Litlaphele,Ngquza Hill,Eastern Cape,3085
667021,Lonely Park,Mafikeng,North West,9511
506031,Louisiana,Hibiscus Coast,KwaZulu-Natal,607
284254,Lower Mangxongweni,Engcobo,Eastern Cape,204
293150,Lower Tyirha,Mhlontlo,Eastern Cape,202
270462,Lucingweni,Mbhashe,Eastern Cape,164
290157,Lufankomo,Ngquza Hill,Eastern Cape,196
578028,Lujojwana,eDumbe,KwaZulu-Natal,486
271008,Lunda,Mnquma,Eastern Cape,305
297328,Lurholweni A,Mbizana,Eastern Cape,929
271233,Lutsholo,Mnquma,Eastern Cape,147
294197,Lwalweni,King Sabata Dalindyebo,Eastern Cape,1136
286137,Mabalane,Elundini,Eastern Cape,200
292163,Mabheleni,Nyandeni,Eastern Cape,1010
974025,Mabokelele,Polokwane,Limpopo,6012
576045,Mabuzela,Msinga,KwaZulu-Natal,1590
284241,Machibini B,Engcobo,Eastern Cape,148
290120,Madevana,Ngquza Hill,Eastern Cape,178
295120,Madimonga,Matatiele,Eastern Cape,1612
293094,Madukuda,Mhlontlo,Eastern Cape,105
294422,Mafakathini,King Sabata Dalindyebo,Eastern Cape,317
575024,Magabeni A,Nqutu,KwaZulu-Natal,610
293166,Magcaki,Mhlontlo,Eastern Cape,207
872043,Magola,Dr JS Moroka,Mpumalanga,3219
985071,Magukubu,Makhuduthamaga,Limpopo,414
295246,Mahaleng,Matatiele,Eastern Cape,884
987126,Mahlageng,Greater Tubatse,Limpopo,178
296064,Mahobe,Umzimvubu,Eastern Cape,149
986068,Maisela,Fetakgomo,Limpopo,944
360085,Makadibeng,Joe Morolong,Northern Cape,155
580185,Makeme,Nongoma,KwaZulu-Natal,899
665008,Makgori,Ratlou,North West,1066
588042,Makholwase,Ntambanana,KwaZulu-Natal,2786
571058,Makhwelela B,Okhahlamba,KwaZulu-Natal,691
286051,Makuatlana,Elundini,Eastern Cape,547
575125,Malakatha,Nqutu,KwaZulu-Natal,2088
986022,Malepeng,Fetakgomo,Limpopo,203
599175,Malukazi,eThekwini,KwaZulu-Natal,19520
799046,Mamelodi,City of Tshwane,Gauteng,334577
291136,Mampube,Port St Johns,Eastern Cape,706
589048,Mandawe,uMlalazi,KwaZulu-Natal,1804
297350,Mandlobe,Mbizana,Eastern Cape,1020
293188,Mangezimeni,Mhlontlo,Eastern Cape,637
270199,Mangweni,Mbhashe,Eastern Cape,545
986093,Manoge,Fetakgomo,Limpopo,327
872038,Mantlole,Dr JS Moroka,Mpumalanga,683
542103,Manyane,Nkandla,KwaZulu-Natal,217
285067,Manzimahle SP,Sakhisizwe,Eastern Cape,343
297013,Mapheleni (Emapheleni),Mbizana,Eastern Cape,691
965117,Mapuloni,Mutale,Limpopo,1014
296024,Maqokolo,Umzimvubu,Eastern Cape,57
669027,Maramage,Ramotshere Moiloa,North West,360
287033,Mareteng,Senqu,Eastern Cape,5036
669008,Maroelakop,Ramotshere Moiloa,North West,168
375004,Marydale,Siyathemba,Northern Cape,2623
963015,Maseke,Ba-Phalaborwa,Limpopo,2752
986042,Mashegeng,Fetakgomo,Limpopo,95
965007,Masisi,Mutale,Limpopo,1150
287089,Matafazaneni,Senqu,Eastern Cape,430
290133,Mathambo,Ngquza Hill,Eastern Cape,274
662002,Mathopestad B,Rustenburg,North West,323
281086,Matiyeni,Lukanji,Eastern Cape,624
271091,Matolweni,Mnquma,Eastern Cape,171
672014,Matshelapane,Greater Taung,North West,1608
472044,Matsieng,Maluti a Phofung,Free State,1680
662045,Maumong,Rustenburg,North West,2141
968048,Mawoni,Makhado,Limpopo,1379
283124,Mayaluleni,Emalahleni,Eastern Cape,425
538005,Mazimazana,uMhlathuze,KwaZulu-Natal,7616
581080,Mbanda A,Ulundi,KwaZulu-Natal,561
579019,Mbekakanye,UPhongolo,KwaZulu-Natal,2252
297129,Mbiba,Mbizana,Eastern Cape,827
965038,Mbodi,Mutale,Limpopo,234
570006,Mbondwana,Umtshezi,KwaZulu-Natal,793
560059,Mbulula,Vulamehlo,KwaZulu-Natal,1629
294193,Mcata,King Sabata Dalindyebo,Eastern Cape,413
283046,Mcwangele,Emalahleni,Eastern Cape,48
292058,Mdina,Nyandeni,Eastern Cape,1476
576070,Mduna,Msinga,KwaZulu-Natal,384
506013,Melville,Hibiscus Coast,KwaZulu-Natal,1029
964013,Metz,Maruleng,Limpopo,6350
293189,Mfolozi,Mhlontlo,Eastern Cape,268
599027,Mgangeni,eThekwini,KwaZulu-Natal,17108
270148,Mgojweni,Mbhashe,Eastern Cape,487
585031,Mgwaqeni,Hlabisa,KwaZulu-Natal,977
587045,Mhlana,Mfolozi,KwaZulu-Natal,2519
270065,Mhlota,Mbhashe,Eastern Cape,254
876033,Middelplaas,Nkomazi,Mpumalanga,4365
292088,Misty Mount,Nyandeni,Eastern Cape,1693
290064,Mketengeni,Ngquza Hill,Eastern Cape,2688
565002,Mkhomazi,Impendle,KwaZulu-Natal,145
576013,Mkhuzeni,Msinga,KwaZulu-Natal,2122
542091,Mkupe,Nkandla,KwaZulu-Natal,942
271231,Mlonyeni,Mnquma,Eastern Cape,277
667012,Mmanawane,Mafikeng,North West,217
598168,Mmusa,Umzimkhulu,KwaZulu-Natal,469
298078,Mngcipongweni,Ntabankulu,Eastern Cape,2681
271002,Mnquna NU,Mnquma,Eastern Cape,1829
295066,Mochadeng,Matatiele,Eastern Cape,903
964014,Moetladimo,Maruleng,Limpopo,117
667009,Mogosane,Mafikeng,North West,1927
962056,Moime,Greater Tzaneen,Limpopo,5000
987122,Mokutung,Greater Tubatse,Limpopo,251
662068,Molote,Rustenburg,North West,345
970076,Monotwane,Aganang,Limpopo,1109
979001,Mookgopong,Mookgopong,Limpopo,24853
276013,Moreson,Nkonkobe,Eastern Cape,264
295192,Mosana,Matatiele,Eastern Cape,560
295039,Mosta,Matatiele,Eastern Cape,588
961075,Motlhakamasoma,Greater Letaba,Limpopo,295
286074,Mount Fletcher,Elundini,Eastern Cape,11488
294467,Mpambu,King Sabata Dalindyebo,Eastern Cape,77
961036,Mpepule,Greater Letaba,Limpopo,1285
974131,Mphogodiba,Polokwane,Limpopo,447
296127,Mpola,Umzimvubu,Eastern Cape,169
270071,Mpozolo,Mbhashe,Eastern Cape,552
580017,Mpuphusi,Nongoma,KwaZulu-Natal,477
293315,Mqobiso - A,Mhlontlo,Eastern Cape,734
286105,Mrobe,Elundini,Eastern Cape,45
576001,Msinga NU,Msinga,KwaZulu-Natal,5680
274011,Mtati Siwani,Ngqushwa,Eastern Cape,443
271465,Mthongwana,Mnquma,Eastern Cape,437
504002,Mtintanyoni,UMuziwabantu,KwaZulu-Natal,1469
287052,Mtsila,Senqu,Eastern Cape,464
968129,Mufunzi,Makhado,Limpopo,310
294207,Muliso,King Sabata Dalindyebo,Eastern Cape,182
281095,Muswa-D,Lukanji,Eastern Cape,223
562002,Mvoti,uMshwathi,KwaZulu-Natal,1173
284185,Mxesibe,Engcobo,Eastern Cape,659
583022,Mziki,Jozini,KwaZulu-Natal,2585
292252,Mzonyane,Nyandeni,Eastern Cape,1863
593009,Nambithani,Ndwedwe,KwaZulu-Natal,1985
294024,Ncambele,King Sabata Dalindyebo,Eastern Cape,450
271056,Ncisinide,Mnquma,Eastern Cape,343
282235,Ncwini,Intsika Yethu,Eastern Cape,602
297038,Ndayingana,Mbizana,Eastern Cape,1664
287020,Ndingashe,Senqu,Eastern Cape,1173
588021,Ndondondwana,Ntambanana,KwaZulu-Natal,316
290176,Ndungunyeni A,Ngquza Hill,Eastern Cape,280
526023,Nellie Valler,Dannhauser,KwaZulu-Natal,1054
286016,New Stand,Elundini,Eastern Cape,249
965084,Ngalavhani,Mutale,Limpopo,321
271523,Ngcingane,Mnquma,Eastern Cape,118
290198,Ngebheni,Ngquza Hill,Eastern Cape,196
506055,Ngodini,Hibiscus Coast,KwaZulu-Natal,2236
580112,Ngoqongo C,Nongoma,KwaZulu-Natal,81
290014,Ngqelemani,Ngquza Hill,Eastern Cape,207
284420,Ngqubusini B,Engcobo,Eastern Cape,54
293325,Ngqwala,Mhlontlo,Eastern Cape,32
526043,Nguqunguqu,Dannhauser,KwaZulu-Natal,1626
664037,Ngweding,Moses Kotane,North West,424
274057,Ngxakaxha,Ngqushwa,Eastern Cape,78
293160,Ngzalana,Mhlontlo,Eastern Cape,641
576058,Nhlesi,Msinga,KwaZulu-Natal,1050
296113,Niyona,Umzimvubu,Eastern Cape,198
598150,Njunga,Umzimkhulu,KwaZulu-Natal,1006
292304,Nkantini,Nyandeni,Eastern Cape,532
286100,Nkobongo,Elundini,Eastern Cape,260
271390,Nkondwane,Mnquma,Eastern Cape,284
273038,Nkqayi,Amahlathi,Eastern Cape,264
290029,Nkwalini,Ngquza Hill,Eastern Cape,58
292169,Nodushe,Nyandeni,Eastern Cape,416
504048,Nombengeza,UMuziwabantu,KwaZulu-Natal,1430
575030,Nondweni B,Nqutu,KwaZulu-Natal,1646
761007,Nooitgecht,Midvaal,Gauteng,879
294353,Nothintwa,King Sabata Dalindyebo,Eastern Cape,1045
298092,Nqalo,Ntabankulu,Eastern Cape,199
292205,Nquba,Nyandeni,Eastern Cape,806
966089,Nsimbhi,Thulamela,Limpopo,1885
292082,Ntabantsimbi,Nyandeni,Eastern Cape,821
581057,Ntandakuwela A,Ulundi,KwaZulu-Natal,778
503051,Ntenguland,Umzumbe,KwaZulu-Natal,725
283095,Ntlalo-Ntle,Emalahleni,Eastern Cape,875
271436,Ntlini,Mnquma,Eastern Cape,278
282223,Ntozini,Intsika Yethu,Eastern Cape,190
270274,Ntshingeni,Mbhashe,Eastern Cape,167
270335,Ntsimbini,Mbhashe,Eastern Cape,731
599048,Ntukuso,eThekwini,KwaZulu-Natal,3446
587040,Ntwezi,Mfolozi,KwaZulu-Natal,1973
293072,Nxotho,Mhlontlo,Eastern Cape,480
282271,Nyanisweni,Intsika Yethu,Eastern Cape,599
589022,Nyimbithwa,uMlalazi,KwaZulu-Natal,1410
576062,Nzala,Msinga,KwaZulu-Natal,1353
588011,Obuka C,Ntambanana,KwaZulu-Natal,1860
571003,Okhahlamba NU,Okhahlamba,KwaZulu-Natal,16887
165002,Op-die-berg,Witzenberg,Western Cape,1531
590015,Osborn,Mthonjaneni,KwaZulu-Natal,99
172005,Overstrand NU,Overstrand,Western Cape,5100
386004,Pampierstad,Phokwane,Northern Cape,21707
575051,Patsoana B,Nqutu,KwaZulu-Natal,652
674049,Pembroke,Kagisano/Molopo,North West,215
982031,Phahladira,Mogalakwena,Limpopo,3097
467002,Phathakahle,Matjhabeng,Free State,16976
199033,Philippi,City of Cape Town,Western Cape,200603
589072,Phongola,uMlalazi,KwaZulu-Natal,2057
293195,Phungulelweni,Mhlontlo,Eastern Cape,103
599116,Pinetown,eThekwini,KwaZulu-Natal,144026
987095,Pologong,Greater Tubatse,Limpopo,1270
162012,Porterville,Bergrivier,Western Cape,7057
165005,Prince Alfred Hamlet,Witzenberg,Western Cape,6810
294082,Qakancu,King Sabata Dalindyebo,Eastern Cape,333
294023,Qelane,King Sabata Dalindyebo,Eastern Cape,824
292120,Qhunqwana,Nyandeni,Eastern Cape,76
286234,Qolombane,Elundini,Eastern Cape,239
581077,Qubeni A,Ulundi,KwaZulu-Natal,334
286204,Qurana,Elundini,Eastern Cape,169
961102,Rabothatha,Greater Letaba,Limpopo,699
984018,Ramogwerane,Elias Motsoaledi,Limpopo,2045
970027,Rapitsi,Aganang,Limpopo,1916
599033,Redcliffe,eThekwini,KwaZulu-Natal,14220
291158,Rhela,Port St Johns,Eastern Cape,1319
164011,Riebeek-Kasteel,Swartland,Western Cape,1144
966159,Roadhouse,Thulamela,Limpopo,3710
877041,Rooiboklaagte B,Bushbuckridge,Mpumalanga,3650
961022,Rotterdam,Greater Letaba,Limpopo,4649
271315,Rwantsana B,Mnquma,Eastern Cape,325
968128,Salaunavhe,Makhado,Limpopo,211
260080,Sandisiwe,Buffalo City,Eastern Cape,515
293096,Sapompolo,Mhlontlo,Eastern Cape,118
982102,Scheming,Mogalakwena,Limpopo,1563
270643,Sebeni,Mbhashe,Eastern Cape,212
982039,Segole,Mogalakwena,Limpopo,1912
295089,Sekhutlong,Matatiele,Eastern Cape,469
968032,Sendedza,Makhado,Limpopo,2503
961108,Sephatwene,Greater Letaba,Limpopo,4994
985152,Setebong,Makhuduthamaga,Limpopo,384
877040,Seville C,Bushbuckridge,Mpumalanga,480
861012,Sheepmoor,Msukaligwa,Mpumalanga,2727
876023,Shiyalongubo,Nkomazi,Mpumalanga,280
876016,Sibayeni,Nkomazi,Mpumalanga,24134
297276,Sidanga,Mbizana,Eastern Cape,424
296155,Sigidini B,Umzimvubu,Eastern Cape,1098
296137,Sihlahleni,Umzimvubu,Eastern Cape,508
286109,Sikhepheni,Elundini,Eastern Cape,295
273119,Silositsha,Amahlathi,Eastern Cape,119
270004,Singeni B,Mbhashe,Eastern Cape,321
295223,Siphepheto,Matatiele,Eastern Cape,443
286197,Siqungqwini,Elundini,Eastern Cape,570
293067,Sititshini,Mhlontlo,Eastern Cape,125
294083,Sixuzulu,King Sabata Dalindyebo,Eastern Cape,416
868005,Skoongesig,Emalahleni,Mpumalanga,32
582098,Sodwana,Umhlabuyalingana,KwaZulu-Natal,93
566046,Songonzima,The Msunduzi,KwaZulu-Natal,3085
526009,Spookmill,Dannhauser,KwaZulu-Natal,304
599072,St. Lawrence,eThekwini,KwaZulu-Natal,2081
869002,Steve Tshwete NU,Steve Tshwete,Mpumalanga,26079
379006,Straussburg,//Khara Hais,Northern Cape,1157
260144,Sunny South,Buffalo City,Eastern Cape,218
562031,Swayimana,uMshwathi,KwaZulu-Natal,11486
294214,Tafeni B,King Sabata Dalindyebo,Eastern Cape,534
585033,Tanganeni,Hlabisa,KwaZulu-Natal,762
799008,Temba,City of Tshwane,Gauteng,58431
286080,Thabakhobelu,Elundini,Eastern Cape,299
290205,Thakanelo,Ngquza Hill,Eastern Cape,458
660053,The Carousel Casino and Entertainment World,Moretele,North West,435
503039,Thembelihle,Umzumbe,KwaZulu-Natal,361
966131,Thohoyandou,Thulamela,Limpopo,69453
599150,Thornwood,eThekwini,KwaZulu-Natal,1608
271121,Thunga B,Mnquma,Eastern Cape,416
293044,Tikolwana,Mhlontlo,Eastern Cape,632
662052,Tlapa,Rustenburg,North West,1757
797030,Tokoza,Ekurhuleni,Gauteng,105827
461011,Trompsburg,Kopanong,Free State,1880
283042,Tsembeyi,Emalahleni,Eastern Cape,676
965056,Tshamutore,Mutale,Limpopo,80
674025,Tshetshu,Kagisano/Molopo,North West,263
965030,Tshikondeni A,Mutale,Limpopo,103
966101,Tshirenzheni,Thulamela,Limpopo,1248
965029,Tshiungani,Mutale,Limpopo,1138
799026,Tshwane NU North,City of Tshwane,Gauteng,6831
283045,Tsolokazi A,Emalahleni,Eastern Cape,417
674017,Tuhutsang,Kagisano/Molopo,North West,101
499039,Tweefontein,Mangaung,Free State,247
260014,Tyusha,Buffalo City,Eastern Cape,1289
271012,Ulahlangubo,Mnquma,Eastern Cape,293
875002,Umjindi NU,Umjindi,Mpumalanga,14886
595011,Underberg,Kwa Sani,KwaZulu-Natal,2694
672054,Upper Majeakgoro,Greater Taung,North West,1887
286081,Upper Tokwana,Elundini,Eastern Cape,321
577020,Vaalkrans,Umvoti,KwaZulu-Natal,1461
765001,Venterspost,Westonaria,Gauteng,1272
369005,Victoria West,Ubuntu,Northern Cape,8254
871014,Vlaaklaagte,Thembisile,Mpumalanga,12098
477005,Vredefort,Ngwathe,Free State,1326
271288,Vumenjani,Mnquma,Eastern Cape,184
863007,Wakkestroom,Pixley Ka Seme,Mpumalanga,6852
765005,Waterworks,Westonaria,Gauteng,2249
570014,Wembesi A,Umtshezi,KwaZulu-Natal,13544
579003,Whitecliff,UPhongolo,KwaZulu-Natal,6530
987005,Wismar,Greater Tubatse,Limpopo,811
499043,Woodbridge,Mangaung,Free State,437
581035,Xasana,Ulundi,KwaZulu-Natal,1021
960048,Ximausa,Greater Giyani,Limpopo,2507
542076,Xulu,Nkandla,KwaZulu-Natal,326
478010,Zamdela,Metsimaholo,Free State,82339
282160,Zicubeni,Intsika Yethu,Eastern Cape,543
589117,Zimbidli,uMlalazi,KwaZulu-Natal,363
292025,Zinkumbeni,Nyandeni,Eastern Cape,434
294369,Zixekeni,King Sabata Dalindyebo,Eastern Cape,225
283104,Zwart Water,Emalahleni,Eastern Cape,302
284381,eChibini A,Engcobo,Eastern Cape,68
270445,eGotyibeni B,Mbhashe,Eastern Cape,323
270035,eLalini H,Mbhashe,Eastern Cape,311
271274,eMagotsini,Mnquma,Eastern Cape,360
284361,eMandlaneni,Engcobo,Eastern Cape,393
283208,eMazimeni,Emalahleni,Eastern Cape,275
271185,eMncuncuno,Mnquma,Eastern Cape,513
284221,eNdungunyeni,Engcobo,Eastern Cape,159
286037,eNkalweni,Elundini,Eastern Cape,1434
270384,eNtshatshongo B,Mbhashe,Eastern Cape,414
270359,eRhwantsini A,Mbhashe,Eastern Cape,616
270176,eSikolweni,Mbhashe,Eastern Cape,118
560036,eTshenkombo,Vulamehlo,KwaZulu-Natal,810
270418,iBende,Mbhashe,Eastern Cape,615
285026,uMgwalana,Sakhisizwe,Eastern Cape,551
589125,Abashumi,uMlalazi,KwaZulu-Natal,133
266009,Addo,Sundays River Valley,Eastern Cape,6239
860002,Albert Luthuli NU,Albert Luthuli,Mpumalanga,4267
674044,Algiers,Kagisano/Molopo,North West,1435
596006,Aloekop,Greater Kokstad,KwaZulu-Natal,890
589128,Amahubhu,uMlalazi,KwaZulu-Natal,1617
561013,Amangamazi,Umdoni,KwaZulu-Natal,3976
297320,Amaqeda,Mbizana,Eastern Cape,128
863001,Amersfoort,Pixley Ka Seme,Mpumalanga,12335
987136,Apiesdoring,Greater Tubatse,Limpopo,1515
378003,Asbosknop,Kai !Garib,Northern Cape,189
378007,Augrabies Mission,Kai !Garib,Northern Cape,216
874037,Backdoor,Mbombela,Mpumalanga,2997
270488,Bakaneni,Mbhashe,Eastern Cape,376
297340,Baleni A,Mbizana,Eastern Cape,200
580082,Bambelentulo,Nongoma,KwaZulu-Natal,2740
583073,Banjana,Jozini,KwaZulu-Natal,1022
360005,Bareki,Joe Morolong,Northern Cape,150
799076,Bashewa,City of Tshwane,Gauteng,1015
297014,Bayimani (Dayimani),Mbizana,Eastern Cape,1392
277002,Bedford,Nxuba,Eastern Cape,5976
981002,Bela-Bela NU North,Bela-Bela,Limpopo,9616
376007,Belmont,Siyancuma,Northern Cape,25
969051,Bergendal,Blouberg,Limpopo,1008
578009,Bethane,eDumbe,KwaZulu-Natal,883
560045,Beula,Vulamehlo,KwaZulu-Natal,598
580027,Bhanganomo,Nongoma,KwaZulu-Natal,1166
575048,Bhekabantu A,Nqutu,KwaZulu-Natal,271
297169,Bhele B,Mbizana,Eastern Cape,138
538013,Bhiliya,uMhlathuze,KwaZulu-Natal,3854
581060,Bhokweni B,Ulundi,KwaZulu-Natal,433
294456,Bhuba,King Sabata Dalindyebo,Eastern Cape,418
297272,Bhungweni,Mbizana,Eastern Cape,523
172021,Birkenhead,Overstrand,Western Cape,56
467018,Blaauwdrift,Matjhabeng,Free State,50
574001,Bloed Rivier,Endumeni,KwaZulu-Natal,167
199035,Blue Downs,City of Cape Town,Western Cape,92330
562010,Bock en houd Fontein,uMshwathi,KwaZulu-Natal,279
986006,Bogalatladi,Fetakgomo,Limpopo,2892
270612,Bojeni,Mbhashe,Eastern Cape,884
961099,Bolobedu,Greater Letaba,Limpopo,536
674034,Bonabona,Kagisano/Molopo,North West,1110
270112,Bonkolo,Mbhashe,Eastern Cape,70
669028,Borothamadi,Ramotshere Moiloa,North West,619
974096,Boskopies,Polokwane,Limpopo,199
762013,Bothasgeluk,Lesedi,Gauteng,110
171012,Botrivier,Theewaterskloof,Western Cape,5505
199019,Brackenfell,City of Cape Town,Western Cape,44842
173003,Bredasdorp,Cape Agulhas,Western Cape,15524
874048,Broedersvrede,Mbombela,Mpumalanga,1000
260010,Buffalo City NU,Buffalo City,Eastern Cape,10359
293203,Buhlungwana,Mhlontlo,Eastern Cape,1463
674055,Bull Run,Kagisano/Molopo,North West,173
285079,Bumbana,Sakhisizwe,Eastern Cape,373
514012,Burford,Emnambithi/Ladysmith,KwaZulu-Natal,6020
571031,Busingatha A,Okhahlamba,KwaZulu-Natal,1765
877083,Buyisonto,Bushbuckridge,Mpumalanga,10472
294335,Cacadu,King Sabata Dalindyebo,Eastern Cape,1359
366005,Calvinia,Hantam,Northern Cape,9680
292290,Canzibe,Nyandeni,Eastern Cape,1005
660052,Carousel View,Moretele,North West,6973
294357,Cawu,King Sabata Dalindyebo,Eastern Cape,319
293069,Cengane,Mhlontlo,Eastern Cape,445
270140,Chachazele,Mbhashe,Eastern Cape,307
164021,Chatsworth,Swartland,Western Cape,2326
797015,Chief A Luthuli Park,Ekurhuleni,Gauteng,17718
974140,Chuenespoort,Polokwane,Limpopo,1271
270571,Ciko B,Mbhashe,Eastern Cape,454
581010,Cinseni,Ulundi,KwaZulu-Natal,4420
294099,Cizele,King Sabata Dalindyebo,Eastern Cape,397
297052,Clarkeville B,Mbizana,Eastern Cape,340
360007,Clyde,Joe Morolong,Northern Cape,392
668015,Coligny,Ditsobotla,North West,2271
292157,Coranlay,Nyandeni,Eastern Cape,714
599195,Craigieburn,eThekwini,KwaZulu-Natal,7574
293174,Culunca,Mhlontlo,Eastern Cape,237
270468,Cwebe,Mbhashe,Eastern Cape,351
863005,Daggakraal,Pixley Ka Seme,Mpumalanga,17378
273043,Daliwe,Amahlathi,Eastern Cape,2201
270354,Dangazele,Mbhashe,Eastern Cape,478
164010,Darling,Swartland,Western Cape,1073
371004,De Aar,Emthanjeni,Northern Cape,23760
273129,Debe Nek,Amahlathi,Eastern Cape,42
283085,Deeplevel,Emalahleni,Eastern Cape,743
286058,Dengwane,Elundini,Eastern Cape,954
762007,Devon B,Lesedi,Gauteng,1009
290015,Dibandlela,Ngquza Hill,Eastern Cape,425
284022,Didwayo,Engcobo,Eastern Cape,211
285049,Dikatole,Sakhisizwe,Eastern Cape,858
598131,Dikidiki,Umzimkhulu,KwaZulu-Natal,589
297190,Dinda,Mbizana,Eastern Cape,463
297215,Dingo,Mbizana,Eastern Cape,450
871003,Dipasana,Thembisile,Mpumalanga,1835
674048,Dipudi,Kagisano/Molopo,North West,1184
987152,Dithamaga Trust,Greater Tubatse,Limpopo,453
987020,Ditwaile,Greater Tubatse,Limpopo,273
542038,Dlaylyane,Nkandla,KwaZulu-Natal,262
297240,Doje,Mbizana,Eastern Cape,31
580086,Dongothuli,Nongoma,KwaZulu-Natal,783
526026,Doornkop,Dannhauser,KwaZulu-Natal,1681
965074,Dotha,Mutale,Limpopo,179
571010,Drakensberg,Okhahlamba,KwaZulu-Natal,247
987075,Driekop,Greater Tubatse,Limpopo,3487
583003,Dubulwayo,Jozini,KwaZulu-Natal,1206
586001,DukuDuku,Mtubatuba,KwaZulu-Natal,5329
292202,Dumasi,Nyandeni,Eastern Cape,255
296092,Dundee,Umzimvubu,Eastern Cape,2387
199010,Durhamville,City of Cape Town,Western Cape,323
260177,Dyam Dyam,Buffalo City,Eastern Cape,339
966121,Dzingahe,Thulamela,Limpopo,2862
566010,Ebaleni,The Msunduzi,KwaZulu-Natal,873
293060,Echibiri,Mhlontlo,Eastern Cape,480
877056,Edinburgh B,Bushbuckridge,Mpumalanga,2978
294338,Efam,King Sabata Dalindyebo,Eastern Cape,290
560055,Ehlanzeni,Vulamehlo,KwaZulu-Natal,981
282083,Ekofini,Intsika Yethu,Eastern Cape,501
797002,Ekurhuleni NU,Ekurhuleni,Gauteng,19110
984065,Elandsdoring,Elias Motsoaledi,Limpopo,12941
984002,Elias Motsoaledi NU,Elias Motsoaledi,Limpopo,15714
598021,Elucingweni,Umzimkhulu,KwaZulu-Natal,312
561020,Elysium,Umdoni,KwaZulu-Natal,189
291052,Emadrayini,Port St Johns,Eastern Cape,451
581065,Emakhalathini,Ulundi,KwaZulu-Natal,56
298124,Emampondweni,Ntabankulu,Eastern Cape,1588
297304,Emanzamnyama,Mbizana,Eastern Cape,798
273036,Ematanjeni,Amahlathi,Eastern Cape,214
293111,Embalwini,Mhlontlo,Eastern Cape,655
284266,Embo,Engcobo,Eastern Cape,194
588022,Emfeceni,Ntambanana,KwaZulu-Natal,269
296174,Emjelweni,Umzimvubu,Eastern Cape,97
282025,Emntla,Intsika Yethu,Eastern Cape,170
291057,Emsindweni,Port St Johns,Eastern Cape,1641
599023,Emvini,eThekwini,KwaZulu-Natal,2905
283161,Endwe,Emalahleni,Eastern Cape,385
290115,Engqosa,Ngquza Hill,Eastern Cape,593
565010,Enkangala,Impendle,KwaZulu-Natal,51
297157,Enqabeni A,Mbizana,Eastern Cape,308
294134,Entilini,King Sabata Dalindyebo,Eastern Cape,542
293153,Enyango,Mhlontlo,Eastern Cape,375
284092,Equtubeni,Engcobo,Eastern Cape,103
582077,Esibhoweni,Umhlabuyalingana,KwaZulu-Natal,1385
593041,Esigedleni,Ndwedwe,KwaZulu-Natal,2460
290190,Esikhulu,Ngquza Hill,Eastern Cape,104
291079,Esiqhumeni,Port St Johns,Eastern Cape,354
360077,Esperanza,Joe Morolong,Northern Cape,383
599004,Ethekwini NU East,eThekwini,KwaZulu-Natal,1200
866005,Evander,Govan Mbeki,Mpumalanga,10166
281015,Ezibeleni,Lukanji,Eastern Cape,30113
298004,Ezihewuleni,Ntabankulu,Eastern Cape,463
293222,Ezimbileni,Mhlontlo,Eastern Cape,290
590010,Ezinkawini,Mthonjaneni,KwaZulu-Natal,414
589054,Eziqaqweni,uMlalazi,KwaZulu-Natal,4686
274130,Fallodan,Ngqushwa,Eastern Cape,31
877127,Fayini,Bushbuckridge,Mpumalanga,1722
964029,Finale,Maruleng,Limpopo,2793
766024,Fochville,Merafong City,Gauteng,9497
260099,Fort Murray,Buffalo City,Eastern Cape,728
570008,Frere,Umtshezi,KwaZulu-Natal,1215
961052,Ga-Abele,Greater Letaba,Limpopo,1808
969084,Ga-Hlako B,Blouberg,Limpopo,1215
962032,Ga-Kubjana,Greater Tzaneen,Limpopo,2353
969105,Ga-Mabotha,Blouberg,Limpopo,2246
976009,Ga-Mafefe,Lepele-Nkumpi,Limpopo,3028
987158,Ga-Malekana,Greater Tubatse,Limpopo,3775
970016,Ga-Maribana,Aganang,Limpopo,1594
970090,Ga-Matlapa,Aganang,Limpopo,1787
360094,Ga-Mokomela,Joe Morolong,Northern Cape,79
360075,Ga-Moseki,Joe Morolong,Northern Cape,756
969080,Ga-Motshemi,Blouberg,Limpopo,1011
973023,Ga-Phasha,Molemole,Limpopo,1897
664025,Ga-Ramosidi,Moses Kotane,North West,812
361002,Ga-Segonyana NU North,Ga-Segonyana,Northern Cape,200
874024,Ga-Tshwene,Mbombela,Mpumalanga,3354
974113,GaMakanye,Polokwane,Limpopo,138
969062,GaMalokela,Blouberg,Limpopo,1429
974076,GaMapangula,Polokwane,Limpopo,1335
982042,GaMathekga,Mogalakwena,Limpopo,688
675001,GaMogopa,Ventersdorp,North West,2856
982105,GaMolekana,Mogalakwena,Limpopo,4651
961079,GaMoroko,Greater Letaba,Limpopo,1007
986106,GaRadingwana,Fetakgomo,Limpopo,3553
982093,GaRamurulane,Mogalakwena,Limpopo,1185
985056,GaSelepe,Makhuduthamaga,Limpopo,349
974138,GaTshwene A,Polokwane,Limpopo,2117
283028,Gadlume,Emalahleni,Eastern Cape,243
283033,Galax,Emalahleni,Eastern Cape,1040
361005,Gamopedi,Ga-Segonyana,Northern Cape,1399
360105,Ganghae,Joe Morolong,Northern Cape,120
361007,Gariele,Ga-Segonyana,Northern Cape,397
598185,Gaybrook,Umzimkhulu,KwaZulu-Natal,793
281004,Gcina-L,Lukanji,Eastern Cape,234
571005,Geluksburg,Okhahlamba,KwaZulu-Natal,171
599120,Georgedale,eThekwini,KwaZulu-Natal,10354
969021,Gideon,Blouberg,Limpopo,680
499038,Gladstone,Mangaung,Free State,770
969037,Glenfernes,Blouberg,Limpopo,531
284303,Gobhoti,Engcobo,Eastern Cape,1216
581008,Godlankomo,Ulundi,KwaZulu-Natal,1744
162007,Goedverwacht,Bergrivier,Western Cape,1979
965104,Goma,Mutale,Limpopo,43
292030,Gongo,Nyandeni,Eastern Cape,138
669020,Gopane,Ramotshere Moiloa,North West,10035
271486,Gotyibeni,Mnquma,Eastern Cape,572
297001,Goxe A,Mbizana,Eastern Cape,230
293231,Gqeyane,Mhlontlo,Eastern Cape,109
597016,Gqumeni,Ubuhlebezwe,KwaZulu-Natal,984
297353,Gqweza Mzenge,Mbizana,Eastern Cape,80
514023,Graythorne,Emnambithi/Ladysmith,KwaZulu-Natal,115
766025,Green Park,Merafong City,Gauteng,2587
274137,Gribaltar Rock,Ngqushwa,Eastern Cape,127
363006,Grootderm,Richtersveld,Northern Cape,80
272020,Gubeni KwaSilatsha,Great Kei,Eastern Cape,801
504003,Gudlucingo,UMuziwabantu,KwaZulu-Natal,850
503084,Gumatane,Umzumbe,KwaZulu-Natal,1473
599011,Gunjini,eThekwini,KwaZulu-Natal,8031
270520,Guxuxu,Mbhashe,Eastern Cape,118
274063,Gwangwa,Ngqushwa,Eastern Cape,46
296059,Gxaku B,Umzimvubu,Eastern Cape,63
966007,Ha-Lambani,Thulamela,Limpopo,3450
295166,Ha-Moeketsi,Matatiele,Eastern Cape,500
295113,Ha-Tlakanelo,Matatiele,Eastern Cape,246
295125,Hadiaho,Matatiele,Eastern Cape,1188
762011,Hallgate,Lesedi,Gauteng,909
366002,Hantam NU,Hantam,Northern Cape,4175
661047,Hartebeespoort,Madibeng,North West,22374
589144,Hayinyama,uMlalazi,KwaZulu-Natal,995
578039,Helpmekaar A,eDumbe,KwaZulu-Natal,246
982075,Hermansdaal,Mogalakwena,Limpopo,1051
506003,Hibiscus Coast NU,Hibiscus Coast,KwaZulu-Natal,9400
526039,Hilltop,Dannhauser,KwaZulu-Natal,1239
594023,Hlafuna,Ingwe,KwaZulu-Natal,634
298044,Hlankomo,Ntabankulu,Eastern Cape,1111
582062,Hlazane,Umhlabuyalingana,KwaZulu-Natal,1531
505018,Hlomendlini,Ezingoleni,KwaZulu-Natal,1846
290074,Hlwahlwazi,Ngquza Hill,Eastern Cape,3896
283181,Holani,Emalahleni,Eastern Cape,572
978011,Honey,Lephalale,Limpopo,394
274048,Horton,Ngqushwa,Eastern Cape,465
298127,Huhu,Ntabankulu,Eastern Cape,362
598165,Ibisikululwa,Umzimkhulu,KwaZulu-Natal,2967
464008,Ikgomotseng,Masilonyana,Free State,3253
599025,Imbozamo,eThekwini,KwaZulu-Natal,3217
599077,Inanda B,eThekwini,KwaZulu-Natal,9767
283014,Indwe B,Emalahleni,Eastern Cape,2541
506044,Ingwemabala,Hibiscus Coast,KwaZulu-Natal,1156
282002,Intsika Yethu NU,Intsika Yethu,Eastern Cape,1617
546057,Ishowe,Maphumulo,KwaZulu-Natal,472
291119,Isizilo,Port St Johns,Eastern Cape,484
461009,Itumeleng,Kopanong,Free State,3910
542111,Izindlozi,Nkandla,KwaZulu-Natal,541
562021,Jaagbaan,uMshwathi,KwaZulu-Natal,200
524014,Jakkalspan,Newcastle,KwaZulu-Natal,9636
985106,Jane Furse,Makhuduthamaga,Limpopo,6533
504012,Jijintaba,UMuziwabantu,KwaZulu-Natal,1289
798015,Johannesburg,City of Johannesburg,Gauteng,957441
597033,Jolivet,Ubuhlebezwe,KwaZulu-Natal,2351
583069,Jozini,Jozini,KwaZulu-Natal,2267
472049,Jwala Boholo,Maluti a Phofung,Free State,474
966182,Ka-Mchipise,Thulamela,Limpopo,3203
962034,Ka-Xihoko,Greater Tzaneen,Limpopo,4634
960027,KaHhlaneki,Greater Giyani,Limpopo,3942
876020,KaMatsamo,Nkomazi,Mpumalanga,23257
960011,KaNghalalume,Greater Giyani,Limpopo,2855
960082,KaXitlakati,Greater Giyani,Limpopo,1959
674035,Kagiso,Kagisano/Molopo,North West,54
970061,Kalkspruit A,Aganang,Limpopo,6012
799043,Kameeldrift,City of Tshwane,Gauteng,6727
271139,Kampetha,Mnquma,Eastern Cape,189
294071,Kaplan,King Sabata Dalindyebo,Eastern Cape,1934
282345,Katana,Intsika Yethu,Eastern Cape,123
260178,Kayser's Beach,Buffalo City,Eastern Cape,697
261007,Kendrew,Camdeboo,Eastern Cape,57
678007,Kgakala,Maquassi Hills,North West,8336
978015,Kgobagadimo,Lephalale,Limpopo,1283
987012,Kgopaneng,Greater Tubatse,Limpopo,1610
962012,Kgwekgwe,Greater Tzaneen,Limpopo,135
297096,Khaleni B,Mbizana,Eastern Cape,645
672005,Khaukhwe,Greater Taung,North West,530
571057,Khethwani,Okhahlamba,KwaZulu-Natal,5754
294168,Khohlo A,King Sabata Dalindyebo,Eastern Cape,582
290269,Khonjwayo B,Ngquza Hill,Eastern Cape,667
292131,Khuleka,Nyandeni,Eastern Cape,938
766003,Khutsong,Merafong City,Gauteng,62458
526024,Kilegethe,Dannhauser,KwaZulu-Natal,5055
266001,Kirkwood,Sundays River Valley,Eastern Cape,5371
360091,Klein Tsamaros,Joe Morolong,Northern Cape,205
976087,Klipheuvel,Lepele-Nkumpi,Limpopo,1996
295187,Koaring,Matatiele,Eastern Cape,538
172003,Kogelberg,Overstrand,Western Cape,3
297278,Kolora,Mbizana,Eastern Cape,106
270131,Komkhulu C,Mbhashe,Eastern Cape,462
499035,Kommissiedrif,Mangaung,Free State,252
297209,Kopane D,Mbizana,Eastern Cape,826
582020,Kosimeer,Umhlabuyalingana,KwaZulu-Natal,0
270141,Krafa,Mbhashe,Eastern Cape,193
598070,Kromhoek,Umzimkhulu,KwaZulu-Natal,1098
283050,Ku-Helushe,Emalahleni,Eastern Cape,378
270145,KuCamandashe,Mbhashe,Eastern Cape,401
283064,KuDyobhudaka,Emalahleni,Eastern Cape,269
294004,KuGwitya,King Sabata Dalindyebo,Eastern Cape,577
294303,KuHlophe,King Sabata Dalindyebo,Eastern Cape,270
270235,KuLogabu,Mbhashe,Eastern Cape,711
294321,KuLubisana,King Sabata Dalindyebo,Eastern Cape,123
284310,KuMalangazana,Engcobo,Eastern Cape,493
294227,KuMapotyi,King Sabata Dalindyebo,Eastern Cape,85
282040,KuMbaxa,Intsika Yethu,Eastern Cape,604
270089,KuMjelo,Mbhashe,Eastern Cape,291
294430,KuMvezo,King Sabata Dalindyebo,Eastern Cape,810
298051,KuNgqane,Ntabankulu,Eastern Cape,446
294246,KuNkompa,King Sabata Dalindyebo,Eastern Cape,888
271369,KuNqambeli,Mnquma,Eastern Cape,326
286175,KuNuntuza,Elundini,Eastern Cape,42
285065,KuSawuti,Sakhisizwe,Eastern Cape,255
283061,KuTsembeyi A,Emalahleni,Eastern Cape,136
270097,KuXholo,Mbhashe,Eastern Cape,192
293243,Kugandana,Mhlontlo,Eastern Cape,414
270353,Kulogaxa,Mbhashe,Eastern Cape,624
877071,Kumana,Bushbuckridge,Mpumalanga,5235
179002,Kurland,Bitou,Western Cape,4033
283060,Kuzani B,Emalahleni,Eastern Cape,78
283120,Kwa-Hala B,Emalahleni,Eastern Cape,220
797023,Kwa-Thema,Ekurhuleni,Gauteng,103727
290148,KwaBhala B,Ngquza Hill,Eastern Cape,727
503043,KwaBombo,Umzumbe,KwaZulu-Natal,2258
568006,KwaCebelele,Richmond,KwaZulu-Natal,4747
582021,KwaDapha,Umhlabuyalingana,KwaZulu-Natal,242
580001,KwaDlakuse,Nongoma,KwaZulu-Natal,921
272010,KwaDubulekwele,Great Kei,Eastern Cape,411
282286,KwaFanti,Intsika Yethu,Eastern Cape,1072
580061,KwaGasela,Nongoma,KwaZulu-Natal,605
583061,KwaGedle,Jozini,KwaZulu-Natal,2534
868003,KwaGuqa,Emalahleni,Mpumalanga,130920
282303,KwaJara,Intsika Yethu,Eastern Cape,133
284398,KwaKasura,Engcobo,Eastern Cape,624
276172,KwaKulile,Nkonkobe,Eastern Cape,140
581021,KwaLiphondo,Ulundi,KwaZulu-Natal,130
282185,KwaMadikana,Intsika Yethu,Eastern Cape,912
274071,KwaMagosha,Ngqushwa,Eastern Cape,96
583074,KwaMakhonyeni,Jozini,KwaZulu-Natal,5383
529005,KwaManyinyi,Abaqulusi,KwaZulu-Natal,657
580141,KwaMateni,Nongoma,KwaZulu-Natal,509
590037,KwaMazulu,Mthonjaneni,KwaZulu-Natal,150
504034,KwaMbona,UMuziwabantu,KwaZulu-Natal,1121
270527,KwaMfincane,Mbhashe,Eastern Cape,199
871016,KwaMhlanga Crossroads,Thembisile,Mpumalanga,18604
585015,KwaMkenkethe,Hlabisa,KwaZulu-Natal,1437
271083,KwaMlonyeni,Mnquma,Eastern Cape,682
282282,KwaMpotulo,Intsika Yethu,Eastern Cape,255
599166,KwaMtamtengayo,eThekwini,KwaZulu-Natal,1443
282048,KwaMxonywa,Intsika Yethu,Eastern Cape,0
297221,KwaNdela,Mbizana,Eastern Cape,2249
284399,KwaNdlangisa,Engcobo,Eastern Cape,151
260176,KwaNgcamama,Buffalo City,Eastern Cape,486
297222,KwaNgutyana C,Mbizana,Eastern Cape,658
271395,KwaNjokwana,Mnquma,Eastern Cape,64
270152,KwaNkumba,Mbhashe,Eastern Cape,351
594034,KwaNombulula,Ingwe,KwaZulu-Natal,227
271552,KwaNontshinga A,Mnquma,Eastern Cape,828
576078,KwaNtabadini,Msinga,KwaZulu-Natal,870
260028,KwaNtsipho,Buffalo City,Eastern Cape,5
575099,KwaNyoni,Nqutu,KwaZulu-Natal,1037
271431,KwaPhalo,Mnquma,Eastern Cape,48
286099,KwaQutsuma,Elundini,Eastern Cape,114
594033,KwaSandanezwe,Ingwe,KwaZulu-Natal,2856
294329,KwaSidumo,King Sabata Dalindyebo,Eastern Cape,517
272022,KwaSithungu,Great Kei,Eastern Cape,226
560005,KwaSunduzwayo,Vulamehlo,KwaZulu-Natal,835
271533,KwaThinga,Mnquma,Eastern Cape,203
270591,KwaVelelo,Mbhashe,Eastern Cape,420
292310,KwaXutidwele,Nyandeni,Eastern Cape,975
582041,KwaZibi,Umhlabuyalingana,KwaZulu-Natal,1144
284159,KwaZwelinzima,Engcobo,Eastern Cape,451
293264,Kwam,Mhlontlo,Eastern Cape,606
295190,Kwangwe,Matatiele,Eastern Cape,826
370006,Kwazamuxolo,Umsobomvu,Northern Cape,3334
260015,Kwelerana,Buffalo City,Eastern Cape,325
270529,Kwilini,Mbhashe,Eastern Cape,396
984075,Laersdrift,Elias Motsoaledi,Limpopo,2218
282166,Laljitini,Intsika Yethu,Eastern Cape,322
270167,Landlandla,Mbhashe,Eastern Cape,149
598186,Langgewacht Forest Reserve,Umzimkhulu,KwaZulu-Natal,450
360012,Laxey,Joe Morolong,Northern Cape,1590
360033,Lebonkeng,Joe Morolong,Northern Cape,310
977009,Leeupoort,Thabazimbi,Limpopo,1014
798029,Lehae,City of Johannesburg,Gauteng,13380
982118,Lekalakala,Mogalakwena,Limpopo,17250
295183,Lekhalong,Matatiele,Eastern Cape,681
673001,Lekwa-Teemane NU,Lekwa-Teemane,North West,4462
273109,Lenye,Amahlathi,Eastern Cape,542
970063,Lepotlako,Aganang,Limpopo,924
872010,Leseleseleng,Dr JS Moroka,Mpumalanga,1763
295174,Letlapeng,Matatiele,Eastern Cape,822
666025,Letsopa,Tswaing,North West,17488
876025,Lilydale,Nkomazi,Mpumalanga,306
563008,Lions River,uMngeni,KwaZulu-Natal,970
669011,Lobatleng,Ramotshere Moiloa,North West,1320
271453,Lokishi,Mnquma,Eastern Cape,135
962064,Longvalley,Greater Tzaneen,Limpopo,5692
674060,Lotlapakgoro,Kagisano/Molopo,North West,586
969030,Lovely,Blouberg,Limpopo,97
281054,Lower Hukuwa 1-A,Lukanji,Eastern Cape,39
273067,Lower Mnyameni,Amahlathi,Eastern Cape,715
287024,Lower Telle,Senqu,Eastern Cape,424
378015,Loxtonberg,Kai !Garib,Northern Cape,706
286030,Lubisini,Elundini,Eastern Cape,1071
284268,Lucwecwe B,Engcobo,Eastern Cape,326
270443,Ludiza,Mbhashe,Eastern Cape,102
298082,Lugalakaxa,Ntabankulu,Eastern Cape,7
291111,Lujazo,Port St Johns,Eastern Cape,89
281002,Lukhanji NU North,Lukanji,Eastern Cape,1233
582032,Lulwane,Umhlabuyalingana,KwaZulu-Natal,7058
291196,Lunjacweni,Port St Johns,Eastern Cape,936
291046,Luqhoqhweni,Port St Johns,Eastern Cape,1715
514001,Lusitania,Emnambithi/Ladysmith,KwaZulu-Natal,535
593020,Luthuli,Ndwedwe,KwaZulu-Natal,3255
160007,Lutzville,Matzikama,Western Cape,5232
294008,Luxweni,King Sabata Dalindyebo,Eastern Cape,955
290098,Lwandlana B,Ngquza Hill,Eastern Cape,382
987109,Maakubu,Greater Tubatse,Limpopo,244
581104,Mabedlana A,Ulundi,KwaZulu-Natal,971
542061,Mabengela,Nkandla,KwaZulu-Natal,1294
589136,Mabhokweni,uMlalazi,KwaZulu-Natal,2217
598193,Mabisane,Umzimkhulu,KwaZulu-Natal,253
579029,Mabomvu,UPhongolo,KwaZulu-Natal,30
961074,Mabumuleng,Greater Letaba,Limpopo,65
576033,Macanco,Msinga,KwaZulu-Natal,1127
966223,Machele,Thulamela,Limpopo,1192
294014,Macombeni,King Sabata Dalindyebo,Eastern Cape,705
876042,Madaneni,Nkomazi,Mpumalanga,4992
985030,Madibaneng,Makhuduthamaga,Limpopo,2135
294257,Madikaleni,King Sabata Dalindyebo,Eastern Cape,92
987103,Madiseng,Greater Tubatse,Limpopo,15669
582065,Madonela,Umhlabuyalingana,KwaZulu-Natal,7103
585014,Madunjini,Hlabisa,KwaZulu-Natal,649
674014,Maeng A,Kagisano/Molopo,North West,659
965106,Mafhohoni,Mutale,Limpopo,294
270474,Mafusini,Mbhashe,Eastern Cape,680
575095,Magaga,Nqutu,KwaZulu-Natal,533
598032,Magangxosini,Umzimkhulu,KwaZulu-Natal,458
295078,Mageme,Matatiele,Eastern Cape,822
506004,Magog,Hibiscus Coast,KwaZulu-Natal,1609
575043,Magongoloza,Nqutu,KwaZulu-Natal,2000
274086,Magqazeni,Ngqushwa,Eastern Cape,2352
294345,Maguzane,King Sabata Dalindyebo,Eastern Cape,666
293007,Magxeni,Mhlontlo,Eastern Cape,188
286209,Mahasana,Elundini,Eastern Cape,423
287034,Mahlabaneng,Senqu,Eastern Cape,773
582092,Mahlakwe,Umhlabuyalingana,KwaZulu-Natal,2435
578035,Mahlosani,eDumbe,KwaZulu-Natal,422
584013,Mahongaza,The Big 5 False Bay,KwaZulu-Natal,844
968111,Maila,Makhado,Limpopo,6816
666017,Majaneng,Tswaing,North West,709
583076,Majozini,Jozini,KwaZulu-Natal,874
270261,Makambi,Mbhashe,Eastern Cape,161
286045,Makautlane,Elundini,Eastern Cape,804
297260,Makewini C,Mbizana,Eastern Cape,137
970057,Makgobane,Aganang,Limpopo,2349
968079,Makhado,Makhado,Limpopo,25360
589006,Makhehle,uMlalazi,KwaZulu-Natal,4019
286065,Makhotlana,Elundini,Eastern Cape,51
290224,Makhwalweni,Ngquza Hill,Eastern Cape,2044
287037,Makojong,Senqu,Eastern Cape,211
976043,Makotse,Lepele-Nkumpi,Limpopo,2990
966174,Makumeke,Thulamela,Limpopo,1429
965095,Makwilidza,Mutale,Limpopo,346
966184,Malamulele,Thulamela,Limpopo,13070
976021,Malemang,Lepele-Nkumpi,Limpopo,561
164016,Malmesbury,Swartland,Western Cape,10299
284333,Maloseni,Engcobo,Eastern Cape,71
295106,Maluti Part 2,Matatiele,Eastern Cape,86
504013,Mambotho,UMuziwabantu,KwaZulu-Natal,571
270072,Mamfengwini,Mbhashe,Eastern Cape,494
270433,Mampingeni,Mbhashe,Eastern Cape,269
976064,Manaileng,Lepele-Nkumpi,Limpopo,2189
294220,Mancam,King Sabata Dalindyebo,Eastern Cape,184
295033,Manderstone,Matatiele,Eastern Cape,405
284318,Mandlaneni B,Engcobo,Eastern Cape,210
292126,Mandulwini,Nyandeni,Eastern Cape,420
472031,Mangaung,Maluti a Phofung,Free State,9151
286018,Mangolong,Elundini,Eastern Cape,619
582029,Manguzi,Umhlabuyalingana,KwaZulu-Natal,6875
282144,Mangxongweni,Intsika Yethu,Eastern Cape,649
589023,Mankumbu,uMlalazi,KwaZulu-Natal,1106
580109,Manqashi,Nongoma,KwaZulu-Natal,3239
973015,Manthata,Molemole,Limpopo,450
294281,Mantshaya,King Sabata Dalindyebo,Eastern Cape,710
284238,Manxingweni,Engcobo,Eastern Cape,272
877006,Manyeleti Game reserve,Bushbuckridge,Mpumalanga,114
298010,Manzane,Ntabankulu,Eastern Cape,454
594036,Maoleni,Ingwe,KwaZulu-Natal,1483
295142,Mapateng,Matatiele,Eastern Cape,398
295057,Maphokweni,Matatiele,Eastern Cape,515
295189,Mapoleni,Matatiele,Eastern Cape,256
284395,Maqakamzini,Engcobo,Eastern Cape,513
293015,Maqhubini,Mhlontlo,Eastern Cape,475
297341,Maqongwana,Mbizana,Eastern Cape,1513
961101,Maraka,Greater Letaba,Limpopo,436
295285,Maranjana,Matatiele,Eastern Cape,274
378016,Marchand,Kai !Garib,Northern Cape,3222
290113,Marhamzeni,Ngquza Hill,Eastern Cape,2834
987140,Marisileng,Greater Tubatse,Limpopo,983
987090,Marota,Greater Tubatse,Limpopo,1312
282021,Maruleni,Intsika Yethu,Eastern Cape,468
868016,Masakhane,Emalahleni,Mpumalanga,3740
985114,Masateng,Makhuduthamaga,Limpopo,1435
282355,Maselu,Intsika Yethu,Eastern Cape,41
969094,Mashaleng,Blouberg,Limpopo,190
962100,Mashilwane,Greater Tzaneen,Limpopo,1434
986011,Masikwe,Fetakgomo,Limpopo,278
872037,Masobye,Dr JS Moroka,Mpumalanga,8227
985052,Maswateng,Makhuduthamaga,Limpopo,361
966028,Matangari,Thulamela,Limpopo,4062
290251,Mateko,Ngquza Hill,Eastern Cape,1745
297204,Mathe B,Mbizana,Eastern Cape,786
294387,Mathokazini,King Sabata Dalindyebo,Eastern Cape,663
290152,Mathunzini,Ngquza Hill,Eastern Cape,512
985079,Matimatjaji,Makhuduthamaga,Limpopo,74
983063,Matlala Ramoshebo,Ephraim Mogale,Limpopo,3813
676008,Matlwang B,Tlokwe City Council,North West,16
461001,Matoporong,Kopanong,Free State,4217
968071,Matshavhawe,Makhado,Limpopo,1735
672030,Matsheng,Greater Taung,North West,2258
961089,Matshoboko,Greater Letaba,Limpopo,478
874071,Matsulu,Mbombela,Mpumalanga,47306
294290,Matyeni B,King Sabata Dalindyebo,Eastern Cape,218
274038,Mavathulana,Ngqushwa,Eastern Cape,71
276095,Mavuso,Nkonkobe,Eastern Cape,1188
294275,Mawuntini,King Sabata Dalindyebo,Eastern Cape,285
860046,Maxflower Gate,Albert Luthuli,Mpumalanga,2401
560062,Mayfield,Vulamehlo,KwaZulu-Natal,1003
270024,Mazangweni,Mbhashe,Eastern Cape,185
283122,Mazongozini,Emalahleni,Eastern Cape,503
562016,Mbalenhle,uMshwathi,KwaZulu-Natal,1422
287071,Mbango,Senqu,Eastern Cape,190
960079,Mbaula,Greater Giyani,Limpopo,2941
505024,Mbeni,Ezingoleni,KwaZulu-Natal,4939
292270,Mbhojweni,Nyandeni,Eastern Cape,1422
284308,Mbilini,Engcobo,Eastern Cape,545
580197,Mbizaneni,Nongoma,KwaZulu-Natal,1017
291022,Mbokazi,Port St Johns,Eastern Cape,2619
293180,Mbombo,Mhlontlo,Eastern Cape,305
287099,Mbonisweni,Senqu,Eastern Cape,899
581090,Mbudle,Ulundi,KwaZulu-Natal,1184
297346,Mbungwana B,Mbizana,Eastern Cape,1561
581121,Mbuzikazi B,Ulundi,KwaZulu-Natal,137
281044,Mceula,Lukanji,Eastern Cape,424
294172,Mcomgozi,King Sabata Dalindyebo,Eastern Cape,544
271526,Mdange A,Mnquma,Eastern Cape,47
290262,Mdikane,Ngquza Hill,Eastern Cape,1737
292122,Mdlankomo,Nyandeni,Eastern Cape,2526
290023,Mdudwa,Ngquza Hill,Eastern Cape,325
360095,Mecwatsaneng,Joe Morolong,Northern Cape,339
270266,Melitafe,Mbhashe,Eastern Cape,482
271285,Mente,Mnquma,Eastern Cape,463
674027,Metsaneng,Kagisano/Molopo,North West,18
761006,Meyerton,Midvaal,Gauteng,55283
276101,Mfiki,Nkonkobe,Eastern Cape,885
598093,Mfulamhle,Umzimkhulu,KwaZulu-Natal,700
590039,Mgabhi,Mthonjaneni,KwaZulu-Natal,518
284121,Mgaphesheya,Engcobo,Eastern Cape,263
597006,Mgobansimbi,Ubuhlebezwe,KwaZulu-Natal,577
577015,Mgovu,Umvoti,KwaZulu-Natal,728
297388,Mgungundlovu A,Mbizana,Eastern Cape,357
282309,Mgxobhozweni A,Intsika Yethu,Eastern Cape,222
581042,Mhlahlane A,Ulundi,KwaZulu-Natal,662
576074,Mhlangana,Msinga,KwaZulu-Natal,956
291102,Mhlonishwa,Port St Johns,Eastern Cape,67
569031,Mhlumlayo,Indaka,KwaZulu-Natal,1386
874044,Mhwayi,Mbombela,Mpumalanga,8714
761002,Midvaal NU,Midvaal,Gauteng,13566
360084,Minto,Joe Morolong,Northern Cape,157
284382,Mjanyana,Engcobo,Eastern Cape,144
271014,Mjula,Mnquma,Eastern Cape,667
293140,Mkhambeni,Mhlontlo,Eastern Cape,2275
271138,Mkhobeni,Mnquma,Eastern Cape,958
575018,Mkhonjane E,Nqutu,KwaZulu-Natal,2629
560029,Mkhunya,Vulamehlo,KwaZulu-Natal,2529
295265,Mkimane,Matatiele,Eastern Cape,877
282203,Mkonjana,Intsika Yethu,Eastern Cape,295
282238,Mkwanti,Intsika Yethu,Eastern Cape,461
598111,Mlezana,Umzimkhulu,KwaZulu-Natal,1215
667025,Mmabatho,Mafikeng,North West,38297
985146,Mmakoshala,Makhuduthamaga,Limpopo,4107
285058,Mmangweni 2,Sakhisizwe,Eastern Cape,389
985065,Mmatsekele,Makhuduthamaga,Limpopo,344
292053,Mnceleni,Nyandeni,Eastern Cape,323
292138,Mngamnye,Nyandeni,Eastern Cape,824
260003,Mngqalasini,Buffalo City,Eastern Cape,418
576071,Mnqamukantaba,Msinga,KwaZulu-Natal,1367
292276,Mntsholobeni,Nyandeni,Eastern Cape,254
270161,Mnyolo,Mbhashe,Eastern Cape,391
986008,Modihule,Fetakgomo,Limpopo,391
295186,Moeaneng,Matatiele,Eastern Cape,563
982002,Mogalakwena NU,Mogalakwena,Limpopo,5989
976082,Mogologolo,Lepele-Nkumpi,Limpopo,2811
962055,Mohlaba,Greater Tzaneen,Limpopo,12653
286012,Mohoabatsana,Elundini,Eastern Cape,1520
974017,Mokgabane,Polokwane,Limpopo,5180
969036,Mokoena Maswikeng,Blouberg,Limpopo,220
976019,Molapo Matebele,Lepele-Nkumpi,Limpopo,908
667018,Moletsamongwe,Mafikeng,North West,1250
599043,Molweni B,eThekwini,KwaZulu-Natal,247
978022,Mongalo,Lephalale,Limpopo,579
297219,Monti B,Mbizana,Eastern Cape,1837
986066,Mooiklip,Fetakgomo,Limpopo,455
967007,Mopane,Musina,Limpopo,46
985011,Moraledi,Makhuduthamaga,Limpopo,2638
861013,Morgenstond Dam Nature Reserve,Msukaligwa,Mpumalanga,207
962022,Moruji,Greater Tzaneen,Limpopo,5265
961109,Moshakga,Greater Letaba,Limpopo,755
982043,Mosira,Mogalakwena,Limpopo,1004
976046,Motantanyane,Lepele-Nkumpi,Limpopo,752
987110,Motlailane,Greater Tubatse,Limpopo,560
969111,Motsemoswa,Blouberg,Limpopo,438
985166,Motwaneng,Makhuduthamaga,Limpopo,293
598110,Mountain Home,Umzimkhulu,KwaZulu-Natal,1448
270075,Mpakama,Mbhashe,Eastern Cape,115
577013,Mpanza,Umvoti,KwaZulu-Natal,2673
297263,Mpenjathi,Mbizana,Eastern Cape,220
584009,Mphakathini B,The Big 5 False Bay,KwaZulu-Natal,1186
271204,Mphesheya,Mnquma,Eastern Cape,950
503061,Mpikanisweni,Umzumbe,KwaZulu-Natal,103
965053,Mpobuleni,Mutale,Limpopo,155
294439,Mpompu,King Sabata Dalindyebo,Eastern Cape,713
292190,Mposana,Nyandeni,Eastern Cape,755
270142,Mpuku,Mbhashe,Eastern Cape,409
581084,Mpungamhlophe,Ulundi,KwaZulu-Natal,1804
282255,Mqabaqabeni,Intsika Yethu,Eastern Cape,286
575046,Mqhedlana,Nqutu,KwaZulu-Natal,2482
297192,Mqonjwana,Mbizana,Eastern Cape,227
286090,Mraloeng,Elundini,Eastern Cape,139
270592,Msele,Mbhashe,Eastern Cape,80
290278,Msikaba A,Ngquza Hill,Eastern Cape,3
276036,Msobomvu,Nkonkobe,Eastern Cape,1765
292314,Mtakatyi,Nyandeni,Eastern Cape,405
294349,Mtentu,King Sabata Dalindyebo,Eastern Cape,453
270558,Mthlokwana,Mbhashe,Eastern Cape,92
293301,Mthonyameni,Mhlontlo,Eastern Cape,941
503002,Mthwalume,Umzumbe,KwaZulu-Natal,1187
276113,Mtombo,Nkonkobe,Eastern Cape,658
282354,Mtsheko,Intsika Yethu,Eastern Cape,122
281097,Mtwakazi-A,Lukanji,Eastern Cape,336
577019,Muden,Umvoti,KwaZulu-Natal,5308
965124,Muiladi,Mutale,Limpopo,626
961059,Mukwakwaila,Greater Letaba,Limpopo,26
763005,Munsieville,Mogale City,Gauteng,19128
965027,Mushithe,Mutale,Limpopo,396
966011,Mutshenzheni,Thulamela,Limpopo,1062
282151,Mvelase,Intsika Yethu,Eastern Cape,356
293194,Mvumelwano,Mhlontlo,Eastern Cape,3592
270337,Mwana,Mbhashe,Eastern Cape,526
962087,Myakayaka,Greater Tzaneen,Limpopo,4929
283013,Mzamomhle,Emalahleni,Eastern Cape,1031
271273,Mzinjana,Mnquma,Eastern Cape,417
569035,Mziyanke,Indaka,KwaZulu-Natal,168
272008,Mzwini,Great Kei,Eastern Cape,264
287098,Naledi,Senqu,Eastern Cape,1145
173001,Napier,Cape Agulhas,Western Cape,4214
293145,Ncadu,Mhlontlo,Eastern Cape,314
560032,Ncazuka,Vulamehlo,KwaZulu-Natal,1306
295069,Nchodo,Matatiele,Eastern Cape,432
284370,Ncityana A,Engcobo,Eastern Cape,365
292263,Ncumbe,Nyandeni,Eastern Cape,335
270186,Ndafina,Mbhashe,Eastern Cape,516
292013,Ndasana,Nyandeni,Eastern Cape,378
282327,Ndenxe,Intsika Yethu,Eastern Cape,57
960050,Ndindani A,Greater Giyani,Limpopo,1834
290227,Ndlangase,Ngquza Hill,Eastern Cape,396
291200,Ndluzula,Port St Johns,Eastern Cape,222
546031,Ndukwende,Maphumulo,KwaZulu-Natal,4152
597022,Ndunduma,Ubuhlebezwe,KwaZulu-Natal,357
271500,Nduveni,Mnquma,Eastern Cape,266
290083,Ndzondeni,Ngquza Hill,Eastern Cape,1098
283070,New Bright,Emalahleni,Eastern Cape,255
877033,New Line,Bushbuckridge,Mpumalanga,1843
295153,Newlands,Matatiele,Eastern Cape,1318
562041,Ngabayena,uMshwathi,KwaZulu-Natal,1331
292016,Ngavu-Ngavu,Nyandeni,Eastern Cape,439
294294,Ngcendese,King Sabata Dalindyebo,Eastern Cape,1021
284029,Ngcolo,Engcobo,Eastern Cape,24
290028,Ngcungeni,Ngquza Hill,Eastern Cape,808
276089,Ngele,Nkonkobe,Eastern Cape,447
270204,Nginza,Mbhashe,Eastern Cape,621
503071,Ngoleleni,Umzumbe,KwaZulu-Natal,1411
286029,Ngonjaneni,Elundini,Eastern Cape,254
589069,Ngoye,uMlalazi,KwaZulu-Natal,605
270194,Ngqatyana Phesheykwe,Mbhashe,Eastern Cape,118
293230,Ngqokhwe,Mhlontlo,Eastern Cape,238
291113,Ngqontisini,Port St Johns,Eastern Cape,215
294072,Ngqunge,King Sabata Dalindyebo,Eastern Cape,397
284412,Ngqutura,Engcobo,Eastern Cape,326
282065,Ngqwaru,Intsika Yethu,Eastern Cape,103
576032,Ngulule,Msinga,KwaZulu-Natal,970
546074,Ngwadumane,Maphumulo,KwaZulu-Natal,545
542077,Ngwavu,Nkandla,KwaZulu-Natal,483
966077,Ngwenani,Thulamela,Limpopo,6254
294271,Ngwevane,King Sabata Dalindyebo,Eastern Cape,506
292090,Ngxanga,Nyandeni,Eastern Cape,462
594068,Ngxola,Ingwe,KwaZulu-Natal,1172
589097,Nhlabo,uMlalazi,KwaZulu-Natal,1568
585006,Nhlawathi,Hlabisa,KwaZulu-Natal,2973
575115,Nhloya,Nqutu,KwaZulu-Natal,483
360110,Niks,Joe Morolong,Northern Cape,139
290142,Njanda,Ngquza Hill,Eastern Cape,452
270380,Njiveni B,Mbhashe,Eastern Cape,184
284350,Nkaleni,Engcobo,Eastern Cape,346
575005,Nkandle,Nqutu,KwaZulu-Natal,586
295065,Nkasela,Matatiele,Eastern Cape,997
471003,Nketoana NU,Nketoana,Free State,11315
586023,Nkolokoto,Mtubatuba,KwaZulu-Natal,3505
282064,Nkomfa,Intsika Yethu,Eastern Cape,182
271558,Nkonki,Mnquma,Eastern Cape,176
506048,Nkothaneni,Hibiscus Coast,KwaZulu-Natal,3073
293234,Nkululekweni,Mhlontlo,Eastern Cape,199
514007,Nkunzi,Emnambithi/Ladysmith,KwaZulu-Natal,2132
580085,Nkweme,Nongoma,KwaZulu-Natal,679
274105,Nobumba,Ngqushwa,Eastern Cape,1063
587004,Nohaha,Mfolozi,KwaZulu-Natal,2012
271040,Nomaheya Mission,Mnquma,Eastern Cape,585
581079,Nomdiya,Ulundi,KwaZulu-Natal,638
199046,Nomzamo,City of Cape Town,Western Cape,60528
287042,Nongogo,Senqu,Eastern Cape,733
281025,Nontloko,Lukanji,Eastern Cape,99
270281,Nopoto,Mbhashe,Eastern Cape,513
589059,Noshungu,uMlalazi,KwaZulu-Natal,2072
578025,Noukraal,eDumbe,KwaZulu-Natal,945
270031,Nqabana,Mbhashe,Eastern Cape,455
290288,Nqaqhumbe,Ngquza Hill,Eastern Cape,574
599153,Nqobane,eThekwini,KwaZulu-Natal,1758
584017,Nqutsheni,The Big 5 False Bay,KwaZulu-Natal,932
274065,Nqwenerana,Ngqushwa,Eastern Cape,185
876053,Nsizwane,Nkomazi,Mpumalanga,1414
503014,Ntabakucasha,Umzumbe,KwaZulu-Natal,1331
297316,Ntabazulu,Mbizana,Eastern Cape,472
581089,Ntamamhlophe,Ulundi,KwaZulu-Natal,899
575072,Ntanyandlovu D,Nqutu,KwaZulu-Natal,352
581093,Ntendeka,Ulundi,KwaZulu-Natal,457
538002,Nthunzi,uMhlathuze,KwaZulu-Natal,1228
296110,Ntlabeni,Umzimvubu,Eastern Cape,746
284327,Ntlambo,Engcobo,Eastern Cape,41
270439,Ntlekiseni,Mbhashe,Eastern Cape,322
297251,Ntlozelo,Mbizana,Eastern Cape,1245
560047,Ntontonto,Vulamehlo,KwaZulu-Natal,924
297224,Ntsebene,Mbizana,Eastern Cape,234
597042,Ntshayamoya,Ubuhlebezwe,KwaZulu-Natal,1147
293242,Ntshiqo,Mhlontlo,Eastern Cape,827
294013,Ntsila,King Sabata Dalindyebo,Eastern Cape,715
982024,Ntsintsing,Mogalakwena,Limpopo,1463
672003,Ntswanahatshe,Greater Taung,North West,2317
270294,Ntungu,Mbhashe,Eastern Cape,451
284139,Ntwashini A,Engcobo,Eastern Cape,302
546024,Nutwa,Maphumulo,KwaZulu-Natal,692
260068,Nxaruni,Buffalo City,Eastern Cape,1481
292036,Nxukhwebe,Nyandeni,Eastern Cape,621
294050,Nyandeni B,King Sabata Dalindyebo,Eastern Cape,508
580084,Nyathini,Nongoma,KwaZulu-Natal,63
667045,Nyetse,Mafikeng,North West,635
270129,Nyoka,Mbhashe,Eastern Cape,391
290200,Nyukhweni,Ngquza Hill,Eastern Cape,80
576026,Nzimane,Msinga,KwaZulu-Natal,1182
766005,Oberholzer,Merafong City,Gauteng,5397
580111,Odishweni,Nongoma,KwaZulu-Natal,1103
542008,Ohlahla,Nkandla,KwaZulu-Natal,1202
364011,Okiep,Nama Khoi,Northern Cape,6304
660040,One and Ten,Moretele,North West,1961
560053,Ophondweni,Vulamehlo,KwaZulu-Natal,633
505025,Oribi Gorge,Ezingoleni,KwaZulu-Natal,0
524018,Osizweni,Newcastle,KwaZulu-Natal,77845
178004,Oudtshoorn,Oudtshoorn,Western Cape,29143
268012,Oyster Bay,Kouga,Eastern Cape,674
987146,Palaneng,Greater Tubatse,Limpopo,796
585016,Papasi,Hlabisa,KwaZulu-Natal,1538
290127,Patari,Ngquza Hill,Eastern Cape,222
287115,Payindira,Senqu,Eastern Cape,121
287104,Pelandaba Mission,Senqu,Eastern Cape,234
577022,Perseverance,Umvoti,KwaZulu-Natal,3431
968134,Pfananani,Makhado,Limpopo,2403
872035,Phake Thabeng,Dr JS Moroka,Mpumalanga,1155
966201,Phaphazela,Thulamela,Limpopo,4965
566015,Phayipini,The Msunduzi,KwaZulu-Natal,11668
983009,Phetwane,Ephraim Mogale,Limpopo,914
286064,Phiri-e-Ntso,Elundini,Eastern Cape,225
599039,Phola Mission,eThekwini,KwaZulu-Natal,7320
976053,Phosiri,Lepele-Nkumpi,Limpopo,1008
290206,Phumlo,Ngquza Hill,Eastern Cape,3682
295086,Phuthing C,Matatiele,Eastern Cape,5
582015,Pikinini Myamazane,Umhlabuyalingana,KwaZulu-Natal,1261
578027,Pivaanspoort,eDumbe,KwaZulu-Natal,380
297047,Polar Park,Mbizana,Eastern Cape,168
674004,Pomfret,Kagisano/Molopo,North West,1939
506053,Port Edward,Hibiscus Coast,KwaZulu-Natal,4409
381005,Postmansburg,Tsantsabane,Northern Cape,30089
799035,Pretoria,City of Tshwane,Gauteng,741651
676006,Promosa,Tlokwe City Council,North West,16125
260140,Punzana,Buffalo City,Eastern Cape,314
282209,Qamatsa,Intsika Yethu,Eastern Cape,69
274032,Qaukeni,Ngqushwa,Eastern Cape,800
291133,Qhaka,Port St Johns,Eastern Cape,2120
294393,Qhogi,King Sabata Dalindyebo,Eastern Cape,592
271232,Qikileka,Mnquma,Eastern Cape,89
294145,Qokana,King Sabata Dalindyebo,Eastern Cape,475
270134,Qombe,Mbhashe,Eastern Cape,226
290318,Qoqweni,Ngquza Hill,Eastern Cape,1029
274026,Qugqwala,Ngqushwa,Eastern Cape,1412
271242,Qumbulwana,Mnquma,Eastern Cape,595
273125,Quzini,Amahlathi,Eastern Cape,6179
273039,Qwiliqwili,Amahlathi,Eastern Cape,86
666015,Rakgwedi,Tswaing,North West,3021
968037,Ramavhoya,Makhado,Limpopo,1405
976010,Ramonwana,Lepele-Nkumpi,Limpopo,529
761003,Randvaal,Midvaal,Gauteng,1711
961076,Rasobi,Greater Letaba,Limpopo,75
598219,Rawuka,Umzimkhulu,KwaZulu-Natal,398
868023,Reedstream Park,Emalahleni,Mpumalanga,5387
868021,Rethabile,Emalahleni,Mpumalanga,551
290281,Rhole,Ngquza Hill,Eastern Cape,434
363002,Richtersveld NU,Richtersveld,Northern Cape,139
867005,Rietkol,Victor Khanye,Mpumalanga,2812
960043,Rivala,Greater Giyani,Limpopo,1304
287131,Rock Cliff,Senqu,Eastern Cape,265
383003,Roodepan,Sol Plaatjie,Northern Cape,20263
378014,Rooikopeiland,Kai !Garib,Northern Cape,394
599193,Roseneath,eThekwini,KwaZulu-Natal,3730
574007,Ruigtefontein,Endumeni,KwaZulu-Natal,1706
662049,Rustenburg,Rustenburg,North West,104612
290039,Sabelo,Ngquza Hill,Eastern Cape,1246
285002,Sakhisizwe NU,Sakhisizwe,Eastern Cape,3499
298130,Saleni,Ntabankulu,Eastern Cape,72
172017,Sand Bay,Overstrand,Western Cape,4102
588017,Sangoyana,Ntambanana,KwaZulu-Natal,1653
282348,Santile,Intsika Yethu,Eastern Cape,362
966069,Saselamani,Thulamela,Limpopo,3727
260064,Saye,Buffalo City,Eastern Cape,292
982091,Schuilpadkraal,Mogalakwena,Limpopo,1112
872007,Seabe,Dr JS Moroka,Mpumalanga,7683
974143,Sebonapudi,Polokwane,Limpopo,889
973027,Sefene,Molemole,Limpopo,3949
987077,Sehlaku,Greater Tubatse,Limpopo,838
961044,Sekgoses,Greater Letaba,Limpopo,16
271408,Seku,Mnquma,Eastern Cape,312
863002,Seme NU,Pixley Ka Seme,Mpumalanga,15574
594027,Senkwanzela,Ingwe,KwaZulu-Natal,2336
361020,Seoding,Ga-Segonyana,Northern Cape,7266
662037,Seraleng,Rustenburg,North West,9356
660047,Sespond,Moretele,North West,1437
665019,Setlagole,Ratlou,North West,19452
982017,Setuphiline,Mogalakwena,Limpopo,1070
599152,Sgubudwini,eThekwini,KwaZulu-Natal,1592
877094,Shatale,Bushbuckridge,Mpumalanga,9155
986104,Shenyaneng,Fetakgomo,Limpopo,308
960051,Shimange,Greater Giyani,Limpopo,2371
978036,Shongoane,Lephalale,Limpopo,8727
987092,Shushumela,Greater Tubatse,Limpopo,2087
295071,Sibi,Matatiele,Eastern Cape,305
270088,Sidabakweni,Mbhashe,Eastern Cape,163
580110,Sidinsi,Nongoma,KwaZulu-Natal,2958
284148,Sigangeni C,Engcobo,Eastern Cape,259
667046,Signal Hill,Mafikeng,North West,7501
294164,Sigwalini B,King Sabata Dalindyebo,Eastern Cape,239
598184,Sihleza,Umzimkhulu,KwaZulu-Natal,0
284293,Sikantini,Engcobo,Eastern Cape,230
297298,Sikhulu,Mbizana,Eastern Cape,251
581005,Silanda,Ulundi,KwaZulu-Natal,1065
297168,Simakadeni,Mbizana,Eastern Cape,821
546063,Sindi,Maphumulo,KwaZulu-Natal,611
291163,Sinqa Sedonki,Port St Johns,Eastern Cape,387
298122,Sipetu,Ntabankulu,Eastern Cape,1998
290201,Siphezini B,Ngquza Hill,Eastern Cape,582
296035,Siqhingeni,Umzimvubu,Eastern Cape,1188
270017,Siroshweni A,Mbhashe,Eastern Cape,266
293054,Sithangameni,Mhlontlo,Eastern Cape,846
593039,Sitshikitselweni,Ndwedwe,KwaZulu-Natal,68
292319,Sixambuzi,Nyandeni,Eastern Cape,230
865001,Siyathemba,Dipaleseng,Mpumalanga,22768
273058,Skafu,Amahlathi,Eastern Cape,400
969016,Slaaphoek,Blouberg,Limpopo,1502
546084,Snamfu,Maphumulo,KwaZulu-Natal,1019
577003,Sokheni,Umvoti,KwaZulu-Natal,1435
291065,Somnqobo,Port St Johns,Eastern Cape,459
260001,South Down,Buffalo City,Eastern Cape,505
499012,Spitsko,Mangaung,Free State,258
461015,Springfontein,Kopanong,Free State,1177
163001,St Helena Bay,Saldanha Bay,Western Cape,11529
297186,Stanford A,Mbizana,Eastern Cape,82
167002,Stellenbosch NU,Stellenbosch,Western Cape,35570
677009,Stilfontein,City of Matlosana,North West,17942
575124,Straalfontein,Nqutu,KwaZulu-Natal,0
291089,Stshayelo,Port St Johns,Eastern Cape,612
591005,Sundumbili B,Mandeni,KwaZulu-Natal,1991
524004,Suspense,Newcastle,KwaZulu-Natal,927
379008,Swartkop,//Khara Hais,Northern Cape,1652
296188,Swelitsha,Umzimvubu,Eastern Cape,538
282031,Tabazini,Intsika Yethu,Eastern Cape,306
598163,Takani,Umzimkhulu,KwaZulu-Natal,587
966198,Tambaulate,Thulamela,Limpopo,269
287062,Tapuu,Senqu,Eastern Cape,377
271263,Teko-Kona,Mnquma,Eastern Cape,1033
296141,Tenetyana,Umzimvubu,Eastern Cape,298
474008,Thaba Phatswa,Mantsopa,Free State,915
969101,Thabananhlana,Blouberg,Limpopo,78
467007,Thabong,Matjhabeng,Free State,126013
270460,Thaleni,Mbhashe,Eastern Cape,1148
463005,Thapelang,Naledi,Free State,925
503019,The Ridge,Umzumbe,KwaZulu-Natal,1015
968038,Themba Luvhilo,Makhado,Limpopo,4107
564012,Thendele,Mpofana,KwaZulu-Natal,1118
505006,Thistles,Ezingoleni,KwaZulu-Natal,2385
271281,Tholeni,Mnquma,Eastern Cape,696
877038,Thorndale,Bushbuckridge,Mpumalanga,514
985154,Thoto,Makhuduthamaga,Limpopo,2566
660033,Thulwe,Moretele,North West,401
599075,Thusumuntu,eThekwini,KwaZulu-Natal,1255
799075,Tierpoort,City of Tshwane,Gauteng,1167
293210,Tina Falls,Mhlontlo,Eastern Cape,1149
860009,Tjakastad,Albert Luthuli,Mpumalanga,12711
961069,Tlatsa,Greater Letaba,Limpopo,557
667034,Tloung,Mafikeng,North West,2064
291159,Tombo,Port St Johns,Eastern Cape,774
168001,Touwsrivier,Breede Valley,Western Cape,8126
965088,Tsaande B,Mutale,Limpopo,49
284285,Tsazo,Engcobo,Eastern Cape,688
874005,Tshabalala,Mbombela,Mpumalanga,15022
965058,Tshambuka,Mutale,Limpopo,295
966019,Tshaulu,Thulamela,Limpopo,2077
965004,Tshenzhelani,Mutale,Limpopo,361
966072,Tshidimbini,Thulamela,Limpopo,2501
983062,Tshikanosi,Ephraim Mogale,Limpopo,1772
968052,Tshikuwi,Makhado,Limpopo,5909
966029,Tshiombo,Thulamela,Limpopo,1415
296022,Tshisane,Umzimvubu,Eastern Cape,440
966075,Tshitereke,Thulamela,Limpopo,5788
968114,Tshivhuyuni,Makhado,Limpopo,2676
877063,Tshunelani B,Bushbuckridge,Mpumalanga,143
660062,Tshwene Farm,Moretele,North West,336
662017,Tsitsing,Rustenburg,North West,3467
282269,Tsomo Mission B,Intsika Yethu,Eastern Cape,172
966179,Tswinga,Thulamela,Limpopo,3948
165004,Tulbagh,Witzenberg,Western Cape,8969
864004,Tutuka,Lekwa,Mpumalanga,67
294370,Tyalara,King Sabata Dalindyebo,Eastern Cape,626
271094,Tyindye,Mnquma,Eastern Cape,114
579011,UPhongolo NU,UPhongolo,KwaZulu-Natal,21816
982048,Uitspanning,Mogalakwena,Limpopo,885
514022,Umbulwana,Emnambithi/Ladysmith,KwaZulu-Natal,1905
597057,Umhlabatyan,Ubuhlebezwe,KwaZulu-Natal,309
599041,Umngeni,eThekwini,KwaZulu-Natal,547
598004,Umzimkhulu NU,Umzimkhulu,KwaZulu-Natal,314
284324,Upper Beyele,Engcobo,Eastern Cape,489
293207,Upper Kroza,Mhlontlo,Eastern Cape,538
293299,Upper Mbinja,Mhlontlo,Eastern Cape,290
284295,Upper Ngqokotho,Engcobo,Eastern Cape,274
294146,Upper Zunqua,King Sabata Dalindyebo,Eastern Cape,488
761011,Vaal Marina,Midvaal,Gauteng,701
372001,Van Wyksvlei,Kareeberg,Northern Cape,1721
276024,Velani,Nkonkobe,Eastern Cape,374
760009,Vereeniging,Emfuleni,Gauteng,99787
965066,Vhurivhuri,Mutale,Limpopo,166
475004,Viljoenskroon,Moqhaka,Free State,2091
877074,Violetbank D,Bushbuckridge,Mpumalanga,3815
968110,Vleifontein,Makhado,Limpopo,4982
797032,Vosloorus,Ekurhuleni,Gauteng,163216
575035,Vryheid A,Nqutu,KwaZulu-Natal,677
589074,Vuma,uMlalazi,KwaZulu-Natal,125
542089,Vutshini,Nkandla,KwaZulu-Natal,1448
569018,Waayhoek,Indaka,KwaZulu-Natal,1623
588033,Wambaza,Ntambanana,KwaZulu-Natal,1095
461017,Waterkloof,Kopanong,Free State,2
766023,Wedela,Merafong City,Gauteng,17928
166005,Wellington,Drakenstein,Western Cape,55543
274116,Wesley,Ngqushwa,Eastern Cape,1634
973005,Westphalia,Molemole,Limpopo,1026
177008,Wilderness,George,Western Cape,6164
384002,Windsorton,Dikgatlong,Northern Cape,2291
664081,Witrandtjie,Moses Kotane,North West,2149
576039,Wolwane,Msinga,KwaZulu-Natal,2480
168007,Worcester,Breede Valley,Western Cape,78906
271321,Xamane,Mnquma,Eastern Cape,184
270298,Xeni,Mbhashe,Eastern Cape,1158
294188,Xhugxwala,King Sabata Dalindyebo,Eastern Cape,769
296193,Xokoxa,Umzimvubu,Eastern Cape,262
294431,Xorana,King Sabata Dalindyebo,Eastern Cape,15
270404,Xwili,Mbhashe,Eastern Cape,82
271224,Zagwityi,Mnquma,Eastern Cape,858
271394,Zangwa,Mnquma,Eastern Cape,146
798010,Zevenfontein,City of Johannesburg,Gauteng,0
284051,Zigandleni,Engcobo,Eastern Cape,73
260053,Zikwaba,Buffalo City,Eastern Cape,747
295143,Zimokolweni,Matatiele,Eastern Cape,33
270305,Zingcuka,Mbhashe,Eastern Cape,141
290137,Zinyangeni,Ngquza Hill,Eastern Cape,410
294219,Zithembu,King Sabata Dalindyebo,Eastern Cape,686
284083,Ziyekeni,Engcobo,Eastern Cape,699
284077,Zubura,Engcobo,Eastern Cape,405
599145,Zwelibomvu,eThekwini,KwaZulu-Natal,8887
286172,eBhusabelo,Elundini,Eastern Cape,0
270393,eDrayini A,Mbhashe,Eastern Cape,1065
575117,eGezahlala D,Nqutu,KwaZulu-Natal,507
561001,eHlanzeni,Umdoni,KwaZulu-Natal,997
270531,eLalini B,Mbhashe,Eastern Cape,238
283152,eLupindweni A,Emalahleni,Eastern Cape,146
284196,eMadizeni,Engcobo,Eastern Cape,352
274099,eMahlubini,Ngqushwa,Eastern Cape,307
270420,eMamfeneni,Mbhashe,Eastern Cape,794
284271,eMantlwaneni,Engcobo,Eastern Cape,299
284027,eMatylolweni,Engcobo,Eastern Cape,231
286102,eMbopisiweni,Elundini,Eastern Cape,165
284053,eMkalweni,Engcobo,Eastern Cape,317
271102,eMphahleni A,Mnquma,Eastern Cape,510
270469,eNdelane,Mbhashe,Eastern Cape,537
270244,eNgojini,Mbhashe,Eastern Cape,452
271003,eNgxalawe,Mnquma,Eastern Cape,97
270360,eNkunkumeni,Mbhashe,Eastern Cape,467
284429,eNtlekiseni A,Engcobo,Eastern Cape,328
282141,eNtwashwini,Intsika Yethu,Eastern Cape,822
270054,eQolweni,Mbhashe,Eastern Cape,280
284300,eSigangeni,Engcobo,Eastern Cape,742
284427,eSikhobeni,Engcobo,Eastern Cape,78
282200,eSingeni C,Intsika Yethu,Eastern Cape,253
283163,eThafeni,Emalahleni,Eastern Cape,613
271330,eVotini,Mnquma,Eastern Cape,148
271032,eZintukwini,Mnquma,Eastern Cape,398
542063,iNdanyana,Nkandla,KwaZulu-Natal,471
294477,kuMine,King Sabata Dalindyebo,Eastern Cape,179
562008,uMshwathi NU,uMshwathi,KwaZulu-Natal,21127
968083,15 South African Military base/15 SAI,Makhado,Limpopo,54
593031,Abejuti,Ndwedwe,KwaZulu-Natal,3238
571013,Acton Homes,Okhahlamba,KwaZulu-Natal,2135
295035,Afzondering,Matatiele,Eastern Cape,292
964030,Air Force Hoedspruit,Maruleng,Limpopo,2
761001,Alberton,Midvaal,Gauteng,339
265008,Alexandria,Ndlambe,Eastern Cape,3375
264005,Alicedale,Makana,Eastern Cape,1932
969001,Alldays,Blouberg,Limpopo,2987
987112,Alverton,Greater Tubatse,Limpopo,2278
594078,Amahlathi,Ingwe,KwaZulu-Natal,1666
290303,Amakwalo,Ngquza Hill,Eastern Cape,84
270291,Amanaleni,Mbhashe,Eastern Cape,147
297105,Amantshangase A/a B,Mbizana,Eastern Cape,276
571045,Amanzana,Okhahlamba,KwaZulu-Natal,770
598157,Amaroma,Umzimkhulu,KwaZulu-Natal,317
594080,Amavondwe,Ingwe,KwaZulu-Natal,356
661041,Ana AH,Madibeng,North West,229
282262,Anoves,Intsika Yethu,Eastern Cape,366
172007,Arabella Country Estate,Overstrand,Western Cape,67
173005,Arniston,Cape Agulhas,Western Cape,1267
285078,Askeaton,Sakhisizwe,Eastern Cape,117
799056,Atteridgeville,City of Tshwane,Gauteng,64425
360008,Avon,Joe Morolong,Northern Cape,263
290203,Babani,Ngquza Hill,Eastern Cape,665
296194,Badibanise,Umzimvubu,Eastern Cape,2133
360097,Baily Brith,Joe Morolong,Northern Cape,110
970059,Bakone,Aganang,Limpopo,2518
965013,Bale,Mutale,Limpopo,985
297383,Baleni D,Mbizana,Eastern Cape,310
592044,Ballito,KwaDukuza,KwaZulu-Natal,19234
292185,Bandla,Nyandeni,Eastern Cape,813
584005,Bangiswa,The Big 5 False Bay,KwaZulu-Natal,950
283039,Bankies,Emalahleni,Eastern Cape,438
661043,Bapong,Madibeng,North West,15468
384013,Barkly West,Dikgatlong,Northern Cape,8258
581136,Basamlilo B,Ulundi,KwaZulu-Natal,90
665017,Bathobatho,Ratlou,North West,5080
270136,Bavuma,Mbhashe,Eastern Cape,536
585025,Bazaneni,Hlabisa,KwaZulu-Natal,2592
162008,Beaverlac,Bergrivier,Western Cape,59
579007,Beginsel,UPhongolo,KwaZulu-Natal,3971
765002,Bekkersdal,Westonaria,Gauteng,47213
295049,Belford,Matatiele,Eastern Cape,599
961032,Bellevue,Greater Letaba,Limpopo,4394
965005,Bende Mutale,Mutale,Limpopo,781
287105,Bensonvale,Senqu,Eastern Cape,541
162002,Bergrivier NU,Bergrivier,Western Cape,24497
271454,Besmani,Mnquma,Eastern Cape,202
546026,Bethe,Maphumulo,KwaZulu-Natal,646
296122,Betshwane,Umzimvubu,Eastern Cape,1956
273035,Bhabha,Amahlathi,Eastern Cape,275
290047,Bhalasi,Ngquza Hill,Eastern Cape,1764
292224,Bhantini B,Nyandeni,Eastern Cape,397
293061,Bheja,Mhlontlo,Eastern Cape,1050
504040,Bhekene,UMuziwabantu,KwaZulu-Natal,1459
573006,Bhekuzulu,Imbabazane,KwaZulu-Natal,7922
296112,Bhetani,Umzimvubu,Eastern Cape,135
593025,Bhidakhona,Ndwedwe,KwaZulu-Natal,143
271264,Bhishibha,Mnquma,Eastern Cape,194
283175,Bhoko,Emalahleni,Eastern Cape,302
292139,Bholotwa,Nyandeni,Eastern Cape,618
298061,Bhonxa,Ntabankulu,Eastern Cape,3969
504051,Bhudlu,UMuziwabantu,KwaZulu-Natal,598
871004,Bhundu,Thembisile,Mpumalanga,3797
270449,Bhuta,Mbhashe,Eastern Cape,200
287004,Bikizana,Senqu,Eastern Cape,334
290076,Bisi,Ngquza Hill,Eastern Cape,1653
291153,Bizana,Port St Johns,Eastern Cape,626
599050,Blackburn,eThekwini,KwaZulu-Natal,23960
276043,Blink Water,Nkonkobe,Eastern Cape,787
378006,Bloemsmond,Kai !Garib,Northern Cape,497
868007,Bloukrans,Emalahleni,Mpumalanga,793
299011,Blue Horizon Bay,Nelson Mandela Bay,Eastern Cape,419
506019,Boboyi,Hibiscus Coast,KwaZulu-Natal,6915
274100,Bodiam,Ngqushwa,Eastern Cape,414
662023,Boekenhoutfontein,Rustenburg,North West,684
472017,Boiketlo,Maluti a Phofung,Free State,5661
360086,Bojalapotsane,Joe Morolong,Northern Cape,180
265013,Boknes Strand,Ndlambe,Eastern Cape,318
660017,Bolantlokwe,Moretele,North West,366
293163,Bomberg,Mhlontlo,Eastern Cape,101
292285,Bomvane,Nyandeni,Eastern Cape,710
297063,Bonda,Mbizana,Eastern Cape,1248
271268,Bongoza,Mnquma,Eastern Cape,432
266004,Bontrug,Sundays River Valley,Eastern Cape,8394
273090,Border Post,Amahlathi,Eastern Cape,3052
876037,Boschfontein,Nkomazi,Mpumalanga,7811
987063,Boshoek,Greater Tubatse,Limpopo,939
873015,Bosoord,Thaba Chweu,Mpumalanga,1130
282059,Botani,Intsika Yethu,Eastern Cape,213
360107,Bothetheletsa,Joe Morolong,Northern Cape,1064
973026,Botlokwa (Mphakane),Molemole,Limpopo,20439
966026,Botsoleni,Thulamela,Limpopo,2733
293310,Boycy,Mhlontlo,Eastern Cape,416
286072,Braki,Elundini,Eastern Cape,219
674003,Bray,Kagisano/Molopo,North West,1357
861004,Breyten,Msukaligwa,Mpumalanga,14347
969072,Brodie Hill A,Blouberg,Limpopo,547
873016,Brooklands,Thaba Chweu,Mpumalanga,94
291053,Buchele,Port St Johns,Eastern Cape,1838
662066,Buffelsfontein,Rustenburg,North West,228
298143,Buhlanga,Ntabankulu,Eastern Cape,46
290109,Bukazi,Ngquza Hill,Eastern Cape,1668
282161,Bulawayo,Intsika Yethu,Eastern Cape,116
575136,Bulolo,Nqutu,KwaZulu-Natal,544
594031,Bulwer,Ingwe,KwaZulu-Natal,1322
284102,Bumbane B,Engcobo,Eastern Cape,203
291188,Bungeni,Port St Johns,Eastern Cape,240
987137,Burgersfort,Greater Tubatse,Limpopo,6369
265011,Bushmans River,Ndlambe,Eastern Cape,6147
297225,Buthini,Mbizana,Eastern Cape,76
297201,Buttville B,Mbizana,Eastern Cape,249
270248,Caba,Mbhashe,Eastern Cape,496
296227,Cabhane,Umzimvubu,Eastern Cape,519
860044,Caithness,Albert Luthuli,Mpumalanga,136
174005,Calitzdorp,Kannaland,Western Cape,4284
261002,Camdeboo NU,Camdeboo,Eastern Cape,6562
283011,Cancele,Emalahleni,Eastern Cape,250
199002,Cape Metro,City of Cape Town,Western Cape,11916
562007,Carney Hill,uMshwathi,KwaZulu-Natal,319
360031,Cassel,Joe Morolong,Northern Cape,3895
599092,Cato Ridge,eThekwini,KwaZulu-Natal,3874
295185,Cedarville,Matatiele,Eastern Cape,4412
293162,Cekwayo,Mhlontlo,Eastern Cape,181
985076,Center,Makhuduthamaga,Limpopo,2565
581012,Ceza,Ulundi,KwaZulu-Natal,449
260155,Chalumna A,Buffalo City,Eastern Cape,526
524001,Charlestown,Newcastle,KwaZulu-Natal,4392
799060,Cheetah Park,City of Tshwane,Gauteng,27
286110,Chevy Chase,Elundini,Eastern Cape,292
598026,Chiya,Umzimkhulu,KwaZulu-Natal,582
861003,Chrissiesmeer,Msukaligwa,Mpumalanga,4012
599021,Chuphulaka,eThekwini,KwaZulu-Natal,275
282075,Cicina,Intsika Yethu,Eastern Cape,455
378017,Cillie,Kai !Garib,Northern Cape,1968
271308,Cingweni,Mnquma,Eastern Cape,608
580080,Cisho,Nongoma,KwaZulu-Natal,1014
798002,City of Johannesburg NU,City of Johannesburg,Gauteng,9933
877029,Clare A,Bushbuckridge,Mpumalanga,2518
562037,Claridge Estate,uMshwathi,KwaZulu-Natal,350
962062,Clearwaters Cove,Greater Tzaneen,Limpopo,105
469010,Clocolan,Setsoto,Free State,1349
271556,Coastal holiday homes,Mnquma,Eastern Cape,1
269007,Coldstream,Kou-Kamma,Eastern Cape,1657
270252,Colosa B,Mbhashe,Eastern Cape,636
562022,Cool Air,uMshwathi,KwaZulu-Natal,2570
570005,CornFields,Umtshezi,KwaZulu-Natal,3757
287100,Cowville,Senqu,Eastern Cape,683
877100,Croquet Lawn B,Bushbuckridge,Mpumalanga,560
282201,Cube,Intsika Yethu,Eastern Cape,282
282034,Cungwana,Intsika Yethu,Eastern Cape,307
576036,Cwaka,Msinga,KwaZulu-Natal,436
274067,Cwecweni,Ngqushwa,Eastern Cape,190
270203,Dabane,Mbhashe,Eastern Cape,604
291108,Dakane,Port St Johns,Eastern Cape,412
593017,Dalibha,Ndwedwe,KwaZulu-Natal,5164
282036,Damane,Intsika Yethu,Eastern Cape,509
970048,Damplaats,Aganang,Limpopo,705
287127,Dangershoek,Senqu,Eastern Cape,212
667038,Danville,Mafikeng,North West,4792
860053,Davale,Albert Luthuli,Mpumalanga,885
577035,Dayingubo,Umvoti,KwaZulu-Natal,892
162010,De Hoek,Bergrivier,Western Cape,330
968070,DeHoop,Makhado,Limpopo,389
986057,Debeila,Fetakgomo,Limpopo,1837
766022,Deelkraal Gold Mine,Merafong City,Gauteng,1530
662050,Delela,Rustenburg,North West,5940
599093,Denge,eThekwini,KwaZulu-Natal,2068
360024,Deorham,Joe Morolong,Northern Cape,964
292298,Detyana,Nyandeni,Eastern Cape,553
360060,Dewar,Joe Morolong,Northern Cape,550
970077,Diana,Aganang,Limpopo,868
589026,Dibhase,uMlalazi,KwaZulu-Natal,2701
290214,Didi A,Ngquza Hill,Eastern Cape,665
860051,Diepdale,Albert Luthuli,Mpumalanga,6768
985083,Dihlabeng,Makhuduthamaga,Limpopo,1863
292034,Dikela,Nyandeni,Eastern Cape,1030
660035,Dikgopaneng,Moretele,North West,214
286055,Dikonyeleng,Elundini,Eastern Cape,524
260039,Dimbaza,Buffalo City,Eastern Cape,21783
581124,Dindi B,Ulundi,KwaZulu-Natal,373
503056,Dingimbiza,Umzumbe,KwaZulu-Natal,13535
961021,Dinkateng,Greater Letaba,Limpopo,49
665024,Diolwane,Ratlou,North West,268
660018,Dipetlelwane,Moretele,North West,1677
270506,Dipini,Mbhashe,Eastern Cape,262
862010,Dirkiesdorp,Mkhondo,Mpumalanga,2432
976050,Dithabaneng,Lepele-Nkumpi,Limpopo,2943
872003,Ditlhokwe,Dr JS Moroka,Mpumalanga,2181
360030,Ditshipeng,Joe Morolong,Northern Cape,1057
968015,Divhani,Makhado,Limpopo,220
283154,Dlamini,Emalahleni,Eastern Cape,1016
581033,Dlebe B,Ulundi,KwaZulu-Natal,570
270155,Dlova,Mbhashe,Eastern Cape,273
576084,Dolo,Msinga,KwaZulu-Natal,2484
677010,Dominionville,City of Matlosana,North West,676
799051,Donkerhoek,City of Tshwane,Gauteng,3472
766018,Doornfontein,Merafong City,Gauteng,1169
974075,Doornspruit,Polokwane,Limpopo,979
593001,Doringkop,Ndwedwe,KwaZulu-Natal,324
376005,Douglas,Siyancuma,Northern Cape,20083
872004,Dr JS Moroka NU South,Dr JS Moroka,Mpumalanga,202
273031,Dratini,Amahlathi,Eastern Cape,124
798035,Drie Ziek,City of Johannesburg,Gauteng,35622
976079,Droogte,Lepele-Nkumpi,Limpopo,2924
274058,Dube,Ngqushwa,Eastern Cape,439
560046,Dududu,Vulamehlo,KwaZulu-Natal,5642
290164,Dukada,Ngquza Hill,Eastern Cape,1003
585002,Dukumbane,Hlabisa,KwaZulu-Natal,2872
293208,Duma,Mhlontlo,Eastern Cape,882
293184,Dumba,Mhlontlo,Eastern Cape,364
877089,Dumfries C,Bushbuckridge,Mpumalanga,813
576057,Dungamanzi,Msinga,KwaZulu-Natal,3851
290104,Duphu,Ngquza Hill,Eastern Cape,373
961023,Duvula,Greater Letaba,Limpopo,959
581126,Dwarsrivier,Ulundi,KwaZulu-Natal,336
297172,Dyamane,Mbizana,Eastern Cape,38
968027,Dzanani,Makhado,Limpopo,5673
966205,Dzwerani,Thulamela,Limpopo,5964
260113,East London,Buffalo City,Eastern Cape,267007
599044,Ebhobhonono,eThekwini,KwaZulu-Natal,3207
569026,Ecancane,Indaka,KwaZulu-Natal,986
282082,Ecwebeni,Intsika Yethu,Eastern Cape,335
477014,Edenville,Ngwathe,Free State,433
573034,Edodoci,Imbabazane,KwaZulu-Natal,834
199036,Eerste Rivier,City of Cape Town,Western Cape,39237
580075,Efete,Nongoma,KwaZulu-Natal,724
290296,Egxeni,Ngquza Hill,Eastern Cape,848
598122,Ehula,Umzimkhulu,KwaZulu-Natal,28
546007,Ekhatha,Maphumulo,KwaZulu-Natal,651
363008,Eksteenfontein,Richtersveld,Northern Cape,531
542048,Ekuphiweni,Nkandla,KwaZulu-Natal,602
590028,Ekuthuleni,Mthonjaneni,KwaZulu-Natal,1778
281061,Elalini,Lukanji,Eastern Cape,144
983005,Elandskraal,Ephraim Mogale,Limpopo,6361
598046,Elengwe,Umzimkhulu,KwaZulu-Natal,75
285001,Elliot,Sakhisizwe,Eastern Cape,14376
167003,Elsenburg,Stellenbosch,Western Cape,744
297152,Elumayeni,Mbizana,Eastern Cape,136
291088,Elusibeni,Port St Johns,Eastern Cape,147
291031,Emabheleni,Port St Johns,Eastern Cape,372
293059,Emacwereni,Mhlontlo,Eastern Cape,358
599140,Emagezeni,eThekwini,KwaZulu-Natal,1192
573036,Emahlutshini,Imbabazane,KwaZulu-Natal,1913
290319,Emakhalini,Ngquza Hill,Eastern Cape,279
294170,Emalangeni,King Sabata Dalindyebo,Eastern Cape,302
294154,Emandlaneni,King Sabata Dalindyebo,Eastern Cape,391
270406,Emantshilbeni,Mbhashe,Eastern Cape,94
589047,Emaqeleni,uMlalazi,KwaZulu-Natal,6675
546053,Emasomini B,Maphumulo,KwaZulu-Natal,128
273098,Ematoleni,Amahlathi,Eastern Cape,415
283005,Emayaluleni,Emalahleni,Eastern Cape,265
297106,Embane,Mbizana,Eastern Cape,255
576003,Embidlini,Msinga,KwaZulu-Natal,429
281065,Emcambalaleni,Lukanji,Eastern Cape,304
529026,Emdundubezini,Abaqulusi,KwaZulu-Natal,1484
760006,Emfuleni NU,Emfuleni,Gauteng,3188
587027,Emhlanzini,Mfolozi,KwaZulu-Natal,865
581100,Emkhalaqude,Ulundi,KwaZulu-Natal,1215
514002,Emnambithi/Ladysmith NU,Emnambithi/Ladysmith,KwaZulu-Natal,10451
594052,Emnywaneni,Ingwe,KwaZulu-Natal,609
571067,Empimbe,Okhahlamba,KwaZulu-Natal,1511
294156,Emtebe,King Sabata Dalindyebo,Eastern Cape,306
273087,Emthonjini,Amahlathi,Eastern Cape,161
529032,Emvunyane,Abaqulusi,KwaZulu-Natal,2549
581113,Endlovana,Ulundi,KwaZulu-Natal,376
284179,Engcobo,Engcobo,Eastern Cape,9835
562030,Engoleleni,uMshwathi,KwaZulu-Natal,1318
291066,Engweni,Port St Johns,Eastern Cape,75
503013,Enhlangwini,Umzumbe,KwaZulu-Natal,4666
871012,Enkeldoornoog,Thembisile,Mpumalanga,27554
798033,Ennerdale,City of Johannesburg,Gauteng,71815
281064,Enqobokeni 2,Lukanji,Eastern Cape,264
505026,Entaba,Ezingoleni,KwaZulu-Natal,587
291059,Entsengeni,Port St Johns,Eastern Cape,225
297111,Enyaka,Mbizana,Eastern Cape,132
573040,Enyokeni,Imbabazane,KwaZulu-Natal,1485
290051,Eqhoqhweni,Ngquza Hill,Eastern Cape,693
273085,Ereyini,Amahlathi,Eastern Cape,438
589080,Eshowe,uMlalazi,KwaZulu-Natal,14744
598102,Esibovini,Umzimkhulu,KwaZulu-Natal,278
290282,Esidwadweni,Ngquza Hill,Eastern Cape,347
597059,Esigubudwini,Ubuhlebezwe,KwaZulu-Natal,389
538028,Esikhawini H,uMhlathuze,KwaZulu-Natal,18835
287030,Esilindini,Senqu,Eastern Cape,3026
291122,Esiphathe A,Port St Johns,Eastern Cape,79
297112,Esitholeni,Mbizana,Eastern Cape,443
260005,Esixekweni B,Buffalo City,Eastern Cape,555
570010,Estcourt,Umtshezi,KwaZulu-Natal,22071
592035,Ethafeni,KwaDukuza,KwaZulu-Natal,3633
291038,Ethonsini,Port St Johns,Eastern Cape,408
293006,Etwa,Mhlontlo,Eastern Cape,285
546003,Ewosi,Maphumulo,KwaZulu-Natal,1920
514019,Ezakheni,Emnambithi/Ladysmith,KwaZulu-Natal,70809
529036,Ezibomvu,Abaqulusi,KwaZulu-Natal,2415
598014,Ezifletini,Umzimkhulu,KwaZulu-Natal,445
599159,Ezihyathini,eThekwini,KwaZulu-Natal,729
542055,Ezimambeni,Nkandla,KwaZulu-Natal,1077
599155,Ezimpisini,eThekwini,KwaZulu-Natal,788
505008,Ezingoleni NU,Ezingoleni,KwaZulu-Natal,2778
290306,Ezinkumbini,Ngquza Hill,Eastern Cape,1127
594016,Eziphahleni,Ingwe,KwaZulu-Natal,623
297126,Ezizityaneni B,Mbizana,Eastern Cape,926
580062,Fakude,Nongoma,KwaZulu-Natal,482
286130,Fameni,Elundini,Eastern Cape,93
461007,Fauresmith,Kopanong,Free State,1430
499021,Feloane Trust,Mangaung,Free State,451
986002,Fetakgomo NU,Fetakgomo,Limpopo,1557
199011,Fistantekraal,City of Cape Town,Western Cape,12369
526031,Flint,Dannhauser,KwaZulu-Natal,980
965044,Folovhodwe,Mutale,Limpopo,2806
276071,Fort Beaufort,Nkonkobe,Eastern Cape,25668
470014,Fouriesburg,Dihlabeng,Free State,664
662027,Freedom Park,Rustenburg,North West,23156
575079,Frischgewaagd,Nqutu,KwaZulu-Natal,426
587001,Fuleni Reserve,Mfolozi,KwaZulu-Natal,2576
360052,Ga-Diboye,Joe Morolong,Northern Cape,574
974003,Ga-Hlahla,Polokwane,Limpopo,4873
565027,Ga-Keta,Impendle,KwaZulu-Natal,2908
969069,Ga-Kobe,Blouberg,Limpopo,2209
982045,Ga-Lebelo,Mogalakwena,Limpopo,567
360029,Ga-Mabe,Joe Morolong,Northern Cape,968
969067,Ga-Machaba,Blouberg,Limpopo,3992
976066,Ga-Madisaleolo,Lepele-Nkumpi,Limpopo,2282
974137,Ga-Maja,Polokwane,Limpopo,8053
987022,Ga-Makopa,Greater Tubatse,Limpopo,1011
976003,Ga-Mampa,Lepele-Nkumpi,Limpopo,868
987107,Ga-Mapea A,Greater Tubatse,Limpopo,510
360117,Ga-Masepa,Joe Morolong,Northern Cape,840
987081,Ga-Mashukwane,Greater Tubatse,Limpopo,2225
970037,Ga-Mmathongwana,Aganang,Limpopo,1371
976004,Ga-Moila,Lepele-Nkumpi,Limpopo,131
660063,Ga-Monama,Moretele,North West,589
360026,Ga-Morona,Joe Morolong,Northern Cape,612
974079,Ga-Mothiba,Polokwane,Limpopo,11511
987091,Ga-Motodi,Greater Tubatse,Limpopo,4131
987032,Ga-Mphethi,Greater Tubatse,Limpopo,1837
361014,Ga-Ntatelang,Ga-Segonyana,Northern Cape,1614
987052,Ga-Podele,Greater Tubatse,Limpopo,1984
969087,Ga-Rammutla B,Blouberg,Limpopo,386
799034,Ga-Rankuwa,City of Tshwane,Gauteng,90945
970020,Ga-Sebotse,Aganang,Limpopo,1702
978033,Ga-Seleka,Lephalale,Limpopo,1105
361029,Ga-Tlhose,Ga-Segonyana,Northern Cape,47
360041,Ga-sehunelo,Joe Morolong,Northern Cape,116
974090,GaMahlahle,Polokwane,Limpopo,364
974071,GaMakgoba,Polokwane,Limpopo,1849
983030,GaMakharankana,Ephraim Mogale,Limpopo,1922
969011,GaMamadi,Blouberg,Limpopo,5349
985094,GaMampana,Makhuduthamaga,Limpopo,1640
969028,GaMaphoto,Blouberg,Limpopo,90
982030,GaMashiane,Mogalakwena,Limpopo,904
961094,GaMatlou,Greater Letaba,Limpopo,1398
983027,GaMmela,Ephraim Mogale,Limpopo,46
969108,GaMojela,Blouberg,Limpopo,782
961103,GaMokwasela,Greater Letaba,Limpopo,2377
985137,GaMoloi,Makhuduthamaga,Limpopo,6373
969099,GaMonyebodi,Blouberg,Limpopo,447
974124,GaMothapo,Polokwane,Limpopo,1604
961003,GaPhooko,Greater Letaba,Limpopo,2093
969012,GaRakwele,Blouberg,Limpopo,455
974015,GaRamongwana,Polokwane,Limpopo,9376
674020,GaRapipa,Kagisano/Molopo,North West,369
985090,GaSekale,Makhuduthamaga,Limpopo,517
986087,GaSeroka,Fetakgomo,Limpopo,338
985165,GaTshehla,Makhuduthamaga,Limpopo,370
968003,Gaarside,Makhado,Limpopo,267
298099,Gabheni,Ntabankulu,Eastern Cape,260
282130,Gageni,Intsika Yethu,Eastern Cape,263
290204,Galatyeni,Ngquza Hill,Eastern Cape,728
285009,Galili 1,Sakhisizwe,Eastern Cape,285
506029,Gamalakhe,Hibiscus Coast,KwaZulu-Natal,14098
666014,Ganalaagte,Tswaing,North West,2830
504046,Gangala,UMuziwabantu,KwaZulu-Natal,4466
172020,Gans Bay,Overstrand,Western Cape,11598
360069,Garamatale,Joe Morolong,Northern Cape,54
461021,Gariepdam,Kopanong,Free State,1568
360068,Gatshekedi,Joe Morolong,Northern Cape,183
283027,Gbini,Emalahleni,Eastern Cape,347
506047,Gcilima,Hibiscus Coast,KwaZulu-Natal,6078
281007,Gcina-O,Lukanji,Eastern Cape,277
526042,Geduld,Dannhauser,KwaZulu-Natal,766
667075,Gelukspan,Mafikeng,North West,680
987139,Genokakop,Greater Tubatse,Limpopo,314
598033,Germiston,Umzimkhulu,KwaZulu-Natal,714
960039,Ghandlanani,Greater Giyani,Limpopo,2279
599117,Gillitts,eThekwini,KwaZulu-Natal,8661
270234,Ginyintsimbi,Mbhashe,Eastern Cape,1730
560065,Glen Albyn,Vulamehlo,KwaZulu-Natal,339
276001,Glencairn,Nkonkobe,Eastern Cape,502
274066,Glenmore,Ngqushwa,Eastern Cape,1244
271410,Gobe,Mnquma,Eastern Cape,338
270403,Gobisandla,Mbhashe,Eastern Cape,113
877070,Godide,Bushbuckridge,Mpumalanga,6291
296126,Godola,Umzimvubu,Eastern Cape,138
970040,Goedgevonden,Aganang,Limpopo,1013
270366,Gogote,Mbhashe,Eastern Cape,232
271527,Golisile,Mnquma,Eastern Cape,147
293220,Gomeni,Mhlontlo,Eastern Cape,843
966135,Gondeni A,Thulamela,Limpopo,5391
960023,Gonono,Greater Giyani,Limpopo,1140
260137,Goodhope,Buffalo City,Eastern Cape,2127
199055,Gordons Bay,City of Cape Town,Western Cape,16776
542034,Gosweni,Nkandla,KwaZulu-Natal,706
166003,Gouda,Drakenstein,Western Cape,3441
966191,Govu,Thulamela,Limpopo,1486
283157,Gqadu,Emalahleni,Eastern Cape,1169
294169,Gqaqhala,King Sabata Dalindyebo,Eastern Cape,453
270635,Gqogqa,Mbhashe,Eastern Cape,181
271103,Gqukesi,Mnquma,Eastern Cape,584
270461,Gqupu,Mbhashe,Eastern Cape,1245
284123,Gqutyini F,Engcobo,Eastern Cape,104
171009,Grabouw,Theewaterskloof,Western Cape,30337
274121,Grassridge,Ngqushwa,Eastern Cape,79
575075,Grazing C,Nqutu,KwaZulu-Natal,947
672002,Greater Taung NU,Greater Taung,North West,5267
526013,Greenock,Dannhauser,KwaZulu-Natal,304
283112,Greyspan,Emalahleni,Eastern Cape,880
984045,Groblersdal,Elias Motsoaledi,Limpopo,4329
669035,Groot Marico,Ramotshere Moiloa,North West,3384
526006,Grootgeluk,Dannhauser,KwaZulu-Natal,1507
270641,Gshiphondo,Mbhashe,Eastern Cape,239
297020,Gubhethuka,Mbizana,Eastern Cape,224
295082,Gudlintaba,Matatiele,Eastern Cape,399
199030,Gugulethu,City of Cape Town,Western Cape,98468
598034,Gujedlini,Umzimkhulu,KwaZulu-Natal,1461
965001,Gumbu,Mutale,Limpopo,913
270096,Gungululu,Mbhashe,Eastern Cape,146
291141,Gunuza,Port St Johns,Eastern Cape,43
874028,Gutshwa,Mbombela,Mpumalanga,14643
506010,Gwababeni,Hibiscus Coast,KwaZulu-Natal,2669
965042,Gwakwani,Mutale,Limpopo,47
580132,Gwebu,Nongoma,KwaZulu-Natal,837
273081,Gwiligwili,Amahlathi,Eastern Cape,1686
290169,Gxelesha,Ngquza Hill,Eastern Cape,586
292091,Gxulu,Nyandeni,Eastern Cape,4060
295202,Ha-Majono,Matatiele,Eastern Cape,344
968035,Ha-Matidza,Makhado,Limpopo,2081
968140,Ha-Muila A,Makhado,Limpopo,2285
461005,Ha-Rasebei,Kopanong,Free State,5051
968100,HaMashau,Makhado,Limpopo,1598
799020,Haakdoornboom,City of Tshwane,Gauteng,4309
582090,Hagaza,Umhlabuyalingana,KwaZulu-Natal,2050
282102,Halane,Intsika Yethu,Eastern Cape,308
274109,Hamburg,Ngqushwa,Eastern Cape,1348
660043,Hani View,Moretele,North West,6726
599088,Harare B,eThekwini,KwaZulu-Natal,1652
662015,Hartbeestfontein A,Rustenburg,North West,26337
966214,Hasane,Thulamela,Limpopo,2710
580127,Hawini,Nongoma,KwaZulu-Natal,1156
874006,Hazyview,Mbombela,Mpumalanga,4236
360088,Heiso,Joe Morolong,Northern Cape,1182
965072,Helula B,Mutale,Limpopo,60
467012,Hennenman,Matjhabeng,Free State,3793
287126,Herschel,Senqu,Eastern Cape,2189
292059,Hhakaneni,Nyandeni,Eastern Cape,238
597060,Highflats,Ubuhlebezwe,KwaZulu-Natal,542
281047,Hillisdale,Lukanji,Eastern Cape,35
983006,Hinlopen,Ephraim Mogale,Limpopo,942
582045,Hlabezinhlohe,Umhlabuyalingana,KwaZulu-Natal,160
270456,Hlakoti,Mbhashe,Eastern Cape,283
589120,Hlangana,uMlalazi,KwaZulu-Natal,2030
575053,HlathiDlamini,Nqutu,KwaZulu-Natal,3428
575114,Hlazakazi A,Nqutu,KwaZulu-Natal,436
529009,Hlobane,Abaqulusi,KwaZulu-Natal,7628
297238,Hlolweni,Mbizana,Eastern Cape,229
960030,Hlopekani,Greater Giyani,Limpopo,5643
960031,Hluphekani,Greater Giyani,Limpopo,574
270450,Hobeni,Mbhashe,Eastern Cape,232
276016,Hogsback,Nkonkobe,Eastern Cape,1029
587021,Holinyoka,Mfolozi,KwaZulu-Natal,2566
271127,Hom,Mnquma,Eastern Cape,199
284344,Honti,Engcobo,Eastern Cape,327
374001,Hopetown,Thembelihle,Northern Cape,10259
171003,Hottentots Holland Nature Reserve,Theewaterskloof,Western Cape,0
563009,Howick,uMngeni,KwaZulu-Natal,21639
268007,Humansdorp,Kouga,Eastern Cape,20123
976054,Hwelereng,Lepele-Nkumpi,Limpopo,1533
546086,Idakadaka,Maphumulo,KwaZulu-Natal,578
669037,Ikageleng,Ramotshere Moiloa,North West,6894
667003,Ikopeleng,Mafikeng,North West,1861
573008,Imbabazane NU,Imbabazane,KwaZulu-Natal,2275
276111,Imincangathelo,Nkonkobe,Eastern Cape,853
281027,Imvani,Lukanji,Eastern Cape,460
569021,Indaka,Indaka,KwaZulu-Natal,5683
588043,Indodwane,Ntambanana,KwaZulu-Natal,952
503024,Infomfo,Umzumbe,KwaZulu-Natal,451
583036,Ingwavuma,Jozini,KwaZulu-Natal,1303
576091,Inhlonze,Msinga,KwaZulu-Natal,273
593045,Intaphuka,Ndwedwe,KwaZulu-Natal,6825
599156,Inwabi,eThekwini,KwaZulu-Natal,9030
599040,Iqadi B,eThekwini,KwaZulu-Natal,1029
589108,Isidibha,uMlalazi,KwaZulu-Natal,1815
503058,Isiqunga,Umzumbe,KwaZulu-Natal,6939
546078,Isthundu,Maphumulo,KwaZulu-Natal,239
560004,Itshehlophe,Vulamehlo,KwaZulu-Natal,1960
503065,Ixopo,Umzumbe,KwaZulu-Natal,216
589087,Izikoshi,uMlalazi,KwaZulu-Natal,590
589134,Izingwenya A,uMlalazi,KwaZulu-Natal,2121
589030,Izinyathi,uMlalazi,KwaZulu-Natal,949
295102,Jabulani,Matatiele,Eastern Cape,1842
571009,Jagersrust,Okhahlamba,KwaZulu-Natal,209
284044,Jalisa,Engcobo,Eastern Cape,278
598173,James,Umzimkhulu,KwaZulu-Natal,418
274125,Javu,Ngqushwa,Eastern Cape,43
861010,Jerico Dam Nature Reserve,Msukaligwa,Mpumalanga,0
877137,Jim Brown,Bushbuckridge,Mpumalanga,2552
524006,Jobstown,Newcastle,KwaZulu-Natal,62
283197,Jojo,Emalahleni,Eastern Cape,334
526014,Jokis,Dannhauser,KwaZulu-Natal,688
660032,Jonathan,Moretele,North West,127
292162,Jovu,Nyandeni,Eastern Cape,319
594011,Jubane,Ingwe,KwaZulu-Natal,287
270046,Jusaya,Mbhashe,Eastern Cape,271
966203,Ka-Bazela SP,Thulamela,Limpopo,1252
966200,Ka-Mapapila,Thulamela,Limpopo,1730
966209,Ka-Mphambo,Thulamela,Limpopo,3714
966024,Ka-Sunduza,Thulamela,Limpopo,3774
966049,Ka-Xikundu B,Thulamela,Limpopo,1412
960032,KaGaula,Greater Giyani,Limpopo,2478
960073,KaKheyi,Greater Giyani,Limpopo,1418
986047,KaMapolaneng,Fetakgomo,Limpopo,535
960075,KaMayephu,Greater Giyani,Limpopo,737
960077,KaMushiyani,Greater Giyani,Limpopo,1390
960016,KaNkuri,Greater Giyani,Limpopo,2030
960006,KaTomu,Greater Giyani,Limpopo,2472
876010,Kaapmuiden,Nkomazi,Mpumalanga,270
597014,Kadeda,Ubuhlebezwe,KwaZulu-Natal,617
378020,Kakamas,Kai !Garib,Northern Cape,9538
274040,Kalana,Ngqushwa,Eastern Cape,791
297193,Kamaqele,Mbizana,Eastern Cape,25
294006,Kambi,King Sabata Dalindyebo,Eastern Cape,791
799077,Kameelkraal,City of Tshwane,Gauteng,1222
365002,Kamiesberg NU,Kamiesberg,Northern Cape,709
798039,Kanana Park,City of Johannesburg,Gauteng,21005
297348,Kanyayo,Mbizana,Eastern Cape,218
269006,Kareedouw,Kou-Kamma,Eastern Cape,4985
270193,Kasa A,Mbhashe,Eastern Cape,833
362003,Kathu,Gamagara,Northern Cape,11510
598013,Kayeka,Umzimkhulu,KwaZulu-Natal,518
272004,Kei Mouth,Great Kei,Eastern Cape,291
360020,Kelokilwe,Joe Morolong,Northern Cape,329
378021,Kenhardt,Kai !Garib,Northern Cape,4843
270258,Keti,Mbhashe,Eastern Cape,481
360025,Kganwane,Joe Morolong,Northern Cape,2297
987117,Kgautswana,Greater Tubatse,Limpopo,651
674053,Kgokgojane,Kagisano/Molopo,North West,947
360064,Kgomohute,Joe Morolong,Northern Cape,231
987108,Kgotlopong,Greater Tubatse,Limpopo,1644
985003,Kgwarip,Makhuduthamaga,Limpopo,459
589007,Khabingwe,uMlalazi,KwaZulu-Natal,2645
284402,Khalankomo,Engcobo,Eastern Cape,97
966095,Khambela,Thulamela,Limpopo,65
379001,Khara Hais NU,//Khara Hais,Northern Cape,4495
664043,Khayakhulu,Moses Kotane,North West,951
365014,Kheis,Kamiesberg,Northern Cape,488
290058,Khimbile,Ngquza Hill,Eastern Cape,170
271460,Khobodi,Mnquma,Eastern Cape,221
295156,Khohlong,Matatiele,Eastern Cape,836
968005,Khomela,Makhado,Limpopo,1018
297208,Khotsho,Mbizana,Eastern Cape,152
672047,Khudutlou,Greater Taung,North West,1166
677008,Khuma,City of Matlosana,North West,45895
669038,Khunotswana,Ramotshere Moiloa,North West,4619
271155,Khwayi-Khwayi,Mnquma,Eastern Cape,352
260160,Kidd's Beach,Buffalo City,Eastern Cape,499
297366,Kimberley,Mbizana,Eastern Cape,1291
286019,Kinira Poort,Elundini,Eastern Cape,463
182005,Klaarstroom,Prince Albert,Western Cape,584
176009,Klein Brakrivier,Mossel Bay,Western Cape,2037
167023,Kleingeluk,Stellenbosch,Western Cape,226
365015,Klipfontein,Kamiesberg,Northern Cape,466
379009,Klippunt,//Khara Hais,Northern Cape,3473
285060,Klufini,Sakhisizwe,Eastern Cape,435
271553,Kobonqaba A,Mnquma,Eastern Cape,0
167005,Koelenhof,Stellenbosch,Western Cape,302
667056,Koikoi,Mafikeng,North West,4550
361031,Kollie,Ga-Segonyana,Northern Cape,68
291045,Komane,Port St Johns,Eastern Cape,290
271541,Komkhulu,Mnquma,Eastern Cape,675
270103,Komkhulu F,Mbhashe,Eastern Cape,217
282264,Komkulu C,Intsika Yethu,Eastern Cape,384
284345,Kono,Engcobo,Eastern Cape,762
297361,Kopane A,Mbizana,Eastern Cape,198
666009,Kopela,Tswaing,North West,5187
598027,Korinte,Umzimkhulu,KwaZulu-Natal,2407
985085,Kotsiri,Makhuduthamaga,Limpopo,1545
199018,Kraaifontein,City of Cape Town,Western Cape,154615
294235,Krancola,King Sabata Dalindyebo,Eastern Cape,854
293124,Kratyela,Mhlontlo,Eastern Cape,281
578005,Krommellenboog,eDumbe,KwaZulu-Natal,69
562014,Ksikotho,uMshwathi,KwaZulu-Natal,135
270157,KuBafazi,Mbhashe,Eastern Cape,590
294299,KuBomvu,King Sabata Dalindyebo,Eastern Cape,220
294284,KuChanti,King Sabata Dalindyebo,Eastern Cape,977
294452,KuDingata,King Sabata Dalindyebo,Eastern Cape,306
270367,KuFundakubi,Mbhashe,Eastern Cape,301
270601,KuGroxo,Mbhashe,Eastern Cape,112
294223,KuGxwalibomvu,King Sabata Dalindyebo,Eastern Cape,1119
284046,KuHlaba B,Engcobo,Eastern Cape,147
294332,KuHombani,King Sabata Dalindyebo,Eastern Cape,641
283155,KuKavara,Emalahleni,Eastern Cape,674
270634,KuLogqogqa B,Mbhashe,Eastern Cape,128
270165,KuLombete,Mbhashe,Eastern Cape,742
282218,KuLuqolo,Intsika Yethu,Eastern Cape,324
270598,KuMahasana,Mbhashe,Eastern Cape,249
270087,KuMandluntsha,Mbhashe,Eastern Cape,28
284009,KuManzimdaka,Engcobo,Eastern Cape,338
290007,KuMathe,Ngquza Hill,Eastern Cape,2176
284215,KuMazikanyi,Engcobo,Eastern Cape,196
294434,KuMbidlane,King Sabata Dalindyebo,Eastern Cape,234
282341,KuMdange,Intsika Yethu,Eastern Cape,368
270137,KuMngcitha,Mbhashe,Eastern Cape,284
597023,KuMpotshosi,Ubuhlebezwe,KwaZulu-Natal,433
284169,KuNdaca,Engcobo,Eastern Cape,201
284437,KuNgcataru,Engcobo,Eastern Cape,220
282060,KuNgqwaru,Intsika Yethu,Eastern Cape,573
270018,KuNjemane,Mbhashe,Eastern Cape,249
270599,KuNocekedwa,Mbhashe,Eastern Cape,371
284132,KuNonyentu,Engcobo,Eastern Cape,257
284260,KuNqumakala,Engcobo,Eastern Cape,245
284115,KuNtlanzi,Engcobo,Eastern Cape,391
282164,KuNyongwane A,Intsika Yethu,Eastern Cape,39
284064,KuQunduvane,Engcobo,Eastern Cape,443
294479,KuSikhulume,King Sabata Dalindyebo,Eastern Cape,239
294301,KuTantseka,King Sabata Dalindyebo,Eastern Cape,500
282100,KuTshatshu,Intsika Yethu,Eastern Cape,442
282140,KuWohlo B,Intsika Yethu,Eastern Cape,75
294218,Kubeka,King Sabata Dalindyebo,Eastern Cape,413
361017,Kudumane,Ga-Segonyana,Northern Cape,894
294059,Kukani,King Sabata Dalindyebo,Eastern Cape,840
270078,Kulocheba,Mbhashe,Eastern Cape,110
270487,Kulojika,Mbhashe,Eastern Cape,390
270602,Kulovulandi,Mbhashe,Eastern Cape,207
270413,Kundlumbini,Mbhashe,Eastern Cape,324
568008,Kupholeni,Richmond,KwaZulu-Natal,4316
968080,Kutama,Makhado,Limpopo,23011
291060,Kuxhaka,Port St Johns,Eastern Cape,668
297294,Kwa Madiba,Mbizana,Eastern Cape,92
283113,Kwa-Gova,Emalahleni,Eastern Cape,303
283081,Kwa-Mbhali,Emalahleni,Eastern Cape,342
283082,Kwa-Raqo,Emalahleni,Eastern Cape,650
260152,KwaAltile,Buffalo City,Eastern Cape,313
273018,KwaBengu,Amahlathi,Eastern Cape,313
580166,KwaBhidli,Nongoma,KwaZulu-Natal,74
284105,KwaBlangwe,Engcobo,Eastern Cape,127
270066,KwaBomvane,Mbhashe,Eastern Cape,311
260025,KwaBuso,Buffalo City,Eastern Cape,771
271519,KwaCengani,Mnquma,Eastern Cape,53
271148,KwaDadiyane,Mnquma,Eastern Cape,219
271400,KwaDayi,Mnquma,Eastern Cape,452
270493,KwaDingata,Mbhashe,Eastern Cape,304
282057,KwaDlomo,Intsika Yethu,Eastern Cape,216
598079,KwaDluni,Umzimkhulu,KwaZulu-Natal,338
592002,KwaDukuza NU,KwaDukuza,KwaZulu-Natal,13330
560012,KwaFakazi,Vulamehlo,KwaZulu-Natal,1945
270628,KwaFolokwe,Mbhashe,Eastern Cape,276
588030,KwaGama,Ntambanana,KwaZulu-Natal,878
282072,KwaGcina A,Intsika Yethu,Eastern Cape,329
286116,KwaGcwabe,Elundini,Eastern Cape,263
271136,KwaGisi,Mnquma,Eastern Cape,327
580005,KwaGudlintaba,Nongoma,KwaZulu-Natal,302
294412,KwaHaji,King Sabata Dalindyebo,Eastern Cape,326
270010,KwaJadezweni,Mbhashe,Eastern Cape,134
272031,KwaJongilanga,Great Kei,Eastern Cape,241
271417,KwaKabakazi,Mnquma,Eastern Cape,632
295274,KwaKeswa,Matatiele,Eastern Cape,204
546019,KwaKing,Maphumulo,KwaZulu-Natal,519
271073,KwaKwayimani,Mnquma,Eastern Cape,194
560024,KwaLembe,Vulamehlo,KwaZulu-Natal,757
271240,KwaLubobo,Mnquma,Eastern Cape,236
271469,KwaMaciba,Mnquma,Eastern Cape,594
273033,KwaMadolo,Amahlathi,Eastern Cape,245
568009,KwaMagoda,Richmond,KwaZulu-Natal,3850
580174,KwaMahezu,Nongoma,KwaZulu-Natal,787
282322,KwaMakaya,Intsika Yethu,Eastern Cape,222
580171,KwaMandlakazi,Nongoma,KwaZulu-Natal,655
270246,KwaMangweni,Mbhashe,Eastern Cape,665
580134,KwaManzimakhulu,Nongoma,KwaZulu-Natal,623
599055,KwaMashu,eThekwini,KwaZulu-Natal,175663
576072,KwaMathonsi,Msinga,KwaZulu-Natal,2168
282134,KwaMaya,Intsika Yethu,Eastern Cape,990
581125,KwaMbambo B,Ulundi,KwaZulu-Natal,1139
582038,KwaMbokodo,Umhlabuyalingana,KwaZulu-Natal,1406
575001,KwaMbunda A,Nqutu,KwaZulu-Natal,2445
580031,KwaMememe,Nongoma,KwaZulu-Natal,1521
290284,KwaMgezwa,Ngquza Hill,Eastern Cape,1698
294147,KwaMhaqa A,King Sabata Dalindyebo,Eastern Cape,562
284201,KwaMhlontlo,Engcobo,Eastern Cape,262
271048,KwaMjayezi,Mnquma,Eastern Cape,252
271463,KwaMkhulu,Mnquma,Eastern Cape,281
297343,KwaMlindazwe,Mbizana,Eastern Cape,33
580025,KwaMngamude,Nongoma,KwaZulu-Natal,1880
562035,KwaMophumula,uMshwathi,KwaZulu-Natal,882
580042,KwaMqhakanyeki,Nongoma,KwaZulu-Natal,686
295013,KwaMshudu,Matatiele,Eastern Cape,200
580052,KwaMthwathube,Nongoma,KwaZulu-Natal,568
270547,KwaMvulo,Mbhashe,Eastern Cape,244
271347,KwaMzintsilana,Mnquma,Eastern Cape,214
274050,KwaNcwane,Ngqushwa,Eastern Cape,54
599139,KwaNdengezi,eThekwini,KwaZulu-Natal,53843
270317,KwaNditya B,Mbhashe,Eastern Cape,460
582085,KwaNdongeni,Umhlabuyalingana,KwaZulu-Natal,1543
271366,KwaNgako,Mnquma,Eastern Cape,96
270510,KwaNgculu,Mbhashe,Eastern Cape,529
292021,KwaNgolo,Nyandeni,Eastern Cape,476
276067,KwaNgwevu,Nkonkobe,Eastern Cape,332
580039,KwaNjoko,Nongoma,KwaZulu-Natal,2542
580163,KwaNkawu,Nongoma,KwaZulu-Natal,597
271025,KwaNkqayi,Mnquma,Eastern Cape,510
271416,KwaNobuswana,Mnquma,Eastern Cape,1189
597048,KwaNokweja,Ubuhlebezwe,KwaZulu-Natal,2457
260077,KwaNoncampa,Buffalo City,Eastern Cape,1552
265009,KwaNonkqubela,Ndlambe,Eastern Cape,6710
276021,KwaNotenga,Nkonkobe,Eastern Cape,145
282199,KwaNqinwayo,Intsika Yethu,Eastern Cape,226
270524,KwaNtakamnyame,Mbhashe,Eastern Cape,255
282328,KwaNtsele,Intsika Yethu,Eastern Cape,325
546070,KwaNtuli B,Maphumulo,KwaZulu-Natal,312
260027,KwaNyande,Buffalo City,Eastern Cape,341
506060,KwaNzimakwe,Hibiscus Coast,KwaZulu-Natal,6218
274031,KwaPelisile,Ngqushwa,Eastern Cape,286
294268,KwaPingilili,King Sabata Dalindyebo,Eastern Cape,297
585030,KwaQonsa,Hlabisa,KwaZulu-Natal,584
290184,KwaRamzi,Ngquza Hill,Eastern Cape,250
270197,KwaRonose,Mbhashe,Eastern Cape,594
271504,KwaSeyisi,Mnquma,Eastern Cape,316
594072,KwaShusha,Ingwe,KwaZulu-Natal,809
293173,KwaSikhulu,Mhlontlo,Eastern Cape,55
284233,KwaSitelo,Engcobo,Eastern Cape,399
270259,KwaSogula,Mbhashe,Eastern Cape,60
271509,KwaSonkana,Mnquma,Eastern Cape,365
574006,KwaTelapi,Endumeni,KwaZulu-Natal,275
582001,KwaThelizolo,Umhlabuyalingana,KwaZulu-Natal,259
581105,KwaThulwane,Ulundi,KwaZulu-Natal,1699
270196,KwaTuwa,Mbhashe,Eastern Cape,351
295043,KwaVikinduku,Matatiele,Eastern Cape,663
273015,KwaXelihagu,Amahlathi,Eastern Cape,215
562005,KwaYibusele,uMshwathi,KwaZulu-Natal,2955
292098,KwaZele,Nyandeni,Eastern Cape,377
295162,KwaZicwalile,Matatiele,Eastern Cape,1569
271332,KwaZizane,Mnquma,Eastern Cape,661
284163,Kwabhinca,Engcobo,Eastern Cape,70
294376,Kwakakana,King Sabata Dalindyebo,Eastern Cape,758
587013,Kwamendo,Mfolozi,KwaZulu-Natal,1197
270507,Kwanduna,Mbhashe,Eastern Cape,226
599167,Kwantamnteng,eThekwini,KwaZulu-Natal,240
961002,Kwatane,Greater Letaba,Limpopo,800
598207,KweLemtini,Umzimkhulu,KwaZulu-Natal,701
270053,Kweleda,Mbhashe,Eastern Cape,140
270452,Kwelomthombe Kwamganu,Mbhashe,Eastern Cape,66
276109,Kwezana B,Nkonkobe,Eastern Cape,452
599016,La Mercy,eThekwini,KwaZulu-Natal,2779
287132,Lady Grey,Senqu,Eastern Cape,1395
181002,Laingsburg,Laingsburg,Western Cape,5667
273048,Lalini,Amahlathi,Eastern Cape,245
290279,Lambasi,Ngquza Hill,Eastern Cape,4630
868008,Landau Colliery,Emalahleni,Mpumalanga,764
581044,Langakazi A,Ulundi,KwaZulu-Natal,565
169002,Langeberg NU,Langeberg,Western Cape,29292
866010,Langverwag,Govan Mbeki,Mpumalanga,50
286235,Lathuthu,Elundini,Eastern Cape,612
961040,Lebaka,Greater Letaba,Limpopo,1898
981004,Lebogang,Bela-Bela,Limpopo,0
978004,Lebu,Lephalale,Limpopo,461
678008,Leeudoringstad,Maquassi Hills,North West,5054
872001,Lefiso,Dr JS Moroka,Mpumalanga,3614
985111,Legotong,Makhuduthamaga,Limpopo,168
286011,Lehlakaneng,Elundini,Eastern Cape,466
984041,Lehwelere,Elias Motsoaledi,Limpopo,2690
969058,Lekgokgonoku,Blouberg,Limpopo,1141
986101,Lekgwareng B,Fetakgomo,Limpopo,37
363009,Lekkersing,Richtersveld,Northern Cape,363
667010,Lekung,Mafikeng,North West,302
961029,Lemondokop,Greater Letaba,Limpopo,4099
276092,Lenge,Nkonkobe,Eastern Cape,322
970019,Leokanong,Aganang,Limpopo,1436
978038,Lephalale,Lephalale,Limpopo,17639
471008,Leratswana,Nketoana,Free State,3743
667036,Lerwaneng,Mafikeng,North West,720
976052,Lesetsi,Lepele-Nkumpi,Limpopo,447
281013,Lesseyton,Lukanji,Eastern Cape,2715
664099,Letlhakane,Moses Kotane,North West,1297
472015,Letshalemaduke,Maluti a Phofung,Free State,8389
963017,Leydsdorp,Ba-Phalaborwa,Limpopo,6
295059,Likhohlong,Matatiele,Eastern Cape,447
577024,Lindelani,Umvoti,KwaZulu-Natal,1129
297197,Lindokuhle A,Mbizana,Eastern Cape,219
270455,Lisizi,Mbhashe,Eastern Cape,488
284007,Lixeni A,Engcobo,Eastern Cape,212
268004,Loerieheuwel,Kouga,Eastern Cape,2787
667007,Lokgalong,Mafikeng,North West,233
960068,Loloka,Greater Giyani,Limpopo,994
360017,Longhirst,Joe Morolong,Northern Cape,216
665003,Loporung,Ratlou,North West,590
292003,Lotana,Nyandeni,Eastern Cape,604
598195,Lotvan,Umzimkhulu,KwaZulu-Natal,49
674064,Louwna,Kagisano/Molopo,North West,305
294229,Lower Cezu,King Sabata Dalindyebo,Eastern Cape,525
273077,Lower Gxulu,Amahlathi,Eastern Cape,1400
282326,Lower KuSabalele,Intsika Yethu,Eastern Cape,332
271163,Lower Mcubakazi,Mnquma,Eastern Cape,452
271221,Lower Ndakana,Mnquma,Eastern Cape,331
284257,Lower Nzolo,Engcobo,Eastern Cape,275
281081,Lower Tsitsikama B,Lukanji,Eastern Cape,194
281039,Lower Zangqokwe,Lukanji,Eastern Cape,98
295042,Lubaleko,Matatiele,Eastern Cape,592
296203,Lubhacweni A,Umzimvubu,Eastern Cape,508
594021,Lubovana,Ingwe,KwaZulu-Natal,352
460008,Luckhoff,Letsemeng,Free State,3699
290325,Ludaka,Ngquza Hill,Eastern Cape,150
297109,Ludeke Halt,Mbizana,Eastern Cape,2404
291139,Ludumi,Port St Johns,Eastern Cape,1489
285073,Lufuta,Sakhisizwe,Eastern Cape,575
291182,Lugasweni,Port St Johns,Eastern Cape,433
284280,Luhewini,Engcobo,Eastern Cape,304
260183,Lujiza,Buffalo City,Eastern Cape,354
297382,Lukhalo,Mbizana,Eastern Cape,214
297246,Lukholo,Mbizana,Eastern Cape,4405
294458,Lulaleni,King Sabata Dalindyebo,Eastern Cape,384
588001,Lumbi,Ntambanana,KwaZulu-Natal,1079
298016,Lundzwana,Ntabankulu,Eastern Cape,1527
297065,Luphilisweni,Mbizana,Eastern Cape,675
283058,Lupindweni,Emalahleni,Eastern Cape,414
290242,Luqumbeni,Ngquza Hill,Eastern Cape,661
294052,Lusaka,King Sabata Dalindyebo,Eastern Cape,566
297128,Lusukeni,Mbizana,Eastern Cape,204
599059,Luthele,eThekwini,KwaZulu-Natal,864
966085,Lutomboni,Thulamela,Limpopo,529
270115,Lututu A,Mbhashe,Eastern Cape,172
575022,Luvisi,Nqutu,KwaZulu-Natal,9878
260100,Luxhomo,Buffalo City,Eastern Cape,492
276065,Luzini,Nkonkobe,Eastern Cape,100
962044,Lwandlamuni,Greater Tzaneen,Limpopo,504
873011,Lydenburg,Thaba Chweu,Mpumalanga,863
987083,Maahlashe,Greater Tubatse,Limpopo,1295
664085,Mabaalstad,Moses Kotane,North West,3540
294086,Mabambeni,King Sabata Dalindyebo,Eastern Cape,475
599031,Mabedlane B,eThekwini,KwaZulu-Natal,2768
664078,Mabele-a-Podi,Moses Kotane,North West,4523
292234,Mabetshe,Nyandeni,Eastern Cape,146
588029,Mabhensa,Ntambanana,KwaZulu-Natal,1585
582049,Mabhudu,Umhlabuyalingana,KwaZulu-Natal,764
964028,Mabins,Maruleng,Limpopo,3507
983041,Mabitsi B,Ephraim Mogale,Limpopo,488
472027,Mabolela,Maluti a Phofung,Free State,301
294296,Mabongweni,King Sabata Dalindyebo,Eastern Cape,279
965119,Mabulo,Mutale,Limpopo,332
297119,Mabuya,Mbizana,Eastern Cape,210
962005,Mabyepelong,Greater Tzaneen,Limpopo,1373
589065,Macekane,uMlalazi,KwaZulu-Natal,1172
529028,Machanca,Abaqulusi,KwaZulu-Natal,4218
290244,Machibi,Ngquza Hill,Eastern Cape,375
274023,Macibi,Ngqushwa,Eastern Cape,277
284209,Macwhereni,Engcobo,Eastern Cape,957
270467,Madakeni,Mbhashe,Eastern Cape,533
968133,Madazhi,Makhado,Limpopo,724
297330,Madiba A,Mbizana,Eastern Cape,255
661002,Madibeng NU,Madibeng,North West,55711
974104,Madiga,Polokwane,Limpopo,673
664092,Madikwe,Moses Kotane,North West,3623
661019,Madinyane,Madibeng,North West,358
361028,Maditlhareng,Ga-Segonyana,Northern Cape,0
282237,Madlotsheni,Intsika Yethu,Eastern Cape,479
872033,Madubaduba,Dr JS Moroka,Mpumalanga,5206
282291,Maduma,Intsika Yethu,Eastern Cape,104
298141,Madwaba,Ntabankulu,Eastern Cape,625
986082,Maebeng,Fetakgomo,Limpopo,630
295207,Mafa's Halt,Matatiele,Eastern Cape,1502
962070,Mafarana,Greater Tzaneen,Limpopo,2554
667002,Mafikeng NU,Mafikeng,North West,5970
479003,Mafube NU,Mafube,Free State,4989
293118,Mafuta Nozamile,Mhlontlo,Eastern Cape,432
978009,Magadimela,Lephalale,Limpopo,102
986063,Magakala,Fetakgomo,Limpopo,598
672001,Maganeng,Greater Taung,North West,2549
976075,Magatle,Lepele-Nkumpi,Limpopo,6758
284126,Magebeni,Engcobo,Eastern Cape,155
292315,Mageza,Nyandeni,Eastern Cape,375
360081,Magobing,Joe Morolong,Northern Cape,493
667040,Magogoe Tlhabologo,Mafikeng,North West,3595
966040,Magomani,Thulamela,Limpopo,2733
985073,Magoreng,Makhuduthamaga,Limpopo,1216
290004,Magqabesi,Ngquza Hill,Eastern Cape,200
293228,Magqubeni,Mhlontlo,Eastern Cape,614
580153,Magutshwa,Nongoma,KwaZulu-Natal,90
290315,Magwa,Ngquza Hill,Eastern Cape,209
287119,Magwiji,Senqu,Eastern Cape,646
985026,Mahabaneng,Makhuduthamaga,Limpopo,1403
295157,Mahangu A,Matatiele,Eastern Cape,371
361015,Maheane,Ga-Segonyana,Northern Cape,1775
965096,Maheni,Mutale,Limpopo,605
581055,Mahlabatini,Ulundi,KwaZulu-Natal,1511
985043,Mahlakane Soleng,Makhuduthamaga,Limpopo,615
542065,Mahlathi,Nkandla,KwaZulu-Natal,909
295193,Mahlobathini,Matatiele,Eastern Cape,587
293089,Mahlungulu,Mhlontlo,Eastern Cape,1542
594032,Mahoho,Ingwe,KwaZulu-Natal,278
360116,Mahukubung,Joe Morolong,Northern Cape,393
589041,Mahuzu,uMlalazi,KwaZulu-Natal,442
662013,Maile,Rustenburg,North West,852
661045,Majakaneng,Madibeng,North West,22683
963008,Majeje,Ba-Phalaborwa,Limpopo,40225
296006,Majojweni,Umzimvubu,Eastern Cape,70
276046,Majwareni,Nkonkobe,Eastern Cape,343
966113,Makahlule,Thulamela,Limpopo,1865
571070,Makanda,Okhahlamba,KwaZulu-Natal,1410
660038,Makapanstad,Moretele,North West,15076
982081,Makekeng,Mogalakwena,Limpopo,1620
360100,Maketlele,Joe Morolong,Northern Cape,217
661007,Makgabetlwane,Madibeng,North West,917
472060,Makgemeng,Maluti a Phofung,Free State,1316
986050,Makgonyane,Fetakgomo,Limpopo,387
669009,Makgwaphana,Ramotshere Moiloa,North West,1939
297093,Makhal Endlovu,Mbizana,Eastern Cape,821
966144,Makhasa,Thulamela,Limpopo,1121
295044,Makhoba,Matatiele,Eastern Cape,1003
589123,Makhoni,uMlalazi,KwaZulu-Natal,1324
966006,Makhumbe,Thulamela,Limpopo,56
966148,Makhuvha A,Thulamela,Limpopo,1050
974102,Makhwareng,Polokwane,Limpopo,1068
982023,Makobe,Mogalakwena,Limpopo,1111
986078,Makola,Fetakgomo,Limpopo,603
987065,Makopung,Greater Tubatse,Limpopo,769
966195,Makovha,Thulamela,Limpopo,2083
962088,Makudibung,Greater Tzaneen,Limpopo,7629
976049,Makurung,Lepele-Nkumpi,Limpopo,4911
270323,Makwayini,Mbhashe,Eastern Cape,134
599174,Malagazi,eThekwini,KwaZulu-Natal,29651
966115,Malamangwa,Thulamela,Limpopo,495
290093,Malangeni B,Ngquza Hill,Eastern Cape,0
571066,Malefetheni,Okhahlamba,KwaZulu-Natal,5232
598054,Malenge,Umzimkhulu,KwaZulu-Natal,612
163011,Malgaseiland,Saldanha Bay,Western Cape,0
987011,Malokela,Greater Tubatse,Limpopo,1676
270363,Malongwe,Mbhashe,Eastern Cape,120
546011,Malovana,Maphumulo,KwaZulu-Natal,171
588045,Malungwini,Ntambanana,KwaZulu-Natal,427
961105,Mamakata,Greater Letaba,Limpopo,373
985045,Mamatsikili,Makhuduthamaga,Limpopo,1028
970022,Mamehlabe,Aganang,Limpopo,1785
582067,Mamfene,Umhlabuyalingana,KwaZulu-Natal,0
672066,Mammutla,Greater Taung,North West,1634
987087,Mamphahlane,Greater Tubatse,Limpopo,1621
295002,Mampola,Matatiele,Eastern Cape,0
671002,Mamusa [Schweizer-Reneke]  NU,Mamusa,North West,7752
966193,Manamane,Thulamela,Limpopo,2897
983054,Manapsane,Ephraim Mogale,Limpopo,5543
542092,Mandaba,Nkandla,KwaZulu-Natal,1097
799011,Mandela Village,City of Tshwane,Gauteng,7305
296083,Mandileni B,Umzimvubu,Eastern Cape,753
294351,Mandlakuveni,King Sabata Dalindyebo,Eastern Cape,378
597015,Mandlekazi,Ubuhlebezwe,KwaZulu-Natal,1686
542072,Mandlozi,Nkandla,KwaZulu-Natal,1394
966186,Manele,Thulamela,Limpopo,1658
973025,Mangate,Molemole,Limpopo,1508
292006,Mangcwanguleni,Nyandeni,Eastern Cape,355
286020,Mangoloaneg East,Elundini,Eastern Cape,299
297351,Mangomani,Mbizana,Eastern Cape,532
296225,Mangqamzeni,Umzimvubu,Eastern Cape,1236
583081,Mangwazane,Jozini,KwaZulu-Natal,1105
270314,Mangweveni,Mbhashe,Eastern Cape,403
573032,Manjokweni,Imbabazane,KwaZulu-Natal,1155
974115,Mankgaile,Polokwane,Limpopo,1748
664032,Mankwe,Moses Kotane,North West,551
666019,Manonyane,Tswaing,North West,573
290106,Manqilo B,Ngquza Hill,Eastern Cape,695
579016,Mantandeni,UPhongolo,KwaZulu-Natal,1152
974029,Mantheding A,Polokwane,Limpopo,2178
987050,Mantsakane,Greater Tubatse,Limpopo,396
669023,Mantsie,Ramotshere Moiloa,North West,312
598213,Mantuzeleni,Umzimkhulu,KwaZulu-Natal,878
297378,Manyala,Mbizana,Eastern Cape,307
474004,Manyatseng,Mantsopa,Free State,21598
968124,Manyima,Makhado,Limpopo,541
282188,Manzabelu,Intsika Yethu,Eastern Cape,336
270356,Manzikanyi,Mbhashe,Eastern Cape,123
874016,Manzini,Mbombela,Mpumalanga,7992
965017,Mapakoni,Mutale,Limpopo,880
664023,Mapaputle,Moses Kotane,North West,671
295276,Maphakatlaling,Matatiele,Eastern Cape,275
461016,Maphodi,Kopanong,Free State,2522
546005,Maphumulo NU,Maphumulo,KwaZulu-Natal,0
286232,Maplotini,Elundini,Eastern Cape,138
542100,Mapoloba,Nkandla,KwaZulu-Natal,937
573002,Maqabaqabeni,Imbabazane,KwaZulu-Natal,4649
283144,Maqashu,Emalahleni,Eastern Cape,371
294174,Maqhingeni,King Sabata Dalindyebo,Eastern Cape,176
503004,Maqikizane,Umzumbe,KwaZulu-Natal,619
294252,Maqomeni B,King Sabata Dalindyebo,Eastern Cape,1253
270478,Maqunde,Mbhashe,Eastern Cape,138
472057,Marabeng,Maluti a Phofung,Free State,909
472037,Marakong,Maluti a Phofung,Free State,3658
290114,Maramza,Ngquza Hill,Eastern Cape,347
978037,Marapong,Lephalale,Limpopo,26227
983059,Marble Hall,Ephraim Mogale,Limpopo,2687
297069,Marelane,Mbizana,Eastern Cape,945
985070,Maretlwaneng,Makhuduthamaga,Limpopo,1048
271381,Marhotshozweni,Mnquma,Eastern Cape,121
297326,Marina,Mbizana,Eastern Cape,241
876002,Marloth Park,Nkomazi,Mpumalanga,1000
598130,Maromeni,Umzimkhulu,KwaZulu-Natal,997
872041,Marothobolong,Dr JS Moroka,Mpumalanga,2956
976076,Marulaneng,Lepele-Nkumpi,Limpopo,2229
962076,Marumufase,Greater Tzaneen,Limpopo,2097
583056,Masabe,Jozini,KwaZulu-Natal,1756
271140,Masaleleni A,Mnquma,Eastern Cape,362
877104,Masana,Bushbuckridge,Mpumalanga,1616
965020,Maseha,Mutale,Limpopo,1008
974070,Masekwameng,Polokwane,Limpopo,1033
974030,Masenya,Polokwane,Limpopo,348
986089,Mashabela B,Fetakgomo,Limpopo,162
966202,Mashawana,Thulamela,Limpopo,551
297380,Mashezi,Mbizana,Eastern Cape,109
976039,Mashite,Lepele-Nkumpi,Limpopo,5314
968068,Masia,Makhado,Limpopo,2943
464003,Masilonyana NU,Masilonyana,Free State,7461
546027,Masiwela,Maphumulo,KwaZulu-Natal,4345
524003,Masondale,Newcastle,KwaZulu-Natal,2744
589109,Masundwini,uMlalazi,KwaZulu-Natal,1383
986056,Masweneng,Fetakgomo,Limpopo,11
290026,Mataleni,Ngquza Hill,Eastern Cape,207
598137,Matatama,Umzimkhulu,KwaZulu-Natal,1391
965076,Matavhela,Mutale,Limpopo,641
877110,Matenten,Bushbuckridge,Mpumalanga,4185
985109,Mathapisa,Makhuduthamaga,Limpopo,601
985040,Mathibe,Makhuduthamaga,Limpopo,1200
961082,Mathipane,Greater Letaba,Limpopo,1567
560042,Mathongwana,Vulamehlo,KwaZulu-Natal,112
984031,Mathula,Elias Motsoaledi,Limpopo,688
297333,Mathwebula,Mbizana,Eastern Cape,274
667068,Matile,Mafikeng,North West,153
575032,Matinda,Nqutu,KwaZulu-Natal,1142
985155,Matlakatle,Makhuduthamaga,Limpopo,2890
287040,Matlapaneng,Senqu,Eastern Cape,1107
677002,Matlosana NU,City of Matlosana,North West,27624
987069,Matokomane,Greater Tubatse,Limpopo,614
270484,Matolweni C,Mbhashe,Eastern Cape,738
876034,Matsamo,Nkomazi,Mpumalanga,2289
585004,Matshamhlophe,Hlabisa,KwaZulu-Natal,2251
580116,Matsheketshe,Nongoma,KwaZulu-Natal,1241
580175,Matshemhlope,Nongoma,KwaZulu-Natal,1374
667059,Matshepe,Mafikeng,North West,2252
290085,Matshisi,Ngquza Hill,Eastern Cape,127
985123,Matshupe,Makhuduthamaga,Limpopo,268
982015,Matsitsileng,Mogalakwena,Limpopo,805
469004,Matwabeng,Setsoto,Free State,22076
294185,Matyengqina,King Sabata Dalindyebo,Eastern Cape,1130
160002,Matzikama NU,Matzikama,Western Cape,23881
290240,Mavaleleni,Ngquza Hill,Eastern Cape,398
965103,Mavhode,Mutale,Limpopo,775
581103,Mavulusha,Ulundi,KwaZulu-Natal,361
504030,Mawane,UMuziwabantu,KwaZulu-Natal,1090
576082,Mawozini,Msinga,KwaZulu-Natal,1839
585009,Mawuza,Hlabisa,KwaZulu-Natal,2045
270551,Maxelegwini,Mbhashe,Eastern Cape,612
274114,Maxhegweni,Ngqushwa,Eastern Cape,719
580189,Maye,Nongoma,KwaZulu-Natal,1033
270604,Mayiji,Mbhashe,Eastern Cape,227
580070,Mayoni,Nongoma,KwaZulu-Natal,221
271422,Mazeppa Bay,Mnquma,Eastern Cape,111
270322,Mazizini,Mbhashe,Eastern Cape,210
297125,Mazweni,Mbizana,Eastern Cape,843
966111,Mbahe,Thulamela,Limpopo,982
581019,Mbambankunzi,Ulundi,KwaZulu-Natal,1444
297117,Mbandana,Mbizana,Eastern Cape,1386
271065,Mbanjwa,Mnquma,Eastern Cape,195
270277,Mbashe B,Mbhashe,Eastern Cape,124
506040,Mbecuka,Hibiscus Coast,KwaZulu-Natal,488
270405,Mbelo,Mbhashe,Eastern Cape,186
290255,Mbenyane,Ngquza Hill,Eastern Cape,687
270350,Mbhanyana,Mbhashe,Eastern Cape,554
576059,Mbhono,Msinga,KwaZulu-Natal,1282
581106,Mbilane,Ulundi,KwaZulu-Natal,1115
287051,Mbini,Senqu,Eastern Cape,389
271190,Mbiza,Mnquma,Eastern Cape,384
295205,Mbizeni B,Matatiele,Eastern Cape,596
296184,Mbodleni,Umzimvubu,Eastern Cape,3129
293238,Mbokothwana,Mhlontlo,Eastern Cape,692
874065,Mbombela,Mbombela,Mpumalanga,55945
587022,Mbonambi,Mfolozi,KwaZulu-Natal,3607
273023,Mbongiseni,Amahlathi,Eastern Cape,229
581041,Mbotsheni,Ulundi,KwaZulu-Natal,807
286238,Mbozisa,Elundini,Eastern Cape,98
290287,Mbudu B,Ngquza Hill,Eastern Cape,84
566048,Mbumbane,The Msunduzi,KwaZulu-Natal,1878
504033,Mbuthuma,UMuziwabantu,KwaZulu-Natal,1133
271378,Mbuwana,Mnquma,Eastern Cape,387
281038,McBridge,Lukanji,Eastern Cape,2127
270076,Mcelwana Bhantizo,Mbhashe,Eastern Cape,266
297120,Mchayi,Mbizana,Eastern Cape,174
290292,Mcobotini,Ngquza Hill,Eastern Cape,2936
284332,Mcutu,Engcobo,Eastern Cape,392
293008,Mdabukweni,Mhlontlo,Eastern Cape,868
297363,Mdatya,Mbizana,Eastern Cape,640
284002,Mdeni D,Engcobo,Eastern Cape,294
286194,Mdilingweni,Elundini,Eastern Cape,229
287124,Mdlabona,Senqu,Eastern Cape,192
592004,Mdlebeni,KwaDukuza,KwaZulu-Natal,8022
287096,Mdogo,Senqu,Eastern Cape,291
290071,Mdumazulu A,Ngquza Hill,Eastern Cape,115
293139,Mdyobe,Mhlontlo,Eastern Cape,415
974093,Megoring,Polokwane,Limpopo,9746
276060,Melani,Nkonkobe,Eastern Cape,783
982073,Mellinium Park,Mogalakwena,Limpopo,1148
590031,Memezi,Mthonjaneni,KwaZulu-Natal,777
469008,Meqheleng,Setsoto,Free State,35848
877072,Merry Pebble Stream,Bushbuckridge,Mpumalanga,6905
270437,Metshe,Mbhashe,Eastern Cape,263
580058,Meyama,Nongoma,KwaZulu-Natal,65
286210,Mfabantu SP,Elundini,Eastern Cape,410
270495,Mfezane,Mbhashe,Eastern Cape,748
287076,Mfinci,Senqu,Eastern Cape,1237
297262,Mfolozi C,Mbizana,Eastern Cape,665
560015,Mfume,Vulamehlo,KwaZulu-Natal,2982
571034,Mfunzini,Okhahlamba,KwaZulu-Natal,256
599009,Mgandeni,eThekwini,KwaZulu-Natal,2649
297239,Mganko,Mbizana,Eastern Cape,376
292127,Mgazi,Nyandeni,Eastern Cape,64
503009,Mgezankamba,Umzumbe,KwaZulu-Natal,853
876050,Mgobode,Nkomazi,Mpumalanga,10113
577014,Mgome,Umvoti,KwaZulu-Natal,1710
296097,Mgqokweni B,Umzimvubu,Eastern Cape,286
291068,Mgugwa,Port St Johns,Eastern Cape,485
284202,Mgwalana A,Engcobo,Eastern Cape,229
290101,Mgwedlweni,Ngquza Hill,Eastern Cape,1199
295282,Mgxojeni,Matatiele,Eastern Cape,385
297223,Mhlabi,Mbizana,Eastern Cape,1005
293313,Mhlakulo,Mhlontlo,Eastern Cape,2883
297121,Mhlanga B,Mbizana,Eastern Cape,1463
276011,Mhlangeni,Nkonkobe,Eastern Cape,323
583095,Mhlekazi,Jozini,KwaZulu-Natal,1534
282003,Mhlonyaneni,Intsika Yethu,Eastern Cape,129
593042,Mhlugwini,Ndwedwe,KwaZulu-Natal,1600
575013,Mhlungwane C,Nqutu,KwaZulu-Natal,192
590012,Mhoyiza,Mthonjaneni,KwaZulu-Natal,326
278001,Middelburg,Inxuba Yethemba,Eastern Cape,18681
286237,Midili,Elundini,Eastern Cape,173
377003,Mier,Mier,Northern Cape,381
798018,Millgate Farm,City of Johannesburg,Gauteng,172
270038,Mishini,Mbhashe,Eastern Cape,158
284275,Miyeni,Engcobo,Eastern Cape,288
271101,Mjikelweni,Mnquma,Eastern Cape,75
569030,Mjinti,Indaka,KwaZulu-Natal,1864
283069,Mkapusi,Emalahleni,Eastern Cape,1037
542112,Mkhalazi,Nkandla,KwaZulu-Natal,123
297376,Mkhando,Mbizana,Eastern Cape,52
581107,Mkhazane,Ulundi,KwaZulu-Natal,4123
599076,Mkholombe,eThekwini,KwaZulu-Natal,2072
575039,Mkhonjane A,Nqutu,KwaZulu-Natal,2763
271223,Mkhonkotho,Mnquma,Eastern Cape,372
291021,Mkhumbeni,Port St Johns,Eastern Cape,1434
576064,Mkhupula,Msinga,KwaZulu-Natal,2364
271351,Mkhwaneni,Mnquma,Eastern Cape,218
538026,Mkobasa,uMhlathuze,KwaZulu-Natal,13195
297010,Mkolweni,Mbizana,Eastern Cape,577
282179,Mkukwini,Intsika Yethu,Eastern Cape,451
583089,Mkuze,Jozini,KwaZulu-Natal,73
599022,Mlahlanja,eThekwini,KwaZulu-Natal,1192
294350,Mlawu,King Sabata Dalindyebo,Eastern Cape,954
504031,Mlolweni,UMuziwabantu,KwaZulu-Natal,611
581026,Mlovu B,Ulundi,KwaZulu-Natal,366
872005,Mmaduma,Dr JS Moroka,Mpumalanga,406
661020,Mmakaunyane,Madibeng,North West,300
467016,Mmamahabane,Matjhabeng,Free State,7813
290311,Mmangukoma,Ngquza Hill,Eastern Cape,277
283116,Mmangweni B,Emalahleni,Eastern Cape,117
664074,Mmatau,Moses Kotane,North West,2657
974031,Mmotong,Polokwane,Limpopo,825
290052,Mncane,Ngquza Hill,Eastern Cape,848
294413,Mncwasa,King Sabata Dalindyebo,Eastern Cape,256
524012,Mndozo,Newcastle,KwaZulu-Natal,3985
270211,Mngazana,Mbhashe,Eastern Cape,187
290061,Mngeni,Ngquza Hill,Eastern Cape,384
297339,Mngungu,Mbizana,Eastern Cape,1739
291041,Mnkutayi,Port St Johns,Eastern Cape,410
291036,Mnqezu,Port St Johns,Eastern Cape,1022
292240,Mnqwangqweni,Nyandeni,Eastern Cape,1747
285037,Mnxe 1,Sakhisizwe,Eastern Cape,341
271458,Mnyameni,Mnquma,Eastern Cape,615
506020,Mobatsha,Hibiscus Coast,KwaZulu-Natal,617
970017,Modderput,Aganang,Limpopo,166
667051,Modimola-Morwamarapo,Mafikeng,North West,1504
961111,Modjadjiskloof,Greater Letaba,Limpopo,1815
985124,Moela,Makhuduthamaga,Limpopo,470
462003,Mofulatshepe,Mohokare,Free State,3584
983053,Moganyaka,Ephraim Mogale,Limpopo,3007
660060,Mogogelo,Moretele,North West,11425
872025,Mogononeng,Dr JS Moroka,Mpumalanga,1340
664077,Mogwase,Moses Kotane,North West,10743
970004,Mohlajeng,Aganang,Limpopo,1070
970079,Mohlonong,Aganang,Limpopo,1876
961057,Mohokone,Greater Letaba,Limpopo,1111
985051,Mokadi,Makhuduthamaga,Limpopo,1066
961112,Mokgoba,Greater Letaba,Limpopo,2557
877035,Mokhololine,Bushbuckridge,Mpumalanga,1569
982123,Mokopane,Mogalakwena,Limpopo,30151
985025,Molala,Makhuduthamaga,Limpopo,437
671006,Molatswanene,Mamusa,North West,5255
973004,Molemole NU,Molemole,Limpopo,6544
360057,Molomo-wa-Petsana,Joe Morolong,Northern Cape,279
526021,Moltloung,Dannhauser,KwaZulu-Natal,1008
296107,Mombeni,Umzimvubu,Eastern Cape,785
529022,Mondlo,Abaqulusi,KwaZulu-Natal,28871
295051,Monkhankhaneng,Matatiele,Eastern Cape,776
165011,Montana,Witzenberg,Western Cape,6262
664096,Montsana A,Moses Kotane,North West,68
564005,Mooi Rivier,Mpofana,KwaZulu-Natal,2874
799052,Mooiplaas,City of Tshwane,Gauteng,14979
978006,Moong,Lephalale,Limpopo,823
542133,Mophihli,Nkandla,KwaZulu-Natal,2235
499008,Morago,Mangaung,Free State,425
983007,Morarela,Ephraim Mogale,Limpopo,1101
664084,Moreteletsi,Moses Kotane,North West,344
286092,Moroka,Elundini,Eastern Cape,707
976062,Morotse,Lepele-Nkumpi,Limpopo,1201
986060,Morwaswe,Fetakgomo,Limpopo,1224
969125,Mosehleng,Blouberg,Limpopo,632
961008,Moshate,Greater Letaba,Limpopo,1858
284359,Moshi,Engcobo,Eastern Cape,145
176017,Mossdustria,Mossel Bay,Western Cape,65
669026,Mosweu,Ramotshere Moiloa,North West,2736
872047,Moteti,Dr JS Moroka,Mpumalanga,416
962011,Mothomeng,Greater Tzaneen,Limpopo,2352
877034,Motlamogatsane,Bushbuckridge,Mpumalanga,2169
987003,Motloulela,Greater Tubatse,Limpopo,804
660030,Motsheko,Moretele,North West,582
383008,Motswedimosa,Sol Plaatjie,Northern Cape,7240
260124,Mount Coke Mission,Buffalo City,Eastern Cape,0
164014,Mount Royal Golf & Country Estate,Swartland,Western Cape,66
599122,Moya,eThekwini,KwaZulu-Natal,744
294025,Mpafana,King Sabata Dalindyebo,Eastern Cape,2065
874067,Mpakeni,Mbombela,Mpumalanga,1394
542058,Mpandla,Nkandla,KwaZulu-Natal,719
589049,Mpehlela,uMlalazi,KwaZulu-Natal,1321
293024,Mpendla,Mhlontlo,Eastern Cape,48
297094,Mpenkulu B,Mbizana,Eastern Cape,74
976037,Mphahlele,Lepele-Nkumpi,Limpopo,12661
290160,Mphangana,Ngquza Hill,Eastern Cape,341
589142,Mphendle,uMlalazi,KwaZulu-Natal,1231
297062,Mphetshwa B,Mbizana,Eastern Cape,2087
589037,Mphundumane,uMlalazi,KwaZulu-Natal,1083
286228,Mpilweni,Elundini,Eastern Cape,16
582086,Mpini,Umhlabuyalingana,KwaZulu-Natal,579
597003,Mpofini,Ubuhlebezwe,KwaZulu-Natal,634
542099,Mpolweni,Nkandla,KwaZulu-Natal,130
583067,Mpondwana,Jozini,KwaZulu-Natal,1786
291063,Mpophomeni,Port St Johns,Eastern Cape,533
282078,Mpotyo,Intsika Yethu,Eastern Cape,209
270063,Mpozolo C,Mbhashe,Eastern Cape,252
580073,Mpumalanga,Nongoma,KwaZulu-Natal,1221
594063,Mpumulwane B,Ingwe,KwaZulu-Natal,914
290273,Mpungutye,Ngquza Hill,Eastern Cape,462
580122,Mpuqwini B,Nongoma,KwaZulu-Natal,251
560057,Mqangqala,Vulamehlo,KwaZulu-Natal,2330
297027,Mqeni A,Mbizana,Eastern Cape,54
296094,Mqhokweni,Umzimvubu,Eastern Cape,66
270093,Mqonci,Mbhashe,Eastern Cape,174
273059,Mqukqanwe,Amahlathi,Eastern Cape,232
292333,Mqwanqweni,Nyandeni,Eastern Cape,168
283021,Mrhoshweni,Emalahleni,Eastern Cape,252
297267,Msarhweni,Mbizana,Eastern Cape,353
270535,Msengeni,Mbhashe,Eastern Cape,378
874041,Msholozi,Mbombela,Mpumalanga,4462
270099,Msikiti,Mbhashe,Eastern Cape,280
292097,Msitsini,Nyandeni,Eastern Cape,831
297334,Msomi,Mbizana,Eastern Cape,569
260130,Msundulo,Buffalo City,Eastern Cape,255
582094,Mtanenkosi,Umhlabuyalingana,KwaZulu-Natal,530
271084,Mtebhele,Mnquma,Eastern Cape,533
297293,Mthayise,Mbizana,Eastern Cape,2070
291001,Mthinde,Port St Johns,Eastern Cape,2611
593036,Mthombisa,Ndwedwe,KwaZulu-Natal,1363
590002,Mthonjaneni NU,Mthonjaneni,KwaZulu-Natal,3940
294291,Mthukuba,King Sabata Dalindyebo,Eastern Cape,43
271444,Mthwaku A,Mnquma,Eastern Cape,315
282304,Mtimbini,Intsika Yethu,Eastern Cape,217
270576,Mtokwane,Mbhashe,Eastern Cape,216
987055,Mtsaneng,Greater Tubatse,Limpopo,1688
598196,Mtshazo,Umzimkhulu,KwaZulu-Natal,443
260008,Mtshonyaneni,Buffalo City,Eastern Cape,470
295237,Mtumasi,Matatiele,Eastern Cape,480
561021,Mtwalume,Umdoni,KwaZulu-Natal,610
292108,Mtyu,Nyandeni,Eastern Cape,1803
966060,Mudzidzidzi,Thulamela,Limpopo,400
960041,Muhlahlandlela,Greater Giyani,Limpopo,1934
199050,Muizenberg,City of Cape Town,Western Cape,36857
965025,Mukumawabane,Mutale,Limpopo,388
968036,Mulelu,Makhado,Limpopo,899
270639,Muncu,Mbhashe,Eastern Cape,297
287109,Munywini,Senqu,Eastern Cape,166
968066,Murunwa,Makhado,Limpopo,2697
287055,Musong,Senqu,Eastern Cape,1420
965023,Mutele,Mutale,Limpopo,728
965059,Mutsuludi,Mutale,Limpopo,25
293190,Mvane,Mhlontlo,Eastern Cape,181
292268,Mvili,Nyandeni,Eastern Cape,190
580129,Mvulazi,Nongoma,KwaZulu-Natal,3746
296062,Mvusi,Umzimvubu,Eastern Cape,9926
296014,Mwaca,Umzimvubu,Eastern Cape,88
294098,Mxambuli,King Sabata Dalindyebo,Eastern Cape,267
297095,Mxinga,Mbizana,Eastern Cape,936
298090,Myeni,Ntabankulu,Eastern Cape,0
297365,Mzamba A,Mbizana,Eastern Cape,456
271078,Mzantsi A,Mnquma,Eastern Cape,236
298081,Mzimhlophe,Ntabankulu,Eastern Cape,214
291028,Mzintlava,Port St Johns,Eastern Cape,884
583051,Mzinyoni,Jozini,KwaZulu-Natal,2451
297243,Mzize B,Mbizana,Eastern Cape,21
298104,Mzwakasi,Ntabankulu,Eastern Cape,1185
526010,Naas,Dannhauser,KwaZulu-Natal,2637
260078,Nahoon Dam Settlement,Buffalo City,Eastern Cape,131
472016,Namahadi,Maluti a Phofung,Free State,3034
284216,Namqamkazini,Engcobo,Eastern Cape,244
296069,Natala,Umzimvubu,Eastern Cape,232
290124,Nayintsentse,Ngquza Hill,Eastern Cape,478
298045,Ncama,Ntabankulu,Eastern Cape,312
284282,Ncango,Engcobo,Eastern Cape,279
271349,Ncedani,Mnquma,Eastern Cape,129
575092,Ncepheni C,Nqutu,KwaZulu-Natal,307
270049,Ncihana,Mbhashe,Eastern Cape,820
293302,Ncitshana,Mhlontlo,Eastern Cape,430
294163,Ncolo,King Sabata Dalindyebo,Eastern Cape,256
579009,Ncotshane A,UPhongolo,KwaZulu-Natal,3257
594014,Ncwadi,Ingwe,KwaZulu-Natal,2199
271276,Ndabakazi Station,Mnquma,Eastern Cape,344
271131,Ndakana A,Mnquma,Eastern Cape,478
293197,Ndameni,Mhlontlo,Eastern Cape,114
291055,Ndavindavi,Port St Johns,Eastern Cape,57
271022,Ndende,Mnquma,Eastern Cape,284
294276,Ndibela,King Sabata Dalindyebo,Eastern Cape,229
290048,Ndimakude,Ngquza Hill,Eastern Cape,2645
296058,Ndindindi,Umzimvubu,Eastern Cape,99
270149,Nditya,Mbhashe,Eastern Cape,50
582047,Ndlondlweni,Umhlabuyalingana,KwaZulu-Natal,4137
282195,Ndlunkulu,Intsika Yethu,Eastern Cape,980
580167,Ndololwane,Nongoma,KwaZulu-Natal,1454
270568,Ndothweni,Mbhashe,Eastern Cape,62
270173,Ndulini,Mbhashe,Eastern Cape,508
582013,Ndumu,Umhlabuyalingana,KwaZulu-Natal,0
297075,Ndunge,Mbizana,Eastern Cape,1611
505016,Ndunu,Ezingoleni,KwaZulu-Natal,3086
297088,Ndwalaza,Mbizana,Eastern Cape,7533
298014,Ndzimakwe,Ntabankulu,Eastern Cape,431
260129,Need`s Camp,Buffalo City,Eastern Cape,6696
183003,Nelspoort,Beaufort West,Western Cape,1699
799023,New Eersterus,City of Tshwane,Gauteng,35059
179007,New Horizons,Bitou,Western Cape,9869
962092,New Phepeng,Greater Tzaneen,Limpopo,4178
598005,New village,Umzimkhulu,KwaZulu-Natal,498
271095,Newlook,Mnquma,Eastern Cape,602
276143,Newtown,Nkonkobe,Eastern Cape,778
524022,Ngagane,Newcastle,KwaZulu-Natal,906
284073,Ngapezulu,Engcobo,Eastern Cape,204
294471,Ngcalambeni,King Sabata Dalindyebo,Eastern Cape,180
270411,Ngcay Echibi,Mbhashe,Eastern Cape,133
503040,Ngcengesi,Umzumbe,KwaZulu-Natal,518
270642,Ngcizele,Mbhashe,Eastern Cape,163
270132,Ngcolosa,Mbhashe,Eastern Cape,188
283139,Ngcuka,Emalahleni,Eastern Cape,1358
298131,Ngcwamane,Ntabankulu,Eastern Cape,727
593035,Ngedleni,Ndwedwe,KwaZulu-Natal,2282
589057,Ngeza,uMlalazi,KwaZulu-Natal,1189
567032,Ngilanyoni,Mkhambathini,KwaZulu-Natal,660
273060,Ngobozana,Amahlathi,Eastern Cape,532
297312,Ngojane,Mbizana,Eastern Cape,384
575003,Ngolokodo,Nqutu,KwaZulu-Natal,2352
597052,Ngongonini,Ubuhlebezwe,KwaZulu-Natal,515
296180,Ngonyameni,Umzimvubu,Eastern Cape,1098
529012,Ngotshe,Abaqulusi,KwaZulu-Natal,2267
293105,Ngqakaqeni,Mhlontlo,Eastern Cape,242
270398,Ngqangqaka,Mbhashe,Eastern Cape,241
284363,Ngqayi A,Engcobo,Eastern Cape,307
260049,Ngqika,Buffalo City,Eastern Cape,283
598143,Ngqokozweni,Umzimkhulu,KwaZulu-Natal,387
276174,Ngqolowa B,Nkonkobe,Eastern Cape,572
274118,Ngqowa,Ngqushwa,Eastern Cape,821
294270,Ngqumane,King Sabata Dalindyebo,Eastern Cape,1810
270623,Ngqungqumbe,Mbhashe,Eastern Cape,203
270177,Ngquto,Mbhashe,Eastern Cape,438
290146,Ngquza Hill,Ngquza Hill,Eastern Cape,0
284406,Ngqwaneni,Engcobo,Eastern Cape,144
274001,Ngqwele,Ngqushwa,Eastern Cape,615
583096,Ngude,Jozini,KwaZulu-Natal,292
292251,Ngunjini,Nyandeni,Eastern Cape,824
297313,Ngutyana B,Mbizana,Eastern Cape,99
983058,Ngwalemong,Ephraim Mogale,Limpopo,1952
985160,Ngwaritsi,Makhuduthamaga,Limpopo,5308
575088,Ngwebini C,Nqutu,KwaZulu-Natal,305
290018,Ngweleni,Ngquza Hill,Eastern Cape,592
294015,Ngwenvana,King Sabata Dalindyebo,Eastern Cape,1377
575056,Ngwetshana A,Nqutu,KwaZulu-Natal,728
270122,Ngxabani,Mbhashe,Eastern Cape,313
273071,Ngxalawe,Amahlathi,Eastern Cape,808
293192,Ngxangxasini,Mhlontlo,Eastern Cape,1212
284138,Ngxingweni,Engcobo,Eastern Cape,166
294046,Ngxubevange,King Sabata Dalindyebo,Eastern Cape,821
565020,Nhlabamkosi,Impendle,KwaZulu-Natal,989
565006,Nhlambamasoka,Impendle,KwaZulu-Natal,147
504047,Nhlanza,UMuziwabantu,KwaZulu-Natal,1439
581045,Nhlazatshe,Ulundi,KwaZulu-Natal,1076
576060,Nhlonga,Msinga,KwaZulu-Natal,1878
271551,Nibe,Mnquma,Eastern Cape,424
598129,Niewjaarsfontein,Umzimkhulu,KwaZulu-Natal,303
577011,Ningisa,Umvoti,KwaZulu-Natal,658
580140,Njampela A,Nongoma,KwaZulu-Natal,1310
291209,Njela,Port St Johns,Eastern Cape,460
292318,Njivene,Nyandeni,Eastern Cape,385
581098,Njojo B,Ulundi,KwaZulu-Natal,211
984030,Nkadimeng,Elias Motsoaledi,Limpopo,2136
270191,Nkalweni A,Mbhashe,Eastern Cape,417
575004,Nkanda,Nqutu,KwaZulu-Natal,2088
297210,Nkangeni,Mbizana,Eastern Cape,158
270055,Nkanunu,Mbhashe,Eastern Cape,590
295204,Nkaweni,Matatiele,Eastern Cape,336
594004,Nkelabantwana,Ingwe,KwaZulu-Natal,3492
968103,Nkhensani,Makhado,Limpopo,13113
664028,Nkogolwe,Moses Kotane,North West,210
546076,Nkolovuzane A,Maphumulo,KwaZulu-Natal,272
586027,Nkombose,Mtubatuba,KwaZulu-Natal,9768
573009,Nkomokazini,Imbabazane,KwaZulu-Natal,1183
529007,Nkongolwane,Abaqulusi,KwaZulu-Natal,2682
291220,Nkonkoni,Port St Johns,Eastern Cape,109
862008,Nkosanjaneni,Mkhondo,Mpumalanga,1654
270156,Nkovalini,Mbhashe,Eastern Cape,379
169004,Nkqubela,Langeberg,Western Cape,5786
593019,Nkumba-Nyuswa,Ndwedwe,KwaZulu-Natal,7878
580014,Nkunzana,Nongoma,KwaZulu-Natal,474
295219,Nkupelweni,Matatiele,Eastern Cape,470
597036,Nkwanini,Ubuhlebezwe,KwaZulu-Natal,681
290096,Nkwezela,Ngquza Hill,Eastern Cape,475
271114,Nobhanda,Mnquma,Eastern Cape,568
293142,Nodali,Mhlontlo,Eastern Cape,167
499036,Nogas Post,Mangaung,Free State,285
872020,Nokaneng,Dr JS Moroka,Mpumalanga,7462
265002,Nolukhanyo,Ndlambe,Eastern Cape,5631
542067,Nomangci,Nkandla,KwaZulu-Natal,866
292237,Nomcamba,Nyandeni,Eastern Cape,1129
260040,Nomgwadla,Buffalo City,Eastern Cape,2384
260112,Nompumelelo,Buffalo City,Eastern Cape,7269
270575,Nondobo,Mbhashe,Eastern Cape,146
284314,Nongandlela,Engcobo,Eastern Cape,646
594030,Nonguqa,Ingwe,KwaZulu-Natal,554
592006,Nonoti,KwaDukuza,KwaZulu-Natal,2203
293022,Nonyikila,Mhlontlo,Eastern Cape,850
663001,Nooitgedacht A,Kgetlengrivier,North West,425
660041,Norokie,Moretele,North West,1115
370001,Norvalspont,Umsobomvu,Northern Cape,97
270357,Nothanda,Mbhashe,Eastern Cape,867
563003,Nottingham Road,uMngeni,KwaZulu-Natal,1277
598154,Novukela,Umzimkhulu,KwaZulu-Natal,349
296023,Nozitshena,Umzimvubu,Eastern Cape,441
566007,Nqabeni,The Msunduzi,KwaZulu-Natal,1531
589035,Nqamane,uMlalazi,KwaZulu-Natal,1136
590001,Nqekwane,Mthonjaneni,KwaZulu-Natal,393
270223,Nqileni,Mbhashe,Eastern Cape,1258
286107,Nqoma,Elundini,Eastern Cape,323
282006,Nqumakala,Intsika Yethu,Eastern Cape,316
297024,Nqutu B,Mbizana,Eastern Cape,485
294176,Nqwathi-Ophezulu,King Sabata Dalindyebo,Eastern Cape,840
538007,Nseleni,uMhlathuze,KwaZulu-Natal,8379
297254,Nsimbini B,Mbizana,Eastern Cape,663
581031,Nsukaze A,Ulundi,KwaZulu-Natal,3064
575033,Ntababomvu B,Nqutu,KwaZulu-Natal,449
592015,Ntabaningi,KwaDukuza,KwaZulu-Natal,6701
588019,Ntabayenkosi,Ntambanana,KwaZulu-Natal,337
297318,Ntabengadlinkomo,Mbizana,Eastern Cape,525
284110,Ntabomvu,Engcobo,Eastern Cape,457
291050,Ntambula,Port St Johns,Eastern Cape,663
575089,Ntanyandlovu A,Nqutu,KwaZulu-Natal,272
576024,Ntanyazulu,Msinga,KwaZulu-Natal,376
290225,Ntele,Ngquza Hill,Eastern Cape,109
589064,Nteneshane,uMlalazi,KwaZulu-Natal,392
471006,Ntha,Nketoana,Free State,10990
284205,Ntibane B,Engcobo,Eastern Cape,435
270485,Ntlabane B,Mbhashe,Eastern Cape,368
284269,Ntlakwendlela,Engcobo,Eastern Cape,394
298064,Ntlambashe,Ntabankulu,Eastern Cape,1152
270546,Ntlangano,Mbhashe,Eastern Cape,233
297035,Ntlavukazi,Mbizana,Eastern Cape,63
291020,Ntlenga,Port St Johns,Eastern Cape,790
970051,Ntlolane,Aganang,Limpopo,1098
297107,Ntola A,Mbizana,Eastern Cape,224
599080,Ntongela,eThekwini,KwaZulu-Natal,1137
292320,Ntotweni,Nyandeni,Eastern Cape,371
962071,Ntsako,Greater Tzaneen,Limpopo,1461
296170,Ntshakeni,Umzimvubu,Eastern Cape,352
298132,Ntshantsha,Ntabankulu,Eastern Cape,218
293141,Ntsheleni,Mhlontlo,Eastern Cape,755
283115,Ntshinindeni,Emalahleni,Eastern Cape,467
282267,Ntshongeni,Intsika Yethu,Eastern Cape,198
271209,Ntshutshwini,Mnquma,Eastern Cape,278
296021,Ntsimango,Umzimvubu,Eastern Cape,121
285044,Ntsinga,Sakhisizwe,Eastern Cape,404
271333,Ntsonyane,Mnquma,Eastern Cape,262
282301,Ntsume,Intsika Yethu,Eastern Cape,754
669031,Ntsweletsoku,Ramotshere Moiloa,North West,9559
542117,Ntulwana,Nkandla,KwaZulu-Natal,1104
297261,Ntunjeni,Mbizana,Eastern Cape,539
271105,Ntwala,Mnquma,Eastern Cape,669
282136,Ntwashwini,Intsika Yethu,Eastern Cape,467
765003,Nufcor,Westonaria,Gauteng,166
960049,Nwakhuwani,Greater Giyani,Limpopo,439
290181,Nxambani,Ngquza Hill,Eastern Cape,200
270324,Nxaxu,Mbhashe,Eastern Cape,494
270567,Nxotwa,Mbhashe,Eastern Cape,127
290121,Nxuze,Ngquza Hill,Eastern Cape,206
874051,Nyamazaneni,Mbombela,Mpumalanga,14568
199031,Nyanga,City of Cape Town,Western Cape,57996
272017,Nyara,Great Kei,Eastern Cape,289
583049,Nyawo,Jozini,KwaZulu-Natal,1279
296228,Nyengqiti,Umzimvubu,Eastern Cape,257
271250,Nyidlana,Mnquma,Eastern Cape,244
271373,Nyityaba,Mnquma,Eastern Cape,457
297189,Nyokweni B,Mbizana,Eastern Cape,104
503048,Nyonyana,Umzumbe,KwaZulu-Natal,2398
571030,Nyusana,Okhahlamba,KwaZulu-Natal,3490
292210,Nzamo,Nyandeni,Eastern Cape,445
580059,Nzondwane,Nongoma,KwaZulu-Natal,167
664011,Obakeng,Moses Kotane,North West,1030
587038,Obizo,Mfolozi,KwaZulu-Natal,1882
503064,Odeke,Umzumbe,KwaZulu-Natal,191
571038,Ogade,Okhahlamba,KwaZulu-Natal,1589
593063,Ogunjini,Ndwedwe,KwaZulu-Natal,2205
542003,Ohlelo,Nkandla,KwaZulu-Natal,933
571032,Okhombe A,Okhahlamba,KwaZulu-Natal,519
292204,Old Bunting,Nyandeni,Eastern Cape,355
599154,Olwambeni,eThekwini,KwaZulu-Natal,1590
368001,Onseepkans,Khâi-Ma,Northern Cape,2090
577009,Ophofini,Umvoti,KwaZulu-Natal,311
578020,Opuzane,eDumbe,KwaZulu-Natal,4525
374003,Orania,Thembelihle,Northern Cape,892
877060,Orinoco B,Bushbuckridge,Mpumalanga,2062
546058,Oshikishi,Maphumulo,KwaZulu-Natal,470
575016,Othaka,Nqutu,KwaZulu-Natal,1915
666026,Ottosdal,Tswaing,North West,884
599099,Outer West Durban,eThekwini,KwaZulu-Natal,7408
382003,Owendale,Kgatelopele,Northern Cape,115
662051,Paardekraal Platinum Mine,Rustenburg,North West,432
360015,Padstow,Joe Morolong,Northern Cape,908
287016,Palmietfontein,Senqu,Eastern Cape,1776
297176,Pangweni,Mbizana,Eastern Cape,805
969066,Papegaai,Blouberg,Limpopo,1114
986026,Pashas Kraal,Fetakgomo,Limpopo,396
266006,Paterson,Sundays River Valley,Eastern Cape,230
578018,Paulpietersburg,eDumbe,KwaZulu-Natal,1859
569025,Pearl,Indaka,KwaZulu-Natal,575
260114,Pefferville,Buffalo City,Eastern Cape,16380
297266,Pele-pele B,Mbizana,Eastern Cape,529
360019,Pennyn,Joe Morolong,Northern Cape,435
282307,Pesheya-Kwa-Nqoko,Intsika Yethu,Eastern Cape,427
986103,Petseng,Fetakgomo,Limpopo,157
976013,Phaganeng,Lepele-Nkumpi,Limpopo,106
260103,Phakamisa,Buffalo City,Eastern Cape,6602
576049,Phalafini,Msinga,KwaZulu-Natal,1613
180005,Phantom Pass,Knysna,Western Cape,35
962094,Pharare,Greater Tzaneen,Limpopo,3510
662024,Phatsima A,Rustenburg,North West,86
298001,Phepheni,Ntabankulu,Eastern Cape,155
284187,Phesheya Vayizana,Engcobo,Eastern Cape,299
960035,Phikela,Greater Giyani,Limpopo,1671
373005,Phillipstown,Renosterberg,Northern Cape,3365
477009,Phiritona,Ngwathe,Free State,19227
985149,Phokoane,Makhuduthamaga,Limpopo,10529
542131,Pholela,Nkandla,KwaZulu-Natal,273
984064,Phooko,Elias Motsoaledi,Limpopo,329
966152,Phugeni,Thulamela,Limpopo,1512
598074,Phumamuncu,Umzimkhulu,KwaZulu-Natal,497
542120,Phumuzamaphika,Nkandla,KwaZulu-Natal,601
286046,Phuthing,Elundini,Eastern Cape,170
669024,Pienaar,Ramotshere Moiloa,North West,4
566003,Pietermaritzburg,The Msunduzi,KwaZulu-Natal,223448
664050,Pilanesberg,Moses Kotane,North West,308
664027,Pitsedisulejang,Moses Kotane,North West,1957
297336,Plangeni,Mbizana,Eastern Cape,1517
461014,Poding-Tse-Rolo,Kopanong,Free State,2698
295210,Polile,Matatiele,Eastern Cape,1149
974002,Polokwane NU,Polokwane,Limpopo,10957
295208,Pontseng A,Matatiele,Eastern Cape,830
265007,Port Alfred,Ndlambe,Eastern Cape,9747
506014,Port Shepstone,Hibiscus Coast,KwaZulu-Natal,35633
271435,Poshi,Mnquma,Eastern Cape,149
982097,Potgietersrust,Mogalakwena,Limpopo,0
580119,Potukulu,Nongoma,KwaZulu-Natal,673
874039,Primkop,Mbombela,Mpumalanga,0
293262,Printsi,Mhlontlo,Eastern Cape,455
579015,Prudentie,UPhongolo,KwaZulu-Natal,768
271479,Pumlani,Mnquma,Eastern Cape,33
284433,Qabaephezulu,Engcobo,Eastern Cape,104
479001,Qalabotjha,Mafube,Free State,1286
274126,Qamini,Ngqushwa,Eastern Cape,63
282167,Qaqeni,Intsika Yethu,Eastern Cape,207
270644,Qazini,Mbhashe,Eastern Cape,179
271255,Qengqweni,Mnquma,Eastern Cape,164
297231,Qhasa,Mbizana,Eastern Cape,214
295196,Qhobosheaneng,Matatiele,Eastern Cape,930
271046,Qholiwe,Mnquma,Eastern Cape,774
276171,Qibira A,Nkonkobe,Eastern Cape,622
506028,Qina-About,Hibiscus Coast,KwaZulu-Natal,5661
271361,Qoboqobo,Mnquma,Eastern Cape,260
271491,Qokolweni A,Mnquma,Eastern Cape,1035
272027,Qolweni,Great Kei,Eastern Cape,954
584011,Qomukuphila,The Big 5 False Bay,KwaZulu-Natal,1753
290073,Qoqo SP,Ngquza Hill,Eastern Cape,313
297007,Qoxe,Mbizana,Eastern Cape,511
272037,Queensberry Bay,Great Kei,Eastern Cape,423
296167,Qukanca,Umzimvubu,Eastern Cape,125
282043,Qumanco B,Intsika Yethu,Eastern Cape,319
297053,Qungebe,Mbizana,Eastern Cape,943
282299,Qutsa B,Intsika Yethu,Eastern Cape,248
290011,Qwaru,Ngquza Hill,Eastern Cape,1571
296148,Qwidlana A,Umzimvubu,Eastern Cape,254
798008,Rabie Ridge,City of Johannesburg,Gauteng,41204
292062,Rainy,Nyandeni,Eastern Cape,2204
271150,Raladiya,Mnquma,Eastern Cape,1308
968119,Ramaru,Makhado,Limpopo,155
961087,Ramogakwa,Greater Letaba,Limpopo,516
664033,Ramokgolela,Moses Kotane,North West,554
664034,Ramotlhajwe,Moses Kotane,North West,758
764002,Randfontein,Randfontein,Gauteng,80492
987154,Rantho,Greater Tubatse,Limpopo,3033
285034,Rareni,Sakhisizwe,Eastern Cape,287
762015,Ratanda,Lesedi,Gauteng,36102
284026,Ratswini,Engcobo,Eastern Cape,340
978025,Reabetswe,Lephalale,Limpopo,799
290151,Redhill,Ngquza Hill,Eastern Cape,431
471004,Reitz,Nketoana,Free State,3362
874066,Renosterkop,Mbombela,Mpumalanga,286
260076,Rhayi,Buffalo City,Eastern Cape,327
274043,Rhode,Ngqushwa,Eastern Cape,230
293143,Rhuwaxeni,Mhlontlo,Eastern Cape,258
568002,Richmond NU,Richmond,KwaZulu-Natal,12442
467006,Riebeeckstad,Matjhabeng,Free State,11268
376006,Riet River,Siyancuma,Northern Cape,69
599090,Rietvallei,eThekwini,KwaZulu-Natal,1568
962078,Ritakop,Greater Tzaneen,Limpopo,3216
598020,Riverside,Umzimkhulu,KwaZulu-Natal,686
169003,Robertson,Langeberg,Western Cape,21929
526053,Rocky Spruit,Dannhauser,KwaZulu-Natal,40
296095,Roma,Umzimvubu,Eastern Cape,418
977008,Rooiberg,Thabazimbi,Limpopo,2485
365003,Rooifontein,Kamiesberg,Northern Cape,332
287036,Rooisand,Senqu,Eastern Cape,622
984049,Roossenekal,Elias Motsoaledi,Limpopo,2625
503074,Rosettenville,Umzumbe,KwaZulu-Natal,1804
276093,Roxeni,Nkonkobe,Eastern Cape,310
176001,Ruitersbos State Forest,Mossel Bay,Western Cape,451
981008,Rust De Winter,Bela-Bela,Limpopo,105
526029,Rutland,Dannhauser,KwaZulu-Natal,3630
984047,Saaiplaas,Elias Motsoaledi,Limpopo,2332
873009,Sabie,Thaba Chweu,Mpumalanga,9148
294285,Sakela,King Sabata Dalindyebo,Eastern Cape,711
973020,Sakoleng,Molemole,Limpopo,584
599143,Salem,eThekwini,KwaZulu-Natal,781
592043,Salt Rock,KwaDukuza,KwaZulu-Natal,1806
576054,Sampofu,Msinga,KwaZulu-Natal,3789
664066,Sandfontein,Moses Kotane,North West,6548
466001,Sandveld,Tswelopele,Free State,12
293032,Sangqu,Mhlontlo,Eastern Cape,636
666023,Sannieshof,Tswaing,North West,11016
285097,Santyeni,Sakhisizwe,Eastern Cape,172
594038,Sarnia,Ingwe,KwaZulu-Natal,39
961066,Satlaleni,Greater Letaba,Limpopo,998
271013,Sawutana B,Mnquma,Eastern Cape,231
297177,Scambeni,Mbizana,Eastern Cape,874
970033,Schoongelegen,Aganang,Limpopo,1633
671004,Schweizer-Reneke,Mamusa,North West,41226
296086,Sdikidini,Umzimvubu,Eastern Cape,349
961053,Seaphole,Greater Letaba,Limpopo,1191
985048,Sebetole,Makhuduthamaga,Limpopo,101
297295,Section 21,Mbizana,Eastern Cape,121
361001,Sedibeng,Ga-Segonyana,Northern Cape,2184
964016,Sefikeng,Maruleng,Limpopo,6
970087,Segwahleng,Aganang,Limpopo,808
987014,Sehunyana,Greater Tubatse,Limpopo,1699
982122,Sekgakgapeng,Mogalakwena,Limpopo,11979
960057,Sekhiming,Greater Giyani,Limpopo,1763
985061,Sekotini,Makhuduthamaga,Limpopo,275
969026,Sekwati,Blouberg,Limpopo,582
291127,Selwane,Port St Johns,Eastern Cape,419
985060,Semonoko,Makhuduthamaga,Limpopo,84
974060,Sengatane,Polokwane,Limpopo,2615
287005,Senqu NU,Senqu,Eastern Cape,7113
969096,Senwabarwana,Blouberg,Limpopo,5529
661006,Sephai,Madibeng,North West,260
571037,Seqomeni,Okhahlamba,KwaZulu-Natal,1218
983038,Seriteng,Ephraim Mogale,Limpopo,1202
974043,Seshego,Polokwane,Limpopo,83863
674005,Setabeng,Kagisano/Molopo,North West,1051
962020,Sethone A,Greater Tzaneen,Limpopo,749
662033,Setlhokwe,Rustenburg,North West,446
981005,Settlers,Bela-Bela,Limpopo,819
599131,Seventeen,eThekwini,KwaZulu-Natal,1876
276015,Seymour,Nkonkobe,Eastern Cape,2467
592038,Shakaskraal,KwaDukuza,KwaZulu-Natal,3296
760012,Sharpeville,Emfuleni,Gauteng,37599
966169,Shayandima,Thulamela,Limpopo,10259
565017,Shellfish,Impendle,KwaZulu-Natal,339
270387,Sheshegu,Mbhashe,Eastern Cape,2005
271059,Shilata,Mnquma,Eastern Cape,57
962015,Shirulurulu,Greater Tzaneen,Limpopo,4225
505022,Shobashobane,Ezingoleni,KwaZulu-Natal,3032
961078,Shotong,Greater Letaba,Limpopo,4389
293066,Shukunxa,Mhlontlo,Eastern Cape,700
969004,Sias,Blouberg,Limpopo,639
582074,Sibhoweni,Umhlabuyalingana,KwaZulu-Natal,1302
583084,Sibongile,Jozini,KwaZulu-Natal,633
598094,Sicelweni,Umzimkhulu,KwaZulu-Natal,402
296072,Sidakeni A,Umzimvubu,Eastern Cape,37
598038,Sidikideni,Umzimkhulu,KwaZulu-Natal,1846
271320,Sidubela,Mnquma,Eastern Cape,310
282042,Sigangeni,Intsika Yethu,Eastern Cape,550
292258,Sigibudu,Nyandeni,Eastern Cape,1495
271077,Sigingqini A,Mnquma,Eastern Cape,227
284240,Sigodlweni,Engcobo,Eastern Cape,222
284404,Sigubudwini,Engcobo,Eastern Cape,775
282176,Sihlaba,Intsika Yethu,Eastern Cape,459
291192,Sihlanjeni,Port St Johns,Eastern Cape,709
282245,Sihobotini,Intsika Yethu,Eastern Cape,368
291138,Sijuqwini,Port St Johns,Eastern Cape,1383
538030,Sikhalasenkosi,uMhlathuze,KwaZulu-Natal,22571
294122,Sikhoba,King Sabata Dalindyebo,Eastern Cape,1185
876041,Sikhwahlane,Nkomazi,Mpumalanga,2316
287026,Sikroxweni,Senqu,Eastern Cape,445
286039,Silindini,Elundini,Eastern Cape,72
260132,Silverdale,Buffalo City,Eastern Cape,647
581001,Simelane,Ulundi,KwaZulu-Natal,496
566039,Sinathingi,The Msunduzi,KwaZulu-Natal,2159
284003,Singcukeni,Engcobo,Eastern Cape,229
284005,Singqumeni B,Engcobo,Eastern Cape,233
298145,Sinquma,Ntabankulu,Eastern Cape,252
296136,Sinyaqa,Umzimvubu,Eastern Cape,298
542123,Siphande,Nkandla,KwaZulu-Natal,393
581068,Siphethu B,Ulundi,KwaZulu-Natal,201
295032,Siphola,Matatiele,Eastern Cape,289
282090,Siqabeni,Intsika Yethu,Eastern Cape,610
284249,Siqingqini,Engcobo,Eastern Cape,357
294364,Sirhoshweni,King Sabata Dalindyebo,Eastern Cape,306
581092,Sishili A,Ulundi,KwaZulu-Natal,4029
270056,Sitatwini,Mbhashe,Eastern Cape,686
599079,Sithumba,eThekwini,KwaZulu-Natal,2247
287015,Sitoromo,Senqu,Eastern Cape,1202
282265,Situmba,Intsika Yethu,Eastern Cape,827
599047,Siweni,eThekwini,KwaZulu-Natal,3868
284278,Sixotyeni,Engcobo,Eastern Cape,159
286038,Siyalweni,Elundini,Eastern Cape,351
568005,Siyathuhuka,Richmond,KwaZulu-Natal,3004
294386,Sizindeni A,King Sabata Dalindyebo,Eastern Cape,1395
287057,Skisazana,Senqu,Eastern Cape,345
287060,Skroon,Senqu,Eastern Cape,1883
282197,Slevini,Intsika Yethu,Eastern Cape,66
199058,Smitswinkelbaai,City of Cape Town,Western Cape,4
974116,Sobiago,Polokwane,Limpopo,395
985110,Soetveld,Makhuduthamaga,Limpopo,408
284387,Sokweba,Engcobo,Eastern Cape,176
262003,Somerset East,Blue Crane Route,Eastern Cape,13619
546012,Sondokhulu,Maphumulo,KwaZulu-Natal,1347
799021,Soshanguve,City of Tshwane,Gauteng,403162
674054,Southey,Kagisano/Molopo,North West,1898
762010,Spaarwater,Lesedi,Gauteng,372
365010,Spoegrivier,Kamiesberg,Northern Cape,513
526011,Springbok Laagte,Dannhauser,KwaZulu-Natal,3535
271473,Springs,Mnquma,Eastern Cape,132
568012,St Bernard's Mission,Richmond,KwaZulu-Natal,1815
575002,St Mathews,Nqutu,KwaZulu-Natal,2823
875004,Staatsgrond,Umjindi,Mpumalanga,297
592012,Stanger,KwaDukuza,KwaZulu-Natal,51536
364005,Steinkopf,Nama Khoi,Northern Cape,7842
287032,Sterkspruit,Senqu,Eastern Cape,1893
267004,Steytlerville,Baviaans,Eastern Cape,1835
799024,Stinkwater,City of Tshwane,Gauteng,39201
287118,Stophine,Senqu,Eastern Cape,271
160011,Strandfontein,Matzikama,Western Cape,431
173006,Struisbaai,Cape Agulhas,Western Cape,3877
296160,Sugarbush,Umzimvubu,Eastern Cape,1542
266002,Sundays River Valley West NU,Sundays River Valley,Eastern Cape,6061
270146,Sundwana A,Mbhashe,Eastern Cape,767
260092,Sunrise-On-Sea,Buffalo City,Eastern Cape,655
170003,Suurbraak,Swellendam,Western Cape,2252
660006,Swartboom,Moretele,North West,1294
663004,Swartruggens,Kgetlengrivier,North West,1969
297269,Swazini B,Mbizana,Eastern Cape,79
562017,Swidi,uMshwathi,KwaZulu-Natal,1674
283091,Tabase,Emalahleni,Eastern Cape,486
984026,Tafelkop,Elias Motsoaledi,Limpopo,35691
272026,Tainton,Great Kei,Eastern Cape,677
271521,Takazi B,Mnquma,Eastern Cape,696
270423,Taleni B,Mbhashe,Eastern Cape,369
578008,Tamboekiesdraai,eDumbe,KwaZulu-Natal,442
982063,Taolome,Mogalakwena,Limpopo,649
986055,Tau-nchabeleng,Fetakgomo,Limpopo,6
987057,Tedintetjane,Greater Tubatse,Limpopo,220
874061,Tekwane Estate,Mbombela,Mpumalanga,5027
284172,Tembisa,Engcobo,Eastern Cape,514
279013,Tentergate,Tsolwana,Eastern Cape,5187
295180,Thaba Chicha,Matatiele,Eastern Cape,846
472029,Thaba Tsoana,Maluti a Phofung,Free State,4806
984023,Thabaleboto,Elias Motsoaledi,Limpopo,1062
662042,Thabaneng,Rustenburg,North West,1587
282019,Thabazini,Intsika Yethu,Eastern Cape,755
291058,Thafeni,Port St Johns,Eastern Cape,593
962023,Thako,Greater Tzaneen,Limpopo,2656
286057,Thambekeni,Elundini,Eastern Cape,694
270648,Thandela,Mbhashe,Eastern Cape,414
666005,Thawane,Tswaing,North West,316
766014,The Hill,Merafong City,Gauteng,1060
984055,Theareng,Elias Motsoaledi,Limpopo,865
506039,Thelawayeka,Hibiscus Coast,KwaZulu-Natal,823
473001,Thembalihle,Phumelela,Free State,15727
293073,Thembisa,Mhlontlo,Eastern Cape,341
965100,Thengwe,Mutale,Limpopo,14490
797033,Thinasonke,Ekurhuleni,Gauteng,2727
598086,Thobo,Umzimkhulu,KwaZulu-Natal,428
297218,Thokozani,Mbizana,Eastern Cape,1109
974092,Tholongwe,Polokwane,Limpopo,5343
594051,Thonsini,Ingwe,KwaZulu-Natal,452
269010,Thornham,Kou-Kamma,Eastern Cape,664
672065,Thota Ya Tau,Greater Taung,North West,231
868024,Thubelihle,Emalahleni,Mpumalanga,13251
542056,Thulani,Nkandla,KwaZulu-Natal,943
506062,Thundeza,Hibiscus Coast,KwaZulu-Natal,6348
503088,Thuntutha,Umzumbe,KwaZulu-Natal,661
864005,Thuthukani,Lekwa,Mpumalanga,2664
384006,Tidimalo,Dikgatlong,Northern Cape,5558
499022,Tiger River,Mangaung,Free State,320
270130,Timani,Mbhashe,Eastern Cape,2058
982011,Tipeng,Mogalakwena,Limpopo,1327
877116,Tiyimeleni A,Bushbuckridge,Mpumalanga,4989
660031,Tladistad,Moretele,North West,3007
672023,Tlapeng A,Greater Taung,North West,2062
668014,Tlhabologang,Ditsobotla,North West,15007
676002,Tlokwe City Council NU,Tlokwe City Council,North West,11402
271272,Toboshane,Mnquma,Eastern Cape,554
260059,Tolofiyeni,Buffalo City,Eastern Cape,2613
599002,Tongaat,eThekwini,KwaZulu-Natal,42554
667047,Top Village,Mafikeng,North West,3258
260029,Trastini,Buffalo City,Eastern Cape,552
562024,Trust Feed A,uMshwathi,KwaZulu-Natal,5760
797026,Tsakane,Ekurhuleni,Gauteng,135994
985035,Tsatane,Makhuduthamaga,Limpopo,1674
982117,Tsebeshi,Mogalakwena,Limpopo,7334
674012,Tseoge,Kagisano/Molopo,North West,877
966140,Tshabvuma,Thulamela,Limpopo,2168
271074,Tshamanzi,Mnquma,Eastern Cape,296
965105,Tshamulungwi,Mutale,Limpopo,556
965092,Tshanzhe,Mutale,Limpopo,726
271019,Tshazibane,Mnquma,Eastern Cape,371
294078,Tshemese,King Sabata Dalindyebo,Eastern Cape,761
464010,Tshepong,Masilonyana,Free State,2042
472003,Tshiame,Maluti a Phofung,Free State,14856
966067,Tshidzivhe,Thulamela,Limpopo,845
966096,Tshiheni,Thulamela,Limpopo,1435
968028,Tshikhudo,Makhado,Limpopo,1207
966178,Tshikovha,Thulamela,Limpopo,2074
965101,Tshilamba,Mutale,Limpopo,2844
968091,Tshimbupfe,Makhado,Limpopo,14653
965034,Tshipale,Mutale,Limpopo,453
295214,Tshisa,Matatiele,Eastern Cape,604
968059,Tshiswenda,Makhado,Limpopo,385
966122,Tshitanini,Thulamela,Limpopo,227
968057,Tshituni A,Makhado,Limpopo,841
966056,Tshivhilwi,Thulamela,Limpopo,4334
270214,Tsholora,Mbhashe,Eastern Cape,602
273080,Tshoxa,Amahlathi,Eastern Cape,1807
291164,Tshusha,Port St Johns,Eastern Cape,363
297144,Tshwathi,Mbizana,Eastern Cape,162
295091,Tsikarong,Matatiele,Eastern Cape,354
295101,Tsita,Matatiele,Eastern Cape,2446
672020,Tsokonyane,Greater Taung,North West,5441
279003,Tsolwana NU,Tsolwana,Eastern Cape,3942
985004,Tswaing,Makhuduthamaga,Limpopo,647
466004,Tswelopele NU,Tswelopele,Free State,8215
591021,Tugela,Mandeni,KwaZulu-Natal,10492
260012,Tukayi B,Buffalo City,Eastern Cape,451
294435,Tungwane,King Sabata Dalindyebo,Eastern Cape,515
964022,Turkey,Maruleng,Limpopo,7597
274059,Twecu,Ngqushwa,Eastern Cape,451
474006,Tweespruit,Mantsopa,Free State,1046
276068,Tyatyora,Nkonkobe,Eastern Cape,434
271251,Tyhila,Mnquma,Eastern Cape,844
295267,Tyiweni,Matatiele,Eastern Cape,472
962003,Tzaneen NU,Greater Tzaneen,Limpopo,25582
597009,Ubuhlebezwe NU,Ubuhlebezwe,KwaZulu-Natal,6852
526017,Uitkyk,Dannhauser,KwaZulu-Natal,1230
569003,Uitvlugt,Indaka,KwaZulu-Natal,1221
581015,Ulundi NU,Ulundi,KwaZulu-Natal,8451
561005,Umdoni NU,Umdoni,KwaZulu-Natal,1211
599026,Umgeni,eThekwini,KwaZulu-Natal,811
599053,Umhlanga,eThekwini,KwaZulu-Natal,24238
283009,Umlanga,Emalahleni,Eastern Cape,277
546028,Umphumulo,Maphumulo,KwaZulu-Natal,5068
546042,Umvumase,Maphumulo,KwaZulu-Natal,321
504001,Umzokhanyoya,UMuziwabantu,KwaZulu-Natal,1392
290265,Unity Park,Ngquza Hill,Eastern Cape,2227
294212,Upper Cezu,King Sabata Dalindyebo,Eastern Cape,255
281060,Upper Hukuwa 3,Lukanji,Eastern Cape,53
293285,Upper Lotana,Mhlontlo,Eastern Cape,1345
593061,Upper Mantungwa,Ndwedwe,KwaZulu-Natal,244
284086,Upper Mgwalana,Engcobo,Eastern Cape,84
298040,Upper Ndlantaka,Ntabankulu,Eastern Cape,1106
284224,Upper Nzolo,Engcobo,Eastern Cape,458
293303,Upper Xabane,Mhlontlo,Eastern Cape,733
529040,Uqweqwe,Abaqulusi,KwaZulu-Natal,385
525003,Utrecht,Emadlangeni,KwaZulu-Natal,5290
529010,Vaalbank,Abaqulusi,KwaZulu-Natal,534
968089,Valdezia,Makhado,Limpopo,7516
298150,Vane,Ntabankulu,Eastern Cape,981
546061,Velabahleke,Maphumulo,KwaZulu-Natal,211
467015,Ventersburg,Matjhabeng,Free State,1297
874050,Verdoux,Mbombela,Mpumalanga,1070
464009,Verkeerdevlei,Masilonyana,Free State,93
966116,Vhudimbilu,Thulamela,Limpopo,658
982035,Vianen,Mogalakwena,Limpopo,1752
974021,Vierhoek,Polokwane,Limpopo,443
171001,Villiersdorp,Theewaterskloof,Western Cape,10004
877076,Violetbank A,Bushbuckridge,Mpumalanga,376
467019,Virginia Mine,Matjhabeng,Free State,983
578011,Vlakplaas,eDumbe,KwaZulu-Natal,279
664076,Vogelstruisnek,Moses Kotane,North West,2305
664053,Voordonker,Moses Kotane,North West,544
285069,Voyizana,Sakhisizwe,Eastern Cape,169
569032,Vreemdeburg,Indaka,KwaZulu-Natal,601
960053,Vuhehli,Greater Giyani,Limpopo,1703
560051,Vulamehlo NU,Vulamehlo,KwaZulu-Natal,2303
542127,Vumanhlamvo,Nkandla,KwaZulu-Natal,552
270179,Vutha,Mbhashe,Eastern Cape,332
286063,Vuvu,Elundini,Eastern Cape,445
176012,Vyf Brakke Fonteinen,Mossel Bay,Western Cape,2632
799063,Wageenbietjieskop,City of Tshwane,Gauteng,694
763008,Wallis Haven,Mogale City,Gauteng,333
473007,Warden,Phumelela,Free State,2088
166010,Water-Vliet,Drakenstein,Western Cape,476
514009,Watersmeet,Emnambithi/Ladysmith,KwaZulu-Natal,14461
860043,Waverley,Albert Luthuli,Mpumalanga,863
504057,Wela,UMuziwabantu,KwaZulu-Natal,260
167010,Welgevonden,Stellenbosch,Western Cape,2493
562009,Weltevreden,uMshwathi,KwaZulu-Natal,1029
294347,Weni,King Sabata Dalindyebo,Eastern Cape,778
361024,West Derby,Ga-Segonyana,Northern Cape,2669
766016,Western Deep Levels Mine,Merafong City,Gauteng,7641
270555,Weza,Mbhashe,Eastern Cape,431
292017,Wicksdale,Nyandeni,Eastern Cape,460
868015,Wilge,Emalahleni,Mpumalanga,718
270550,Willowvale,Mbhashe,Eastern Cape,2522
667004,Wintershoek,Mafikeng,North West,41
575062,Witkop,Nqutu,KwaZulu-Natal,994
571001,Wittekop,Okhahlamba,KwaZulu-Natal,510
678004,Wolmaranstad,Maquassi Hills,North West,3633
661040,Wonderkoppies,Madibeng,North West,21783
299010,Woodridge,Nelson Mandela Bay,Eastern Cape,362
546006,Woyisane,Maphumulo,KwaZulu-Natal,1104
294265,Xalanga,King Sabata Dalindyebo,Eastern Cape,487
566021,Xamuxolo,The Msunduzi,KwaZulu-Natal,1764
271481,Xaxasimba,Mnquma,Eastern Cape,206
296041,Xhameni,Umzimvubu,Eastern Cape,615
270580,Xholongada,Mbhashe,Eastern Cape,255
274079,Xidolo,Ngqushwa,Eastern Cape,0
294115,Xojani,King Sabata Dalindyebo,Eastern Cape,774
297385,Xolobeni A,Mbizana,Eastern Cape,324
298140,Xopo,Ntabankulu,Eastern Cape,1891
284253,Xuka,Engcobo,Eastern Cape,239
282289,Xume,Intsika Yethu,Eastern Cape,267
589017,Yemeni,uMlalazi,KwaZulu-Natal,678
260037,Zabalaza,Buffalo City,Eastern Cape,1188
287135,Zakhele,Senqu,Eastern Cape,623
664063,Zandfontein,Moses Kotane,North West,1999
462005,Zastron,Mohokare,Free State,1893
563004,Zenzani,uMngeni,KwaZulu-Natal,509
290314,Zibele,Ngquza Hill,Eastern Cape,29
282284,Zidulini,Intsika Yethu,Eastern Cape,268
282013,Zigquthu,Intsika Yethu,Eastern Cape,263
297323,Zikhuba,Mbizana,Eastern Cape,901
271542,Zimbaba,Mnquma,Eastern Cape,546
590026,Zimbube,Mthonjaneni,KwaZulu-Natal,1569
295272,Zimpofu B,Matatiele,Eastern Cape,314
286048,Zindawa,Elundini,Eastern Cape,71
283134,Zingqolweni,Emalahleni,Eastern Cape,1375
294448,Zinkuwu,King Sabata Dalindyebo,Eastern Cape,760
291081,Ziphondo,Port St Johns,Eastern Cape,201
270340,Zitenjeni A,Mbhashe,Eastern Cape,420
294481,Zithulele,King Sabata Dalindyebo,Eastern Cape,231
276051,Zixinene,Nkonkobe,Eastern Cape,219
174004,Zoar,Kannaland,Western Cape,4659
580041,Zondane,Nongoma,KwaZulu-Natal,408
583055,Zulwini,Jozini,KwaZulu-Natal,300
799066,Zwavelpoort,City of Tshwane,Gauteng,1148
260086,Zwelitsha,Buffalo City,Eastern Cape,18189
271021,eBhisiniya,Mnquma,Eastern Cape,255
260125,eBongweni,Buffalo City,Eastern Cape,731
286133,eDiphini,Elundini,Eastern Cape,301
578017,eDumbe,eDumbe,KwaZulu-Natal,9094
575126,eGezahlala A,Nqutu,KwaZulu-Natal,429
271188,eGoso,Mnquma,Eastern Cape,273
583090,eGujini,Jozini,KwaZulu-Natal,2214
260166,eJojweni,Buffalo City,Eastern Cape,1818
284352,eKunene,Engcobo,Eastern Cape,1044
270470,eLalini E,Mbhashe,Eastern Cape,617
270614,eLigwa,Mbhashe,Eastern Cape,162
271151,eLusuthu,Mnquma,Eastern Cape,540
284058,eMachibini,Engcobo,Eastern Cape,258
271497,eMagiqweni,Mnquma,Eastern Cape,681
271340,eMahlathini,Mnquma,Eastern Cape,163
870006,eMakhazeni A,Emakhazeni,Mpumalanga,4564
870003,eMalahleni NU East,Emakhazeni,Mpumalanga,3176
270378,eMampondweni B,Mbhashe,Eastern Cape,648
260018,eMangweni,Buffalo City,Eastern Cape,311
271006,eMarhawuleni,Mnquma,Eastern Cape,94
270030,eMatolweni,Mbhashe,Eastern Cape,419
282157,eMawusheni B,Intsika Yethu,Eastern Cape,349
285085,eMbewuleni,Sakhisizwe,Eastern Cape,233
271062,eMfulamde,Mnquma,Eastern Cape,528
575128,eMhosheni,Nqutu,KwaZulu-Natal,18
284373,eMmangweni,Engcobo,Eastern Cape,263
583048,eMombeni,Jozini,KwaZulu-Natal,2087
283165,eMthonjeni,Emalahleni,Eastern Cape,565
271385,eMzitheni,Mnquma,Eastern Cape,700
282190,eNdulini,Intsika Yethu,Eastern Cape,406
271354,eNgcingcinikhwe,Mnquma,Eastern Cape,203
284379,eNgqaba,Engcobo,Eastern Cape,145
276079,eNgwabeni,Nkonkobe,Eastern Cape,659
282257,eNgxingweni A,Intsika Yethu,Eastern Cape,400
271356,eNkelekethe,Mnquma,Eastern Cape,281
284198,eNtabeni,Engcobo,Eastern Cape,284
284415,eNtlakwesikolo,Engcobo,Eastern Cape,448
870008,eNtokozweni,Emakhazeni,Mpumalanga,8835
287113,eNtsimekweni,Senqu,Eastern Cape,2870
270015,eNyandeni,Mbhashe,Eastern Cape,305
286189,ePifane,Elundini,Eastern Cape,21
286174,eRamatiya,Elundini,Eastern Cape,348
294437,eSidikidini,King Sabata Dalindyebo,Eastern Cape,453
271348,eSigingqini B,Mnquma,Eastern Cape,526
270098,eSihlabeni B,Mbhashe,Eastern Cape,73
284052,eSikhungwini,Engcobo,Eastern Cape,69
260048,eSingeni,Buffalo City,Eastern Cape,1343
271023,eSirhosheni A,Mnquma,Eastern Cape,165
271311,eSixhotyeni,Mnquma,Eastern Cape,403
271181,eThika,Mnquma,Eastern Cape,371
287093,eTyinindini,Senqu,Eastern Cape,1614
284199,eXuka,Engcobo,Eastern Cape,343
271498,eZingxondoreni,Mnquma,Eastern Cape,143
271480,eZisoyini,Mnquma,Eastern Cape,181
271280,iDyaba,Mnquma,Eastern Cape,475
270442,iNgcingwane,Mbhashe,Eastern Cape,691
966224,ka-Maveke,Thulamela,Limpopo,1207
270308,uMangathi,Mbhashe,Eastern Cape,703
589002,uMlalazi NU,uMlalazi,KwaZulu-Natal,7396
260050,uMzantsi,Buffalo City,Eastern Cape,1373
380002,!Kheis NU,!Kheis,Northern Cape,611
860018,Aarnhemburg,Albert Luthuli,Mpumalanga,504
164018,Abbotsdale,Swartland,Western Cape,3762
261005,Aberdeen,Camdeboo,Eastern Cape,5133
271310,Aboboti,Mnquma,Eastern Cape,120
271116,Adam,Mnquma,Eastern Cape,30
277005,Adelaide,Nxuba,Eastern Cape,6126
970002,Aganang NU,Aganang,Limpopo,1678
283086,Agnes,Emalahleni,Eastern Cape,690
799037,Akasia,City of Tshwane,Gauteng,59455
860002,Albert Luthuli NU East,Albert Luthuli,Mpumalanga,10267
876022,Albertsnek,Nkomazi,Mpumalanga,2490
363007,Alexander Bay,Richtersveld,Northern Cape,1736
592020,Alexia,KwaDukuza,KwaZulu-Natal,893
378019,Alheit,Kai !Garib,Northern Cape,1578
288002,Aliwal North,Maletswai,Eastern Cape,16001
467001,Allanridge,Matjhabeng,Free State,2361
872031,Allemansdrift,Dr JS Moroka,Mpumalanga,11307
966225,Altein,Thulamela,Limpopo,1759
273075,Amabele,Amahlathi,Eastern Cape,326
546073,Amafahla,Maphumulo,KwaZulu-Natal,954
273003,Amahlathi NU,Amahlathi,Eastern Cape,7692
503059,Amahwaqa,Umzumbe,KwaZulu-Natal,2438
587020,Amalala,Mfolozi,KwaZulu-Natal,4529
271506,Amambalu,Mnquma,Eastern Cape,571
561004,Amandawe,Umdoni,KwaZulu-Natal,11343
571074,Amangwane,Okhahlamba,KwaZulu-Natal,1153
297068,Amantshangase A/a C,Mbizana,Eastern Cape,682
297098,Amantshangase A/a F,Mbizana,Eastern Cape,0
599173,Amanzimtoti,eThekwini,KwaZulu-Natal,13813
281049,Amaqolomba,Lukanji,Eastern Cape,26
593066,Amatata,Ndwedwe,KwaZulu-Natal,1220
597002,Amatolo,Ubuhlebezwe,KwaZulu-Natal,472
273072,Amazibula,Amahlathi,Eastern Cape,1123
969102,Amosotho,Blouberg,Limpopo,48
260071,Anders Mission,Buffalo City,Eastern Cape,390
592005,Anmaharai,KwaDukuza,KwaZulu-Natal,5214
526037,Anville,Dannhauser,KwaZulu-Natal,2935
270424,Apleni,Mbhashe,Eastern Cape,239
983011,Arabie,Ephraim Mogale,Limpopo,211
471009,Arlington,Nketoana,Free State,192
282008,Arosi,Intsika Yethu,Eastern Cape,422
566038,Ashburton,The Msunduzi,KwaZulu-Natal,2220
377008,Askham,Mier,Northern Cape,0
674059,Athole,Kagisano/Molopo,North West,437
378011,Augrabies,Kai !Garib,Northern Cape,3627
162005,Aurora,Bergrivier,Western Cape,578
963002,Ba-Phalaborwa NU,Ba-Phalaborwa,Limpopo,6131
581134,Babanango,Ulundi,KwaZulu-Natal,1886
799003,Babelegi,City of Tshwane,Gauteng,69
478007,Baddriftbrug,Metsimaholo,Free State,59
974087,Badimong,Polokwane,Limpopo,10983
969040,Bahananoa,Blouberg,Limpopo,1473
293148,Bajodini,Mhlontlo,Eastern Cape,104
982072,Bakenberg,Mogalakwena,Limpopo,7097
282101,Baku,Intsika Yethu,Eastern Cape,299
293151,Balasi,Mhlontlo,Eastern Cape,358
664009,Baleng,Moses Kotane,North West,671
297375,Baleni B,Mbizana,Eastern Cape,2231
297373,Baleni E,Mbizana,Eastern Cape,194
294204,Balizulu,King Sabata Dalindyebo,Eastern Cape,1005
964010,Balloon,Maruleng,Limpopo,3093
960062,Bambeni,Greater Giyani,Limpopo,1882
978034,Bangalong,Lephalale,Limpopo,846
270178,Bangani,Mbhashe,Eastern Cape,124
582070,Bangizwe,Umhlabuyalingana,KwaZulu-Natal,366
984046,Bankfontein,Elias Motsoaledi,Limpopo,81
283010,Bankini,Emalahleni,Eastern Cape,517
282229,Banzi,Intsika Yethu,Eastern Cape,373
797016,Bapsfontein,Ekurhuleni,Gauteng,707
575027,Barklieside,Nqutu,KwaZulu-Natal,535
578041,Barofine,eDumbe,KwaZulu-Natal,340
266005,Barsheba,Sundays River Valley,Eastern Cape,995
960042,Basani,Greater Giyani,Limpopo,2217
589121,Bashikizi,uMlalazi,KwaZulu-Natal,611
265001,Bathurst,Ndlambe,Eastern Cape,737
267002,Baviaans NU,Baviaans,Eastern Cape,4882
271367,Bawa,Mnquma,Eastern Cape,345
969113,Bayswater,Blouberg,Limpopo,1059
504052,Bazini,UMuziwabantu,KwaZulu-Natal,214
183005,Beaufort West,Beaufort West,Western Cape,20066
287066,Bebeza,Senqu,Eastern Cape,612
590030,Bedlane,Mthonjaneni,KwaZulu-Natal,514
966015,Begwa,Thulamela,Limpopo,2066
297362,Bekela,Mbizana,Eastern Cape,330
274021,Bekruipkop,Ngqushwa,Eastern Cape,889
981002,Bela-Bela NU South,Bela-Bela,Limpopo,4616
579001,Belgrade,UPhongolo,KwaZulu-Natal,7404
165006,Bella Vista,Witzenberg,Western Cape,13460
276010,Bellvale,Nkonkobe,Eastern Cape,603
598171,Ben Cairnie,Umzimkhulu,KwaZulu-Natal,0
360035,Bendell,Joe Morolong,Northern Cape,1820
542030,Benedict Mission,Nkandla,KwaZulu-Natal,2126
274131,Benton,Ngqushwa,Eastern Cape,140
974142,Bergnek,Polokwane,Limpopo,1418
260060,Berlin,Buffalo City,Eastern Cape,3048
662030,Berseba,Rustenburg,North West,1709
514016,Bester,Emnambithi/Ladysmith,KwaZulu-Natal,369
662044,Bethanie,Rustenburg,North West,8429
295072,Bethel,Matatiele,Eastern Cape,1567
470005,Bethlehem,Dihlabeng,Free State,16236
172004,Betty's Bay,Overstrand,Western Cape,1380
966136,Bevula,Thulamela,Limpopo,1787
542018,Bhacane,Nkandla,KwaZulu-Natal,498
298039,Bhakubha,Ntabankulu,Eastern Cape,2831
571023,Bhalekisi,Okhahlamba,KwaZulu-Natal,2913
286164,Bhantini,Elundini,Eastern Cape,468
271475,Bharhumani,Mnquma,Eastern Cape,60
270195,Bhayi,Mbhashe,Eastern Cape,860
538004,Bhejane,uMhlathuze,KwaZulu-Natal,1482
575069,Bhekabantu B,Nqutu,KwaZulu-Natal,637
274134,Bhekisi,Ngqushwa,Eastern Cape,153
599184,Bhekulwandle,eThekwini,KwaZulu-Natal,4859
274003,Bhele,Ngqushwa,Eastern Cape,699
291177,Bheleni,Port St Johns,Eastern Cape,617
270016,Bhetani A,Mbhashe,Eastern Cape,452
286067,Bhethula,Elundini,Eastern Cape,138
504025,Bhidla,UMuziwabantu,KwaZulu-Natal,690
284165,Bhinca,Engcobo,Eastern Cape,58
296206,Bhisilane,Umzimvubu,Eastern Cape,1298
529031,Bhobozana,Abaqulusi,KwaZulu-Natal,1172
583066,Bhokweni,Jozini,KwaZulu-Natal,1015
291143,Bholani A,Port St Johns,Eastern Cape,316
506025,Bhomela,Hibiscus Coast,KwaZulu-Natal,3533
270503,Bhongweni,Mbhashe,Eastern Cape,259
271545,Bhonyothi,Mnquma,Eastern Cape,491
293093,Bhubesini,Mhlontlo,Eastern Cape,274
291034,Bhuje,Port St Johns,Eastern Cape,472
271146,Bhulele,Mnquma,Eastern Cape,176
270425,Bhunga,Mbhashe,Eastern Cape,184
290226,Bhuqa,Ngquza Hill,Eastern Cape,48
297100,Bhwnijini A,Mbizana,Eastern Cape,209
668017,Biesiesvlei,Ditsobotla,North West,116
282171,Bilatye,Intsika Yethu,Eastern Cape,123
290175,Bisana,Ngquza Hill,Eastern Cape,1132
964011,Bismark,Maruleng,Limpopo,2705
182001,Bitterwater,Prince Albert,Western Cape,2123
598113,Bizweni,Umzimkhulu,KwaZulu-Natal,549
295128,Black Diamond,Matatiele,Eastern Cape,611
199022,Blackheath,City of Cape Town,Western Cape,56114
598149,Blema,Umzimkhulu,KwaZulu-Natal,375
869008,Blinkpan,Steve Tshwete,Mpumalanga,1207
499023,Bloemfontein,Mangaung,Free State,256185
287074,Blom,Senqu,Eastern Cape,265
199013,Blouberg,City of Cape Town,Western Cape,106222
514017,Blue Bank,Emnambithi/Ladysmith,KwaZulu-Natal,571
287080,Blue Gums,Senqu,Eastern Cape,822
176018,Blue Ridge,Mossel Bay,Western Cape,7
592029,Blythedale Beach,KwaDukuza,KwaZulu-Natal,626
985142,Bochabelo,Makhuduthamaga,Limpopo,103
960036,Bode,Greater Giyani,Limpopo,2012
668007,Bodibe,Ditsobotla,North West,21688
962097,Bodweni,Greater Tzaneen,Limpopo,646
284431,Bofolo,Engcobo,Eastern Cape,145
176022,Boggoms Bay,Mossel Bay,Western Cape,69
668012,Boikhutso,Ditsobotla,North West,19111
662035,Boitekong,Rustenburg,North West,79786
284246,Bojane,Engcobo,Eastern Cape,278
662060,Bokamoso,Rustenburg,North West,2882
797010,Boksburg,Ekurhuleni,Gauteng,260321
976072,Bolahlakgomo,Lepele-Nkumpi,Limpopo,2066
472032,Bolata,Maluti a Phofung,Free State,14893
976032,Bolopa,Lepele-Nkumpi,Limpopo,560
580074,Bombolo,Nongoma,KwaZulu-Natal,96
283097,Bomplas,Emalahleni,Eastern Cape,293
292137,Bomvini,Nyandeni,Eastern Cape,1348
799073,Bonamanzi Marina and Country Club,City of Tshwane,Gauteng,4
294385,Bonga,King Sabata Dalindyebo,Eastern Cape,1132
597035,Bongindawo,Ubuhlebezwe,KwaZulu-Natal,735
273084,Bongweni,Amahlathi,Eastern Cape,598
962072,Bonn,Greater Tzaneen,Limpopo,2752
283035,Boomplaas,Emalahleni,Eastern Cape,511
669017,Borakalalo,Ramotshere Moiloa,North West,9659
663003,Borolelo,Kgetlengrivier,North West,8580
474007,Borwa,Mantsopa,Free State,4745
573028,Boschi,Imbabazane,KwaZulu-Natal,1484
961068,Boshakge,Greater Letaba,Limpopo,488
465004,Boshof,Tokologo,Free State,3858
678010,Boskuil,Maquassi Hills,North West,1200
660050,Bosplaas,Moretele,North West,2670
978007,Bossche Diesch,Lephalale,Limpopo,2203
599109,Botha's Hill,eThekwini,KwaZulu-Natal,2190
987101,Bothashoek,Greater Tubatse,Limpopo,2276
360048,Bothithong,Joe Morolong,Northern Cape,3172
867001,Botleng,Victor Khanye,Mpumalanga,44727
962021,Botludi,Greater Tzaneen,Limpopo,1437
978013,Botsalanong,Lephalale,Limpopo,1216
987144,Bottom Village,Greater Tubatse,Limpopo,659
283149,Bowden,Emalahleni,Eastern Cape,479
504010,Bozana,UMuziwabantu,KwaZulu-Natal,440
560064,Braemar,Vulamehlo,KwaZulu-Natal,1171
281046,Brakkloof B,Lukanji,Eastern Cape,1083
168009,Brandvlei,Breede Valley,Western Cape,1171
287107,Brayini,Senqu,Eastern Cape,196
168002,Breede Valley NU,Breede Valley,Western Cape,46075
598043,Bridge,Umzimkhulu,KwaZulu-Natal,622
661034,Brits,Madibeng,North West,25604
969078,Brodie Hill B,Blouberg,Limpopo,793
667080,Broksby,Mafikeng,North West,1199
985147,Brooklyn,Makhuduthamaga,Limpopo,2169
564008,Bruntville,Mpofana,KwaZulu-Natal,8102
565019,Bucklands,Impendle,KwaZulu-Natal,2086
180011,Buffelsbaai,Knysna,Western Cape,71
969041,Buffelshoek,Blouberg,Limpopo,4910
296054,Buffnek,Umzimvubu,Eastern Cape,828
290179,Buhlanyanga,Ngquza Hill,Eastern Cape,3755
968087,Buisdorp,Makhado,Limpopo,629
282004,Bukwana,Intsika Yethu,Eastern Cape,907
297286,Bulala,Mbizana,Eastern Cape,370
260065,Bulembu,Buffalo City,Eastern Cape,1212
969057,Bull-Bull,Blouberg,Limpopo,667
466005,Bultfontein,Tswelopele,Free State,2176
966042,Buluni,Thulamela,Limpopo,382
966220,Bulwini,Thulamela,Limpopo,2474
270349,Bumbane,Mbhashe,Eastern Cape,501
587041,Bumbaneni,Mfolozi,KwaZulu-Natal,1958
580081,Bungazeleni A,Nongoma,KwaZulu-Natal,271
270435,Bunqaba,Mbhashe,Eastern Cape,26
969033,Burgerrecht,Blouberg,Limpopo,1641
877027,Burlington,Bushbuckridge,Mpumalanga,4154
877105,Bushbuckridge,Bushbuckridge,Mpumalanga,2109
661042,Bushveld View,Madibeng,North West,57
571028,Busingatha B,Okhahlamba,KwaZulu-Natal,855
292233,Buthongweni,Nyandeni,Eastern Cape,1204
271161,Butterworth,Mnquma,Eastern Cape,44039
293117,Buwa,Mhlontlo,Eastern Cape,595
290159,Buziba,Ngquza Hill,Eastern Cape,567
296036,Cabazana,Umzimvubu,Eastern Cape,3654
291040,Cabe,Port St Johns,Eastern Cape,908
296052,Cabuka,Umzimvubu,Eastern Cape,187
271174,Cafutweni,Mnquma,Eastern Cape,172
285025,Cala,Sakhisizwe,Eastern Cape,14520
171011,Caledon,Theewaterskloof,Western Cape,13020
969085,Callashield,Blouberg,Limpopo,286
282296,Camama,Intsika Yethu,Eastern Cape,1816
861009,Camden,Msukaligwa,Mpumalanga,674
570011,Campsie Glen,Umtshezi,KwaZulu-Natal,1102
270060,Candu,Mbhashe,Eastern Cape,129
173002,Cape Agulhas NU,Cape Agulhas,Western Cape,6152
199041,Cape Town,City of Cape Town,Western Cape,433688
668001,Carlisonia,Ditsobotla,North West,964
860020,Carolina,Albert Luthuli,Mpumalanga,16846
260171,Carrington,Buffalo City,Eastern Cape,71
199057,Castle Rock,City of Cape Town,Western Cape,5595
276119,Cathcartvale B,Nkonkobe,Eastern Cape,723
282279,Catshile,Intsika Yethu,Eastern Cape,459
563014,Cedara,uMngeni,KwaZulu-Natal,1280
161002,Cederberg NU,Cederberg,Western Cape,24713
580098,Cekeni,Nongoma,KwaZulu-Natal,578
290128,Cele,Ngquza Hill,Eastern Cape,475
581117,Cengeni,Ulundi,KwaZulu-Natal,863
271343,Centuli,Mnquma,Eastern Cape,356
270128,Ceru,Mbhashe,Eastern Cape,110
291124,Chabaza,Port St Johns,Eastern Cape,102
566008,Chaewe,The Msunduzi,KwaZulu-Natal,1800
296171,Chancele,Umzimvubu,Eastern Cape,1229
270108,Chaphaza,Mbhashe,Eastern Cape,89
798011,Chartwell,City of Johannesburg,Gauteng,1728
968102,Chavani,Makhado,Limpopo,7523
294432,Chefane,King Sabata Dalindyebo,Eastern Cape,334
526049,Chester,Dannhauser,KwaZulu-Natal,97
271468,Chibini,Mnquma,Eastern Cape,442
291030,China,Port St Johns,Eastern Cape,695
970041,Chloe,Aganang,Limpopo,520
672007,Choseng,Greater Taung,North West,3200
673005,Christiana,Lekwa-Teemane,North West,3571
576068,Chunu A,Msinga,KwaZulu-Natal,512
271554,Chwebeni,Mnquma,Eastern Cape,549
292111,Cibeni,Nyandeni,Eastern Cape,1462
286221,Cicira,Elundini,Eastern Cape,212
290245,Cikolo,Ngquza Hill,Eastern Cape,471
271239,Cilo,Mnquma,Eastern Cape,356
293289,Cingco A,Mhlontlo,Eastern Cape,622
297358,Cingweni A,Mbizana,Eastern Cape,315
272034,Cintsa East,Great Kei,Eastern Cape,1740
581073,Cisholo,Ulundi,KwaZulu-Natal,1311
297355,Citwayo,Mbizana,Eastern Cape,1405
291154,Ciyani,Port St Johns,Eastern Cape,380
599194,Clansthal,eThekwini,KwaZulu-Natal,3211
877039,Clare B,Bushbuckridge,Mpumalanga,254
299012,Clarendon Marine,Nelson Mandela Bay,Eastern Cape,2434
284354,Clarkebury,Engcobo,Eastern Cape,768
269015,Clarkson,Kou-Kamma,Eastern Cape,1824
599114,Clermont,eThekwini,KwaZulu-Natal,52075
526020,Clifton,Dannhauser,KwaZulu-Natal,555
167011,Cloetesville,Stellenbosch,Western Cape,15390
260143,Clydesdale,Buffalo City,Eastern Cape,193
294453,Coffee Bay,King Sabata Dalindyebo,Eastern Cape,258
295247,Colana,Matatiele,Eastern Cape,111
514025,Colenso,Emnambithi/Ladysmith,KwaZulu-Natal,6388
295152,Collingwood,Matatiele,Eastern Cape,74
270300,Colosa C,Mbhashe,Eastern Cape,1361
599105,Congo,eThekwini,KwaZulu-Natal,1479
375006,Copperton,Siyathemba,Northern Cape,57
526047,Cork,Dannhauser,KwaZulu-Natal,465
479005,Cornelia,Mafube,Free State,1356
360080,Cottenend,Joe Morolong,Northern Cape,147
278003,Cradock,Inxuba Yethemba,Eastern Cape,36671
594075,Creighton,Ingwe,KwaZulu-Natal,899
199032,Crossroads,City of Cape Town,Western Cape,36043
260087,Cuba A,Buffalo City,Eastern Cape,467
282277,Cubeni,Intsika Yethu,Eastern Cape,221
292049,Cumngce,Nyandeni,Eastern Cape,551
270264,Cuntsula,Mbhashe,Eastern Cape,141
378010,Curries Camp,Kai !Garib,Northern Cape,702
284228,Cwane,Engcobo,Eastern Cape,295
291176,Cwebeni,Port St Johns,Eastern Cape,1493
292207,Cwele,Nyandeni,Eastern Cape,436
272003,Cwili,Great Kei,Eastern Cape,1745
546087,Dabangu,Maphumulo,KwaZulu-Natal,1785
798012,Dainfern,City of Johannesburg,Gauteng,6601
271326,Dakeni,Mnquma,Eastern Cape,231
569016,Dalakosi,Indaka,KwaZulu-Natal,691
284040,Daligqili,Engcobo,Eastern Cape,308
167022,Dalsig,Stellenbosch,Western Cape,1234
966052,Damani,Thulamela,Limpopo,1336
274073,Damdam,Ngqushwa,Eastern Cape,95
962051,Dan,Greater Tzaneen,Limpopo,20375
297150,Dangeni A,Mbizana,Eastern Cape,1326
960072,Daniel Rababelela,Greater Giyani,Limpopo,1724
526045,Dannhauser NU,Dannhauser,KwaZulu-Natal,4016
969043,Danzight,Blouberg,Limpopo,2548
592007,Darnall,KwaDukuza,KwaZulu-Natal,8435
861006,Davel,Msukaligwa,Mpumalanga,1193
580180,Dayeni,Nongoma,KwaZulu-Natal,1148
282290,Daza,Intsika Yethu,Eastern Cape,365
168003,De Doorns,Breede Valley,Western Cape,10583
167004,De Hollandsche,Stellenbosch,Western Cape,192
178001,De Rust,Oudtshoorn,Western Cape,3566
465006,Dealesville,Tokologo,Free State,5446
276136,Debe Valley A,Nkonkobe,Eastern Cape,378
290027,Debesa,Ngquza Hill,Eastern Cape,758
298015,Dedelo,Ntabankulu,Eastern Cape,2957
666001,Deelpan,Tswaing,North West,4822
598016,Delamuzi,Umzimkhulu,KwaZulu-Natal,683
199023,Delft,City of Cape Town,Western Cape,152030
592011,Dendethu,KwaDukuza,KwaZulu-Natal,457
580155,Dengeni A,Nongoma,KwaZulu-Natal,1286
171005,Dennehof,Theewaterskloof,Western Cape,121
663007,Derby,Kgetlengrivier,North West,3471
599015,Desainager,eThekwini,KwaZulu-Natal,984
293088,Detyane,Mhlontlo,Eastern Cape,171
167020,Devon Valley,Stellenbosch,Western Cape,215
463001,Dewetsdorp,Naledi,Free State,9498
578006,Diamant,eDumbe,KwaZulu-Natal,1054
985064,Diang,Makhuduthamaga,Limpopo,148
667026,Dibate,Mafikeng,North West,3353
503073,Dibi,Umzumbe,KwaZulu-Natal,2605
524005,Dicks Halt,Newcastle,KwaZulu-Natal,7091
290132,Didi B,Ngquza Hill,Eastern Cape,109
871009,Die Bron Vakansiedorp,Thembisile,Mpumalanga,49
662016,Diepkuil,Rustenburg,North West,448
872014,Dihekeng,Dr JS Moroka,Mpumalanga,654
470006,Dihlabeng NU,Dihlabeng,Free State,22399
260026,Dikazi,Buffalo City,Eastern Cape,5
284364,Dikeni,Engcobo,Eastern Cape,389
384001,Dikgatlong NU,Dikgatlong,Northern Cape,3727
672044,Dikhuting,Greater Taung,North West,595
271456,Diko,Mnquma,Eastern Cape,444
270070,Dilayini,Mbhashe,Eastern Cape,218
599069,Dimane,eThekwini,KwaZulu-Natal,615
270652,Dimbeni,Mbhashe,Eastern Cape,356
984021,Dindela,Elias Motsoaledi,Limpopo,2134
297072,Dindini A,Mbizana,Eastern Cape,174
960047,Dingamanzi,Greater Giyani,Limpopo,1366
877062,Dingledayle,Bushbuckridge,Mpumalanga,3401
985113,Dingwane,Makhuduthamaga,Limpopo,404
669029,Dinokana,Ramotshere Moiloa,North West,26409
985029,Dinotsi,Makhuduthamaga,Limpopo,792
985023,Dipakala,Makhuduthamaga,Limpopo,520
474009,Dipelaneng,Mantsopa,Free State,3736
985069,Diphagane,Makhuduthamaga,Limpopo,1863
982053,Diphitshi,Mogalakwena,Limpopo,697
985163,Diplaseng,Makhuduthamaga,Limpopo,2315
666010,Diretsane,Tswaing,North West,1434
664004,Disake,Moses Kotane,North West,2187
969079,Ditatsu,Blouberg,Limpopo,792
987097,Dithabeneng,Greater Tubatse,Limpopo,950
976005,Ditholong,Lepele-Nkumpi,Limpopo,122
982083,Ditlotswana,Mogalakwena,Limpopo,665
984059,Ditshego,Elias Motsoaledi,Limpopo,1200
961050,Ditshoseng,Greater Letaba,Limpopo,1357
270649,Dityani,Mbhashe,Eastern Cape,96
581025,Dlabane,Ulundi,KwaZulu-Natal,2047
294152,Dlakatweni,King Sabata Dalindyebo,Eastern Cape,30
598145,Dlangamandla,Umzimkhulu,KwaZulu-Natal,337
588004,Dlebe,Ntambanana,KwaZulu-Natal,2799
580029,Dleka,Nongoma,KwaZulu-Natal,1179
542102,Dlolwane,Nkandla,KwaZulu-Natal,554
505023,Dlovinga,Ezingoleni,KwaZulu-Natal,2284
292028,Dokodela,Nyandeni,Eastern Cape,755
297302,Dolongane,Mbizana,Eastern Cape,324
294374,Dolweni,King Sabata Dalindyebo,Eastern Cape,485
298133,Dondi,Ntabankulu,Eastern Cape,851
260104,Dongwe,Buffalo City,Eastern Cape,976
594037,Donnybrook,Ingwe,KwaZulu-Natal,4683
666006,Doomlaagte,Tswaing,North West,572
514008,Doornhoek,Emnambithi/Ladysmith,KwaZulu-Natal,4456
569024,Doornkraal,Indaka,KwaZulu-Natal,948
966102,Dopeni,Thulamela,Limpopo,6560
982005,Doren,Mogalakwena,Limpopo,371
677005,Doringkruin,City of Matlosana,North West,3417
270301,Doti,Mbhashe,Eastern Cape,2138
966176,Doveni,Thulamela,Limpopo,318
872004,Dr JS Moroka NU,Dr JS Moroka,Mpumalanga,802
872048,DrJSMoroka NU,Dr JS Moroka,Mpumalanga,0
166002,Drakenstein NU,Drakenstein,Western Cape,36995
270175,Drayini,Mbhashe,Eastern Cape,324
295046,Dresini,Matatiele,Eastern Cape,498
514004,Driefontein,Emnambithi/Ladysmith,KwaZulu-Natal,6774
969086,Driekopies,Blouberg,Limpopo,874
874057,Drum Rock,Mbombela,Mpumalanga,227
598096,Dryhoek,Umzimkhulu,KwaZulu-Natal,614
976020,Dublin,Lepele-Nkumpi,Limpopo,170
260102,Ducats,Buffalo City,Eastern Cape,3546
297200,Dudumeni A,Mbizana,Eastern Cape,277
506015,Dujazana,Hibiscus Coast,KwaZulu-Natal,5203
288001,Dukathole,Maletswai,Eastern Cape,19152
586020,DukuDuku NU,Mtubatuba,KwaZulu-Natal,1779
290022,Dukuza,Ngquza Hill,Eastern Cape,255
298136,Duluseni,Ntabankulu,Eastern Cape,43
293077,Dumaneni,Mhlontlo,Eastern Cape,164
295177,Dumasini,Matatiele,Eastern Cape,1237
860049,Dumbarton,Albert Luthuli,Mpumalanga,281
877091,Dumfries A,Bushbuckridge,Mpumalanga,1950
560060,Dumisa,Vulamehlo,KwaZulu-Natal,3071
860035,Dundonald,Albert Luthuli,Mpumalanga,4764
270489,Dungashe,Mbhashe,Eastern Cape,291
503033,Dunusa,Umzumbe,KwaZulu-Natal,508
599054,Durban,eThekwini,KwaZulu-Natal,595061
966166,Duthuni,Thulamela,Limpopo,6345
298110,Dwaku,Ntabankulu,Eastern Cape,1061
271260,Dwarheni,Mnquma,Eastern Cape,448
291035,Dwera,Port St Johns,Eastern Cape,176
271290,Dyam-Dyam,Mnquma,Eastern Cape,292
271529,Dyasini,Mnquma,Eastern Cape,288
271296,Dyushu,Mnquma,Eastern Cape,450
965113,Dzimauli,Mutale,Limpopo,7354
966039,Dzivhadolo,Thulamela,Limpopo,1566
281093,EZweledinga,Lukanji,Eastern Cape,1022
274132,Easington,Ngqushwa,Eastern Cape,494
766011,East Village,Merafong City,Gauteng,3968
586024,Ebaswzini,Mtubatuba,KwaZulu-Natal,2936
798007,Ebony Park,City of Johannesburg,Gauteng,22309
294443,Ebukwezeni,King Sabata Dalindyebo,Eastern Cape,174
597008,Echibini,Ubuhlebezwe,KwaZulu-Natal,2026
560038,Echobeni,Vulamehlo,KwaZulu-Natal,1279
573023,Edashi,Imbabazane,KwaZulu-Natal,3477
566016,Edendale,The Msunduzi,KwaZulu-Natal,140891
598030,Edgeton,Umzimkhulu,KwaZulu-Natal,489
291082,Ediphini,Port St Johns,Eastern Cape,292
293209,Edrayini,Mhlontlo,Eastern Cape,115
969032,Edwinsdale,Blouberg,Limpopo,716
578029,Eersteling,eDumbe,KwaZulu-Natal,992
276112,Efama,Nkonkobe,Eastern Cape,414
877046,Eglington A,Bushbuckridge,Mpumalanga,1457
567027,Egulube,Mkhambathini,KwaZulu-Natal,769
566025,Ehashini,The Msunduzi,KwaZulu-Natal,1322
546004,Ehlongwa,Maphumulo,KwaZulu-Natal,567
973035,Eisleben,Molemole,Limpopo,4840
542104,Ejokweni,Nkandla,KwaZulu-Natal,729
583001,Ekhuhlehleni,Jozini,KwaZulu-Natal,1602
542088,Ekombe,Nkandla,KwaZulu-Natal,346
580006,Ekujabuleni,Nongoma,KwaZulu-Natal,917
292170,Ekulambeni,Nyandeni,Eastern Cape,519
168005,Ekupumeleni,Breede Valley,Western Cape,173
587031,Ekusayeni,Mfolozi,KwaZulu-Natal,1250
581129,Ekuthuthukeni,Ulundi,KwaZulu-Natal,1251
599136,Ekwandeni,eThekwini,KwaZulu-Natal,4892
161006,Elands Bay,Cederberg,Western Cape,1525
662006,Elandsfontein,Rustenburg,North West,632
766021,Elandsrand,Merafong City,Gauteng,2191
379011,Eldansrus,//Khara Hais,Northern Cape,52
171008,Elgin,Theewaterskloof,Western Cape,953
173004,Elim,Cape Agulhas,Western Cape,1412
270050,Elliotdale,Mbhashe,Eastern Cape,2267
589050,Elomoya,uMlalazi,KwaZulu-Natal,915
199025,Elsies Rivier,City of Cape Town,Western Cape,42479
276100,Elugudwini,Nkonkobe,Eastern Cape,263
286002,Elundini NU,Elundini,Eastern Cape,4187
281062,Eluqolweni,Lukanji,Eastern Cape,209
282272,Elutshabeni,Intsika Yethu,Eastern Cape,183
546041,Emabhedwini,Maphumulo,KwaZulu-Natal,1090
546046,Emabomvini A,Maphumulo,KwaZulu-Natal,459
599057,Emachobeni,eThekwini,KwaZulu-Natal,8321
525002,Emadlangeni NU,Emadlangeni,KwaZulu-Natal,25500
529023,Emadresini,Abaqulusi,KwaZulu-Natal,16110
286053,Emagonyaweni,Elundini,Eastern Cape,658
282007,Emahlathini,Intsika Yethu,Eastern Cape,471
282122,Emahodini,Intsika Yethu,Eastern Cape,763
581082,Emakhalathini A,Ulundi,KwaZulu-Natal,357
573014,Emakhekheni,Imbabazane,KwaZulu-Natal,3324
292116,Emakhuzeni,Nyandeni,Eastern Cape,94
285066,Emamfengwini,Sakhisizwe,Eastern Cape,174
291083,Emanaleni,Port St Johns,Eastern Cape,572
273099,Emangcumeni,Amahlathi,Eastern Cape,306
293005,Emankuleni,Mhlontlo,Eastern Cape,499
581004,Emantungwini,Ulundi,KwaZulu-Natal,1768
588008,Emaphikaqala,Ntambanana,KwaZulu-Natal,256
270206,Emaqungwini,Mbhashe,Eastern Cape,278
563017,Emashingeni,uMngeni,KwaZulu-Natal,720
291085,Emasunguzaneni,Port St Johns,Eastern Cape,499
592034,Ematendeni,KwaDukuza,KwaZulu-Natal,7813
276164,Ematsamraleni B,Nkonkobe,Eastern Cape,245
573035,Emawuza,Imbabazane,KwaZulu-Natal,1959
291032,Emazizini,Port St Johns,Eastern Cape,1052
273083,Embandezweleni,Amahlathi,Eastern Cape,165
576067,Embangweni,Msinga,KwaZulu-Natal,2786
876021,Embhojeni,Nkomazi,Mpumalanga,12589
297228,Embileni,Mbizana,Eastern Cape,133
290302,Emboleni,Ngquza Hill,Eastern Cape,5
297271,Emcetheni,Mbizana,Eastern Cape,390
291062,Emdlankala,Port St Johns,Eastern Cape,250
573025,Emdwebu,Imbabazane,KwaZulu-Natal,3672
297143,Emfinizweni,Mbizana,Eastern Cape,398
560017,Emgangeni,Vulamehlo,KwaZulu-Natal,1210
573039,Emhlabathini,Imbabazane,KwaZulu-Natal,3277
573024,Emhubeni,Imbabazane,KwaZulu-Natal,2515
285070,Emjikelweni,Sakhisizwe,Eastern Cape,186
985062,Emkhondweni,Makhuduthamaga,Limpopo,291
571065,Emmaus,Okhahlamba,KwaZulu-Natal,1238
589083,Emncongweni,uMlalazi,KwaZulu-Natal,2053
292100,Emnyameni,Nyandeni,Eastern Cape,640
573010,Emoyeni,Imbabazane,KwaZulu-Natal,6161
573007,Empangweni,Imbabazane,KwaZulu-Natal,2774
273041,Empindweni,Amahlathi,Eastern Cape,240
294297,Emsukweni,King Sabata Dalindyebo,Eastern Cape,915
876031,Emtfuntini,Nkomazi,Mpumalanga,11323
371003,Emthanjeni NU,Emthanjeni,Northern Cape,2625
593014,Emtwandle,Ndwedwe,KwaZulu-Natal,2844
291114,Emvubini,Port St Johns,Eastern Cape,319
282026,Emzantsi,Intsika Yethu,Eastern Cape,221
762003,Endicott,Lesedi,Gauteng,1527
284289,Enduku,Engcobo,Eastern Cape,263
580102,Enengeni,Nongoma,KwaZulu-Natal,437
284004,Engcobo NU,Engcobo,Eastern Cape,1265
573021,Engodini,Imbabazane,KwaZulu-Natal,1645
860015,Engonini,Albert Luthuli,Mpumalanga,427
565013,Enguga,Impendle,KwaZulu-Natal,2155
282087,Engxingweni,Intsika Yethu,Eastern Cape,67
577025,Enhlalakahle,Umvoti,KwaZulu-Natal,9094
291120,Enhlanjeni,Port St Johns,Eastern Cape,372
506043,Enkanyisweni,Hibiscus Coast,KwaZulu-Natal,2235
503089,Enkulu,Umzumbe,KwaZulu-Natal,3791
588003,Enkwenkwe B,Ntambanana,KwaZulu-Natal,716
266003,Enon,Sundays River Valley,Eastern Cape,1165
297061,Enqabeni B,Mbizana,Eastern Cape,777
586026,Enqupheni,Mtubatuba,KwaZulu-Natal,4637
503006,Ensiyameni,Umzumbe,KwaZulu-Natal,461
569007,Entabeni,Indaka,KwaZulu-Natal,4112
587011,Entobozi,Mfolozi,KwaZulu-Natal,2038
567035,Entsongeni,Mkhambathini,KwaZulu-Natal,577
587035,Enxebeni,Mfolozi,KwaZulu-Natal,2761
576035,Enyandu,Msinga,KwaZulu-Natal,2648
293138,Enyanisweni,Mhlontlo,Eastern Cape,988
571053,Enyonyane,Okhahlamba,KwaZulu-Natal,1098
295283,Epiphany,Matatiele,Eastern Cape,748
285046,Eqolombeni,Sakhisizwe,Eastern Cape,221
287054,Era,Senqu,Eastern Cape,452
297133,Esankuthwana,Mbizana,Eastern Cape,493
860029,Esgwili,Albert Luthuli,Mpumalanga,2504
282295,Eshweni Village,Intsika Yethu,Eastern Cape,299
297212,Esibomvini,Mbizana,Eastern Cape,161
582035,Esicabaziri,Umhlabuyalingana,KwaZulu-Natal,156
296038,Esidakeni,Umzimvubu,Eastern Cape,862
599164,Esidweni,eThekwini,KwaZulu-Natal,1240
529038,Esigodini,Abaqulusi,KwaZulu-Natal,2711
580097,Esigwegweni,Nongoma,KwaZulu-Natal,1439
291006,Esijungqwini,Port St Johns,Eastern Cape,848
538029,Esikhawini J,uMhlathuze,KwaZulu-Natal,12087
581003,Esikhwebezane,Ulundi,KwaZulu-Natal,994
567014,Esinyameni,Mkhambathini,KwaZulu-Natal,1367
582097,Esiphahleni,Umhlabuyalingana,KwaZulu-Natal,367
291117,Esiphathe B,Port St Johns,Eastern Cape,1315
292009,Esiqikini,Nyandeni,Eastern Cape,1103
567004,Esitingini,Mkhambathini,KwaZulu-Natal,2848
589088,Esiwolweni,uMlalazi,KwaZulu-Natal,768
586022,Esiyembeni,Mtubatuba,KwaZulu-Natal,1024
296220,Essek,Umzimvubu,Eastern Cape,757
164012,Esterhof,Swartland,Western Cape,3617
573005,Etatane,Imbabazane,KwaZulu-Natal,4944
599187,Ethekwini,eThekwini,KwaZulu-Natal,1803
295104,Etheldale,Matatiele,Eastern Cape,412
571069,Ethunzini,Okhahlamba,KwaZulu-Natal,526
597055,Etshenilenduna,Ubuhlebezwe,KwaZulu-Natal,1815
797012,Etwatwa,Ekurhuleni,Gauteng,151866
760002,Evaton,Emfuleni,Gauteng,132851
474001,Excelsior,Mantsopa,Free State,748
573043,Eyosini,Imbabazane,KwaZulu-Natal,439
599147,Ezakhiweni,eThekwini,KwaZulu-Natal,1274
542002,Ezibhembeni,Nkandla,KwaZulu-Natal,294
573037,Ezidongeni,Imbabazane,KwaZulu-Natal,1186
581006,Ezidwadweni,Ulundi,KwaZulu-Natal,3248
293149,Ezigeni,Mhlontlo,Eastern Cape,590
569009,Ezihlabathini,Indaka,KwaZulu-Natal,1471
538008,Ezikhaleni,uMhlathuze,KwaZulu-Natal,4628
580095,Ezilonyeni,Nongoma,KwaZulu-Natal,1688
599183,Ezimangweni,eThekwini,KwaZulu-Natal,4107
599180,Ezimbokodweni,eThekwini,KwaZulu-Natal,12882
589067,Ezimpongo,uMlalazi,KwaZulu-Natal,1321
587023,Ezindzbeni,Mfolozi,KwaZulu-Natal,847
581023,Ezingqaqeni,Ulundi,KwaZulu-Natal,255
282010,Ezinkomeni,Intsika Yethu,Eastern Cape,118
583078,Ezinkunini,Jozini,KwaZulu-Natal,1457
293120,Ezintutyaneni,Mhlontlo,Eastern Cape,503
567024,Eziphambathini,Mkhambathini,KwaZulu-Natal,1612
570003,Ezitendeni,Umtshezi,KwaZulu-Natal,3704
661004,Fafung,Madibeng,North West,2086
276009,Fairbairn,Nkonkobe,Eastern Cape,362
293293,Faladeyi,Mhlontlo,Eastern Cape,145
282038,Fama,Intsika Yethu,Eastern Cape,27
283019,Famini,Emalahleni,Eastern Cape,264
295195,Fatima,Matatiele,Eastern Cape,416
286032,Faview,Elundini,Eastern Cape,744
965108,Fefe,Mutale,Limpopo,371
860050,Fernie,Albert Luthuli,Mpumalanga,15693
291157,Ferry Point,Port St Johns,Eastern Cape,57
469007,Ficksburg,Setsoto,Free State,5400
199052,Fish Hoek,City of Cape Town,Western Cape,11890
984054,Five Morgan,Elias Motsoaledi,Limpopo,687
286054,Fletcherville,Elundini,Eastern Cape,443
295218,Fobane,Matatiele,Eastern Cape,717
581110,Folose,Ulundi,KwaZulu-Natal,999
966105,Fondwe,Thulamela,Limpopo,1798
986034,Forong,Fetakgomo,Limpopo,143
273117,Fort Cox,Amahlathi,Eastern Cape,43
563006,Fort Nottingham,uMngeni,KwaZulu-Natal,38
273091,Frankfort,Amahlathi,Eastern Cape,2043
172023,Franskraalstrand,Overstrand,Western Cape,1165
286027,Freistad,Elundini,Eastern Cape,103
271038,Frerestat,Mnquma,Eastern Cape,9
270542,Fubesi,Mbhashe,Eastern Cape,275
524019,Fulathela North,Newcastle,KwaZulu-Natal,1493
588018,Fuyeni A,Ntambanana,KwaZulu-Natal,141
974141,Ga-Chuene,Polokwane,Limpopo,5488
970066,Ga-Dietane,Aganang,Limpopo,318
961056,Ga-Femane,Greater Letaba,Limpopo,1831
982013,Ga-Hlako,Mogalakwena,Limpopo,1733
877042,Ga-Josepha,Bushbuckridge,Mpumalanga,4329
973021,Ga-Kgara,Molemole,Limpopo,406
982116,Ga-Kgubudi,Mogalakwena,Limpopo,5029
970010,Ga-Kolopo,Aganang,Limpopo,1166
667061,Ga-Kubu,Mafikeng,North West,1289
974128,Ga-Lekgothoane,Polokwane,Limpopo,1156
360065,Ga-Lotlhare,Joe Morolong,Northern Cape,795
969022,Ga-Mabelebele,Blouberg,Limpopo,2406
982094,Ga-Mabuela,Mogalakwena,Limpopo,2081
985021,Ga-Machacha,Makhuduthamaga,Limpopo,2023
969077,Ga-Madibeng,Blouberg,Limpopo,785
360032,Ga-Madudu,Joe Morolong,Northern Cape,3598
987106,Ga-Mahlokwane,Greater Tubatse,Limpopo,541
360038,Ga-Makgatle,Joe Morolong,Northern Cape,476
974004,Ga-Makibelo,Polokwane,Limpopo,3017
987119,Ga-Makubane,Greater Tubatse,Limpopo,1852
987036,Ga-Malepe,Greater Tubatse,Limpopo,404
987151,Ga-Mampuru,Greater Tubatse,Limpopo,7449
987030,Ga-Manyaka,Greater Tubatse,Limpopo,4095
987033,Ga-Mapea B,Greater Tubatse,Limpopo,973
987082,Ga-Maroga,Greater Tubatse,Limpopo,3049
987157,Ga-Masha,Greater Tubatse,Limpopo,12772
987029,Ga-Mashishi,Greater Tubatse,Limpopo,4149
974007,Ga-Matabanyane,Polokwane,Limpopo,2591
970011,Ga-Matlhodi,Aganang,Limpopo,1524
970038,Ga-Modikana,Aganang,Limpopo,1520
662019,Ga-Mogajane,Rustenburg,North West,1235
973016,Ga-Mokgehle,Molemole,Limpopo,555
973010,Ga-Mokwele,Molemole,Limpopo,174
987026,Ga-Mongatone,Greater Tubatse,Limpopo,939
987043,Ga-Moraba A,Greater Tubatse,Limpopo,271
872024,Ga-Morwe,Dr JS Moroka,Mpumalanga,9021
986019,Ga-Motene,Fetakgomo,Limpopo,271
974083,Ga-Motholo,Polokwane,Limpopo,6031
970006,Ga-Motlagomo,Aganang,Limpopo,512
361003,Ga-Motsamai,Ga-Segonyana,Northern Cape,533
361032,Ga-Motshwaedi,Ga-Segonyana,Northern Cape,0
987085,Ga-Mpuru,Greater Tubatse,Limpopo,1402
970045,Ga-Ngwetsana,Aganang,Limpopo,2003
970014,Ga-Phagodi,Aganang,Limpopo,1426
970030,Ga-Piet,Aganang,Limpopo,1470
973013,Ga-Poopedi,Molemole,Limpopo,343
970036,Ga-Rametlwana,Aganang,Limpopo,2348
970046,Ga-Ramokadi-Kadi,Aganang,Limpopo,2136
970023,Ga-Ramotlokana,Aganang,Limpopo,1192
661011,Ga-Rantlapane,Madibeng,North West,22
973022,Ga-Sako,Molemole,Limpopo,520
970054,Ga-Sechaba,Aganang,Limpopo,1386
361009,Ga-Sehubane,Ga-Segonyana,Northern Cape,404
360059,Ga-Sese,Joe Morolong,Northern Cape,1148
985075,Ga-Tisana,Makhuduthamaga,Limpopo,1159
969061,Ga-Tshabalala,Blouberg,Limpopo,963
661015,Ga-Tsogwe,Madibeng,North West,1122
877011,GaBoelang,Bushbuckridge,Mpumalanga,3696
982112,GaMagongwa,Mogalakwena,Limpopo,2107
974057,GaMailula,Polokwane,Limpopo,77
983060,GaMakena,Ephraim Mogale,Limpopo,432
976016,GaMakgoba A,Lepele-Nkumpi,Limpopo,2048
976034,GaMakgotho,Lepele-Nkumpi,Limpopo,787
974052,GaMakweya,Polokwane,Limpopo,1222
985118,GaMaloma,Makhuduthamaga,Limpopo,526
974048,GaMamadila,Polokwane,Limpopo,1295
969050,GaMamoleka,Blouberg,Limpopo,889
974064,GaMamphaka,Polokwane,Limpopo,1125
982107,GaMapela,Mogalakwena,Limpopo,11254
969103,GaMasealele,Blouberg,Limpopo,669
983019,GaMasha,Ephraim Mogale,Limpopo,709
982066,GaMasipa,Mogalakwena,Limpopo,391
974132,GaMathiba,Polokwane,Limpopo,1869
961031,GaMaupa,Greater Letaba,Limpopo,1366
976068,GaMmamogwasa,Lepele-Nkumpi,Limpopo,2550
982088,GaModipana,Mogalakwena,Limpopo,1151
985099,GaMohlala,Makhuduthamaga,Limpopo,5825
982110,GaMokaba,Mogalakwena,Limpopo,2146
674008,GaMokonyane,Kagisano/Molopo,North West,417
982060,GaMokwena,Mogalakwena,Limpopo,400
982061,GaMolekwa,Mogalakwena,Limpopo,1117
962004,GaMoloko,Greater Tzaneen,Limpopo,388
982058,GaMonene,Mogalakwena,Limpopo,967
969095,GaMoreise,Blouberg,Limpopo,4796
974069,GaMoropo,Polokwane,Limpopo,409
969110,GaNgwepe,Blouberg,Limpopo,823
961047,GaNtata,Greater Letaba,Limpopo,1778
982111,GaPila,Mogalakwena,Limpopo,3353
976030,GaRakgoatha,Lepele-Nkumpi,Limpopo,6179
982065,GaRalenkwane,Mogalakwena,Limpopo,356
982021,GaRamela,Mogalakwena,Limpopo,1938
969010,GaRamotsho,Blouberg,Limpopo,304
969053,GaRamutla,Blouberg,Limpopo,1235
969121,GaRaweshe,Blouberg,Limpopo,630
974125,GaSebati,Polokwane,Limpopo,2363
982092,GaSekhaolelo,Mogalakwena,Limpopo,2028
974012,GaSemenya,Polokwane,Limpopo,3579
969088,GaTefu,Blouberg,Limpopo,428
982098,GaTshaba,Mogalakwena,Limpopo,830
982036,GaTshipana,Mogalakwena,Limpopo,933
974130,GaTshwene B,Polokwane,Limpopo,831
290045,Gabajana,Ngquza Hill,Eastern Cape,3099
576020,Gabela,Msinga,KwaZulu-Natal,1489
542009,Gada,Nkandla,KwaZulu-Natal,1562
276077,Gaga,Nkonkobe,Eastern Cape,588
360061,Gahuhuwe,Joe Morolong,Northern Cape,609
296204,Galali,Umzimvubu,Eastern Cape,446
297283,Galatyeni A,Mbizana,Eastern Cape,206
383005,Galeshewe,Sol Plaatjie,Northern Cape,107920
285010,Galili 2,Sakhisizwe,Eastern Cape,246
293071,Gamakhulu,Mhlontlo,Eastern Cape,119
969098,Gamalebogo,Blouberg,Limpopo,403
506038,Gamthilini,Hibiscus Coast,KwaZulu-Natal,2951
360011,Ganap,Joe Morolong,Northern Cape,569
282234,Gandu,Intsika Yethu,Eastern Cape,434
291061,Gangatha,Port St Johns,Eastern Cape,133
380003,Gannaput,!Kheis,Northern Cape,1398
386006,Ganspan,Phokwane,Northern Cape,2301
360040,Gapopo,Joe Morolong,Northern Cape,66
360016,Garaphoane,Joe Morolong,Northern Cape,137
461020,Gariep Dam Nature Reserve,Kopanong,Free State,0
365016,Garies,Kamiesberg,Northern Cape,2105
273069,Gasela,Amahlathi,Eastern Cape,275
271357,Gatyana,Mnquma,Eastern Cape,154
292326,Gazini,Nyandeni,Eastern Cape,1405
284299,Gcabhalata,Engcobo,Eastern Cape,178
282359,Gcibala,Intsika Yethu,Eastern Cape,221
271421,Gcina,Mnquma,Eastern Cape,919
281006,Gcina-M,Lukanji,Eastern Cape,160
281005,Gcina-P,Lukanji,Eastern Cape,225
291071,Gcobana,Port St Johns,Eastern Cape,525
378009,Geelkop,Kai !Garib,Northern Cape,155
797025,Geluksdal,Ekurhuleni,Gauteng,14489
871015,Gemsbokspruit,Thembisile,Mpumalanga,6793
599013,Genazzano,eThekwini,KwaZulu-Natal,2585
177006,George,George,Western Cape,114291
983018,Gereagopola,Ephraim Mogale,Limpopo,270
292110,Gesi,Nyandeni,Eastern Cape,163
566031,Gezubuso,The Msunduzi,KwaZulu-Natal,5656
576029,Ghobo,Msinga,KwaZulu-Natal,1150
966189,Gidjana,Thulamela,Limpopo,2198
291070,Gimqi A,Port St Johns,Eastern Cape,1860
291213,Ginqi B,Port St Johns,Eastern Cape,202
960029,Giyani,Greater Giyani,Limpopo,25954
671003,Glaudina,Mamusa,North West,2368
985138,Glen Cowie,Makhuduthamaga,Limpopo,7966
593022,Glen Mill,Ndwedwe,KwaZulu-Natal,1758
281030,Glencoe,Lukanji,Eastern Cape,94
272038,Glengariff,Great Kei,Eastern Cape,119
875003,Glenthorpe,Umjindi,Mpumalanga,667
503038,Goba,Umzumbe,KwaZulu-Natal,860
270318,Gobene,Mbhashe,Eastern Cape,222
588009,Gobihlahla,Ntambanana,KwaZulu-Natal,1283
295107,Gobizela,Matatiele,Eastern Cape,217
290304,Gobozana,Ngquza Hill,Eastern Cape,268
260105,Godidi,Buffalo City,Eastern Cape,677
505015,Godloza,Ezingoleni,KwaZulu-Natal,2611
982064,Goede Hoop,Mogalakwena,Limpopo,337
381003,Goedgedacht,Tsantsabane,Northern Cape,746
675004,Goedgevonden A,Ventersdorp,North West,4934
296009,Gogela,Umzimvubu,Eastern Cape,334
291206,Gogqozo,Port St Johns,Eastern Cape,525
760007,Golden Gardens,Emfuleni,Gauteng,484
599177,Golokodo,eThekwini,KwaZulu-Natal,35055
565026,Gomane,Impendle,KwaZulu-Natal,4627
291193,Gomolo,Port St Johns,Eastern Cape,369
966048,Gonani,Thulamela,Limpopo,372
966114,Gondeni B,Thulamela,Limpopo,1471
293280,Gongo 2,Mhlontlo,Eastern Cape,628
292262,Gonothi,Nyandeni,Eastern Cape,1693
573022,Good Home,Imbabazane,KwaZulu-Natal,5133
364004,Goodhouse,Nama Khoi,Northern Cape,171
581049,Goqo,Ulundi,KwaZulu-Natal,1416
983029,Goru,Ephraim Mogale,Limpopo,265
284377,Goso,Engcobo,Eastern Cape,239
293283,Gotsi,Mhlontlo,Eastern Cape,935
270519,Gotyibeni A,Mbhashe,Eastern Cape,93
969015,Goudmyn,Blouberg,Limpopo,1249
175007,Gouritsmond,Hessequa,Western Cape,515
295029,Goxa,Matatiele,Eastern Cape,541
297006,Goxe B,Mbizana,Eastern Cape,302
286223,Gqaghala,Elundini,Eastern Cape,155
581027,Gqalabeni,Ulundi,KwaZulu-Natal,302
296211,Gqatsa,Umzimvubu,Eastern Cape,333
292037,Gqeza,Nyandeni,Eastern Cape,493
282232,Gqogqora,Intsika Yethu,Eastern Cape,479
271089,Gqoloma,Mnquma,Eastern Cape,253
293037,Gqukunqa,Mhlontlo,Eastern Cape,60
271418,Gqunge A,Mnquma,Eastern Cape,1924
284173,Gqutyini A,Engcobo,Eastern Cape,612
284081,Gqutyini D,Engcobo,Eastern Cape,78
292057,Gqwarhu,Nyandeni,Eastern Cape,175
261003,Graaff Reinet,Camdeboo,Eastern Cape,26585
264004,Grahamstown,Makana,Eastern Cape,50217
873007,Graskop,Thaba Chweu,Mpumalanga,3996
199040,Grassy Park,City of Cape Town,Western Cape,82199
575077,Grazing A,Nqutu,KwaZulu-Natal,797
272002,Great Kei NU,Great Kei,Eastern Cape,6468
596002,Greater Kokstad NU,Greater Kokstad,KwaZulu-Natal,9926
987002,Greater Tubatse NU,Greater Tubatse,Limpopo,8731
571006,Green Point,Okhahlamba,KwaZulu-Natal,1902
868009,Greenside Colliery,Emalahleni,Mpumalanga,1029
599001,Greylands,eThekwini,KwaZulu-Natal,2185
171006,Greyton,Theewaterskloof,Western Cape,2780
294012,Griebdale,King Sabata Dalindyebo,Eastern Cape,105
380005,Groblershoop,!Kheis,Northern Cape,4938
176006,Groot Brakrivier,Mossel Bay,Western Cape,10619
598217,Groot Verlangen,Umzimkhulu,KwaZulu-Natal,543
380001,Grootdrink,!Kheis,Northern Cape,2645
571014,Grootgluk,Okhahlamba,KwaZulu-Natal,1378
164019,Grotto Bay,Swartland,Western Cape,220
283048,Guba,Emalahleni,Eastern Cape,254
284006,Gubenxa,Engcobo,Eastern Cape,255
503018,Gubhuza,Umzumbe,KwaZulu-Natal,2446
298134,Gudeka,Ntabankulu,Eastern Cape,346
296100,Gudlintaba A,Umzimvubu,Eastern Cape,121
580136,Gudu,Nongoma,KwaZulu-Natal,231
283094,Gugulethu A,Emalahleni,Eastern Cape,229
282364,Gugwana,Intsika Yethu,Eastern Cape,83
576076,Gujini,Msinga,KwaZulu-Natal,3051
287021,Gumba-Gumba,Senqu,Eastern Cape,377
965063,Gumela,Mutale,Limpopo,383
293076,Gungqwane,Mhlontlo,Eastern Cape,530
576031,Gunjana,Msinga,KwaZulu-Natal,838
293223,Gunqwana,Mhlontlo,Eastern Cape,411
290268,Gunyeni,Ngquza Hill,Eastern Cape,1566
282070,Guse,Intsika Yethu,Eastern Cape,514
874029,Gutshwakop,Mbombela,Mpumalanga,7318
965071,Guyuni,Mutale,Limpopo,906
274047,Gwabeni,Ngqushwa,Eastern Cape,379
270480,Gwadu,Mbhashe,Eastern Cape,129
297032,Gwala,Mbizana,Eastern Cape,761
298105,Gwangxu,Ntabankulu,Eastern Cape,629
293125,Gwedani,Mhlontlo,Eastern Cape,491
293100,Gwexa,Mhlontlo,Eastern Cape,364
260063,Gwiqi,Buffalo City,Eastern Cape,809
594067,Gxalingene,Ingwe,KwaZulu-Natal,0
292212,Gxeni,Nyandeni,Eastern Cape,257
271197,Gxojana,Mnquma,Eastern Cape,453
576017,Gxushaneni,Msinga,KwaZulu-Natal,1082
965090,Ha-Mabila,Mutale,Limpopo,436
965057,Ha-Makuya,Mutale,Limpopo,1179
968069,Ha-Mashau,Makhado,Limpopo,15210
968023,Ha-Matsa,Makhado,Limpopo,2670
295129,Ha-Mohapi,Matatiele,Eastern Cape,1615
965009,Ha-Nkotswi,Mutale,Limpopo,114
966079,Ha-Radali,Thulamela,Limpopo,2052
472038,Ha-Sethunya,Maluti a Phofung,Free State,6678
968107,HaDavhana,Makhado,Limpopo,6686
968106,HaMatsila,Makhado,Limpopo,767
286056,HaQhadi,Elundini,Eastern Cape,946
177005,Haarlem,George,Western Cape,2376
962068,Haenertsburg,Greater Tzaneen,Limpopo,282
295124,Haisaka,Matatiele,Eastern Cape,388
575007,Haladu A,Nqutu,KwaZulu-Natal,2203
283090,Hali No 1,Emalahleni,Eastern Cape,642
599003,Hambanathi,eThekwini,KwaZulu-Natal,10755
799012,Hammanskraal,City of Tshwane,Gauteng,21345
592028,Hanguza,KwaDukuza,KwaZulu-Natal,291
268003,Hankey,Kouga,Eastern Cape,11761
546022,Haqaza,Maphumulo,KwaZulu-Natal,1179
295075,Hardenburg,Matatiele,Eastern Cape,381
472001,Harrismith,Maluti a Phofung,Free State,27869
677004,Hartbeestfontein B,City of Matlosana,North West,1467
176011,Hartenbos,Mossel Bay,Western Cape,4196
295211,Hasetati,Matatiele,Eastern Cape,190
526057,Hattingspruit,Dannhauser,KwaZulu-Natal,951
172012,Hawston,Overstrand,Western Cape,8214
566012,Haza,The Msunduzi,KwaZulu-Natal,333
295127,Hebron,Matatiele,Eastern Cape,990
175003,Heidelberg,Hessequa,Western Cape,8259
199044,Helderberg Nature Reserve,City of Cape Town,Western Cape,4
578021,Helpmekaar B,eDumbe,KwaZulu-Natal,216
283032,Helushe,Emalahleni,Eastern Cape,302
287023,Henge,Senqu,Eastern Cape,588
176005,Herbertsdale,Mossel Bay,Western Cape,666
172014,Hermanus,Overstrand,Western Cape,10457
360067,Hertzog,Joe Morolong,Northern Cape,601
360001,Heuningvlei,Joe Morolong,Northern Cape,2656
546062,Hholweni,Maphumulo,KwaZulu-Natal,409
271219,High Hill,Mnquma,Eastern Cape,333
172002,Highlands,Overstrand,Western Cape,75
260148,Hill,Buffalo City,Eastern Cape,216
765011,Hillshaven,Westonaria,Gauteng,2561
563013,Hilton,uMngeni,KwaZulu-Natal,9340
575076,HlabaNkhosi,Nqutu,KwaZulu-Natal,1043
294178,Hlabatshane B,King Sabata Dalindyebo,Eastern Cape,403
584016,Hlabisa,The Big 5 False Bay,KwaZulu-Natal,188
978027,Hlagalakwena,Lephalale,Limpopo,514
877025,Hlalakahle,Bushbuckridge,Mpumalanga,992
585038,Hlambanyathi,Hlabisa,KwaZulu-Natal,1114
594019,Hlanganani,Ingwe,KwaZulu-Natal,883
287108,Hlantjwa,Senqu,Eastern Cape,144
580188,Hlathidumayo,Nongoma,KwaZulu-Natal,259
291175,Hlavana,Port St Johns,Eastern Cape,353
575129,Hlazakazi B,Nqutu,KwaZulu-Natal,1126
876040,Hlengesha,Nkomazi,Mpumalanga,3966
984020,Hlogotlou,Elias Motsoaledi,Limpopo,2177
582053,Hlokohloko,Umhlabuyalingana,KwaZulu-Natal,3
593029,Hlomantethe,Ndwedwe,KwaZulu-Natal,11655
598169,Hlontlweni,Umzimkhulu,KwaZulu-Natal,1283
581128,Hlophenkulu,Ulundi,KwaZulu-Natal,780
292309,Hluleka,Nyandeni,Eastern Cape,332
597032,Hlutankungu,Ubuhlebezwe,KwaZulu-Natal,2809
542114,Hlwehlewe,Nkandla,KwaZulu-Natal,1106
474010,Hobhouse,Mantsopa,Free State,244
296166,Hofese,Umzimvubu,Eastern Cape,412
586029,Hoho,Mtubatuba,KwaZulu-Natal,2529
860038,Holeka,Albert Luthuli,Mpumalanga,2520
478017,Holly Country,Metsimaholo,Free State,586
578034,Holspruit A,eDumbe,KwaZulu-Natal,1006
290299,Hombe,Ngquza Hill,Eastern Cape,1478
968075,Honingfontein,Makhado,Limpopo,1056
466002,Hoopstad,Tswelopele,Free State,1295
163010,Hopefield,Saldanha Bay,Western Cape,6460
568003,Hopewell,Richmond,KwaZulu-Natal,11119
360079,Hotazel,Joe Morolong,Northern Cape,1756
199042,Hout Bay,City of Cape Town,Western Cape,17900
962099,Hoveni,Greater Tzaneen,Limpopo,1518
877139,Hoxani,Bushbuckridge,Mpumalanga,86
670005,Huhudi,Naledi,North West,25457
877065,Humulani,Bushbuckridge,Mpumalanga,2694
987138,Hwashi,Greater Tubatse,Limpopo,165
976024,Hwelesaneng,Lepele-Nkumpi,Limpopo,2135
597049,Icabazi,Ubuhlebezwe,KwaZulu-Natal,1084
270302,Idutywa,Mbhashe,Eastern Cape,11076
276116,Igudweni A,Nkonkobe,Eastern Cape,267
676005,Ikageng,Tlokwe City Council,North West,87701
546081,Ikhabane,Maphumulo,KwaZulu-Natal,1483
263003,Ikwezi NU,Ikwezi,Eastern Cape,1919
260061,Ilitha,Buffalo City,Eastern Cape,8145
566037,Imbali,The Msunduzi,KwaZulu-Natal,30157
598224,Imbulumbu,Umzimkhulu,KwaZulu-Natal,589
199043,Imizamo Yethu,City of Cape Town,Western Cape,15538
565021,Impendle,Impendle,KwaZulu-Natal,230
599036,Inanda,eThekwini,KwaZulu-Natal,10032
597045,Incalu,Ubuhlebezwe,KwaZulu-Natal,323
569010,Indaka NU,Indaka,KwaZulu-Natal,249
969047,Indermark,Blouberg,Limpopo,8434
283016,Indwe,Emalahleni,Eastern Cape,3075
283015,Indwe C,Emalahleni,Eastern Cape,1285
504029,Ingele,UMuziwabantu,KwaZulu-Natal,3063
565036,Ingqiya,Impendle,KwaZulu-Natal,244
569019,Ingwe,Indaka,KwaZulu-Natal,5511
590038,Ingwenya,Mthonjaneni,KwaZulu-Natal,259
593056,Inkangala,Ndwedwe,KwaZulu-Natal,261
280002,Inkwanca NU,Inkwanca,Eastern Cape,3253
599066,Inthuthuko,eThekwini,KwaZulu-Natal,710
969042,Inveraan,Blouberg,Limpopo,1613
278002,Inxuba Yethemba NU,Inxuba Yethemba,Eastern Cape,10208
503049,Inyonyana,Umzumbe,KwaZulu-Natal,1014
571060,Isandlwana,Okhahlamba,KwaZulu-Natal,1093
590029,Isibaya Esikhulu,Mthonjaneni,KwaZulu-Natal,1065
542026,Isigcalaba,Nkandla,KwaZulu-Natal,1275
176015,Isinyoka,Mossel Bay,Western Cape,811
297051,Isisele A,Mbizana,Eastern Cape,63
580187,Isizinda,Nongoma,KwaZulu-Natal,746
987041,Itabaleng,Greater Tubatse,Limpopo,305
674057,Itireleng,Kagisano/Molopo,North West,786
589040,Itshempemvu,uMlalazi,KwaZulu-Natal,754
798006,Ivory Park,City of Johannesburg,Gauteng,184383
546083,Izagqaya,Maphumulo,KwaZulu-Natal,951
581050,Izihlalo A,Ulundi,KwaZulu-Natal,0
297021,Izilangwe,Mbizana,Eastern Cape,5124
589103,Izingeni,uMlalazi,KwaZulu-Natal,375
589089,Izingwenya B,uMlalazi,KwaZulu-Natal,1043
589053,Izinkiliji,uMlalazi,KwaZulu-Natal,411
297194,Izwelethu,Mbizana,Eastern Cape,1095
295126,Jabavu,Matatiele,Eastern Cape,681
290009,Jaca,Ngquza Hill,Eastern Cape,545
260023,Jaftas,Buffalo City,Eastern Cape,442
297180,Jakada,Mbizana,Eastern Cape,498
270069,Jalamba,Mbhashe,Eastern Cape,593
292083,Jamani,Nyandeni,Eastern Cape,1697
660001,Jambo,Moretele,North West,174
167026,Jamestown,Stellenbosch,Western Cape,2840
263001,Jansenville,Ikwezi,Eastern Cape,1134
268009,Jeffrey's Bay,Kouga,Eastern Cape,27107
270077,Jeleveni,Mbhashe,Eastern Cape,147
966161,Jerome,Thulamela,Limpopo,3413
581054,Jikaza,Ulundi,KwaZulu-Natal,2511
966196,Jimmy Jones,Thulamela,Limpopo,3371
292267,Jizweni 5,Nyandeni,Eastern Cape,1521
290263,Joe Slovo,Ngquza Hill,Eastern Cape,2797
524016,Johnstown,Newcastle,KwaZulu-Natal,9568
286178,Jojweni,Elundini,Eastern Cape,133
271384,Jojweni D,Mnquma,Eastern Cape,519
961033,Jokong,Greater Letaba,Limpopo,1930
576051,Jolwayo,Msinga,KwaZulu-Natal,1030
877129,Jongilanga,Bushbuckridge,Mpumalanga,235
962036,Joppie,Greater Tzaneen,Limpopo,2753
287117,Jozana's Hoek,Senqu,Eastern Cape,283
583008,Jozini NU,Jozini,KwaZulu-Natal,1777
270600,Jujura,Mbhashe,Eastern Cape,158
970032,Juno,Aganang,Limpopo,1301
598153,Juta,Umzimkhulu,KwaZulu-Natal,96
282259,Jwayi,Intsika Yethu,Eastern Cape,483
966194,Ka-Dinga,Thulamela,Limpopo,2122
966208,Ka-Mabayeni,Thulamela,Limpopo,1361
966009,Ka-Matiani,Thulamela,Limpopo,3073
966222,Ka-Mdabula,Thulamela,Limpopo,808
966216,Ka-Mulamula,Thulamela,Limpopo,3068
966093,Ka-Nyavani,Thulamela,Limpopo,305
966109,Ka-Vhele,Thulamela,Limpopo,2483
966227,Ka-Xihosana,Thulamela,Limpopo,2546
966185,Ka-Xitlhelani,Thulamela,Limpopo,4629
560052,KaDlangezwa,Vulamehlo,KwaZulu-Natal,1385
960066,KaGidya,Greater Giyani,Limpopo,1340
960034,KaHomu,Greater Giyani,Limpopo,8059
504005,KaMagwashu,UMuziwabantu,KwaZulu-Natal,758
960017,KaMakoxa,Greater Giyani,Limpopo,4457
960026,KaMapuva,Greater Giyani,Limpopo,4061
960078,KaMatsotsosela,Greater Giyani,Limpopo,1051
962052,KaMayomela,Greater Tzaneen,Limpopo,2555
960080,KaMpakani,Greater Giyani,Limpopo,5062
960076,KaMzilela,Greater Giyani,Limpopo,851
960045,KaNgove,Greater Giyani,Limpopo,6376
960001,KaNwadzekudzeku,Greater Giyani,Limpopo,3606
960028,KaSiandana,Greater Giyani,Limpopo,6418
960061,KaXikhumba,Greater Giyani,Limpopo,2716
283008,Kaalfontein,Emalahleni,Eastern Cape,621
271375,Kabakasi,Mnquma,Eastern Cape,1009
982071,Kabeane,Mogalakwena,Limpopo,410
982082,Kaditshwene,Mogalakwena,Limpopo,1285
378004,Kai !Garib NU North,Kai !Garib,Northern Cape,20000
360049,Kakoje,Joe Morolong,Northern Cape,135
377001,Kalahari Gemsbok National Park,Mier,Northern Cape,354
164022,Kalbaskraal,Swartland,Western Cape,2411
860026,Kalwerskraal,Albert Luthuli,Mpumalanga,91
876017,Kamaqhekeza,Nkomazi,Mpumalanga,21192
599118,Kamba,eThekwini,KwaZulu-Natal,266
360103,Kamden,Joe Morolong,Northern Cape,1616
664086,Kameelfontein,Moses Kotane,North West,23
872049,Kameelpoort,Dr JS Moroka,Mpumalanga,1535
565029,Kamensi,Impendle,KwaZulu-Natal,415
365007,Kamieskroon,Kamiesberg,Northern Cape,893
662034,Kana,Rustenburg,North West,10907
360098,Kangkuru,Joe Morolong,Northern Cape,264
596001,Kansdraai,Greater Kokstad,KwaZulu-Natal,429
284256,Kanyi,Engcobo,Eastern Cape,289
180001,Karatara,Knysna,Western Cape,880
874064,Karino,Mbombela,Mpumalanga,559
367002,Karoo Hoogland NU,Karoo Hoogland,Northern Cape,3356
270263,Kasa B,Mbhashe,Eastern Cape,646
292221,Kateni,Nyandeni,Eastern Cape,389
273042,Katikati,Amahlathi,Eastern Cape,2888
797031,Katlehong,Ekurhuleni,Gauteng,407294
271055,Kayelitsha A,Mnquma,Eastern Cape,240
297163,Kdayeni,Mbizana,Eastern Cape,324
273086,Kei Road,Amahlathi,Eastern Cape,1179
273065,Keiskammahoek,Amahlathi,Eastern Cape,4429
526040,Kempshoek,Dannhauser,KwaZulu-Natal,1263
286028,Kenegha Poort,Elundini,Eastern Cape,612
271488,Kentani,Mnquma,Eastern Cape,1456
292273,Kepe,Nyandeni,Eastern Cape,1120
179004,Keurboomstrand,Bitou,Western Cape,475
499005,Kgalala,Mangaung,Free State,378
877020,Kgapamadi,Bushbuckridge,Mpumalanga,5049
664087,Kgatleng,Moses Kotane,North West,56
663002,Kgetlengrivier NU,Kgetlengrivier,North West,17105
872028,Kgobokwane,Dr JS Moroka,Mpumalanga,1901
674050,Kgokgole,Kagisano/Molopo,North West,878
985039,Kgolane,Makhuduthamaga,Limpopo,4476
672060,Kgomotso,Greater Taung,North West,3591
982052,Kgopeng,Mogalakwena,Limpopo,488
468002,Kgotsong,Nala,Free State,41878
974062,Kgwara,Polokwane,Limpopo,1249
976086,Kgwaripe,Lepele-Nkumpi,Limpopo,95
542044,Khabela,Nkandla,KwaZulu-Natal,204
960022,Khakhala,Greater Giyani,Limpopo,2024
982004,Khala,Mogalakwena,Limpopo,236
966106,Khalavha,Thulamela,Limpopo,3237
297156,Khaleni C,Mbizana,Eastern Cape,793
583064,Khandane,Jozini,KwaZulu-Natal,222
290103,Khanyayo B,Ngquza Hill,Eastern Cape,61
968006,Kharivhe,Makhado,Limpopo,276
965065,Khavhambe,Mutale,Limpopo,355
271265,Khayalethemba,Mnquma,Eastern Cape,797
276123,Khayamnandi,Nkonkobe,Eastern Cape,1342
580128,Khenana,Nongoma,KwaZulu-Natal,1158
287088,Khiba,Senqu,Eastern Cape,1397
293070,Khimbili,Mhlontlo,Eastern Cape,793
575057,Khiphinkunzi B,Nqutu,KwaZulu-Natal,1237
566026,Khobongwaneni,The Msunduzi,KwaZulu-Natal,796
294244,Khohlo B,King Sabata Dalindyebo,Eastern Cape,697
293196,Khohlwe,Mhlontlo,Eastern Cape,268
566047,Khokwane,The Msunduzi,KwaZulu-Natal,4441
292289,Khonjwayo,Nyandeni,Eastern Cape,958
978012,Khopanong,Lephalale,Limpopo,758
294319,Khovothi,King Sabata Dalindyebo,Eastern Cape,149
293003,Khubusi,Mhlontlo,Eastern Cape,299
962063,Khujwana,Greater Tzaneen,Limpopo,11237
270182,Khulo Khamisa,Mbhashe,Eastern Cape,468
874027,Khumbula,Mbombela,Mpumalanga,6717
965098,Khunguni,Mutale,Limpopo,139
666004,Khunwana,Tswaing,North West,7651
295169,Khwarai,Matatiele,Eastern Cape,382
294424,Khwenxurha,King Sabata Dalindyebo,Eastern Cape,430
368002,Khâi-Ma NU,Khâi-Ma,Northern Cape,2148
360108,Kikahela,Joe Morolong,Northern Cape,323
293305,Kilili,Mhlontlo,Eastern Cape,399
260044,King William's Town,Buffalo City,Eastern Cape,34019
525006,Kingstown,Emadlangeni,KwaZulu-Natal,268
866004,Kinross,Govan Mbeki,Mpumalanga,15246
978026,Kitty,Lephalale,Limpopo,614
599158,Klaarwater,eThekwini,KwaZulu-Natal,26157
877002,Klaserie Private Nature Reserve,Bushbuckridge,Mpumalanga,314
163016,Klein Eiland,Saldanha Bay,Western Cape,0
265005,Kleinemonde,Ndlambe,Eastern Cape,2
172009,Kleinmond,Overstrand,Western Cape,6634
677006,Klerksdorp,City of Matlosana,North West,186515
164003,Klipfontyn,Swartland,Western Cape,146
199008,Klipheuwel,City of Cape Town,Western Cape,2294
160001,Kliprand,Matzikama,Western Cape,205
579025,Klipwal,UPhongolo,KwaZulu-Natal,1589
180009,Knysna,Knysna,Western Cape,51078
284182,Kobe,Engcobo,Eastern Cape,455
286003,Koebung,Elundini,Eastern Cape,466
160006,Koekenaap,Matzikama,Western Cape,1551
460007,Koffiefontein,Letsemeng,Free State,10402
270081,Kohlo,Mbhashe,Eastern Cape,237
365005,Koingnaas,Kamiesberg,Northern Cape,105
596004,Kokstad,Greater Kokstad,KwaZulu-Natal,51561
985086,Kolokotela,Makhuduthamaga,Limpopo,2472
974024,Koloti,Polokwane,Limpopo,9953
974089,Komaneng,Polokwane,Limpopo,1662
985108,Kome,Makhuduthamaga,Limpopo,756
270581,Komkhulu A,Mbhashe,Eastern Cape,225
270589,Komkhulu D,Mbhashe,Eastern Cape,231
271234,Komkhulu G,Mnquma,Eastern Cape,568
276159,Komkulu A,Nkonkobe,Eastern Cape,230
282158,Komkulu D,Intsika Yethu,Eastern Cape,557
293186,Konkabi,Mhlontlo,Eastern Cape,895
294167,Konqeni,King Sabata Dalindyebo,Eastern Cape,961
291160,Konxeni,Port St Johns,Eastern Cape,620
297344,Kopane B,Mbizana,Eastern Cape,3945
297309,Kopane E,Mbizana,Eastern Cape,3194
961072,Kopje,Greater Letaba,Limpopo,812
585001,Koqhoqhoqho,Hlabisa,KwaZulu-Natal,2434
579024,Kortnek,UPhongolo,KwaZulu-Natal,810
663006,Koster,Kgetlengrivier,North West,2342
270236,Kotyana,Mbhashe,Eastern Cape,489
268002,Kouga NU,Kouga,Eastern Cape,14043
665018,Kraaipan,Ratlou,North West,9933
478016,Kragbron,Metsimaholo,Free State,1059
293065,Krancolo,Mhlontlo,Eastern Cape,292
577021,Kranskop,Umvoti,KwaZulu-Natal,1514
598156,Kromdraai,Umzimkhulu,KwaZulu-Natal,925
982062,Kromkloof,Mogalakwena,Limpopo,1141
287081,Kromspruit,Senqu,Eastern Cape,1143
763004,Krugersdorp,Mogale City,Gauteng,140643
282035,Ku-Bhanti,Intsika Yethu,Eastern Cape,274
282285,Ku-Nxaybisa,Intsika Yethu,Eastern Cape,480
270583,KuBangqo,Mbhashe,Eastern Cape,332
298107,KuBhonga,Ntabankulu,Eastern Cape,398
283024,KuBoniswa,Emalahleni,Eastern Cape,255
270067,KuCawe,Mbhashe,Eastern Cape,275
284097,KuCibi,Engcobo,Eastern Cape,351
298043,KuDeke,Ntabankulu,Eastern Cape,30
294075,KuDuka,King Sabata Dalindyebo,Eastern Cape,267
286203,KuFela,Elundini,Eastern Cape,49
294344,KuGangxu,King Sabata Dalindyebo,Eastern Cape,533
270023,KuGilandoda,Mbhashe,Eastern Cape,463
270268,KuGwelane,Mbhashe,Eastern Cape,354
294283,KuGxagxa,King Sabata Dalindyebo,Eastern Cape,443
284328,KuGxwalibomvu B,Engcobo,Eastern Cape,286
282243,KuHange B,Intsika Yethu,Eastern Cape,229
284309,KuHleke,Engcobo,Eastern Cape,284
298149,KuHokwane,Ntabankulu,Eastern Cape,175
285083,KuHota,Sakhisizwe,Eastern Cape,597
294110,KuJungqe,King Sabata Dalindyebo,Eastern Cape,314
283145,KuLiweni,Emalahleni,Eastern Cape,778
260101,KuLogaxa,Buffalo City,Eastern Cape,834
270224,KuLogqweta,Mbhashe,Eastern Cape,592
270622,KuLolanga,Mbhashe,Eastern Cape,627
271323,KuLotshazi,Mnquma,Eastern Cape,151
284096,KuLubisi,Engcobo,Eastern Cape,432
282028,KuMabangula,Intsika Yethu,Eastern Cape,501
284342,KuMageza,Engcobo,Eastern Cape,431
282012,KuMahlungulu,Intsika Yethu,Eastern Cape,176
284319,KuMandebe,Engcobo,Eastern Cape,96
286236,KuMangunkone,Elundini,Eastern Cape,300
284156,KuManyisana,Engcobo,Eastern Cape,386
284010,KuManzimdaka A,Engcobo,Eastern Cape,214
284231,KuMaqanda,Engcobo,Eastern Cape,141
270222,KuMatokazi,Mbhashe,Eastern Cape,268
282236,KuMaya B,Intsika Yethu,Eastern Cape,583
270003,KuMbanga A,Mbhashe,Eastern Cape,348
270518,KuMbelo,Mbhashe,Eastern Cape,0
270279,KuMbonda,Mbhashe,Eastern Cape,357
284057,KuMchayi,Engcobo,Eastern Cape,220
294080,KuMgawuli,King Sabata Dalindyebo,Eastern Cape,372
270559,KuMkhulu,Mbhashe,Eastern Cape,267
282177,KuMngqanga,Intsika Yethu,Eastern Cape,298
294100,KuMpolose,King Sabata Dalindyebo,Eastern Cape,95
284176,KuMtala,Engcobo,Eastern Cape,169
284436,KuNabileyo,Engcobo,Eastern Cape,317
294205,KuNdlunkulu,King Sabata Dalindyebo,Eastern Cape,842
282099,KuNdungwana,Intsika Yethu,Eastern Cape,484
284274,KuNgcebengwana,Engcobo,Eastern Cape,122
294076,KuNgqovu,King Sabata Dalindyebo,Eastern Cape,396
284076,KuNgubo,Engcobo,Eastern Cape,299
270205,KuNgxobongwana,Mbhashe,Eastern Cape,95
294198,KuNkalane,King Sabata Dalindyebo,Eastern Cape,262
290110,KuNkongolo,Ngquza Hill,Eastern Cape,684
284065,KuNogqogqowana,Engcobo,Eastern Cape,239
294005,KuNongcwengana,King Sabata Dalindyebo,Eastern Cape,1177
298088,KuNonyokotho,Ntabankulu,Eastern Cape,158
270183,KuNqayiya,Mbhashe,Eastern Cape,430
286010,KuNtabankulu,Elundini,Eastern Cape,452
270562,KuNtingana,Mbhashe,Eastern Cape,271
270240,KuNtshwame,Mbhashe,Eastern Cape,145
270579,KuNxankzashe,Mbhashe,Eastern Cape,481
284204,KuPahla,Engcobo,Eastern Cape,502
270045,KuQeqe,Mbhashe,Eastern Cape,327
282096,KuQwebeqwebe,Intsika Yethu,Eastern Cape,940
582028,KuShengesa,Umhlabuyalingana,KwaZulu-Natal,384
270026,KuSilityiwa,Mbhashe,Eastern Cape,517
286215,KuStimela,Elundini,Eastern Cape,498
294051,KuThala,King Sabata Dalindyebo,Eastern Cape,878
283059,KuTsembeyi B,Emalahleni,Eastern Cape,1053
294097,KuTshiyani,King Sabata Dalindyebo,Eastern Cape,1375
270062,KuVinindwa,Mbhashe,Eastern Cape,504
270270,KuXamu,Mbhashe,Eastern Cape,607
285003,KuZikhonkwane,Sakhisizwe,Eastern Cape,333
297131,Kubha,Mbizana,Eastern Cape,741
283153,Kudubeni,Emalahleni,Eastern Cape,655
674037,Kudunkwane,Kagisano/Molopo,North West,3064
282147,Kuholi,Intsika Yethu,Eastern Cape,165
293257,Kukumehlo,Mhlontlo,Eastern Cape,281
270200,Kulobhonga,Mbhashe,Eastern Cape,553
270209,Kulodingata,Mbhashe,Eastern Cape,423
270271,Kuloguelane,Mbhashe,Eastern Cape,146
270352,Kulokhamiso,Mbhashe,Eastern Cape,301
270210,Kulorada,Mbhashe,Eastern Cape,777
282107,Kulufini,Intsika Yethu,Eastern Cape,717
297277,Kumbanzo,Mbizana,Eastern Cape,156
271024,Kunene,Mnquma,Eastern Cape,403
282150,Kuntlonze,Intsika Yethu,Eastern Cape,439
961042,Kuranta,Greater Letaba,Limpopo,1329
361021,Kuruman,Ga-Segonyana,Northern Cape,13057
271286,Kutanyanga,Mnquma,Eastern Cape,199
985159,Kutupu,Makhuduthamaga,Limpopo,3917
504020,Kuzameni,UMuziwabantu,KwaZulu-Natal,247
273024,Kuze,Amahlathi,Eastern Cape,73
595003,Kwa Sani NU,Kwa Sani,KwaZulu-Natal,4733
283053,Kwa-Dukatole,Emalahleni,Eastern Cape,713
283200,Kwa-Hala,Emalahleni,Eastern Cape,154
589105,Kwa-Jazi,uMlalazi,KwaZulu-Natal,2903
589077,Kwa-Mfana,uMlalazi,KwaZulu-Natal,1626
283119,Kwa-Nzolo,Emalahleni,Eastern Cape,384
560006,Kwa-Rwayi,Vulamehlo,KwaZulu-Natal,774
283185,Kwa-Tshatshu,Emalahleni,Eastern Cape,267
270267,KwaBango,Mbhashe,Eastern Cape,544
542053,KwaBedala,Nkandla,KwaZulu-Natal,791
270490,KwaBhala,Mbhashe,Eastern Cape,285
290032,KwaBhala C,Ngquza Hill,Eastern Cape,129
260091,KwaBhonke,Buffalo City,Eastern Cape,1174
294236,KwaBitya,King Sabata Dalindyebo,Eastern Cape,755
290117,KwaBodweni,Ngquza Hill,Eastern Cape,2160
270358,KwaBomela,Mbhashe,Eastern Cape,508
271293,KwaBongoza,Mnquma,Eastern Cape,470
292044,KwaBungu,Nyandeni,Eastern Cape,1168
270552,KwaCamemnango,Mbhashe,Eastern Cape,200
284114,KwaCekwe,Engcobo,Eastern Cape,275
542004,KwaChwezi,Nkandla,KwaZulu-Natal,2158
599113,KwaDabeka,eThekwini,KwaZulu-Natal,54953
293082,KwaDam,Mhlontlo,Eastern Cape,356
292243,KwaDarana,Nyandeni,Eastern Cape,1233
593010,KwaDeda,Ndwedwe,KwaZulu-Natal,144
260046,KwaDikidikana,Buffalo City,Eastern Cape,930
276069,KwaDish,Nkonkobe,Eastern Cape,93
599128,KwaDlembe,eThekwini,KwaZulu-Natal,1632
284263,KwaDlomo A,Engcobo,Eastern Cape,270
274020,KwaDlova,Ngqushwa,Eastern Cape,394
560019,KwaDonsa,Vulamehlo,KwaZulu-Natal,511
282119,KwaDudumashe,Intsika Yethu,Eastern Cape,150
566009,KwaDulela,The Msunduzi,KwaZulu-Natal,1766
503068,KwaDweshula,Umzumbe,KwaZulu-Natal,635
284112,KwaFane A,Engcobo,Eastern Cape,633
271374,KwaFestile,Mnquma,Eastern Cape,329
270374,KwaFundakubi,Mbhashe,Eastern Cape,192
565024,KwaGade,Impendle,KwaZulu-Natal,720
284378,KwaGandu,Engcobo,Eastern Cape,134
294007,KwaGcaleka,King Sabata Dalindyebo,Eastern Cape,1374
283052,KwaGcina B,Emalahleni,Eastern Cape,317
580169,KwaGcobamadolo,Nongoma,KwaZulu-Natal,343
546025,KwaGcwensa,Maphumulo,KwaZulu-Natal,150
582019,KwaGeorge,Umhlabuyalingana,KwaZulu-Natal,3630
270242,KwaGobene,Mbhashe,Eastern Cape,188
270633,KwaGoqo B,Mbhashe,Eastern Cape,172
285021,KwaGugwini,Sakhisizwe,Eastern Cape,291
274113,KwaGwalani,Ngqushwa,Eastern Cape,349
270432,KwaHayi,Mbhashe,Eastern Cape,302
580096,KwaHolinyoka,Nongoma,KwaZulu-Natal,6277
271107,KwaJama,Mnquma,Eastern Cape,322
273005,KwaJimi,Amahlathi,Eastern Cape,311
286230,KwaJosefu,Elundini,Eastern Cape,294
271329,KwaJuliwe,Mnquma,Eastern Cape,253
260154,KwaKalkeni,Buffalo City,Eastern Cape,129
580125,KwaKati,Nongoma,KwaZulu-Natal,804
270245,KwaKhawula A,Mbhashe,Eastern Cape,318
271336,KwaKhumalo,Mnquma,Eastern Cape,321
260097,KwaKlifu,Buffalo City,Eastern Cape,748
504024,KwaKuseni,UMuziwabantu,KwaZulu-Natal,1114
282254,KwaKwebulana,Intsika Yethu,Eastern Cape,490
284158,KwaLanga,Engcobo,Eastern Cape,435
580092,KwaLindizwe,Nongoma,KwaZulu-Natal,2302
583063,KwaLiweni,Jozini,KwaZulu-Natal,1408
295163,KwaLunda,Matatiele,Eastern Cape,1673
282325,KwaLuxomo,Intsika Yethu,Eastern Cape,474
270151,KwaMadi,Mbhashe,Eastern Cape,211
506008,KwaMadlala,Hibiscus Coast,KwaZulu-Natal,910
593065,KwaMadonsula,Ndwedwe,KwaZulu-Natal,56
295164,KwaMagadla,Matatiele,Eastern Cape,1140
271287,KwaMagodla,Mnquma,Eastern Cape,354
503027,KwaMagugu,Umzumbe,KwaZulu-Natal,676
580156,KwaMahlombe,Nongoma,KwaZulu-Natal,1162
580054,KwaMajomela,Nongoma,KwaZulu-Natal,5855
598055,KwaMakhanya,Umzimkhulu,KwaZulu-Natal,493
282098,KwaMalindi,Intsika Yethu,Eastern Cape,297
270566,KwaMandluma,Mbhashe,Eastern Cape,313
294362,KwaMangqobe,King Sabata Dalindyebo,Eastern Cape,286
271060,KwaMankihlana,Mnquma,Eastern Cape,136
282273,KwaManzi,Intsika Yethu,Eastern Cape,638
284316,KwaMaqanda,Engcobo,Eastern Cape,512
271144,KwaMasele,Mnquma,Eastern Cape,589
260045,KwaMasingata,Buffalo City,Eastern Cape,1204
270168,KwaMathanzima,Mbhashe,Eastern Cape,605
295019,KwaMatias,Matatiele,Eastern Cape,1278
271543,KwaMaxhama,Mnquma,Eastern Cape,805
582005,KwaMazambane,Umhlabuyalingana,KwaZulu-Natal,3084
284410,KwaMazwayi,Engcobo,Eastern Cape,198
294001,KwaMbango,King Sabata Dalindyebo,Eastern Cape,678
599133,KwaMbiza,eThekwini,KwaZulu-Natal,2377
282162,KwaMbombela,Intsika Yethu,Eastern Cape,440
504017,KwaMboto,UMuziwabantu,KwaZulu-Natal,344
580028,KwaMbuzi,Nongoma,KwaZulu-Natal,1997
260041,KwaMdingi,Buffalo City,Eastern Cape,648
563010,KwaMevana,uMngeni,KwaZulu-Natal,5102
285022,KwaMgcodo 1,Sakhisizwe,Eastern Cape,92
284059,KwaMgqondo,Engcobo,Eastern Cape,219
282337,KwaMgwenyane,Intsika Yethu,Eastern Cape,152
294090,KwaMhaqa B,King Sabata Dalindyebo,Eastern Cape,893
270169,KwaMhlati,Mbhashe,Eastern Cape,133
270430,KwaMhlote,Mbhashe,Eastern Cape,195
294089,KwaMiya A,King Sabata Dalindyebo,Eastern Cape,784
582060,KwaMjiji,Umhlabuyalingana,KwaZulu-Natal,428
271183,KwaMkhiva,Mnquma,Eastern Cape,122
292317,KwaMkwamde,Nyandeni,Eastern Cape,348
294095,KwaMlawu,King Sabata Dalindyebo,Eastern Cape,534
270127,KwaMlindeli,Mbhashe,Eastern Cape,422
282305,KwaMmangonkone,Intsika Yethu,Eastern Cape,389
270629,KwaMngxabakazi,Mbhashe,Eastern Cape,120
566028,KwaMnyandu,The Msunduzi,KwaZulu-Natal,884
566027,KwaMpande,The Msunduzi,KwaZulu-Natal,6710
260055,KwaMpundu,Buffalo City,Eastern Cape,1544
270080,KwaMrabi,Mbhashe,Eastern Cape,198
546044,KwaMshibe,Maphumulo,KwaZulu-Natal,673
286202,KwaMsobomvu,Elundini,Eastern Cape,189
270618,KwaMtetha,Mbhashe,Eastern Cape,227
566006,KwaMtoqotho,The Msunduzi,KwaZulu-Natal,6699
580186,KwaMusi,Nongoma,KwaZulu-Natal,1382
273103,KwaMxhalanga,Amahlathi,Eastern Cape,1330
270412,KwaMyataze,Mbhashe,Eastern Cape,254
282049,KwaMzola,Intsika Yethu,Eastern Cape,2408
273007,KwaNcekemfu,Amahlathi,Eastern Cape,377
274104,KwaNdaba,Ngqushwa,Eastern Cape,332
270521,KwaNdenga,Mbhashe,Eastern Cape,816
273025,KwaNdenxa,Amahlathi,Eastern Cape,180
294311,KwaNdinja,King Sabata Dalindyebo,Eastern Cape,918
270153,KwaNdiya,Mbhashe,Eastern Cape,373
276040,KwaNdlankomo,Nkonkobe,Eastern Cape,141
271345,KwaNdotshanga,Mnquma,Eastern Cape,215
284434,KwaNdungwane,Engcobo,Eastern Cape,386
282123,KwaNgali,Intsika Yethu,Eastern Cape,453
599064,KwaNgcolosi,eThekwini,KwaZulu-Natal,918
862006,KwaNgema,Mkhondo,Mpumalanga,1006
276076,KwaNgobe,Nkonkobe,Eastern Cape,662
271169,KwaNgunikazi,Mnquma,Eastern Cape,120
271051,KwaNgwanya,Mnquma,Eastern Cape,137
284279,KwaNgxabane,Engcobo,Eastern Cape,100
270608,KwaNjana,Mbhashe,Eastern Cape,62
575104,KwaNjoko A,Nqutu,KwaZulu-Natal,245
503029,KwaNjongoma,Umzumbe,KwaZulu-Natal,273
281021,KwaNkcwa,Lukanji,Eastern Cape,1219
260042,KwaNkola,Buffalo City,Eastern Cape,398
568011,KwaNkukhu,Richmond,KwaZulu-Natal,2904
276061,KwaNobanda,Nkonkobe,Eastern Cape,142
271259,KwaNofodosi,Mnquma,Eastern Cape,253
270428,KwaNokatana,Mbhashe,Eastern Cape,372
276026,KwaNomadolo,Nkonkobe,Eastern Cape,248
566050,KwaNomo,The Msunduzi,KwaZulu-Natal,2250
598183,KwaNongidi,Umzimkhulu,KwaZulu-Natal,530
506035,KwaNonhlanga,Hibiscus Coast,KwaZulu-Natal,834
176013,KwaNonqaba,Mossel Bay,Western Cape,27561
271342,KwaNontshinga B,Mnquma,Eastern Cape,342
270126,KwaNotyekeza,Mbhashe,Eastern Cape,477
273113,KwaNoxolo,Amahlathi,Eastern Cape,458
580158,KwaNsele,Nongoma,KwaZulu-Natal,1683
294410,KwaNtabezulu,King Sabata Dalindyebo,Eastern Cape,349
271088,KwaNtibane,Mnquma,Eastern Cape,559
576037,KwaNtonga,Msinga,KwaZulu-Natal,1442
292045,KwaNtshele,Nyandeni,Eastern Cape,652
669002,KwaNtsweng,Ramotshere Moiloa,North West,671
270184,KwaNtxentse,Mbhashe,Eastern Cape,380
582056,KwaNyamazane,Umhlabuyalingana,KwaZulu-Natal,600
575096,KwaNyezi,Nqutu,KwaZulu-Natal,348
282300,KwaNyumane,Intsika Yethu,Eastern Cape,317
284167,KwaNzolo A,Engcobo,Eastern Cape,341
292283,KwaPalo,Nyandeni,Eastern Cape,222
546088,KwaPetezi,Maphumulo,KwaZulu-Natal,644
274081,KwaPikoli,Ngqushwa,Eastern Cape,315
595004,KwaPitela,Kwa Sani,KwaZulu-Natal,443
284301,KwaQithi,Engcobo,Eastern Cape,463
560008,KwaQumbu,Vulamehlo,KwaZulu-Natal,205
271387,KwaRadebe,Mnquma,Eastern Cape,126
271352,KwaRarase,Mnquma,Eastern Cape,158
293178,KwaRhombe,Mhlontlo,Eastern Cape,128
294139,KwaSaba,King Sabata Dalindyebo,Eastern Cape,382
585029,KwaSeme,Hlabisa,KwaZulu-Natal,660
566018,KwaShange,The Msunduzi,KwaZulu-Natal,4803
271031,KwaShosha,Mnquma,Eastern Cape,137
274025,KwaShushu,Ngqushwa,Eastern Cape,456
284365,KwaSigubudo,Engcobo,Eastern Cape,588
295088,KwaSikulumi,Matatiele,Eastern Cape,499
876047,KwaSipunu,Nkomazi,Mpumalanga,2145
504049,KwaSitezi,UMuziwabantu,KwaZulu-Natal,3119
276126,KwaSityi,Nkonkobe,Eastern Cape,657
271122,KwaSokapase,Mnquma,Eastern Cape,54
292019,KwaSompa,Nyandeni,Eastern Cape,554
582058,KwaSonto,Umhlabuyalingana,KwaZulu-Natal,1332
290075,KwaTauka,Ngquza Hill,Eastern Cape,291
270631,KwaTenza A,Mbhashe,Eastern Cape,249
271485,KwaThala,Mnquma,Eastern Cape,206
585022,KwaThembeka,Hlabisa,KwaZulu-Natal,746
298065,KwaThsita,Ntabankulu,Eastern Cape,327
260085,KwaTshatshu,Buffalo City,Eastern Cape,4719
270327,KwaTshezi,Mbhashe,Eastern Cape,558
273100,KwaTwenty,Amahlathi,Eastern Cape,61
284281,KwaVetyu,Engcobo,Eastern Cape,392
271563,KwaVuka,Mnquma,Eastern Cape,138
276056,KwaWezo,Nkonkobe,Eastern Cape,236
271424,KwaXhobane,Mnquma,Eastern Cape,338
270498,KwaYaphi,Mbhashe,Eastern Cape,199
580093,KwaYiphethe,Nongoma,KwaZulu-Natal,4202
263002,KwaZamukucinga,Ikwezi,Eastern Cape,4478
266007,KwaZenzele,Sundays River Valley,Eastern Cape,5352
270640,KwaZibonda,Mbhashe,Eastern Cape,250
270095,KwaZihlehleni,Mbhashe,Eastern Cape,186
290102,KwaZitha,Ngquza Hill,Eastern Cape,593
270064,KwaZulu,Mbhashe,Eastern Cape,179
270630,KwaZwelitsha,Mbhashe,Eastern Cape,178
871006,Kwaggafontein,Thembisile,Mpumalanga,45104
295165,Kwahlomendlwini,Matatiele,Eastern Cape,1273
292286,Kwakombe,Nyandeni,Eastern Cape,1611
282329,Kwamayi,Intsika Yethu,Eastern Cape,445
571027,Kwamiya,Okhahlamba,KwaZulu-Natal,1326
293103,Kwandaya,Mhlontlo,Eastern Cape,270
274075,Kwandwane,Ngqushwa,Eastern Cape,218
571052,Kwanokopela,Okhahlamba,KwaZulu-Natal,2094
282181,Kwanyewe,Intsika Yethu,Eastern Cape,792
674028,Kwareyathlose,Kagisano/Molopo,North West,17
282183,Kwathendeshe,Intsika Yethu,Eastern Cape,267
593046,Kwazini,Ndwedwe,KwaZulu-Natal,3539
295172,KweQana,Matatiele,Eastern Cape,603
581085,KweZibomvu,Ulundi,KwaZulu-Natal,992
270117,Kweleni,Mbhashe,Eastern Cape,374
284346,Kwelesha,Engcobo,Eastern Cape,207
282169,Kwenxuva,Intsika Yethu,Eastern Cape,92
581120,Kweyezulu B,Ulundi,KwaZulu-Natal,613
279015,Kwezi,Tsolwana,Eastern Cape,766
167016,Kylemore,Stellenbosch,Western Cape,4328
974117,Laaste  Hoop,Polokwane,Limpopo,6670
174001,Ladismith,Kannaland,Western Cape,3742
474005,Ladybrand,Mantsopa,Free State,4218
282050,Lahlamlenze,Intsika Yethu,Eastern Cape,304
181001,Laingsburg NU,Laingsburg,Western Cape,2200
298128,Lalashe,Ntabankulu,Eastern Cape,113
276110,Lalini A,Nkonkobe,Eastern Cape,502
271442,Lalo,Mnquma,Eastern Cape,252
161001,Lamberts Bay,Cederberg,Western Cape,6120
276064,Lamyeni,Nkonkobe,Eastern Cape,419
877048,Landela A,Bushbuckridge,Mpumalanga,2743
199028,Langa,City of Cape Town,Western Cape,52401
297241,Langalethu,Mbizana,Eastern Cape,566
163012,Langebaan,Saldanha Bay,Western Cape,8297
270164,Langeni,Mbhashe,Eastern Cape,126
571011,Langkloof,Okhahlamba,KwaZulu-Natal,1437
798019,Lanseria,City of Johannesburg,Gauteng,4788
285038,Lapezi,Sakhisizwe,Eastern Cape,306
799058,Laudium,City of Tshwane,Gauteng,19102
270381,Laza,Mbhashe,Eastern Cape,627
660055,Lebalangwe,Moretele,North West,295
985101,Lebejane,Makhuduthamaga,Limpopo,1124
866002,Lebohang,Govan Mbeki,Mpumalanga,31553
660008,Lebotlwane,Moretele,North West,7214
664095,Ledig,Moses Kotane,North West,20729
182002,Leeu Gamka,Prince Albert,Western Cape,604
799042,Leeufontein,City of Tshwane,Gauteng,1788
766012,Leeuport,Merafong City,Gauteng,5494
664051,Legkraal,Moses Kotane,North West,1432
984003,Legolaneng,Elias Motsoaledi,Limpopo,1760
961083,Legwareng,Greater Letaba,Limpopo,1294
295077,Lehata,Matatiele,Eastern Cape,217
985158,Lehlakong,Makhuduthamaga,Limpopo,1572
976045,Lehlokwaneng,Lepele-Nkumpi,Limpopo,478
161005,Leipoldtville,Cederberg,Western Cape,298
986072,Lekazang,Fetakgomo,Limpopo,821
660026,Lekgolo,Moretele,North West,118
985031,Lekgwareng,Makhuduthamaga,Limpopo,1596
982010,Lekgweng,Mogalakwena,Limpopo,733
982032,Lekhureng,Mogalakwena,Limpopo,2074
526003,Lekkerwater,Dannhauser,KwaZulu-Natal,1331
985005,Lekorong,Makhuduthamaga,Limpopo,623
976059,Lekurung,Lepele-Nkumpi,Limpopo,3047
985132,Lekwageng,Makhuduthamaga,Limpopo,1914
987078,Lenareng,Greater Tubatse,Limpopo,694
270395,Lencane,Mbhashe,Eastern Cape,579
961071,Lenokwe,Greater Letaba,Limpopo,989
962054,Lenyenye,Greater Tzaneen,Limpopo,12099
962037,Leokwe,Greater Tzaneen,Limpopo,661
986088,Lepellane,Fetakgomo,Limpopo,36
978002,Lephalale NU,Lephalale,Limpopo,17745
274087,Leqeni,Ngqushwa,Eastern Cape,228
664064,Lerome,Moses Kotane,North West,11358
982103,Leruleng,Mogalakwena,Limpopo,427
762004,Lesedi NU,Lesedi,Gauteng,8822
664057,Lesetlheng,Moses Kotane,North West,2627
672009,Leshobo,Greater Taung,North West,2069
664030,Lesobe,Moses Kotane,North West,19
662028,Lesung,Rustenburg,North West,552
661024,Letlhabile,Madibeng,North West,41334
664056,Letlhakeng,Moses Kotane,North West,1756
766006,Letsatsing,Merafong City,Gauteng,1160
969039,Letshwatla,Blouberg,Limpopo,1954
968088,Levubu,Makhado,Limpopo,207
292117,Libode,Nyandeni,Eastern Cape,4560
295173,Lihetlane,Matatiele,Eastern Cape,1398
478011,Liliandale,Metsimaholo,Free State,179
292051,Limdaka,Nyandeni,Eastern Cape,426
797019,Lindelani Village,Ekurhuleni,Gauteng,11932
583033,Lindizwe,Jozini,KwaZulu-Natal,584
297184,Lindokuhle B,Mbizana,Eastern Cape,573
294356,Lisani,King Sabata Dalindyebo,Eastern Cape,487
871010,LithuliVillage,Thembisile,Mpumalanga,2557
660011,Little,Moretele,North West,2175
284038,Lixeni B,Engcobo,Eastern Cape,299
573020,Lochsloy A,Imbabazane,KwaZulu-Natal,1085
665006,Logagane,Ratlou,North West,623
360073,Logobate,Joe Morolong,Northern Cape,547
674006,Lokgeng,Kagisano/Molopo,North West,1240
270523,Lokishini,Mbhashe,Eastern Cape,134
667039,Lomanyaneng,Mafikeng,North West,14479
598175,Long Clove,Umzimkhulu,KwaZulu-Natal,830
384010,Longlands,Dikgatlong,Northern Cape,2933
577016,Lootshoek,Umvoti,KwaZulu-Natal,418
964003,Loraine,Maruleng,Limpopo,5430
664012,Losmytjerrie,Moses Kotane,North West,582
565003,Loteni,Impendle,KwaZulu-Natal,18
360076,Lotlhakane,Joe Morolong,Northern Cape,881
377004,Loubos,Mier,Northern Cape,641
379010,Louisvale,//Khara Hais,Northern Cape,1585
529003,Louwsburg,Abaqulusi,KwaZulu-Natal,4061
274091,Lovers Twist,Ngqushwa,Eastern Cape,638
276086,Lower Endwell,Nkonkobe,Eastern Cape,2
293327,Lower Gungululu,Mhlontlo,Eastern Cape,1256
281087,Lower Hackney,Lukanji,Eastern Cape,209
281053,Lower Hukuwa 1-B,Lukanji,Eastern Cape,136
281075,Lower Lahlangubo,Lukanji,Eastern Cape,243
284171,Lower Manyisana,Engcobo,Eastern Cape,460
281036,Lower Merino Walk,Lukanji,Eastern Cape,516
599106,Lower Molweni,eThekwini,KwaZulu-Natal,1729
284222,Lower Ndungunyeni,Engcobo,Eastern Cape,150
291069,Lower Ntafufu,Port St Johns,Eastern Cape,745
290060,Lower Qoqo,Ngquza Hill,Eastern Cape,88
286083,Lower Tokwana,Elundini,Eastern Cape,910
282125,Lower Tsojana Village,Intsika Yethu,Eastern Cape,502
285071,Lower Voyizana,Sakhisizwe,Eastern Cape,160
273121,Lower eNgqeqe,Amahlathi,Eastern Cape,408
290084,Lubala,Ngquza Hill,Eastern Cape,1955
286158,Lubalweni,Elundini,Eastern Cape,256
291018,Lubende,Port St Johns,Eastern Cape,400
296182,Lubhacweni B,Umzimvubu,Eastern Cape,7640
284384,Lubiza,Engcobo,Eastern Cape,623
297115,Lubunde,Mbizana,Eastern Cape,653
296238,Lucingweni C,Umzimvubu,Eastern Cape,281
798020,Lucky 7,City of Johannesburg,Gauteng,0
270073,Lucwecwe Mdovi,Mbhashe,Eastern Cape,24
291184,Ludalasi,Port St Johns,Eastern Cape,1793
297110,Ludeke B,Mbizana,Eastern Cape,545
297108,Ludeke Mission,Mbizana,Eastern Cape,578
294419,Ludizini,King Sabata Dalindyebo,Eastern Cape,417
965112,Ludzie,Mutale,Limpopo,45
295023,Lufefeni,Matatiele,Eastern Cape,773
295191,Lugada,Matatiele,Eastern Cape,1228
599157,Luganda,eThekwini,KwaZulu-Natal,6165
290156,Lugongqozo,Ngquza Hill,Eastern Cape,30
294057,Lugxogxo,King Sabata Dalindyebo,Eastern Cape,1333
284106,Luhlalweni,Engcobo,Eastern Cape,173
290034,Lujecweni,Ngquza Hill,Eastern Cape,342
297377,Lujizo,Mbizana,Eastern Cape,340
966016,Lukalo,Thulamela,Limpopo,1532
297233,Lukhalweni,Mbizana,Eastern Cape,147
598024,Lukhanyeni,Umzimkhulu,KwaZulu-Natal,821
295281,Lukholweni,Matatiele,Eastern Cape,1408
294191,Lukwethu,King Sabata Dalindyebo,Eastern Cape,725
966210,Lulamani,Thulamela,Limpopo,61
282324,Lulwaneni,Intsika Yethu,Eastern Cape,215
283159,Lumko,Emalahleni,Eastern Cape,85
874019,Lundi,Mbombela,Mpumalanga,4514
296157,Lungangeni B,Umzimvubu,Eastern Cape,155
270434,Lunyoti,Mbhashe,Eastern Cape,408
874058,Luphisi,Mbombela,Mpumalanga,2911
291142,Luphoko,Port St Johns,Eastern Cape,218
297321,Lupondweni,Mbizana,Eastern Cape,49
290059,Luqhoqweni,Ngquza Hill,Eastern Cape,200
965077,Lurangwe,Mutale,Limpopo,549
297335,Lurholweni B,Mbizana,Eastern Cape,5944
272007,Lusasa,Great Kei,Eastern Cape,228
271440,Lusizi,Mnquma,Eastern Cape,821
296130,Lusuthu,Umzimvubu,Eastern Cape,1815
296109,Lutateni,Umzimvubu,Eastern Cape,1850
291090,Luthengele,Port St Johns,Eastern Cape,1333
290021,Luthulini,Ngquza Hill,Eastern Cape,2044
292180,Lutsheko,Nyandeni,Eastern Cape,1056
292032,Lutubeni,Nyandeni,Eastern Cape,1399
270332,Lututu B,Mbhashe,Eastern Cape,542
968053,Luvhalani,Makhado,Limpopo,836
588052,Luwamba,Ntambanana,KwaZulu-Natal,930
283063,Luxeni A,Emalahleni,Eastern Cape,175
279002,Luxolweni,Tsolwana,Eastern Cape,3354
284023,Luxwesweni,Engcobo,Eastern Cape,56
291013,Luzupho,Port St Johns,Eastern Cape,1539
966171,Lwamondo,Thulamela,Limpopo,20218
284074,Lwandlana,Engcobo,Eastern Cape,491
292027,Lwandlane,Nyandeni,Eastern Cape,304
294085,Lyndale,King Sabata Dalindyebo,Eastern Cape,1474
960063,MaPhata,Greater Giyani,Limpopo,2138
962090,Maake,Greater Tzaneen,Limpopo,3583
987086,Maandagshoek,Greater Tubatse,Limpopo,1698
271213,Mabala,Mnquma,Eastern Cape,611
260116,Mabaleni,Buffalo City,Eastern Cape,506
569023,Mabaso,Indaka,KwaZulu-Natal,5007
581112,Mabedlana B,Ulundi,KwaZulu-Natal,887
599067,Mabedlane C,eThekwini,KwaZulu-Natal,3168
294352,Mabehana,King Sabata Dalindyebo,Eastern Cape,719
664072,Mabeleleng,Moses Kotane,North West,605
282270,Mabentseni,Intsika Yethu,Eastern Cape,612
294421,Mabhana,King Sabata Dalindyebo,Eastern Cape,355
294117,Mabheleni A,King Sabata Dalindyebo,Eastern Cape,3977
296192,Mabhobho,Umzimvubu,Eastern Cape,864
270220,Mabholobela,Mbhashe,Eastern Cape,570
571050,Mabhulesini A,Okhahlamba,KwaZulu-Natal,622
587044,Mabhuyeni,Mfolozi,KwaZulu-Natal,872
985156,Mabintwane,Makhuduthamaga,Limpopo,2057
662040,Mabitse,Rustenburg,North West,715
298048,Mabofu,Ntabankulu,Eastern Cape,949
966217,Mabokoro,Thulamela,Limpopo,545
661023,Maboloka,Madibeng,North West,31113
674022,Mabone,Kagisano/Molopo,North West,561
986079,Mabotagale,Fetakgomo,Limpopo,804
295063,Mabula,Matatiele,Eastern Cape,629
575087,Mabululwane,Nqutu,KwaZulu-Natal,669
585024,Mabundeni,Hlabisa,KwaZulu-Natal,2784
598062,Mabuyana,Umzimkhulu,KwaZulu-Natal,1169
965019,Mabvete,Mutale,Limpopo,1260
594029,Macabazini,Ingwe,KwaZulu-Natal,452
285011,Macangceni,Sakhisizwe,Eastern Cape,258
580191,Macekaneni,Nongoma,KwaZulu-Natal,501
870009,Machadodorp,Emakhazeni,Mpumalanga,106
298089,Mache Mgxoboshane,Ntabankulu,Eastern Cape,253
271492,Machelesini,Mnquma,Eastern Cape,159
276048,Machibini,Nkonkobe,Eastern Cape,158
982108,Machikiri,Mogalakwena,Limpopo,1459
260016,Macleantown,Buffalo City,Eastern Cape,580
294269,Macosa,King Sabata Dalindyebo,Eastern Cape,422
297195,Madadana,Mbizana,Eastern Cape,1510
542016,Madaka,Nkandla,KwaZulu-Natal,442
581062,Madakwadunuse,Ulundi,KwaZulu-Natal,483
965006,Madangani,Mutale,Limpopo,708
964017,Madeira,Maruleng,Limpopo,3844
270154,Madi,Mbhashe,Eastern Cape,240
297301,Madiba B,Mbizana,Eastern Cape,179
667015,Madibe-Magelelo,Mafikeng,North West,184
665022,Madibogo,Ratlou,North West,22556
987159,Madidimola,Greater Tubatse,Limpopo,1820
974050,Madiga A,Polokwane,Limpopo,2604
976015,Madikeleng,Lepele-Nkumpi,Limpopo,1166
967006,Madimbo,Musina,Limpopo,2739
360009,Madingwane,Joe Morolong,Northern Cape,831
672058,Madipelesa,Greater Taung,North West,2132
976065,Madisha-Ditoro,Lepele-Nkumpi,Limpopo,4036
284239,Madladleni,Engcobo,Eastern Cape,433
538018,Madlanghala,uMhlathuze,KwaZulu-Natal,4465
298114,Madokazana,Ntabankulu,Eastern Cape,890
966181,Madonsi,Thulamela,Limpopo,3220
273128,Madubela,Amahlathi,Eastern Cape,608
575041,Maduladula A,Nqutu,KwaZulu-Natal,2344
295232,Maduna,Matatiele,Eastern Cape,235
669032,Madutle,Ramotshere Moiloa,North West,871
298095,Madwakazana,Ntabankulu,Eastern Cape,1119
282339,Madyoze,Intsika Yethu,Eastern Cape,75
976038,Maejane,Lepele-Nkumpi,Limpopo,3466
674019,Maeng B,Kagisano/Molopo,North West,117
479008,Mafahlaneng,Mafube,Free State,5644
293221,Mafamini,Mhlontlo,Eastern Cape,120
985128,Mafatle,Makhuduthamaga,Limpopo,63
662032,Mafika,Rustenburg,North West,887
561009,Mafithini,Umdoni,KwaZulu-Natal,4346
575023,Mafitleng B,Nqutu,KwaZulu-Natal,318
965080,Mafukani,Mutale,Limpopo,586
284141,Mafusini A,Engcobo,Eastern Cape,310
982056,Magabaneng,Mogalakwena,Limpopo,588
575040,Magabeni B,Nqutu,KwaZulu-Natal,315
287121,Magadla A,Senqu,Eastern Cape,403
982051,Magagamatala,Mogalakwena,Limpopo,1221
575080,Magala,Nqutu,KwaZulu-Natal,426
763006,Magaliesburg,Mogale City,Gauteng,6363
297367,Magangane,Mbizana,Eastern Cape,101
294445,Maganyeni,King Sabata Dalindyebo,Eastern Cape,391
295025,Magayazidlele,Matatiele,Eastern Cape,170
292191,Magcakini,Nyandeni,Eastern Cape,832
270560,Magebula,Mbhashe,Eastern Cape,215
283137,Magemfaneni,Emalahleni,Eastern Cape,1092
598180,Magikala,Umzimkhulu,KwaZulu-Natal,433
598068,Magoagoeni,Umzimkhulu,KwaZulu-Natal,766
968125,Magobo,Makhado,Limpopo,643
876043,Magogeni,Nkomazi,Mpumalanga,7396
672049,Magogong,Greater Taung,North West,8327
985097,Magolaneng,Makhuduthamaga,Limpopo,666
282058,Magomeni,Intsika Yethu,Eastern Cape,168
294103,Magontsini,King Sabata Dalindyebo,Eastern Cape,1086
985131,Magorong,Makhuduthamaga,Limpopo,843
287095,Magozeni,Senqu,Eastern Cape,545
293051,Magqagqeni,Mhlontlo,Eastern Cape,1064
273105,Magqobhokeni,Amahlathi,Eastern Cape,531
579030,Magudu,UPhongolo,KwaZulu-Natal,400
291132,Magumbini,Port St Johns,Eastern Cape,642
293214,Magutwa,Mhlontlo,Eastern Cape,1217
295158,Maguzen,Matatiele,Eastern Cape,1853
276054,Magwalala,Nkonkobe,Eastern Cape,268
560066,Magwaza,Vulamehlo,KwaZulu-Natal,386
294105,Magwongweni,King Sabata Dalindyebo,Eastern Cape,517
295238,Magxeni A,Matatiele,Eastern Cape,273
297360,Mahaha,Mbizana,Eastern Cape,530
292070,Mahane,Nyandeni,Eastern Cape,120
295027,Mahangu B,Matatiele,Eastern Cape,179
580072,Mahashem,Nongoma,KwaZulu-Natal,2268
597027,Mahehle,Ubuhlebezwe,KwaZulu-Natal,5399
286071,Mahemeng,Elundini,Eastern Cape,975
542080,Maheze,Nkandla,KwaZulu-Natal,184
986054,Mahlabaphooko,Fetakgomo,Limpopo,640
986004,Mahlabeng,Fetakgomo,Limpopo,365
986012,Mahlahlaneng,Fetakgomo,Limpopo,906
295280,Mahlake,Matatiele,Eastern Cape,419
985020,Mahlalaneng,Makhuduthamaga,Limpopo,853
282111,Mahlatini A,Intsika Yethu,Eastern Cape,310
474002,Mahlatswetsa,Mantsopa,Free State,5591
877126,Mahlobyanini,Bushbuckridge,Mpumalanga,3908
282192,Mahlubini,Intsika Yethu,Eastern Cape,83
565008,Mahlutshini,Impendle,KwaZulu-Natal,760
292015,Mahobeni,Nyandeni,Eastern Cape,271
295145,Maholoholo,Matatiele,Eastern Cape,377
292008,Mahoyana,Nyandeni,Eastern Cape,665
874002,Mahukule A,Mbombela,Mpumalanga,224
538032,Mahunu,uMhlathuze,KwaZulu-Natal,3543
982120,Mahwelereng,Mogalakwena,Limpopo,41072
985066,Maila Modiketsi,Makhuduthamaga,Limpopo,2870
276138,Maipase,Nkonkobe,Eastern Cape,1092
565004,Maitland,Impendle,KwaZulu-Natal,292
271269,Majamaneni,Mnquma,Eastern Cape,160
360058,Majankeng,Joe Morolong,Northern Cape,244
297289,Majela,Mbizana,Eastern Cape,839
666013,Majeng,Tswaing,North West,1501
270344,Majola,Mbhashe,Eastern Cape,112
296232,Majuba,Umzimvubu,Eastern Cape,50
294151,Majwarheni A,King Sabata Dalindyebo,Eastern Cape,819
984017,Makaepea,Elias Motsoaledi,Limpopo,639
674009,Makala a Thutlwa,Kagisano/Molopo,North West,218
270453,Makamiso Dinata,Mbhashe,Eastern Cape,259
583021,Makane,Jozini,KwaZulu-Natal,6305
985042,Makapa,Makhuduthamaga,Limpopo,1471
974135,Makatiane,Polokwane,Limpopo,721
965014,Makavhini,Mutale,Limpopo,709
974081,Makeketela,Polokwane,Limpopo,3080
472051,Makeneng,Maluti a Phofung,Free State,3246
297285,Makewini A,Mbizana,Eastern Cape,78
667016,Makgabana  (Madibe),Mafikeng,North West,3556
961014,Makgakgapatse,Greater Letaba,Limpopo,2021
964015,Makgaung,Maruleng,Limpopo,4648
974109,Makgeng,Polokwane,Limpopo,448
974040,Makgofe,Polokwane,Limpopo,9085
664052,Makgope,Moses Kotane,North West,988
984013,Makgukubjane,Elias Motsoaledi,Limpopo,1845
974035,Makgwareng,Polokwane,Limpopo,667
968002,Makhado NU,Makhado,Limpopo,20273
472019,Makhalaneng,Maluti a Phofung,Free State,5085
598035,Makhamleni,Umzimkhulu,KwaZulu-Natal,105
576008,Makhasana,Msinga,KwaZulu-Natal,1807
283205,Makhikhi,Emalahleni,Eastern Cape,737
293147,Makhodi,Mhlontlo,Eastern Cape,836
295014,Makholweni,Matatiele,Eastern Cape,152
590018,Makhosaneni,Mthonjaneni,KwaZulu-Natal,2285
667049,Makhubung,Mafikeng,North West,2482
283191,Makhumeni / Manga,Emalahleni,Eastern Cape,175
976055,Makhushaneng,Lepele-Nkumpi,Limpopo,3356
966073,Makhuvha B,Thulamela,Limpopo,5394
591018,Makhwanini,Mandeni,KwaZulu-Natal,2275
588055,Makhwela,Ntambanana,KwaZulu-Natal,1254
292132,Makhwethubeni,Nyandeni,Eastern Cape,1617
270013,Makobokeni,Mbhashe,Eastern Cape,465
874023,Makoko,Mbombela,Mpumalanga,3026
662056,Makolokwe,Rustenburg,North West,1574
872029,Makometsane,Dr JS Moroka,Mpumalanga,1735
664073,Makoshong,Moses Kotane,North West,848
292047,Makotyana,Nyandeni,Eastern Cape,917
286094,Makratlanyeni,Elundini,Eastern Cape,301
987034,Makubu,Greater Tubatse,Limpopo,2826
966083,Makuleke,Thulamela,Limpopo,4502
287070,Makumsha,Senqu,Eastern Cape,384
287049,Makuyaze,Senqu,Eastern Cape,375
966068,Makwarani,Thulamela,Limpopo,867
664059,Makweleng,Moses Kotane,North West,1573
293018,Maladini,Mhlontlo,Eastern Cape,219
860012,Malahleka,Albert Luthuli,Mpumalanga,333
876009,Malalane,Nkomazi,Mpumalanga,3486
966204,Malamhala,Thulamela,Limpopo,1211
582022,Malangeni,Umhlabuyalingana,KwaZulu-Natal,77
976083,Malatane,Lepele-Nkumpi,Limpopo,1690
983035,Malebitsa,Ephraim Mogale,Limpopo,4041
976063,Malekapane,Lepele-Nkumpi,Limpopo,509
961095,Malematsa,Greater Letaba,Limpopo,1455
984058,Maleoskop,Elias Motsoaledi,Limpopo,115
288003,Maletswai NU,Maletswai,Eastern Cape,3981
294286,Malindini,King Sabata Dalindyebo,Eastern Cape,376
582083,Malobeni,Umhlabuyalingana,KwaZulu-Natal,229
290122,Malola,Ngquza Hill,Eastern Cape,218
291140,Malongana,Port St Johns,Eastern Cape,33
271098,Malongweni,Mnquma,Eastern Cape,329
295111,Maloto,Matatiele,Eastern Cape,686
281020,Malsoleni,Lukanji,Eastern Cape,271
542039,Malunga,Nkandla,KwaZulu-Natal,983
295117,Maluti,Matatiele,Eastern Cape,7223
471002,Mamafubedu,Nketoana,Free State,12297
293040,Mamani,Mhlontlo,Eastern Cape,166
260052,Mamata,Buffalo City,Eastern Cape,459
576052,Mambeni,Msinga,KwaZulu-Natal,1494
297196,Mamcakweni,Mbizana,Eastern Cape,570
271053,Mamela,Mnquma,Eastern Cape,64
598191,Mameni,Umzimkhulu,KwaZulu-Natal,1103
281016,Mamfeneni,Lukanji,Eastern Cape,413
964027,Mamietja,Maruleng,Limpopo,1302
961035,Mamokgadi,Greater Letaba,Limpopo,1187
974082,Mamotintane,Polokwane,Limpopo,1885
961110,Mamphakathi,Greater Letaba,Limpopo,856
294239,Mampingeni A,King Sabata Dalindyebo,Eastern Cape,671
292177,Mampondomiseni,Nyandeni,Eastern Cape,2768
199001,Mamre,City of Cape Town,Western Cape,9048
297345,Mamvunyelwa,Mbizana,Eastern Cape,114
294016,Manaleni,King Sabata Dalindyebo,Eastern Cape,859
966063,Maname,Thulamela,Limpopo,204
876056,Mananga,Nkomazi,Mpumalanga,2440
295083,Manase,Matatiele,Eastern Cape,572
291203,Mancu,Port St Johns,Eastern Cape,370
542064,Mandabe,Nkandla,KwaZulu-Natal,617
272013,Mandela,Great Kei,Eastern Cape,563
591013,Mandeni,Mandeni,KwaZulu-Natal,3904
292220,Mandileni,Nyandeni,Eastern Cape,1718
296149,Mandileni D,Umzimvubu,Eastern Cape,374
546040,Mandlakazi,Maphumulo,KwaZulu-Natal,437
282126,Mandlaneni,Intsika Yethu,Eastern Cape,725
294267,Mandlantsha,King Sabata Dalindyebo,Eastern Cape,373
292299,Mandleni,Nyandeni,Eastern Cape,872
292195,Mandlovini,Nyandeni,Eastern Cape,721
271371,Mandluntsha,Mnquma,Eastern Cape,157
293108,Mandyimba,Mhlontlo,Eastern Cape,303
587012,Manembeni,Mfolozi,KwaZulu-Natal,3089
985038,Manganeng,Makhuduthamaga,Limpopo,2407
270362,Mangathi,Mbhashe,Eastern Cape,1434
499002,Mangaung NU,Mangaung,Free State,17893
281024,Mangena,Lukanji,Eastern Cape,249
271097,Mangobomvu A,Mnquma,Eastern Cape,988
286023,Mangoloaneng,Elundini,Eastern Cape,943
294309,Mangolotini,King Sabata Dalindyebo,Eastern Cape,923
966088,Mangondi B,Thulamela,Limpopo,1275
591019,Mangqakaza,Mandeni,KwaZulu-Natal,1074
270189,Mangqileni,Mbhashe,Eastern Cape,824
292024,Mangwaneni,Nyandeni,Eastern Cape,2492
877141,Mangwazi,Bushbuckridge,Mpumalanga,61
271271,Mangweni A,Mnquma,Eastern Cape,549
294337,Mangwevini,King Sabata Dalindyebo,Eastern Cape,662
583044,Manhlali,Jozini,KwaZulu-Natal,586
593007,Manjonjweni,Ndwedwe,KwaZulu-Natal,39
589140,Mankayiyana,uMlalazi,KwaZulu-Natal,1493
661005,Mankgekgetha,Madibeng,North West,643
589063,Mankunzana,uMlalazi,KwaZulu-Natal,201
974084,Mankweng,Polokwane,Limpopo,33738
987134,Manoke,Greater Tubatse,Limpopo,1672
983025,Manotolwaneng,Ephraim Mogale,Limpopo,424
283182,Manqata,Emalahleni,Eastern Cape,18
281082,Manqondane,Lukanji,Eastern Cape,126
272005,Manqukela,Great Kei,Eastern Cape,185
292173,Mantanjeni,Nyandeni,Eastern Cape,436
672025,Manthathabe,Greater Taung,North West,661
974019,Mantheding B,Polokwane,Limpopo,110
285072,Mantlolufa,Sakhisizwe,Eastern Cape,261
664015,Mantserre,Moses Kotane,North West,4350
294312,Mantshilibeni,King Sabata Dalindyebo,Eastern Cape,238
474003,Mantsopa NU,Mantsopa,Free State,8214
271125,Mantunzeleni,Mnquma,Eastern Cape,538
284313,Manuneni,Engcobo,Eastern Cape,406
291137,Manxiweni,Port St Johns,Eastern Cape,828
582068,Manyampisi,Umhlabuyalingana,KwaZulu-Natal,848
984028,Manyanga,Elias Motsoaledi,Limpopo,1095
360115,Manyeding,Joe Morolong,Northern Cape,1583
290090,Manyengele,Ngquza Hill,Eastern Cape,451
575015,Manyongazane,Nqutu,KwaZulu-Natal,717
283056,Manyosini,Emalahleni,Eastern Cape,638
270379,Manzamnyama,Mbhashe,Eastern Cape,642
597040,Manzayabila,Ubuhlebezwe,KwaZulu-Natal,3
292012,Manzimabi,Nyandeni,Eastern Cape,307
285048,Manzimdaka,Sakhisizwe,Eastern Cape,1283
276150,Maoibini,Nkonkobe,Eastern Cape,445
985054,Maololo,Makhuduthamaga,Limpopo,501
968047,Mapakophele,Makhado,Limpopo,824
292311,Mapalo,Nyandeni,Eastern Cape,383
987089,Mapareng,Greater Tubatse,Limpopo,880
978032,Mapela,Lephalale,Limpopo,5752
295161,Mapheelle,Matatiele,Eastern Cape,392
669014,Maphepane,Ramotshere Moiloa,North West,146
672037,Maphoitsile,Greater Taung,North West,4602
987153,Maphopha,Greater Tubatse,Limpopo,3094
580022,Maphundu,Nongoma,KwaZulu-Natal,322
962031,Mapitula,Greater Tzaneen,Limpopo,2084
872023,Mapoch,Dr JS Moroka,Mpumalanga,9169
295188,Mapoleseng,Matatiele,Eastern Cape,1099
877107,Mapulaneng View,Bushbuckridge,Mpumalanga,3840
967001,Mapungubwe Nature Reserve,Musina,Limpopo,332
292322,Maqabeni,Nyandeni,Eastern Cape,190
286225,Maqangulweni,Elundini,Eastern Cape,208
292231,Maqebevu,Nyandeni,Eastern Cape,440
295242,Maqhatseni,Matatiele,Eastern Cape,393
589029,Maqhogo,uMlalazi,KwaZulu-Natal,1031
589129,Maqhulu,uMlalazi,KwaZulu-Natal,1274
282023,Maqingeni,Intsika Yethu,Eastern Cape,137
284403,Maqomeni,Engcobo,Eastern Cape,525
294415,Maqomeni C,King Sabata Dalindyebo,Eastern Cape,584
270085,Maqotongweni,Mbhashe,Eastern Cape,315
581086,Maqwatha,Ulundi,KwaZulu-Natal,1220
282220,Maqwatini B,Intsika Yethu,Eastern Cape,210
985057,Maraganeng,Makhuduthamaga,Limpopo,268
987080,Marakalala,Greater Tubatse,Limpopo,103
976051,Maralaleng,Lepele-Nkumpi,Limpopo,1939
965012,Maramanzhi,Mutale,Limpopo,664
298030,Maramzini,Ntabankulu,Eastern Cape,990
966125,Maranzhe,Thulamela,Limpopo,1764
872008,Marapyane,Dr JS Moroka,Mpumalanga,10886
282357,Marawuleni,Intsika Yethu,Eastern Cape,91
983002,Marble Hall NU,Ephraim Mogale,Limpopo,16311
163009,Marcus Island,Saldanha Bay,Western Cape,0
983012,Mareleng,Ephraim Mogale,Limpopo,134
987008,Maretiwane,Greater Tubatse,Limpopo,2361
292118,Mareweni,Nyandeni,Eastern Cape,1772
297281,Marhamzini,Mbizana,Eastern Cape,216
597026,Mariathal,Ubuhlebezwe,KwaZulu-Natal,441
877009,Mariepskop State Forest,Bushbuckridge,Mpumalanga,4
877067,Maripe,Bushbuckridge,Mpumalanga,2949
877132,Marite,Bushbuckridge,Mpumalanga,8657
987016,Marobajin,Greater Tubatse,Limpopo,2007
799009,Marokolong,City of Tshwane,Gauteng,17455
877121,Marongwane,Bushbuckridge,Mpumalanga,1982
987123,Marota A,Greater Tubatse,Limpopo,334
961086,Marotholong,Greater Letaba,Limpopo,4111
526016,Martha,Dannhauser,KwaZulu-Natal,575
964002,Maruleng NU,Maruleng,Limpopo,2330
295137,Marulule,Matatiele,Eastern Cape,416
361012,Maruping,Ga-Segonyana,Northern Cape,22981
860003,Maryvale,Albert Luthuli,Mpumalanga,112
295155,Masakala,Matatiele,Eastern Cape,507
280004,Masakhe,Inkwanca,Eastern Cape,3277
287039,Masaleng,Senqu,Eastern Cape,809
291215,Masameni A,Port St Johns,Eastern Cape,229
360070,Masankong,Joe Morolong,Northern Cape,299
974061,Masealama,Polokwane,Limpopo,271
985087,Masehlaneng,Makhuduthamaga,Limpopo,1033
287064,Masekeleng,Senqu,Eastern Cape,388
271515,Masele,Mnquma,Eastern Cape,616
291197,Masemeni B,Port St Johns,Eastern Cape,909
987040,Masete,Greater Tubatse,Limpopo,1014
986070,Mashabela,Fetakgomo,Limpopo,1307
986095,Mashabela C,Fetakgomo,Limpopo,23
986061,Masharu,Fetakgomo,Limpopo,525
270436,Mashaweni,Mbhashe,Eastern Cape,133
985084,Mashegwane,Makhuduthamaga,Limpopo,6137
986102,Mashilabela,Fetakgomo,Limpopo,1346
589011,Mashishi,uMlalazi,KwaZulu-Natal,2760
966165,Mashobye,Thulamela,Limpopo,1638
985047,Mashwanyaneng,Makhuduthamaga,Limpopo,899
472056,Masianokeng,Maluti a Phofung,Free State,255
360022,Masilebatsena,Joe Morolong,Northern Cape,707
295241,Masimangweni,Matatiele,Eastern Cape,73
271261,Masisini,Mnquma,Eastern Cape,897
370002,Masizakhe,Umsobomvu,Northern Cape,1101
542013,Masoka,Nkandla,KwaZulu-Natal,211
290253,Masonti,Ngquza Hill,Eastern Cape,168
285059,Masoyisi,Sakhisizwe,Eastern Cape,309
976022,Masusele,Lepele-Nkumpi,Limpopo,185
571049,Maswazini,Okhahlamba,KwaZulu-Natal,743
985139,Maswiakae,Makhuduthamaga,Limpopo,4240
282061,Matafeni,Intsika Yethu,Eastern Cape,182
968040,Matanda,Makhado,Limpopo,4538
292183,Matanzima,Nyandeni,Eastern Cape,718
270007,Matati,Mbhashe,Eastern Cape,208
965018,Mataulu,Mutale,Limpopo,1214
982057,Matebeleng,Mogalakwena,Limpopo,389
295170,Mateleng,Matatiele,Eastern Cape,271
295061,Matewu,Matatiele,Eastern Cape,1022
291051,Mathana,Port St Johns,Eastern Cape,384
968132,Mathatji,Makhado,Limpopo,1089
575137,Mathengeni,Nqutu,KwaZulu-Natal,559
877130,Mathibela,Bushbuckridge,Mpumalanga,968
660045,Mathibestad,Moretele,North West,25945
542069,Mathiya,Nkandla,KwaZulu-Natal,1501
271200,Mathole A,Mnquma,Eastern Cape,692
546018,Mathonsi,Maphumulo,KwaZulu-Natal,653
291195,Mathseru,Port St Johns,Eastern Cape,331
503085,Mathulini,Umzumbe,KwaZulu-Natal,8335
575110,Mathutshana,Nqutu,KwaZulu-Natal,593
871001,Mathys Zyn Loop-A,Thembisile,Mpumalanga,4907
287038,Matikisong,Senqu,Eastern Cape,165
983036,Matilo,Ephraim Mogale,Limpopo,408
577029,Matimatolo,Umvoti,KwaZulu-Natal,6670
514014,Matiwane,Emnambithi/Ladysmith,KwaZulu-Natal,10075
467003,Matjhabeng NU,Matjhabeng,Free State,9148
462004,Matlakeng,Mohokare,Free State,13714
970085,Matlaleng,Aganang,Limpopo,331
983061,Matlerekeng,Ephraim Mogale,Limpopo,4847
667058,Matlhonyane,Mafikeng,North West,1219
986091,Matlou,Fetakgomo,Limpopo,268
475007,Matlwangtlwang,Moqhaka,Free State,7794
985032,Matolokwale,Makhuduthamaga,Limpopo,1206
270061,Matolweni A,Mbhashe,Eastern Cape,720
976029,Matome,Lepele-Nkumpi,Limpopo,2338
199024,Matroosfontein,City of Cape Town,Western Cape,77121
973029,Matseke,Molemole,Limpopo,6151
282204,Matshaba,Intsika Yethu,Eastern Cape,538
585005,Matshamnyama,Hlabisa,KwaZulu-Natal,1411
270019,Matshaweni,Mbhashe,Eastern Cape,211
965093,Matsheketsheke,Mutale,Limpopo,426
542083,Matshemade,Nkandla,KwaZulu-Natal,603
965021,Matshena,Mutale,Limpopo,1297
589010,Matsheni,uMlalazi,KwaZulu-Natal,1178
598058,Matshetsha,Umzimkhulu,KwaZulu-Natal,0
472023,Matshidiso,Maluti a Phofung,Free State,510
985080,Matshite,Makhuduthamaga,Limpopo,789
282230,Matshona,Intsika Yethu,Eastern Cape,331
961070,Matshwi,Greater Letaba,Limpopo,5778
472010,Matsikeng,Maluti a Phofung,Free State,5691
985077,Matsoke,Makhuduthamaga,Limpopo,1807
286150,Matugulu,Elundini,Eastern Cape,274
284322,Matyaleni,Engcobo,Eastern Cape,236
297146,Matyangankomo,Mbizana,Eastern Cape,487
284194,Matyeni,Engcobo,Eastern Cape,344
283176,Matyhantya A,Emalahleni,Eastern Cape,298
968061,Mauluma,Makhado,Limpopo,3413
966130,Maungani,Thulamela,Limpopo,7271
270283,Mavaleleni Shinira,Mbhashe,Eastern Cape,609
962035,Mavele,Greater Tzaneen,Limpopo,4818
966139,Mavhunda A,Thulamela,Limpopo,388
877106,Maviljan A,Bushbuckridge,Mpumalanga,6829
966005,Mavunde,Thulamela,Limpopo,1573
276151,Mavuvumezini,Nkonkobe,Eastern Cape,974
294165,Maweni,King Sabata Dalindyebo,Eastern Cape,623
291199,Mawosha,Port St Johns,Eastern Cape,438
589101,Mawudlu,uMlalazi,KwaZulu-Natal,365
282143,Mawusheni,Intsika Yethu,Eastern Cape,233
282114,Maxambeni,Intsika Yethu,Eastern Cape,174
296071,Maxegweni,Umzimvubu,Eastern Cape,246
293028,Maxeleni,Mhlontlo,Eastern Cape,61
282336,Maxhame,Intsika Yethu,Eastern Cape,350
291037,Maxuxubeni,Port St Johns,Eastern Cape,92
292280,Mayalweni,Nyandeni,Eastern Cape,564
503081,Mayekeni,Umzumbe,KwaZulu-Natal,1445
860045,Mayflower,Albert Luthuli,Mpumalanga,13547
529018,Mayime,Abaqulusi,KwaZulu-Natal,837
282149,Mayireni B,Intsika Yethu,Eastern Cape,204
576006,Mazabeko,Msinga,KwaZulu-Natal,1748
587009,Mazawula,Mfolozi,KwaZulu-Natal,1060
582093,Mazibomvu,Umhlabuyalingana,KwaZulu-Natal,4062
284069,Mazimeni,Engcobo,Eastern Cape,172
282266,Mazizini A,Intsika Yethu,Eastern Cape,735
276042,Mazotshweni,Nkonkobe,Eastern Cape,274
965127,Mazwimba,Mutale,Limpopo,107
566045,Mbabane,The Msunduzi,KwaZulu-Natal,3118
966032,Mbahela,Thulamela,Limpopo,852
270304,Mbamba,Mbhashe,Eastern Cape,957
291007,Mbambeni,Port St Johns,Eastern Cape,145
581097,Mbanda B,Ulundi,KwaZulu-Natal,145
589058,Mbangayiya,uMlalazi,KwaZulu-Natal,251
876045,Mbangwane,Nkomazi,Mpumalanga,2441
297148,Mbanqwana,Mbizana,Eastern Cape,1026
284291,Mbashe,Engcobo,Eastern Cape,237
270385,Mbashe C,Mbhashe,Eastern Cape,62
582091,Mbazwana,Umhlabuyalingana,KwaZulu-Natal,4312
860008,Mbejeka,Albert Luthuli,Mpumalanga,514
166007,Mbekweni,Drakenstein,Western Cape,30875
271301,Mbendeni,Mnquma,Eastern Cape,448
293157,Mbentsa,Mhlontlo,Eastern Cape,1137
270402,Mbethe,Mbhashe,Eastern Cape,288
575067,Mbewunye B,Nqutu,KwaZulu-Natal,324
270002,Mbhashe NU,Mbhashe,Eastern Cape,1383
283036,Mbholomopheni,Emalahleni,Eastern Cape,501
593055,Mbhukubhu,Ndwedwe,KwaZulu-Natal,743
286216,Mbidlana,Elundini,Eastern Cape,795
581094,Mbilane A,Ulundi,KwaZulu-Natal,656
966133,Mbilwi,Thulamela,Limpopo,5077
286192,Mbinja,Elundini,Eastern Cape,256
270509,Mbityana,Mbhashe,Eastern Cape,263
297002,Mbizana NU,Mbizana,Eastern Cape,840
286093,Mbizeni,Elundini,Eastern Cape,232
296231,Mbizweni,Umzimvubu,Eastern Cape,100
965037,Mbodi Tsha Fasi,Mutale,Limpopo,542
290005,Mbofu,Ngquza Hill,Eastern Cape,433
297273,Mbokodwa,Mbizana,Eastern Cape,56
287006,Mboleni,Senqu,Eastern Cape,629
260111,Mbolompeni,Buffalo City,Eastern Cape,750
874003,Mbombela NU,Mbombela,Mpumalanga,24504
284220,Mbombombo,Engcobo,Eastern Cape,85
587007,Mbonambi NU,Mfolozi,KwaZulu-Natal,2615
298083,Mboneni,Ntabankulu,Eastern Cape,168
560009,Mbongolwane,Vulamehlo,KwaZulu-Natal,309
503066,Mbonje,Umzumbe,KwaZulu-Natal,1337
290329,Mbotyi,Ngquza Hill,Eastern Cape,329
582051,Mboza,Umhlabuyalingana,KwaZulu-Natal,1357
291003,Mboziseni,Port St Johns,Eastern Cape,2094
282250,Mbudlu,Intsika Yethu,Eastern Cape,690
282358,Mbulu,Intsika Yethu,Eastern Cape,500
562006,Mbulwane,uMshwathi,KwaZulu-Natal,463
566005,Mbumbu,The Msunduzi,KwaZulu-Natal,11842
546029,Mbutane,Maphumulo,KwaZulu-Natal,713
271076,Mbuthweni,Mnquma,Eastern Cape,266
270243,Mbutye A,Mbhashe,Eastern Cape,329
965052,Mbuyuni,Mutale,Limpopo,133
876054,Mbuzini,Nkomazi,Mpumalanga,9988
276050,Mcamama,Nkonkobe,Eastern Cape,150
286208,Mcedu,Elundini,Eastern Cape,243
270273,Mcelwane,Mbhashe,Eastern Cape,407
273027,Mcewula,Amahlathi,Eastern Cape,162
292123,Mchonco,Nyandeni,Eastern Cape,1202
284186,Mcinga,Engcobo,Eastern Cape,694
294094,Mcobotini A,King Sabata Dalindyebo,Eastern Cape,770
292092,Mcubakazi,Nyandeni,Eastern Cape,1437
291027,Mcwabansasa,Port St Johns,Eastern Cape,1690
270119,Mcwasa,Mbhashe,Eastern Cape,0
290230,Mdakeni,Ngquza Hill,Eastern Cape,530
260088,Mdantsane,Buffalo City,Eastern Cape,156835
287007,Mdaweni,Senqu,Eastern Cape,222
276030,Mdeni B,Nkonkobe,Eastern Cape,127
270596,Mdibaniso,Mbhashe,Eastern Cape,360
297034,Mdikiso,Mbizana,Eastern Cape,978
286195,Mdilungwa,Elundini,Eastern Cape,164
298146,Mdini,Ntabankulu,Eastern Cape,395
292282,Mdlakathweni,Nyandeni,Eastern Cape,551
506016,Mdlanzi,Hibiscus Coast,KwaZulu-Natal,1877
577031,Mdlelanto,Umvoti,KwaZulu-Natal,6235
287079,Mdlokovane,Senqu,Eastern Cape,301
292194,Mdoni,Nyandeni,Eastern Cape,911
273014,Mdukukeni,Amahlathi,Eastern Cape,379
290100,Mdumazulu B,Ngquza Hill,Eastern Cape,227
282356,Mdunjeni,Intsika Yethu,Eastern Cape,43
273010,Mdzisane,Amahlathi,Eastern Cape,307
961096,Medingeng,Greater Letaba,Limpopo,15602
589019,Mehlamasha,uMlalazi,KwaZulu-Natal,100
503083,Mehlomnyama,Umzumbe,KwaZulu-Natal,3009
987049,Melao,Greater Tubatse,Limpopo,888
199007,Melkbosstrand,City of Cape Town,Western Cape,11586
590014,Melmoth,Mthonjaneni,KwaZulu-Natal,7814
270410,Memani,Mbhashe,Eastern Cape,281
592013,Memory,KwaDukuza,KwaZulu-Natal,777
295234,Menyane,Matatiele,Eastern Cape,1739
766002,Merafong City NU,Merafong City,Gauteng,7031
295259,Meriting,Matatiele,Eastern Cape,766
183009,Merweville,Beaufort West,Western Cape,1592
872039,Metsemadiba,Dr JS Moroka,Mpumalanga,2455
877109,Metsi,Bushbuckridge,Mpumalanga,1809
165003,Meulstroom,Witzenberg,Western Cape,1084
292215,Meyana,Nyandeni,Eastern Cape,412
287077,Meyi,Senqu,Eastern Cape,668
291189,Mfadaleni,Port St Johns,Eastern Cape,743
586007,Mfekayi,Mtubatuba,KwaZulu-Natal,17773
662059,Mfidikoe,Rustenburg,North West,4823
582025,Mfilweni,Umhlabuyalingana,KwaZulu-Natal,2501
290170,Mfinizweni,Ngquza Hill,Eastern Cape,2444
297185,Mfolozi A,Mbizana,Eastern Cape,664
542121,Mfongosi,Nkandla,KwaZulu-Natal,513
199034,Mfuleni,City of Cape Town,Western Cape,52274
297160,Mfundambini,Mbizana,Eastern Cape,258
598166,Mfundweni,Umzimkhulu,KwaZulu-Natal,3014
591002,Mfuze,Mandeni,KwaZulu-Natal,233
271092,Mgadi,Mnquma,Eastern Cape,47
585017,Mgangado,Hlabisa,KwaZulu-Natal,2401
581061,Mganimbobo A,Ulundi,KwaZulu-Natal,412
293175,Mgantsho,Mhlontlo,Eastern Cape,462
270275,Mgatshe,Mbhashe,Eastern Cape,265
286128,Mgcantsi,Elundini,Eastern Cape,584
874017,Mgcobaneni,Mbombela,Mpumalanga,3264
599008,Mgezanyoni,eThekwini,KwaZulu-Natal,221
271487,Mgobhozi,Mnquma,Eastern Cape,406
296135,Mgodi,Umzimvubu,Eastern Cape,364
506011,Mgolemi,Hibiscus Coast,KwaZulu-Natal,9808
282156,Mgongxo,Intsika Yethu,Eastern Cape,52
585019,Mgovuzo,Hlabisa,KwaZulu-Natal,1318
276078,Mgquba,Nkonkobe,Eastern Cape,1014
295203,Mguba,Matatiele,Eastern Cape,376
291067,Mgugwana,Port St Johns,Eastern Cape,750
297331,Mgungundlovu B,Mbizana,Eastern Cape,901
284124,Mgwalana B,Engcobo,Eastern Cape,408
282362,Mgwatyuzeni,Intsika Yethu,Eastern Cape,383
567033,Mgwenya,Mkhambathini,KwaZulu-Natal,1239
282224,Mgxobhozweni B,Intsika Yethu,Eastern Cape,108
285077,Mgxumza,Sakhisizwe,Eastern Cape,434
503021,Mhlabatshane,Umzumbe,KwaZulu-Natal,514
294026,Mhlabubomvu,King Sabata Dalindyebo,Eastern Cape,1047
581052,Mhlahlane B,Ulundi,KwaZulu-Natal,765
506056,Mhlalandlini,Hibiscus Coast,KwaZulu-Natal,5142
270543,Mhlanga,Mbhashe,Eastern Cape,267
293165,Mhlangala,Mhlontlo,Eastern Cape,244
577039,Mhlangandlovu,Umvoti,KwaZulu-Natal,166
294450,Mhlangura,King Sabata Dalindyebo,Eastern Cape,459
589051,Mhlathuzana,uMlalazi,KwaZulu-Natal,168
270459,Mhlohlozi,Mbhashe,Eastern Cape,289
284245,Mhlontlo,Engcobo,Eastern Cape,294
284236,Mhlopekazi,Engcobo,Eastern Cape,875
291074,Mhlotsheni,Port St Johns,Eastern Cape,2074
290154,Mhlumba,Ngquza Hill,Eastern Cape,396
575014,Mhlungwane A,Nqutu,KwaZulu-Natal,2074
869004,Mhluzi,Steve Tshwete,Mpumalanga,76462
597047,Mhlweni,Ubuhlebezwe,KwaZulu-Natal,1895
586010,Mhujini,Mtubatuba,KwaZulu-Natal,3291
966030,Mianzwi,Thulamela,Limpopo,1928
499015,Middeldeel,Mangaung,Free State,302
276102,Middledrift,Nkonkobe,Eastern Cape,2140
563011,Midmar,uMngeni,KwaZulu-Natal,95
526007,Mielibult,Dannhauser,KwaZulu-Natal,541
377002,Mier NU,Mier,Northern Cape,1803
966098,Milaboni,Thulamela,Limpopo,343
199014,Milnerton,City of Cape Town,Western Cape,95630
962018,Miragoma,Greater Tzaneen,Limpopo,4495
281056,Mission,Lukanji,Eastern Cape,77
199039,Mitchells Plain,City of Cape Town,Western Cape,310485
504042,Mjaja,UMuziwabantu,KwaZulu-Natal,3280
294308,Mjelweni,King Sabata Dalindyebo,Eastern Cape,689
293198,Mjikweni,Mhlontlo,Eastern Cape,743
298024,Mjila,Ntabankulu,Eastern Cape,524
292026,Mjobeni,Nyandeni,Eastern Cape,753
292125,Mkankato,Nyandeni,Eastern Cape,1568
270290,Mkatazo,Mbhashe,Eastern Cape,295
270163,Mkhalalo,Mbhashe,Eastern Cape,31
290248,Mkhambathi,Ngquza Hill,Eastern Cape,78
290210,Mkhamela,Ngquza Hill,Eastern Cape,2291
588010,Mkhandwini,Ntambanana,KwaZulu-Natal,1016
281091,Mkhanzi,Lukanji,Eastern Cape,466
270105,Mkhehle,Mbhashe,Eastern Cape,454
292135,Mkhohlombeni,Nyandeni,Eastern Cape,1354
538009,Mkhoma,uMhlathuze,KwaZulu-Natal,5360
862003,Mkhondo NU,Mkhondo,Mpumalanga,61942
575011,Mkhonjane B,Nqutu,KwaZulu-Natal,1072
575019,Mkhonjane F,Nqutu,KwaZulu-Natal,740
295262,Mkhuhlane,Matatiele,Eastern Cape,41
270092,Mkhukhwini,Mbhashe,Eastern Cape,408
290031,Mkhumbi,Ngquza Hill,Eastern Cape,161
589015,Mkhunyana,uMlalazi,KwaZulu-Natal,1156
291023,Mkhuzaza,Port St Johns,Eastern Cape,362
287091,Mkhuzo,Senqu,Eastern Cape,198
294203,Mkhwezo,King Sabata Dalindyebo,Eastern Cape,1450
580120,Mkiwaneni,Nongoma,KwaZulu-Natal,618
276062,Mkobeni,Nkonkobe,Eastern Cape,133
297025,Mkobongo,Mbizana,Eastern Cape,142
565032,Mkomazi,Impendle,KwaZulu-Natal,193
271398,Mkonjane,Mnquma,Eastern Cape,187
298147,Mkumbi,Ntabankulu,Eastern Cape,329
282174,Mkuthukeni,Intsika Yethu,Eastern Cape,279
579006,Mkwakweni,UPhongolo,KwaZulu-Natal,8491
270207,Mkwezeni,Mbhashe,Eastern Cape,32
298006,Mlambondaba,Ntabankulu,Eastern Cape,176
287087,Mlamli,Senqu,Eastern Cape,1344
298151,Mlaza,Ntabankulu,Eastern Cape,571
960009,Mlhava,Greater Giyani,Limpopo,1043
297315,Mlomekuba,Mbizana,Eastern Cape,895
285014,Mlonzi,Sakhisizwe,Eastern Cape,32
505014,Mlozane,Ezingoleni,KwaZulu-Natal,3070
974001,Mmadigorong,Polokwane,Limpopo,4728
674045,Mmagabue,Kagisano/Molopo,North West,432
661037,Mmakau,Madibeng,North West,36605
983031,Mmakgatle,Ephraim Mogale,Limpopo,412
982114,Mmalepetleke,Mogalakwena,Limpopo,2897
982104,Mmamatlakala,Mogalakwena,Limpopo,1625
271267,Mmango,Mnquma,Eastern Cape,194
270377,Mmangweni,Mbhashe,Eastern Cape,437
285052,Mmangweni 3,Sakhisizwe,Eastern Cape,273
969065,Mmankgodi,Blouberg,Limpopo,1279
674033,Mmaphuti,Kagisano/Molopo,North West,75
660034,Mmathlwaela,Moretele,North West,335
294316,Mmelwane,King Sabata Dalindyebo,Eastern Cape,335
983040,Mmotwaneng,Ephraim Mogale,Limpopo,1265
503057,Mnamfu,Umzumbe,KwaZulu-Natal,12700
270162,Mncangalelo,Mbhashe,Eastern Cape,427
293213,Mncetyana,Mhlontlo,Eastern Cape,338
284018,Mncwasi,Engcobo,Eastern Cape,106
294373,Mncxoshe,King Sabata Dalindyebo,Eastern Cape,212
270310,Mndundu,Mbhashe,Eastern Cape,483
589001,Mngampondo,uMlalazi,KwaZulu-Natal,1371
271063,Mngcangcatelo,Mnquma,Eastern Cape,577
271085,Mngcwazi,Mnquma,Eastern Cape,423
271182,Mngomanzi,Mnquma,Eastern Cape,357
260020,Mngqesha,Buffalo City,Eastern Cape,1228
282349,Mngwenyama,Intsika Yethu,Eastern Cape,146
271215,Mngxokweni,Mnquma,Eastern Cape,156
276154,Mnqaba James,Nkonkobe,Eastern Cape,585
282037,Mnqanqeni,Intsika Yethu,Eastern Cape,476
298113,Mnqobosi,Ntabankulu,Eastern Cape,1529
293078,Mnqunyana,Mhlontlo,Eastern Cape,177
592008,Mnsonono,KwaDukuza,KwaZulu-Natal,4807
284118,Mntuntloni,Engcobo,Eastern Cape,256
285039,Mnxe 2,Sakhisizwe,Eastern Cape,524
295256,Mnyamaneni,Matatiele,Eastern Cape,747
294104,Mnyane,King Sabata Dalindyebo,Eastern Cape,913
592030,Mnyomawini,KwaDukuza,KwaZulu-Natal,3104
976040,Mobosobohlogo,Lepele-Nkumpi,Limpopo,333
260036,Modaka,Buffalo City,Eastern Cape,1745
661044,Modderspruit,Madibeng,North West,16851
662029,Modikwe,Rustenburg,North West,3395
980003,Modimolle Munic NU,Modimolle,Limpopo,8509
962009,Modjadji,Greater Tzaneen,Limpopo,724
987006,Moduberg,Greater Tubatse,Limpopo,1036
472053,Moeding,Maluti a Phofung,Free State,716
660029,Moema,Moretele,North West,401
271419,Mofu,Mnquma,Eastern Cape,156
986023,Mogabane,Fetakgomo,Limpopo,757
983008,Mogalatsana,Ephraim Mogale,Limpopo,850
962095,Mogapeng,Greater Tzaneen,Limpopo,2702
976026,Mogodi,Lepele-Nkumpi,Limpopo,4992
295136,Mogogwe,Matatiele,Eastern Cape,414
984050,Mogomane,Elias Motsoaledi,Limpopo,382
672018,Mogopela,Greater Taung,North West,3285
976047,Mogoto,Lepele-Nkumpi,Limpopo,16511
676007,Mohadin,Tlokwe City Council,North West,1601
961039,Mohlabeng,Greater Letaba,Limpopo,2781
987132,Mohlake,Greater Tubatse,Limpopo,209
983032,Mohlalaotoane,Ephraim Mogale,Limpopo,4106
982096,Mohlotlo,Mogalakwena,Limpopo,286
973002,Mohodi,Molemole,Limpopo,13127
985024,Mohwelere,Makhuduthamaga,Limpopo,574
961084,Mojeketla,Greater Letaba,Limpopo,4639
361016,Mokala-Mosesane,Ga-Segonyana,Northern Cape,202
664003,Mokgalwaneng,Moses Kotane,North West,7493
669021,Mokgola,Ramotshere Moiloa,North West,7069
987105,Mokgorwane,Greater Tubatse,Limpopo,3471
986062,Mokhulwana,Fetakgomo,Limpopo,501
965111,Mokololwe,Mutale,Limpopo,170
666018,Mokope,Tswaing,North West,717
477006,Mokwallo,Ngwathe,Free State,13293
964024,Molalane,Maruleng,Limpopo,1838
985068,Molapong,Makhuduthamaga,Limpopo,158
985027,Molebeledi,Makhuduthamaga,Limpopo,827
672045,Molelema,Greater Taung,North West,4823
872021,Moletji,Dr JS Moroka,Mpumalanga,166
961100,Mollong,Greater Letaba,Limpopo,151
877012,Moloro,Bushbuckridge,Mpumalanga,2053
871019,Moloto,Thembisile,Mpumalanga,29634
599061,Molweni,eThekwini,KwaZulu-Natal,4580
599103,Molweni C,eThekwini,KwaZulu-Natal,1009
282202,Mome,Intsika Yethu,Eastern Cape,383
986027,Monametsi,Fetakgomo,Limpopo,1197
674018,Monetsi,Kagisano/Molopo,North West,100
982028,Mongatane,Mogalakwena,Limpopo,827
664031,Mononono,Moses Kotane,North West,1999
984015,Monsterlus,Elias Motsoaledi,Limpopo,7631
982006,Monte Christo,Mogalakwena,Limpopo,534
297141,Monti C,Mbizana,Eastern Cape,333
667027,Montshioa,Mafikeng,North West,6680
974038,Monyamane,Polokwane,Limpopo,338
667082,Mooifontein,Mafikeng,North West,880
661048,Mooinooi,Madibeng,North West,4733
676003,Mooivallei Park,Tlokwe City Council,North West,355
979002,Mookgopong Munic NU,Mookgopong,Limpopo,9604
570015,Moor Park,Umtshezi,KwaZulu-Natal,17
969071,Mophamamona,Blouberg,Limpopo,1300
588005,Mopukanqola,Ntambanana,KwaZulu-Natal,574
295087,Moqhobi,Matatiele,Eastern Cape,347
961025,Morakeng,Greater Letaba,Limpopo,1051
962007,Morapalala,Greater Tzaneen,Limpopo,1629
973032,Morbeng,Molemole,Limpopo,2371
660023,Moretele,Moretele,North West,4050
987111,Morethuse,Greater Tubatse,Limpopo,1058
864001,Morgenzon,Lekwa,Mpumalanga,1893
674021,Morokwaneng,Kagisano/Molopo,North West,3022
961067,Moropeni,Greater Letaba,Limpopo,830
970015,Morowe,Aganang,Limpopo,3220
664048,Moruleng,Moses Kotane,North West,11220
667050,Morwatshetlha,Mafikeng,North West,1499
985036,Mosate,Makhuduthamaga,Limpopo,1047
664002,Moses Kotane NU,Moses Kotane,North West,1976
669006,Moshana,Ramotshere Moiloa,North West,10133
985102,Moshate A,Makhuduthamaga,Limpopo,1998
360002,Moshaweng NU North,Joe Morolong,Northern Cape,4228
987013,Moshira,Greater Tubatse,Limpopo,1001
662039,Mosonthal-Marubitshi,Rustenburg,North West,7456
176014,Mossel Bay,Mossel Bay,Western Cape,29887
982046,Mosuka,Mogalakwena,Limpopo,344
672035,Motakaneng,Greater Taung,North West,769
987150,Motate,Greater Tubatse,Limpopo,1636
974094,Mothakeng,Polokwane,Limpopo,215
299008,Motherwell,Nelson Mandela Bay,Eastern Cape,140351
360114,Mothong,Joe Morolong,Northern Cape,86
499029,Motlala,Mangaung,Free State,1134
664038,Motlhabe,Moses Kotane,North West,2742
974056,Motlhatsweng,Polokwane,Limpopo,1670
983015,Motselope,Ephraim Mogale,Limpopo,539
984007,Motsephiri,Elias Motsoaledi,Limpopo,1833
961090,Motshele,Greater Letaba,Limpopo,1339
985135,Motsonko,Makhuduthamaga,Limpopo,211
672051,Motsweding,Greater Taung,North West,3764
664083,Moubane,Moses Kotane,North West,1529
260126,Mount Coke Station,Buffalo City,Eastern Cape,52
296195,Mount Frere,Umzimvubu,Eastern Cape,5252
274069,Mount Somerset,Ngqushwa,Eastern Cape,357
274062,Mountain View,Ngqushwa,Eastern Cape,31
294237,Moyeni,King Sabata Dalindyebo,Eastern Cape,346
260179,Mozana,Buffalo City,Eastern Cape,263
294272,Mpafeni,King Sabata Dalindyebo,Eastern Cape,891
598069,Mpakameni,Umzimkhulu,KwaZulu-Natal,1344
270284,Mpama,Mbhashe,Eastern Cape,338
294157,Mpandela,King Sabata Dalindyebo,Eastern Cape,1093
292080,Mpangeni,Nyandeni,Eastern Cape,2093
287045,Mparolo,Senqu,Eastern Cape,723
294070,Mpeko,King Sabata Dalindyebo,Eastern Cape,699
298059,Mpemba,Ntabankulu,Eastern Cape,282
292153,Mpendle,Nyandeni,Eastern Cape,512
290331,Mpenkulu,Ngquza Hill,Eastern Cape,720
271490,Mpentse,Mnquma,Eastern Cape,451
293106,Mpetsheni,Mhlontlo,Eastern Cape,196
583083,Mphakathi,Jozini,KwaZulu-Natal,486
560030,Mphambanyoni,Vulamehlo,KwaZulu-Natal,285
286073,Mpharane,Elundini,Eastern Cape,1740
982047,Mphelelo,Mogalakwena,Limpopo,533
968093,Mpheni,Makhado,Limpopo,13188
504021,Mpheshu,UMuziwabantu,KwaZulu-Natal,1754
504032,Mphikwa,UMuziwabantu,KwaZulu-Natal,1645
283206,Mphothulo,Emalahleni,Eastern Cape,489
984032,Mphurome,Elias Motsoaledi,Limpopo,235
294249,Mpikwane,King Sabata Dalindyebo,Eastern Cape,736
292295,Mpimbo,Nyandeni,Eastern Cape,709
296217,Mpindweni B,Umzimvubu,Eastern Cape,363
297297,Mpisi,Mbizana,Eastern Cape,140
568013,Mpofana,Richmond,KwaZulu-Natal,1206
968121,Mpofu,Makhado,Limpopo,313
599138,Mpola A,eThekwini,KwaZulu-Natal,8465
284306,Mpompeni,Engcobo,Eastern Cape,391
270597,Mpondo,Mbhashe,Eastern Cape,145
260162,Mpongo,Buffalo City,Eastern Cape,202
571051,Mpontsheni,Okhahlamba,KwaZulu-Natal,806
576023,Mpopolwane,Msinga,KwaZulu-Natal,769
292155,Mpotini,Nyandeni,Eastern Cape,1163
290195,Mpoza,Ngquza Hill,Eastern Cape,1217
270100,Mpozolo A,Mbhashe,Eastern Cape,513
286120,Mpukane,Elundini,Eastern Cape,544
575140,Mpukunyoni,Nqutu,KwaZulu-Natal,547
290080,Mpumaze,Ngquza Hill,Eastern Cape,1139
580068,Mpumulwana,Nongoma,KwaZulu-Natal,815
260021,Mpundu,Buffalo City,Eastern Cape,461
581096,Mpungose,Ulundi,KwaZulu-Natal,2992
286219,Mpunkone,Elundini,Eastern Cape,330
598001,Mpupumeni,Umzimkhulu,KwaZulu-Natal,1573
598127,Mpur,Umzimkhulu,KwaZulu-Natal,235
284085,Mqabo,Engcobo,Eastern Cape,75
595002,Mqatsheni,Kwa Sani,KwaZulu-Natal,1913
573001,Mqedandaba,Imbabazane,KwaZulu-Natal,4136
297253,Mqeni B,Mbizana,Eastern Cape,2528
296067,Mqhekezweni,Umzimvubu,Eastern Cape,246
270505,Mqinda,Mbhashe,Eastern Cape,321
294289,Mqokweni,King Sabata Dalindyebo,Eastern Cape,137
594042,Mqondekweni,Ingwe,KwaZulu-Natal,1223
282110,Mqorwane,Intsika Yethu,Eastern Cape,206
594008,Mqulela,Ingwe,KwaZulu-Natal,643
588049,Mquzankunzi,Ntambanana,KwaZulu-Natal,482
274051,Mqwashwini,Ngqushwa,Eastern Cape,513
271363,Mrhawuzeli,Mnquma,Eastern Cape,584
290249,Mrhotsho,Ngquza Hill,Eastern Cape,891
294182,Mrotshozo,King Sabata Dalindyebo,Eastern Cape,250
282208,Msarweni,Intsika Yethu,Eastern Cape,605
292043,Mseleni,Nyandeni,Eastern Cape,191
542032,Mshayazafe,Nkandla,KwaZulu-Natal,518
580162,Mshiki,Nongoma,KwaZulu-Natal,498
583002,Mshonisalanga,Jozini,KwaZulu-Natal,251
290055,Msikaba B,Ngquza Hill,Eastern Cape,505
294428,Msila,King Sabata Dalindyebo,Eastern Cape,230
271300,Msintsana,Mnquma,Eastern Cape,798
297324,Msizaswe,Mbizana,Eastern Cape,798
542071,Msobotsheni,Nkandla,KwaZulu-Natal,842
861002,Msukaligwa NU,Msukaligwa,Mpumalanga,29429
296091,Msukeni 1,Umzimvubu,Eastern Cape,871
580107,Msunduze,Nongoma,KwaZulu-Natal,98
580010,Mtakayise,Nongoma,KwaZulu-Natal,97
270303,Mtantaneni,Mbhashe,Eastern Cape,959
297300,Mtatisa Village,Mbizana,Eastern Cape,351
526005,Mtendeka,Dannhauser,KwaZulu-Natal,5011
503030,Mthaleni,Umzumbe,KwaZulu-Natal,1461
569017,Mthembu,Indaka,KwaZulu-Natal,14154
874013,Mthimba,Mbombela,Mpumalanga,7668
283030,Mthini,Emalahleni,Eastern Cape,388
294470,Mthokwana,King Sabata Dalindyebo,Eastern Cape,370
296214,Mthombokazi,Umzimvubu,Eastern Cape,631
297305,Mthongweni,Mbizana,Eastern Cape,1029
271126,Mthonjeni,Mnquma,Eastern Cape,203
293068,Mthozelo,Mhlontlo,Eastern Cape,293
284164,Mthumeni,Engcobo,Eastern Cape,77
585003,Mthwadlana,Hlabisa,KwaZulu-Natal,3200
271536,Mthwaku B,Mnquma,Eastern Cape,496
598182,Mthwana,Umzimkhulu,KwaZulu-Natal,1192
284151,Mtini,Engcobo,Eastern Cape,418
589073,Mtintombi,uMlalazi,KwaZulu-Natal,677
560027,Mtoli,Vulamehlo,KwaZulu-Natal,354
293025,Mtondela,Mhlontlo,Eastern Cape,142
295181,Mtshatshaneni,Matatiele,Eastern Cape,490
271364,Mtshayelweni,Mnquma,Eastern Cape,275
270158,Mtshekelweni,Mbhashe,Eastern Cape,309
290285,Mtshiso,Ngquza Hill,Eastern Cape,325
985121,Mtshung,Makhuduthamaga,Limpopo,396
586031,Mtubatuba,Mtubatuba,KwaZulu-Natal,27237
287072,Mtunzini,Senqu,Eastern Cape,1215
281098,Mtwakazi-B,Lukanji,Eastern Cape,235
284089,Mtwazi,Engcobo,Eastern Cape,130
274018,Mtyolo,Ngqushwa,Eastern Cape,663
270502,Mtyuba,Mbhashe,Eastern Cape,90
968018,Mudimeli,Makhado,Limpopo,2886
965075,Mufulwi,Mutale,Limpopo,734
968082,Mugivhi,Makhado,Limpopo,9639
965068,Muhotoni,Mutale,Limpopo,69
524008,Muiskraal,Newcastle,KwaZulu-Natal,3452
966207,Mukhomi,Thulamela,Limpopo,3810
965047,Mukovhabale,Mutale,Limpopo,861
966080,Mukumbani,Thulamela,Limpopo,2431
962069,Mulati,Greater Tzaneen,Limpopo,3110
968042,Mulenga,Makhado,Limpopo,259
526048,Mullingar,Dannhauser,KwaZulu-Natal,748
286233,Munga,Elundini,Eastern Cape,259
582078,Munyu,Umhlabuyalingana,KwaZulu-Natal,702
966124,Muraga,Thulamela,Limpopo,1472
987066,Murolaneng,Greater Tubatse,Limpopo,939
968013,Musekwa,Makhado,Limpopo,721
967004,Musina,Musina,Limpopo,42678
965050,Musunda,Mutale,Limpopo,319
965048,Muswodi,Mutale,Limpopo,4124
966162,Mutoti,Thulamela,Limpopo,904
966020,Mutshetshe,Thulamela,Limpopo,673
968135,Muwaweni,Makhado,Limpopo,1350
965070,Mvala,Mutale,Limpopo,144
582042,Mvelabusha,Umhlabuyalingana,KwaZulu-Natal,1573
291204,Mvelelo,Port St Johns,Eastern Cape,1125
290234,Mvimvane,Ngquza Hill,Eastern Cape,1087
546071,Mvozana,Maphumulo,KwaZulu-Natal,825
286031,Mvumane,Elundini,Eastern Cape,525
566030,Mvundlweni,The Msunduzi,KwaZulu-Natal,4150
589127,Mvuthine,uMlalazi,KwaZulu-Natal,1811
567019,Mvuyane,Mkhambathini,KwaZulu-Natal,836
296010,Mwaca A,Umzimvubu,Eastern Cape,275
542119,Mwane,Nkandla,KwaZulu-Natal,1132
290259,Mxarhu,Ngquza Hill,Eastern Cape,917
271086,Mxhaka,Mnquma,Eastern Cape,263
290107,Mxokozweni,Ngquza Hill,Eastern Cape,1086
986037,Myakela,Fetakgomo,Limpopo,385
180008,Myoli Beach,Knysna,Western Cape,42
560048,Mysieland,Vulamehlo,KwaZulu-Natal,345
297044,Mzamba B,Mbizana,Eastern Cape,1130
260107,Mzamonhle,Buffalo City,Eastern Cape,8338
271430,Mzantsi B,Mnquma,Eastern Cape,132
506032,Mzimakwe,Hibiscus Coast,KwaZulu-Natal,901
290072,Mzimkhulu,Ngquza Hill,Eastern Cape,82
876030,Mzinti,Nkomazi,Mpumalanga,11412
290116,Mzintlava A,Ngquza Hill,Eastern Cape,185
260034,Mzintshane,Buffalo City,Eastern Cape,607
538001,Mzipofu,uMhlathuze,KwaZulu-Natal,1626
290312,Mzizangwa,Ngquza Hill,Eastern Cape,1134
295222,Mzongwana,Matatiele,Eastern Cape,377
565015,Mzumbe,Impendle,KwaZulu-Natal,792
542140,Mzwaneni,Nkandla,KwaZulu-Natal,582
287003,N'Dofela,Senqu,Eastern Cape,208
976036,Naauwpoort Ext1,Lepele-Nkumpi,Limpopo,109
984044,Naganeng,Elias Motsoaledi,Limpopo,1239
961013,Nakampe,Greater Letaba,Limpopo,4260
463002,Naledi NU,Naledi,Free State,3516
569013,Namakazi,Indaka,KwaZulu-Natal,2695
583071,Nambulungwana,Jozini,KwaZulu-Natal,5147
282076,Nango,Intsika Yethu,Eastern Cape,266
276097,Napier Park,Nkonkobe,Eastern Cape,469
968011,Natalie,Makhado,Limpopo,99
176020,Nautilus Bay,Mossel Bay,Western Cape,10
292336,Nayval,Nyandeni,Eastern Cape,5
285089,Ncaluka,Sakhisizwe,Eastern Cape,381
282117,Ncambalala,Intsika Yethu,Eastern Cape,1270
270048,Ncambezana,Mbhashe,Eastern Cape,261
271517,Ncatha,Mnquma,Eastern Cape,431
529029,Nceceni,Abaqulusi,KwaZulu-Natal,2547
294461,Ncekane,King Sabata Dalindyebo,Eastern Cape,214
575097,Ncepheni A,Nqutu,KwaZulu-Natal,1731
260164,Ncera,Buffalo City,Eastern Cape,1245
360062,Nchwaning,Joe Morolong,Northern Cape,4
291042,Ncimbini,Port St Johns,Eastern Cape,332
293158,Ncithi,Mhlontlo,Eastern Cape,151
293156,Ncitsweni,Mhlontlo,Eastern Cape,233
284011,Ncityana B,Engcobo,Eastern Cape,51
538024,Ncombo,uMhlathuze,KwaZulu-Natal,1205
271137,Ncorha,Mnquma,Eastern Cape,538
579010,Ncotshane B,UPhongolo,KwaZulu-Natal,13071
580115,Ncungu,Nongoma,KwaZulu-Natal,1122
360045,Ncwaneng,Joe Morolong,Northern Cape,224
270257,Ndaba,Mbhashe,Eastern Cape,82
583065,Ndabeni,Jozini,KwaZulu-Natal,556
569038,Ndaka,Indaka,KwaZulu-Natal,650
293052,Ndakeni,Mhlontlo,Eastern Cape,725
568007,Ndaleni,Richmond,KwaZulu-Natal,8282
294394,Ndamse,King Sabata Dalindyebo,Eastern Cape,89
297132,Ndatini,Mbizana,Eastern Cape,164
598002,Ndawana,Umzimkhulu,KwaZulu-Natal,564
291064,Ndayini,Port St Johns,Eastern Cape,412
297356,Ndengane,Mbizana,Eastern Cape,212
260096,Ndevana,Buffalo City,Eastern Cape,1283
598189,Ndideni,Umzimkhulu,KwaZulu-Natal,423
542045,Ndikwe,Nkandla,KwaZulu-Natal,838
293273,Ndimanga,Mhlontlo,Eastern Cape,747
538025,Ndindima,uMhlathuze,KwaZulu-Natal,1838
542068,Ndindini,Nkandla,KwaZulu-Natal,1055
286118,Ndingeni,Elundini,Eastern Cape,252
274076,Ndlambe,Ngqushwa,Eastern Cape,1010
284258,Ndlela,Engcobo,Eastern Cape,167
273063,Ndlovini,Amahlathi,Eastern Cape,599
580184,Ndlozana,Nongoma,KwaZulu-Natal,1253
284075,Ndlunkulu A,Engcobo,Eastern Cape,269
594077,Ndodeni,Ingwe,KwaZulu-Natal,1009
586008,Ndombeni,Mtubatuba,KwaZulu-Natal,3610
860048,Ndonga,Albert Luthuli,Mpumalanga,268
284290,Nduka,Engcobo,Eastern Cape,356
292306,Nduli,Nyandeni,Eastern Cape,144
285063,Ndum-Ndum,Sakhisizwe,Eastern Cape,528
296013,Ndumndum,Umzimvubu,Eastern Cape,427
292121,Nduna,Nyandeni,Eastern Cape,260
577008,Ndundumene,Umvoti,KwaZulu-Natal,558
287103,Ndungunya,Senqu,Eastern Cape,435
290129,Ndungunyeni B,Ngquza Hill,Eastern Cape,69
580164,Ndunyeni,Nongoma,KwaZulu-Natal,949
276057,Nduweni,Nkonkobe,Eastern Cape,195
503060,Ndwebu,Umzumbe,KwaZulu-Natal,139
542059,Ndweni,Nkandla,KwaZulu-Natal,2012
273009,Ndzisaneni,Amahlathi,Eastern Cape,188
296106,Ndzongiseni,Umzimvubu,Eastern Cape,1884
360089,Neira,Joe Morolong,Northern Cape,341
799053,Nellmapius,City of Tshwane,Gauteng,56111
294389,Nenga,King Sabata Dalindyebo,Eastern Cape,1087
260149,New Chalumna,Buffalo City,Eastern Cape,659
877086,New Forest A,Bushbuckridge,Mpumalanga,1731
562026,New Hanover,uMshwathi,KwaZulu-Natal,3175
295024,New House,Matatiele,Eastern Cape,199
877122,New Market Manor,Bushbuckridge,Mpumalanga,288
271277,New Rest,Mnquma,Eastern Cape,311
293134,New Stead,Mhlontlo,Eastern Cape,781
524010,Newcastle,Newcastle,KwaZulu-Natal,56144
599111,Newlands East,eThekwini,KwaZulu-Natal,52566
674047,Newnham,Kagisano/Molopo,North West,133
562015,Newspaper,uMshwathi,KwaZulu-Natal,439
282178,Ng'ala,Intsika Yethu,Eastern Cape,215
542036,Ngabe,Nkandla,KwaZulu-Natal,206
524023,Ngagane Colliery,Newcastle,KwaZulu-Natal,197
962042,Nganganoyi,Greater Tzaneen,Limpopo,2053
282297,Ngaphezulu,Intsika Yethu,Eastern Cape,413
985037,Ngaweng,Makhuduthamaga,Limpopo,298
260038,Ngcamngeni,Buffalo City,Eastern Cape,202
270121,Ngcatelweni,Mbhashe,Eastern Cape,797
503063,Ngcazolo,Umzumbe,KwaZulu-Natal,848
293169,Ngcengane,Mhlontlo,Eastern Cape,233
294263,Ngceni,King Sabata Dalindyebo,Eastern Cape,176
297103,Ngcingo A,Mbizana,Eastern Cape,684
296033,Ngcobe,Umzimvubu,Eastern Cape,0
293128,Ngcolokeni,Mhlontlo,Eastern Cape,657
271123,Ngcongcolorha,Mnquma,Eastern Cape,999
291033,Ngcoya,Port St Johns,Eastern Cape,3124
291123,Ngcukuse,Port St Johns,Eastern Cape,123
284143,Ngcwabeni,Engcobo,Eastern Cape,312
294377,Ngcwanguba,King Sabata Dalindyebo,Eastern Cape,1180
271532,Ngede,Mnquma,Eastern Cape,625
589036,Ngedlesi,uMlalazi,KwaZulu-Natal,383
862007,Ngema Tribal Trust,Mkhondo,Mpumalanga,5590
270125,Ngezana,Mbhashe,Eastern Cape,474
965079,Nghwengoni,Mutale,Limpopo,276
260006,Ngingiqini,Buffalo City,Eastern Cape,484
571063,Ngoba,Okhahlamba,KwaZulu-Natal,759
292159,Ngobozi,Nyandeni,Eastern Cape,1537
874073,Ngodwana,Mbombela,Mpumalanga,3458
282081,Ngojini,Intsika Yethu,Eastern Cape,458
286024,Ngolilwe,Elundini,Eastern Cape,774
580195,Ngolotshe B,Nongoma,KwaZulu-Natal,120
542107,Ngomankulu,Nkandla,KwaZulu-Natal,154
292274,Ngongqeleni,Nyandeni,Eastern Cape,309
282097,Ngonyama,Intsika Yethu,Eastern Cape,222
580106,Ngoqongo A,Nongoma,KwaZulu-Natal,925
580149,Ngoshe,Nongoma,KwaZulu-Natal,487
271559,Ngotsini,Mnquma,Eastern Cape,226
271207,Ngozana,Mnquma,Eastern Cape,292
270389,Ngqakayi,Mbhashe,Eastern Cape,326
290035,Ngqandulo,Ngquza Hill,Eastern Cape,1799
270306,Ngqaqeni,Mbhashe,Eastern Cape,367
294468,Ngqawa,King Sabata Dalindyebo,Eastern Cape,236
284012,Ngqayi B,Engcobo,Eastern Cape,259
260022,Ngqeleni,Buffalo City,Eastern Cape,238
260047,Ngqingeni,Buffalo City,Eastern Cape,490
283158,Ngqoko,Emalahleni,Eastern Cape,546
504027,Ngqolo,UMuziwabantu,KwaZulu-Natal,3852
273001,Ngqolosa,Amahlathi,Eastern Cape,263
290228,Ngqongqo,Ngquza Hill,Eastern Cape,244
270215,Ngqotsini,Mbhashe,Eastern Cape,182
293253,Ngqubusini,Mhlontlo,Eastern Cape,946
273082,Ngqudela,Amahlathi,Eastern Cape,320
598226,Ngqumareni,Umzimkhulu,KwaZulu-Natal,234
580165,Ngqungqu,Nongoma,KwaZulu-Natal,366
270400,Ngqungqumbe Hobeni,Mbhashe,Eastern Cape,440
274002,Ngqushwa NU,Ngqushwa,Eastern Cape,900
271399,Ngqutu A,Mnquma,Eastern Cape,201
290168,Ngquza A,Ngquza Hill,Eastern Cape,212
290003,Ngquza Hill NU,Ngquza Hill,Eastern Cape,2993
294158,Ngqwala A,King Sabata Dalindyebo,Eastern Cape,1851
285096,Ngqwanenu,Sakhisizwe,Eastern Cape,98
298038,Ngqwashu,Ntabankulu,Eastern Cape,665
504035,Ngubelanga,UMuziwabantu,KwaZulu-Natal,893
270331,Ngubezulu,Mbhashe,Eastern Cape,135
293317,Ngudle,Mhlontlo,Eastern Cape,827
271318,Ngunduza,Mnquma,Eastern Cape,243
589042,Ngunundu,uMlalazi,KwaZulu-Natal,3669
296050,Nguse,Umzimvubu,Eastern Cape,629
296056,Ngwabashwe,Umzimvubu,Eastern Cape,55
598010,Ngwagwane,Umzimkhulu,KwaZulu-Natal,231
970018,Ngwanallela,Aganang,Limpopo,1387
580192,Ngware,Nongoma,KwaZulu-Natal,756
477013,Ngwathe,Ngwathe,Free State,5861
575061,Ngwebini A,Nqutu,KwaZulu-Natal,1056
575111,Ngwebini D,Nqutu,KwaZulu-Natal,526
296104,Ngwegweni,Umzimvubu,Eastern Cape,1796
270265,Ngwemnyama,Mbhashe,Eastern Cape,144
503010,Ngwenda,Umzumbe,KwaZulu-Natal,750
276128,Ngwenya,Nkonkobe,Eastern Cape,531
876036,Ngwenyeni A,Nkomazi,Mpumalanga,10441
575065,Ngwetshana B,Nqutu,KwaZulu-Natal,1730
542116,Ngwundo,Nkandla,KwaZulu-Natal,946
582043,Ngxabano,Umhlabuyalingana,KwaZulu-Natal,700
293132,Ngxakolo,Mhlontlo,Eastern Cape,1920
594066,Ngxalingenwa,Ingwe,KwaZulu-Natal,130
284062,Ngxangxasi A,Engcobo,Eastern Cape,380
598203,Ngxapangxapa,Umzimkhulu,KwaZulu-Natal,1020
284385,Ngxebe,Engcobo,Eastern Cape,284
272021,Ngxingxolo,Great Kei,Eastern Cape,775
286182,Ngxoto,Elundini,Eastern Cape,532
270516,Ngxutyana,Mbhashe,Eastern Cape,198
860021,Nhlaba,Albert Luthuli,Mpumalanga,779
587024,Nhlabane,Mfolozi,KwaZulu-Natal,4630
589028,Nhlalidakiwe,uMlalazi,KwaZulu-Natal,1627
575034,Nhlambamasoka B,Nqutu,KwaZulu-Natal,386
504014,Nhlangwini,UMuziwabantu,KwaZulu-Natal,430
582066,Nhlanzana,Umhlabuyalingana,KwaZulu-Natal,401
560031,Nhlazanyoni,Vulamehlo,KwaZulu-Natal,592
580040,Nhleleni,Nongoma,KwaZulu-Natal,474
589033,Nhlohlela,uMlalazi,KwaZulu-Natal,440
580053,Nhlophenkulu A,Nongoma,KwaZulu-Natal,2292
597037,Nhlozane,Ubuhlebezwe,KwaZulu-Natal,1260
375001,Niekerkshoop,Siyathemba,Northern Cape,1830
261001,Nieu Bethesda,Camdeboo,Eastern Cape,1540
762012,Nigel,Lesedi,Gauteng,2321
505019,Nikwe,Ezingoleni,KwaZulu-Natal,1389
588053,Ningizimu,Ntambanana,KwaZulu-Natal,1098
286157,Njaboya,Elundini,Eastern Cape,220
580135,Njampela B,Nongoma,KwaZulu-Natal,972
592023,Njekane,KwaDukuza,KwaZulu-Natal,5252
292168,Njezeni,Nyandeni,Eastern Cape,519
290020,Njimbinxeni,Ngquza Hill,Eastern Cape,1053
291148,Njiveni,Port St Johns,Eastern Cape,800
584003,Njiya,The Big 5 False Bay,KwaZulu-Natal,2064
283162,Njombela,Emalahleni,Eastern Cape,370
575131,Nkabane,Nqutu,KwaZulu-Natal,848
598073,Nkadudu,Umzimkhulu,KwaZulu-Natal,797
503078,Nkalokazi,Umzumbe,KwaZulu-Natal,1908
270346,Nkalweni B,Mbhashe,Eastern Cape,255
962047,Nkamboko,Greater Tzaneen,Limpopo,9983
542052,Nkandla,Nkandla,KwaZulu-Natal,3557
270609,Nkanga,Mbhashe,Eastern Cape,165
294034,Nkanini,King Sabata Dalindyebo,Eastern Cape,889
297033,Nkantolo,Mbizana,Eastern Cape,1138
968131,Nkanyani,Makhado,Limpopo,748
586025,Nkatha,Mtubatuba,KwaZulu-Natal,7247
292154,Nkawukazi,Nyandeni,Eastern Cape,532
295003,Nkawulweni A,Matatiele,Eastern Cape,451
270511,Nkelekete,Mbhashe,Eastern Cape,372
982077,Nkgori,Mogalakwena,Limpopo,495
292330,Nkhwityini,Nyandeni,Eastern Cape,117
294418,Nkodusani,King Sabata Dalindyebo,Eastern Cape,254
874030,Nkohlakalo,Mbombela,Mpumalanga,4534
297216,Nkolora,Mbizana,Eastern Cape,148
546065,Nkolovuzane B,Maphumulo,KwaZulu-Natal,541
876003,Nkomazi NU,Nkomazi,Mpumalanga,12427
598039,Nkomeni,Umzimkhulu,KwaZulu-Natal,1156
282225,Nkomfeni,Intsika Yethu,Eastern Cape,414
284157,Nkondlo A,Engcobo,Eastern Cape,440
542134,Nkondweni,Nkandla,KwaZulu-Natal,550
542057,Nkonisa,Nkandla,KwaZulu-Natal,883
281003,Nkonkobe,Lukanji,Eastern Cape,522
282312,Nkonxeni,Intsika Yethu,Eastern Cape,51
594054,Nkonzo,Ingwe,KwaZulu-Natal,14
984029,Nkosini,Elias Motsoaledi,Limpopo,594
565030,Nkothweni,Impendle,KwaZulu-Natal,335
962049,Nkowakowa,Greater Tzaneen,Limpopo,22484
260007,Nkqonkqweni A,Buffalo City,Eastern Cape,1546
290165,Nkulu,Ngquza Hill,Eastern Cape,84
292257,Nkumandeni,Nyandeni,Eastern Cape,144
542024,Nkungumathe,Nkandla,KwaZulu-Natal,944
295244,Nkungwini B,Matatiele,Eastern Cape,300
285006,Nkunzaneni,Sakhisizwe,Eastern Cape,373
290283,Nkunzimbini A,Ngquza Hill,Eastern Cape,5728
580101,Nkuwuwini,Nongoma,KwaZulu-Natal,330
583028,Nkwambane,Jozini,KwaZulu-Natal,899
282331,Nkwayi,Intsika Yethu,Eastern Cape,163
284307,Nkwenkwana,Engcobo,Eastern Cape,1153
968086,Nngwekhulu,Makhado,Limpopo,532
297174,Nobamba,Mbizana,Eastern Cape,504
282132,Nobokwe,Intsika Yethu,Eastern Cape,315
291205,Nocozi,Port St Johns,Eastern Cape,298
291201,Noduka,Port St Johns,Eastern Cape,344
598089,Nodwengu,Umzimkhulu,KwaZulu-Natal,453
282194,Nogate,Intsika Yethu,Eastern Cape,170
583079,Nohhihhi,Jozini,KwaZulu-Natal,1370
970068,Nokayamatlala,Aganang,Limpopo,949
598116,Nolangeni,Umzimkhulu,KwaZulu-Natal,965
292303,Nomadolo,Nyandeni,Eastern Cape,956
546021,Nomahhala,Maphumulo,KwaZulu-Natal,76
266008,Nomathamasanqa,Sundays River Valley,Eastern Cape,10696
293316,Nombodlelana,Mhlontlo,Eastern Cape,463
585012,Nomcondo,Hlabisa,KwaZulu-Natal,4720
598108,Nomeva,Umzimkhulu,KwaZulu-Natal,387
297042,Nomlacu (Section A),Mbizana,Eastern Cape,3167
297114,Nompumalanga A,Mbizana,Eastern Cape,226
589018,Nomyaca,uMlalazi,KwaZulu-Natal,1147
664013,Nonceba,Moses Kotane,North West,795
963005,Nondweni,Ba-Phalaborwa,Limpopo,984
575049,Nondweni C,Nqutu,KwaZulu-Natal,2372
504044,Nongidi,UMuziwabantu,KwaZulu-Natal,3759
270517,Nongoma,Mbhashe,Eastern Cape,422
274016,Nonibe,Ngqushwa,Eastern Cape,987
294119,Nonkobe,King Sabata Dalindyebo,Eastern Cape,651
282233,Nonqoboqobana,Intsika Yethu,Eastern Cape,332
292073,Nontswabu,Nyandeni,Eastern Cape,1277
276091,Nonzwakazi,Nkonkobe,Eastern Cape,976
860007,Nooitgedachdam,Albert Luthuli,Mpumalanga,50
667073,Nooitgedacht B,Mafikeng,North West,1134
291155,Noqhewukana,Port St Johns,Eastern Cape,1234
977005,Northam B,Thabazimbi,Limpopo,27611
860052,Northdene,Albert Luthuli,Mpumalanga,388
292089,Norwood,Nyandeni,Eastern Cape,666
506030,Nositha,Hibiscus Coast,KwaZulu-Natal,10780
542141,Nothekwane,Nkandla,KwaZulu-Natal,1325
293212,Notswelaba,Mhlontlo,Eastern Cape,590
578019,Noukloof A,eDumbe,KwaZulu-Natal,1116
370005,Noupoort,Umsobomvu,Northern Cape,4514
298116,Nowalala,Ntabankulu,Eastern Cape,1476
587032,Nozambula,Mfolozi,KwaZulu-Natal,2122
293075,Nozityana,Mhlontlo,Eastern Cape,299
270544,Nqabarama,Mbhashe,Eastern Cape,202
271316,Nqagqini,Mnquma,Eastern Cape,287
296084,Nqalweni,Umzimvubu,Eastern Cape,671
284001,Nqancule,Engcobo,Eastern Cape,145
276178,Nqcabasa,Nkonkobe,Eastern Cape,280
292328,Nqentsu,Nyandeni,Eastern Cape,735
298142,Nqgulana,Ntabankulu,Eastern Cape,145
285019,Nqineni,Sakhisizwe,Eastern Cape,322
580077,Nqokotho,Nongoma,KwaZulu-Natal,1859
260066,Nqonqweni,Buffalo City,Eastern Cape,1766
571004,Nqula,Okhahlamba,KwaZulu-Natal,254
594039,Nqumeni,Ingwe,KwaZulu-Natal,3808
575050,Nqutu,Nqutu,KwaZulu-Natal,5453
575006,Nqutu NU,Nqutu,KwaZulu-Natal,4264
292140,Nqwakunqwaku,Nyandeni,Eastern Cape,450
285086,Nqwebebeni,Sakhisizwe,Eastern Cape,319
542122,Nsamlome,Nkandla,KwaZulu-Natal,633
874025,Nsikazi,Mbombela,Mpumalanga,768
506027,Nsimbini,Hibiscus Coast,KwaZulu-Natal,3406
542085,Nsingabani,Nkandla,KwaZulu-Natal,267
593021,Nsonono,Ndwedwe,KwaZulu-Natal,568
582023,Nsukumbili,Umhlabuyalingana,KwaZulu-Natal,1026
576087,Ntababomvu,Msinga,KwaZulu-Natal,431
293245,Ntababusuku,Mhlontlo,Eastern Cape,155
542093,Ntabandlovu,Nkandla,KwaZulu-Natal,0
296191,Ntabankulu,Umzimvubu,Eastern Cape,365
295184,Ntabatsewu,Matatiele,Eastern Cape,23
580019,Ntabayezulu,Nongoma,KwaZulu-Natal,172
529034,Ntabebomvu,Abaqulusi,KwaZulu-Natal,310
284372,Ntabeni,Engcobo,Eastern Cape,341
560023,Ntabesikopo,Vulamehlo,KwaZulu-Natal,591
290185,Ntakana,Ngquza Hill,Eastern Cape,297
597043,Ntambama,Ubuhlebezwe,KwaZulu-Natal,484
297055,Ntamonde,Mbizana,Eastern Cape,901
581099,Ntandakuwela B,Ulundi,KwaZulu-Natal,246
575071,Ntanyandlovu B,Nqutu,KwaZulu-Natal,472
575073,Ntanyandlovu E,Nqutu,KwaZulu-Natal,258
290300,Ntanzi,Ngquza Hill,Eastern Cape,909
286111,Ntatyaneni,Elundini,Eastern Cape,1421
294043,Ntelkiseni,King Sabata Dalindyebo,Eastern Cape,1493
292104,Ntendele,Nyandeni,Eastern Cape,774
270106,Ntengisani,Mbhashe,Eastern Cape,320
589078,Ntenjane,uMlalazi,KwaZulu-Natal,1444
973031,Nthabiseng,Molemole,Limpopo,2680
292253,Ntibane,Nyandeni,Eastern Cape,1554
291112,Ntile,Port St Johns,Eastern Cape,599
271377,Ntilini B,Mnquma,Eastern Cape,265
270446,Ntlabane C,Mbhashe,Eastern Cape,368
297138,Ntlakwe,Mbizana,Eastern Cape,2466
284394,Ntlakwesikolo,Engcobo,Eastern Cape,316
260172,Ntlalwini,Buffalo City,Eastern Cape,172
290087,Ntlambe,Ngquza Hill,Eastern Cape,92
297158,Ntlanezwe,Mbizana,Eastern Cape,837
270561,Ntlangula,Mbhashe,Eastern Cape,145
270627,Ntlanzini,Mbhashe,Eastern Cape,264
293249,Ntlazi,Mhlontlo,Eastern Cape,528
284225,Ntlelelengwane,Engcobo,Eastern Cape,509
966134,Ntlhaveni A,Thulamela,Limpopo,2323
598198,Ntlobeni,Umzimkhulu,KwaZulu-Natal,1122
270208,Ntlonyana,Mbhashe,Eastern Cape,1007
985006,Ntokotwane,Makhuduthamaga,Limpopo,285
297080,Ntola B,Mbizana,Eastern Cape,290
586004,Ntondweni,Mtubatuba,KwaZulu-Natal,1905
290221,Ntontela,Ngquza Hill,Eastern Cape,1459
580161,Ntoshoweni,Nongoma,KwaZulu-Natal,1363
587039,Ntoyini,Mfolozi,KwaZulu-Natal,1514
292213,Ntsaha,Nyandeni,Eastern Cape,100
592019,Ntsangwini,KwaDukuza,KwaZulu-Natal,1537
284357,Ntseleni,Engcobo,Eastern Cape,367
291080,Ntshamatha,Port St Johns,Eastern Cape,735
270526,Ntshangase,Mbhashe,Eastern Cape,362
560022,Ntshaseni,Vulamehlo,KwaZulu-Natal,674
472025,Ntshehele,Maluti a Phofung,Free State,1673
589008,Ntshentshelu,uMlalazi,KwaZulu-Natal,1907
587029,Ntshingimpisi,Mfolozi,KwaZulu-Natal,12296
565012,Ntshinini,Impendle,KwaZulu-Natal,599
294400,Ntshitshana,King Sabata Dalindyebo,Eastern Cape,237
582081,Ntshongwe,Umhlabuyalingana,KwaZulu-Natal,901
599144,Ntshongweni B,eThekwini,KwaZulu-Natal,132
598040,Ntsikeni,Umzimkhulu,KwaZulu-Natal,3025
293029,Ntsilitwa,Mhlontlo,Eastern Cape,1663
296042,Ntsimangweni,Umzimvubu,Eastern Cape,430
290250,Ntsimbini A,Ngquza Hill,Eastern Cape,1050
297142,Ntsingizi A,Mbizana,Eastern Cape,136
296068,Ntsizwa,Umzimvubu,Eastern Cape,2122
661032,Ntsopilo,Madibeng,North West,169
960018,Ntsuki,Greater Giyani,Limpopo,1064
292272,Ntsundwane,Nyandeni,Eastern Cape,1005
479004,Ntswanatsatsi,Mafube,Free State,1608
361006,Ntsweng,Ga-Segonyana,Northern Cape,1014
560010,Ntukwini,Vulamehlo,KwaZulu-Natal,54
542060,Ntumbeni,Nkandla,KwaZulu-Natal,891
260122,Ntunja,Buffalo City,Eastern Cape,18
577010,Ntuthela,Umvoti,KwaZulu-Natal,593
589076,Ntuze,uMlalazi,KwaZulu-Natal,698
984072,Ntwane,Elias Motsoaledi,Limpopo,8961
284255,Ntwashini B,Engcobo,Eastern Cape,161
560007,Ntweka,Vulamehlo,KwaZulu-Natal,631
293191,Ntyankashe,Mhlontlo,Eastern Cape,264
874009,Numbi,Mbombela,Mpumalanga,7696
164009,Nuwedorp,Swartland,Western Cape,9347
968113,Nwamatatani,Makhado,Limpopo,2085
287111,Nxamagele,Senqu,Eastern Cape,286
270319,Nxantsi,Mbhashe,Eastern Cape,249
271445,Nxaxho,Mnquma,Eastern Cape,658
587036,Nxebeni,Mfolozi,KwaZulu-Natal,2126
286044,Nxotshana,Elundini,Eastern Cape,715
293171,Nxotwe,Mhlontlo,Eastern Cape,8
569015,Nxumalo,Indaka,KwaZulu-Natal,146
297134,Nyaka,Mbizana,Eastern Cape,597
584019,Nyalazi,The Big 5 False Bay,KwaZulu-Natal,0
270241,Nyandeni,Mbhashe,Eastern Cape,193
292002,Nyandeni NU,Nyandeni,Eastern Cape,1241
589081,Nyanini,uMlalazi,KwaZulu-Natal,3737
526050,Nyanyadu,Dannhauser,KwaZulu-Natal,566
290233,Nyareni,Ngquza Hill,Eastern Cape,449
966094,Nyavhani,Thulamela,Limpopo,1568
291077,Nyazi,Port St Johns,Eastern Cape,738
293320,Nyembezi,Mhlontlo,Eastern Cape,87
582026,Nyenyane,Umhlabuyalingana,KwaZulu-Natal,1417
282342,Nyhaba,Intsika Yethu,Eastern Cape,133
282069,Nyikima,Intsika Yethu,Eastern Cape,365
283089,Nyinga,Emalahleni,Eastern Cape,100
298023,Nyiweni,Ntabankulu,Eastern Cape,403
270588,Nyokana,Mbhashe,Eastern Cape,315
546047,Nyonebomvu,Maphumulo,KwaZulu-Natal,631
282054,Nyongwana B,Intsika Yethu,Eastern Cape,471
291015,Nyosana,Port St Johns,Eastern Cape,230
271029,Nyulula,Mnquma,Eastern Cape,245
271524,Nyutura,Mnquma,Eastern Cape,205
587028,Nzalabantu,Mfolozi,KwaZulu-Natal,12179
546048,Nzikinziki,Maphumulo,KwaZulu-Natal,1133
565014,Nzinga,Impendle,KwaZulu-Natal,1287
294395,Nzulwini,King Sabata Dalindyebo,Eastern Cape,381
588023,OQhabiyeni,Ntambanana,KwaZulu-Natal,2380
580009,Obane,Nongoma,KwaZulu-Natal,211
580078,Obhuqwini,Nongoma,KwaZulu-Natal,258
588026,Obuka A,Ntambanana,KwaZulu-Natal,1413
599018,Ocean Drive-In,eThekwini,KwaZulu-Natal,1085
467004,Odendaalsrus,Matjhabeng,Free State,9393
562033,Odlameni,uMshwathi,KwaZulu-Natal,3636
567022,Ogagwini,Mkhambathini,KwaZulu-Natal,1505
586016,Ogengele,Mtubatuba,KwaZulu-Natal,4263
589016,Ohaheni,uMlalazi,KwaZulu-Natal,1086
583068,Ohlalwini,Jozini,KwaZulu-Natal,8239
987143,Ohrigstad,Greater Tubatse,Limpopo,521
560034,Okhalweni,Vulamehlo,KwaZulu-Natal,777
581066,Okhukho A,Ulundi,KwaZulu-Natal,1186
580168,Okledeni,Nongoma,KwaZulu-Natal,61
799078,Olievenhoutbos,City of Tshwane,Gauteng,70863
571022,Oliviershoek,Okhahlamba,KwaZulu-Natal,1447
581002,Ombimbini,Ulundi,KwaZulu-Natal,1201
588012,Ongelweni,Ntambanana,KwaZulu-Natal,1586
166004,Onverwacht,Drakenstein,Western Cape,830
576088,Ophate,Msinga,KwaZulu-Natal,3360
567015,Ophokweni A,Mkhambathini,KwaZulu-Natal,2369
660039,Opperman,Moretele,North West,723
546039,Oqaqeni,Maphumulo,KwaZulu-Natal,966
567012,Oqweqweni,Mkhambathini,KwaZulu-Natal,5922
579013,Oranjedal,UPhongolo,KwaZulu-Natal,4328
763007,Orient Hills,Mogale City,Gauteng,1706
877085,Orinoco C,Bushbuckridge,Mpumalanga,2858
583030,Oshabeni,Jozini,KwaZulu-Natal,1353
546002,Oshikishini,Maphumulo,KwaZulu-Natal,865
976035,Osterd,Lepele-Nkumpi,Limpopo,295
580071,Othandweni,Nongoma,KwaZulu-Natal,1688
576065,Othulini,Msinga,KwaZulu-Natal,8473
667044,Ottoshoop,Mafikeng,North West,2043
178002,Oudtshoorn NU,Oudtshoorn,Western Cape,17694
295073,Outspan,Matatiele,Eastern Cape,3686
289001,Oviston,Gariep,Eastern Cape,658
281080,Oxton,Lukanji,Eastern Cape,713
172008,Paarde Poort,Overstrand,Western Cape,0
983050,Paardenzoek,Ephraim Mogale,Limpopo,69
295198,Paballong,Matatiele,Eastern Cape,1294
987131,Paeng,Greater Tubatse,Limpopo,1552
276025,Paleni,Nkonkobe,Eastern Cape,220
868013,Pambili,Emalahleni,Mpumalanga,41
285081,Panabokwe,Sakhisizwe,Eastern Cape,471
598181,Paninkukhu,Umzimkhulu,KwaZulu-Natal,566
282332,Papasini,Intsika Yethu,Eastern Cape,257
167013,Pappegaai,Stellenbosch,Western Cape,0
199015,Parow,City of Cape Town,Western Cape,119462
587003,Patane,Mfolozi,KwaZulu-Natal,1383
268001,Patensie,Kouga,Eastern Cape,5263
526036,Path Farm,Dannhauser,KwaZulu-Natal,2768
575066,Patsoana C,Nqutu,KwaZulu-Natal,293
365013,Paulshoek,Kamiesberg,Northern Cape,415
294044,Payne,King Sabata Dalindyebo,Eastern Cape,10283
172025,Pearly Beach,Overstrand,Western Cape,1042
274085,Peddie,Ngqushwa,Eastern Cape,4658
295085,Pehong,Matatiele,Eastern Cape,154
986035,Pelangwe,Fetakgomo,Limpopo,805
877018,Pelindaba,Bushbuckridge,Mpumalanga,1768
987009,Penge,Greater Tubatse,Limpopo,2819
295048,Pepela,Matatiele,Eastern Cape,280
974041,Perskebult,Polokwane,Limpopo,17006
962053,Petanenge,Greater Tzaneen,Limpopo,4117
373003,Petrusville,Renosterberg,Northern Cape,5211
595009,Pevensey,Kwa Sani,KwaZulu-Natal,554
968062,Phadzima,Makhado,Limpopo,4966
466006,Phahameng,Tswelopele,Free State,21189
291214,Phahlakazi,Port St Johns,Eastern Cape,583
361025,Phakane,Ga-Segonyana,Northern Cape,1178
576063,Phakwe,Msinga,KwaZulu-Natal,2863
960071,Phalakubeni,Greater Giyani,Limpopo,1638
874021,Phameni,Mbombela,Mpumalanga,1978
271495,Phantsikwentaba,Mnquma,Eastern Cape,1
583052,Phapheni,Jozini,KwaZulu-Natal,1302
987024,Phashaskraal,Greater Tubatse,Limpopo,245
874032,Phathwa,Mbombela,Mpumalanga,5084
662005,Phatsima B,Rustenburg,North West,7342
279014,Phelandaba,Tsolwana,Eastern Cape,882
296026,Phepheni B,Umzimvubu,Eastern Cape,231
294010,Phesheya Kwetabase,King Sabata Dalindyebo,Eastern Cape,517
270276,Phesitlha,Mbhashe,Eastern Cape,190
590006,Phezukwehlanze,Mthonjaneni,KwaZulu-Natal,1255
199006,Philadelphia,City of Cape Town,Western Cape,570
461013,Philippolis,Kopanong,Free State,950
589075,Phindavele,uMlalazi,KwaZulu-Natal,592
987079,Phiring,Greater Tubatse,Limpopo,1993
665001,Phitshane,Ratlou,North West,4261
970067,Phofu,Aganang,Limpopo,1860
386002,Phokwane NU,Phokwane,Northern Cape,3802
982121,Phola Park,Mogalakwena,Limpopo,4293
360034,Phomolong,Joe Morolong,Northern Cape,592
503037,Phongolo,Umzumbe,KwaZulu-Natal,1439
984066,Phookwane,Elias Motsoaledi,Limpopo,574
662061,Photshaneng,Rustenburg,North West,1429
296074,Phuka,Umzimvubu,Eastern Cape,485
662053,Phula Mine,Rustenburg,North West,832
290049,Phumaze,Ngquza Hill,Eastern Cape,1088
506012,Phumula,Hibiscus Coast,KwaZulu-Natal,427
542084,Phumuzamaphilo,Nkandla,KwaZulu-Natal,557
877007,Phungwe,Bushbuckridge,Mpumalanga,405
295112,Phuthing A,Matatiele,Eastern Cape,0
597044,Phuthini,Ubuhlebezwe,KwaZulu-Natal,357
981009,Pienaarsrivier,Bela-Bela,Limpopo,1897
869003,Piet Tlou,Steve Tshwete,Mpumalanga,5039
872046,Pieterskraal,Dr JS Moroka,Mpumalanga,6295
583034,Pikinini Nyamazane,Jozini,KwaZulu-Natal,1295
873006,Pilgrim's Rest,Thaba Chweu,Mpumalanga,1721
260017,Pirie Mission,Buffalo City,Eastern Cape,356
472070,Pitseng,Maluti a Phofung,Free State,131
962019,Pjapjamela,Greater Tzaneen,Limpopo,490
286142,Platana,Elundini,Eastern Cape,25
167006,Pniel,Stellenbosch,Western Cape,1975
472039,Poelong,Maluti a Phofung,Free State,2635
987127,Polaseng A,Greater Tubatse,Limpopo,270
292198,Polini,Nyandeni,Eastern Cape,512
295148,Polokong,Matatiele,Eastern Cape,1527
283190,Poltini,Emalahleni,Eastern Cape,94
579021,Pongola A,UPhongolo,KwaZulu-Natal,1403
295123,Pontseng B,Matatiele,Eastern Cape,351
662057,Popo Molefe,Rustenburg,North West,1721
175010,Port Beaufort,Hessequa,Western Cape,321
299007,Port Elizaberth,Nelson Mandela Bay,Eastern Cape,312392
291168,Port St Johns,Port St Johns,Eastern Cape,6441
984008,Posa,Elias Motsoaledi,Limpopo,1081
274052,Posini,Ngqushwa,Eastern Cape,98
676004,Potchefstroom,Tlokwe City Council,North West,43448
660037,Potoane,Moretele,North West,342
260082,Potsdam South,Buffalo City,Eastern Cape,5329
674063,Povall,Kagisano/Molopo,North West,479
281088,Prices Dale,Lukanji,Eastern Cape,107
182004,Prince Albert,Prince Albert,Western Cape,7054
592027,Prince's Grant,KwaDukuza,KwaZulu-Natal,90
286049,Printsu,Elundini,Eastern Cape,351
279006,Prospect,Tsolwana,Eastern Cape,126
274136,Prudhoe,Ngqushwa,Eastern Cape,828
284149,Pulangweni,Engcobo,Eastern Cape,505
298067,Pungulelweni,Ntabankulu,Eastern Cape,773
529024,Purim Farm,Abaqulusi,KwaZulu-Natal,4499
294226,Qabakeni,King Sabata Dalindyebo,Eastern Cape,243
586002,Qakwini,Mtubatuba,KwaZulu-Natal,6110
290153,Qamangweni,Ngquza Hill,Eastern Cape,243
291087,Qambatha,Port St Johns,Eastern Cape,92
293216,Qanda,Mhlontlo,Eastern Cape,2022
293010,Qanqu,Mhlontlo,Eastern Cape,497
290220,Qasa,Ngquza Hill,Eastern Cape,715
290236,Qawukeni,Ngquza Hill,Eastern Cape,773
290197,Qebedu,Ngquza Hill,Eastern Cape,1235
270458,Qelani,Mbhashe,Eastern Cape,260
271335,Qeqe,Mnquma,Eastern Cape,372
292119,Qhankqu,Nyandeni,Eastern Cape,1133
270472,Qhingqala,Mbhashe,Eastern Cape,170
286140,Qhobong,Elundini,Eastern Cape,326
291109,Qhoboshendlini,Port St Johns,Eastern Cape,356
292259,Qhokama,Nyandeni,Eastern Cape,785
293241,Qhotira,Mhlontlo,Eastern Cape,310
281035,Qhwabi,Lukanji,Eastern Cape,228
276169,Qibira B,Nkonkobe,Eastern Cape,126
271118,Qima,Mnquma,Eastern Cape,288
292160,Qinisa,Nyandeni,Eastern Cape,1144
292149,Qiti,Nyandeni,Eastern Cape,800
287027,Qoboshane,Senqu,Eastern Cape,301
583091,Qokolwane,Jozini,KwaZulu-Natal,325
276135,Qolo,Nkonkobe,Eastern Cape,481
503041,Qoloqolo,Umzumbe,KwaZulu-Natal,1876
271291,Qolweni A,Mnquma,Eastern Cape,223
271528,Qombolo,Mnquma,Eastern Cape,292
580024,Qondile,Nongoma,KwaZulu-Natal,875
580172,Qongqo,Nongoma,KwaZulu-Natal,2162
580046,Qoqoda,Nongoma,KwaZulu-Natal,581
294132,Qota,King Sabata Dalindyebo,Eastern Cape,882
290138,Qoxoza,Ngquza Hill,Eastern Cape,293
581037,Qubeni B,Ulundi,KwaZulu-Natal,618
599160,Queensburgh,eThekwini,KwaZulu-Natal,54846
503044,Quha,Umzumbe,KwaZulu-Natal,656
291091,Qukuswayo,Port St Johns,Eastern Cape,772
284355,Quluqu,Engcobo,Eastern Cape,703
290218,Qumbini,Ngquza Hill,Eastern Cape,54
597021,Qumeni,Ubuhlebezwe,KwaZulu-Natal,741
282071,Qungu,Intsika Yethu,Eastern Cape,150
293287,Quthubeni,Mhlontlo,Eastern Cape,532
276179,Qutubeni,Nkonkobe,Eastern Cape,173
290163,Qwabe,Ngquza Hill,Eastern Cape,353
581053,Qwasha,Ulundi,KwaZulu-Natal,1094
294150,Qweqwe,King Sabata Dalindyebo,Eastern Cape,1305
296134,Qwidlana B,Umzimvubu,Eastern Cape,69
379012,Raaswater,//Khara Hais,Northern Cape,2798
661025,Rabokala,Madibeng,North West,5700
969007,Raditshaba,Blouberg,Limpopo,307
167028,Raithby,Stellenbosch,Western Cape,908
499013,Rakhoi,Mangaung,Free State,174
974026,Ramakgaphola,Polokwane,Limpopo,1525
872013,Ramantsho,Dr JS Moroka,Mpumalanga,138
360039,Ramatele,Joe Morolong,Northern Cape,21
475003,Rammulotsi,Moqhaka,Free State,29377
974100,Ramogale,Polokwane,Limpopo,2295
295140,Ramohlakoana,Matatiele,Eastern Cape,651
973030,Ramokgopa,Molemole,Limpopo,14859
667028,Ramosadi,Mafikeng,North West,6566
799002,Ramotse,City of Tshwane,Gauteng,15760
961107,Ramphenyane,Greater Letaba,Limpopo,410
764003,Randfontein NU,Randfontein,Gauteng,6023
662043,Rankelenyane,Rustenburg,North West,1502
982080,Rantlakana,Mogalakwena,Limpopo,1938
981007,Rapotokwane,Bela-Bela,Limpopo,2787
662011,Rasimone,Rustenburg,North West,45
499017,Ratabane,Mangaung,Free State,222
983043,Rathoke,Ephraim Mogale,Limpopo,5361
665002,Ratlou NU,Ratlou,North West,5816
273053,Rawini,Amahlathi,Eastern Cape,354
287010,Rayisini,Senqu,Eastern Cape,177
663005,Reagile,Kgetlengrivier,North West,17157
461002,Reddersburg,Kopanong,Free State,669
297135,Redoubt,Mbizana,Eastern Cape,502
478014,Refengkgotso,Metsimaholo,Free State,17646
670002,Rekgaritlhile,Naledi,North West,3801
962028,Relela,Greater Tzaneen,Limpopo,3990
664045,Renosterspruit,Moses Kotane,North West,1115
799055,Rethabiseng,City of Tshwane,Gauteng,10964
579022,Rhebokfontein,UPhongolo,KwaZulu-Natal,3053
291216,Rhephu,Port St Johns,Eastern Cape,262
287136,Rhodes,Senqu,Eastern Cape,73
271220,Rhoxeni,Mnquma,Eastern Cape,379
276041,Rhwantsana,Nkonkobe,Eastern Cape,98
538011,Richards Bay,uMhlathuze,KwaZulu-Natal,57387
260158,Richmond Pines,Buffalo City,Eastern Cape,640
294133,Ridge,King Sabata Dalindyebo,Eastern Cape,1073
164008,Riebeek West,Swartland,Western Cape,4350
378002,Riemvasmaak,Kai !Garib,Northern Cape,694
267001,Rietbron,Baviaans,Eastern Cape,1184
869006,Rietkuil,Steve Tshwete,Mpumalanga,3635
598204,Rietvlei,Umzimkhulu,KwaZulu-Natal,2509
274030,Ripplemead,Ngqushwa,Eastern Cape,267
383007,Ritchie,Sol Plaatjie,Northern Cape,7610
586033,River View,Mtubatuba,KwaZulu-Natal,840
171007,Riviersonderend,Theewaterskloof,Western Cape,5245
199012,Robben Island,City of Cape Town,Western Cape,116
167021,Robertsvlei,Stellenbosch,Western Cape,9
260145,Rocklands,Buffalo City,Eastern Cape,83
669022,Rodikhudu,Ramotshere Moiloa,North West,435
462006,Roleleathunya,Mohokare,Free State,5955
283111,Rona,Emalahleni,Eastern Cape,892
799018,Roodeplaat,City of Tshwane,Gauteng,912
982100,Rooibokfontein,Mogalakwena,Limpopo,2339
499004,Rooibult,Mangaung,Free State,320
667055,Rooigrond,Mafikeng,North West,2810
598007,Rooipoort,Umzimkhulu,KwaZulu-Natal,57
661012,Rooival,Madibeng,North West,281
571025,Rookdale,Okhahlamba,KwaZulu-Natal,4644
969123,Rora,Blouberg,Limpopo,115
164005,Rosenhof,Swartland,Western Cape,5117
287138,Rossouw,Senqu,Eastern Cape,284
462007,Rouxville,Mohokare,Free State,1355
592036,Royal Palm Estate,KwaDukuza,KwaZulu-Natal,367
660009,Ruigtesloot,Moretele,North West,2455
877112,Rulani,Bushbuckridge,Mpumalanga,2485
962016,Runnymede,Greater Tzaneen,Limpopo,5533
183008,Rustdene,Beaufort West,Western Cape,8241
662010,Rustenburg NU,Rustenburg,North West,18775
282024,Rwantsana,Intsika Yethu,Eastern Cape,184
271493,Rwantsane,Mnquma,Eastern Cape,112
282335,Sabalele,Intsika Yethu,Eastern Cape,89
587015,Sabhuza,Mfolozi,KwaZulu-Natal,1853
877136,Sabie Park,Bushbuckridge,Mpumalanga,121
964026,Sadawa,Maruleng,Limpopo,3963
870001,Sakhelwe,Emakhazeni,Mpumalanga,4664
286141,Sakhute,Elundini,Eastern Cape,388
560063,Salaap,Vulamehlo,KwaZulu-Natal,1373
163008,Saldanha,Saldanha Bay,Western Cape,28142
966062,Salema,Thulamela,Limpopo,3540
877010,Salique State Forest,Bushbuckridge,Mpumalanga,40
546014,Samangu,Maphumulo,KwaZulu-Natal,638
271451,Samini,Mnquma,Eastern Cape,106
542126,Samungu,Nkandla,KwaZulu-Natal,146
269012,Sanddrif,Kou-Kamma,Eastern Cape,280
874001,Sandfort,Mbombela,Mpumalanga,783
273108,Sandla,Amahlathi,Eastern Cape,143
968012,Sane,Makhado,Limpopo,447
581058,Sangoyane A,Ulundi,KwaZulu-Natal,266
593048,Sangwana,Ndwedwe,KwaZulu-Natal,824
294293,Sankobe,King Sabata Dalindyebo,Eastern Cape,267
592001,Sans Souci,KwaDukuza,KwaZulu-Natal,836
293240,Santini,Mhlontlo,Eastern Cape,292
296161,Saphukanduka,Umzimvubu,Eastern Cape,278
286149,Sapulanduko,Elundini,Eastern Cape,154
166001,Saron,Drakenstein,Western Cape,7843
478009,Sasolburg,Metsimaholo,Free State,30699
799057,Saulsville,City of Tshwane,Gauteng,105208
271388,Sawutana,Mnquma,Eastern Cape,138
294184,Sawutini,King Sabata Dalindyebo,Eastern Cape,922
292256,Sazinge,Nyandeni,Eastern Cape,424
199056,Scarborough,City of Cape Town,Western Cape,1075
376001,Schmidtsdrif,Siyancuma,Northern Cape,1163
667067,Schoongezicht,Mafikeng,North West,472
976028,Schuinsrand,Lepele-Nkumpi,Limpopo,1761
561011,Scottburgh,Umdoni,KwaZulu-Natal,11403
285005,Sdakeni,Sakhisizwe,Eastern Cape,79
546060,Sdoho,Maphumulo,KwaZulu-Natal,351
265004,Seafield,Ndlambe,Eastern Cape,296
297327,Seaview,Mbizana,Eastern Cape,1641
961073,Sebepe,Greater Letaba,Limpopo,1060
361030,Sebilong,Ga-Segonyana,Northern Cape,0
969068,Seboriane,Blouberg,Limpopo,1317
866006,Secunda,Govan Mbeki,Mpumalanga,40198
499011,Sediba A,Mangaung,Free State,443
970072,Sefahlane,Aganang,Limpopo,1001
986017,Sefeteng B,Fetakgomo,Limpopo,1710
664019,Sefikile,Moses Kotane,North West,4227
987021,Segorong,Greater Tubatse,Limpopo,679
360046,Segwaneng,Joe Morolong,Northern Cape,554
871021,Sehlakwana,Thembisile,Mpumalanga,1380
472065,Sejwalejwale,Maluti a Phofung,Free State,908
986071,Sekateng,Fetakgomo,Limpopo,1336
976071,Sekgophokgophong,Lepele-Nkumpi,Limpopo,3323
472045,Sekgutlong,Maluti a Phofung,Free State,625
672056,Sekhing,Greater Taung,North West,3700
969073,Sekiding,Blouberg,Limpopo,869
287059,Sekotong,Senqu,Eastern Cape,3604
970008,Sekuruwe,Aganang,Limpopo,227
983033,Selebaneng,Ephraim Mogale,Limpopo,269
985092,Selowane,Makhuduthamaga,Limpopo,446
985091,Semahlakole,Makhuduthamaga,Limpopo,388
872018,Semohlase,Dr JS Moroka,Mpumalanga,95
962001,Senakwe,Greater Tzaneen,Limpopo,2604
363001,Sendelingsdrif,Richtersveld,Northern Cape,192
294368,Sengqe,King Sabata Dalindyebo,Eastern Cape,419
978017,Senoela,Lephalale,Limpopo,561
285094,Senta,Sakhisizwe,Eastern Cape,76
986086,Sentlane,Fetakgomo,Limpopo,588
961028,Senwamokgope,Greater Letaba,Limpopo,4447
986038,Seokodibeng,Fetakgomo,Limpopo,535
984012,Sephaku,Elias Motsoaledi,Limpopo,6655
961019,Sephukubje,Greater Letaba,Limpopo,3135
987019,Serafa,Greater Tubatse,Limpopo,1175
962089,Serare,Greater Tzaneen,Limpopo,1390
976025,Serobaneng,Lepele-Nkumpi,Limpopo,1696
662031,Serutube,Rustenburg,North West,465
664093,Seshibitswe,Moses Kotane,North West,1687
969048,Sesuane,Blouberg,Limpopo,661
985063,Setase,Makhuduthamaga,Limpopo,607
986052,Seteneng,Fetakgomo,Limpopo,1033
962029,Sethone B,Greater Tzaneen,Limpopo,2276
969112,Setlaole,Blouberg,Limpopo,74
969045,Setloking,Blouberg,Limpopo,367
469001,Setsoto,Setsoto,Free State,185
667022,Setumo Park,Mafikeng,North West,2203
987060,Seuwe,Greater Tubatse,Limpopo,1690
877045,Seville A,Bushbuckridge,Mpumalanga,588
667031,Seweding,Mafikeng,North West,12227
561015,Sezela,Umdoni,KwaZulu-Natal,1203
569008,Sgweje,Indaka,KwaZulu-Natal,5926
672059,Shaleng,Greater Taung,North West,1537
593058,Shangase,Ndwedwe,KwaZulu-Natal,1570
973012,Shashe,Molemole,Limpopo,382
567017,Shayamoya,Mkhambathini,KwaZulu-Natal,390
575139,Shayanyawo A,Nqutu,KwaZulu-Natal,530
592041,Sheffield Beach,KwaDukuza,KwaZulu-Natal,1754
583039,Shemula,Jozini,KwaZulu-Natal,2495
874049,Sherwood,Mbombela,Mpumalanga,1534
966143,Shigalo,Thulamela,Limpopo,7670
966146,Shikundu,Thulamela,Limpopo,1953
529016,Shilengeni,Abaqulusi,KwaZulu-Natal,618
966183,Shingwidzi,Thulamela,Limpopo,11
960003,Shivulani,Greater Giyani,Limpopo,4525
568019,Shiyamphahla,Richmond,KwaZulu-Natal,805
506034,Shobeni,Hibiscus Coast,KwaZulu-Natal,2221
599148,Shongweni,eThekwini,KwaZulu-Natal,24
986001,Shubushubu,Fetakgomo,Limpopo,195
294137,Shukenxa,King Sabata Dalindyebo,Eastern Cape,960
581011,Shumayeleni,Ulundi,KwaZulu-Natal,1048
282173,Shushwana,Intsika Yethu,Eastern Cape,222
876049,Sibange,Nkomazi,Mpumalanga,3332
295200,Siberia,Matatiele,Eastern Cape,187
296156,Sibhozweni,Umzimvubu,Eastern Cape,248
594070,Sibomvini,Ingwe,KwaZulu-Natal,1986
281090,Sibonile  A,Lukanji,Eastern Cape,831
577007,Sibuyane,Umvoti,KwaZulu-Natal,695
290057,Sicwenza,Ngquza Hill,Eastern Cape,999
290141,Sidabekweni,Ngquza Hill,Eastern Cape,406
296032,Sidakeni B,Umzimvubu,Eastern Cape,984
264007,Sidbury,Makana,Eastern Cape,115
285075,Sidikidini,Sakhisizwe,Eastern Cape,465
876013,Sidlamafa,Nkomazi,Mpumalanga,4316
283076,Sidwadweni,Emalahleni,Eastern Cape,498
285031,Sifonondile,Sakhisizwe,Eastern Cape,374
284066,Sigangeni A,Engcobo,Eastern Cape,444
290030,Sigcawu,Ngquza Hill,Eastern Cape,160
284063,Sigidi,Engcobo,Eastern Cape,512
294320,Sigingini,King Sabata Dalindyebo,Eastern Cape,206
271279,Sigingqini B,Mnquma,Eastern Cape,816
506037,Sigodadeni,Hibiscus Coast,KwaZulu-Natal,804
286095,Sigoga,Elundini,Eastern Cape,61
580181,Sigubudu,Nongoma,KwaZulu-Natal,1425
286186,Sigungqwini,Elundini,Eastern Cape,181
282165,Sigxeni,Intsika Yethu,Eastern Cape,87
271071,Sihlabeni,Mnquma,Eastern Cape,519
270375,Sihlana,Mbhashe,Eastern Cape,328
286229,Sihlehleni,Elundini,Eastern Cape,161
297311,Sihlontlweni,Mbizana,Eastern Cape,557
542124,Sihosheni,Nkandla,KwaZulu-Natal,506
295213,Sijoka,Matatiele,Eastern Cape,791
292144,Sikalweni,Nyandeni,Eastern Cape,224
593026,Sikeni,Ndwedwe,KwaZulu-Natal,346
576044,Sikhaleni,Msinga,KwaZulu-Natal,1666
295178,Sikhetlane,Matatiele,Eastern Cape,812
270250,Sikhobeni,Mbhashe,Eastern Cape,577
298126,Sikhululweni,Ntabankulu,Eastern Cape,315
296196,Sikisi,Umzimvubu,Eastern Cape,2499
284247,Sikobeni,Engcobo,Eastern Cape,726
584007,Sikwakwaneni,The Big 5 False Bay,KwaZulu-Natal,1779
290183,Silangwe,Ngquza Hill,Eastern Cape,210
968033,Siloam,Makhado,Limpopo,2049
575120,Silutshana A,Nqutu,KwaZulu-Natal,1138
506005,Silwane,Hibiscus Coast,KwaZulu-Natal,2201
578023,Simdlangentsha,eDumbe,KwaZulu-Natal,2543
565035,Simolobha,Impendle,KwaZulu-Natal,1290
765007,Simunye,Westonaria,Gauteng,18350
876026,Sincobile,Nkomazi,Mpumalanga,470
593015,Sindumbeni,Ndwedwe,KwaZulu-Natal,497
271415,Singeni,Mnquma,Eastern Cape,205
598112,Singisi,Umzimkhulu,KwaZulu-Natal,1220
286185,Singungweni,Elundini,Eastern Cape,131
580038,Sinqanda,Nongoma,KwaZulu-Natal,859
968067,Sinthumule,Makhado,Limpopo,52646
286198,Sinxago,Elundini,Eastern Cape,182
285024,Sipafeni,Sakhisizwe,Eastern Cape,303
598214,Siphahleni,Umzimkhulu,KwaZulu-Natal,1109
598100,Siphangeni,Umzimkhulu,KwaZulu-Natal,379
298012,Siphethu,Ntabankulu,Eastern Cape,1436
589043,Siphezi,uMlalazi,KwaZulu-Natal,1447
581048,Siphina,Ulundi,KwaZulu-Natal,1223
582052,Siphondweni,Umhlabuyalingana,KwaZulu-Natal,2290
503047,Sipofu,Umzumbe,KwaZulu-Natal,1302
571073,Siqalabeni,Okhahlamba,KwaZulu-Natal,2282
291073,Siqhozameni,Port St Johns,Eastern Cape,258
293226,Siqithi,Mhlontlo,Eastern Cape,41
589056,Siqwanjana,uMlalazi,KwaZulu-Natal,458
296145,Sirhudlwini,Umzimvubu,Eastern Cape,595
270008,Siroshweni B,Mbhashe,Eastern Cape,323
581076,Sishili B,Ulundi,KwaZulu-Natal,635
293274,Sisuzeni,Mhlontlo,Eastern Cape,499
284312,Sitebe,Engcobo,Eastern Cape,487
295263,Sithiweni,Matatiele,Eastern Cape,292
565028,Sithunjwana,Impendle,KwaZulu-Natal,1651
565022,Sitofela,Impendle,KwaZulu-Natal,557
977011,Sitrusvlakte,Thabazimbi,Limpopo,691
290162,Situlu,Ngquza Hill,Eastern Cape,688
271297,Sivangxa,Mnquma,Eastern Cape,299
296077,Sivumela,Umzimvubu,Eastern Cape,205
594012,Siwongozi,Ingwe,KwaZulu-Natal,348
286169,Sixhotyeni,Elundini,Eastern Cape,270
282246,Sixotyeni A,Intsika Yethu,Eastern Cape,478
290135,Siyabulela,Ngquza Hill,Eastern Cape,145
376002,Siyancuma NU,Siyancuma,Northern Cape,7127
375002,Siyathemba NU North,Siyathemba,Northern Cape,1325
870007,Siyathuthuka,Emakhazeni,Mpumalanga,12159
594025,Sizanenjana,Ingwe,KwaZulu-Natal,1186
294310,Sizindeni B,King Sabata Dalindyebo,Eastern Cape,871
295080,Skepaneng,Matatiele,Eastern Cape,387
276158,Skolweni,Nkonkobe,Eastern Cape,228
598115,Skoonplaas,Umzimkhulu,KwaZulu-Natal,343
986044,Skutlong,Fetakgomo,Limpopo,222
660007,Slagboom,Moretele,North West,773
667048,Slurry,Mafikeng,North West,587
284016,Smit,Engcobo,Eastern Cape,351
968001,Smokey,Makhado,Limpopo,233
286180,Snowabile,Elundini,Eastern Cape,1962
273089,Sobotini,Amahlathi,Eastern Cape,430
365004,Soebatsfontein,Kamiesberg,Northern Cape,276
529041,Sofaya,Abaqulusi,KwaZulu-Natal,1143
987015,Sokodimeng,Greater Tubatse,Limpopo,248
383002,Sol Plaatjie NU,Sol Plaatjie,Northern Cape,2846
270417,Somatika,Mbhashe,Eastern Cape,575
199045,Somerset West,City of Cape Town,Western Cape,55166
871007,Somphalali,Thembisile,Mpumalanga,1853
598200,Sondzaba,Umzimkhulu,KwaZulu-Natal,0
661038,Sonop,Madibeng,North West,4659
503028,Sosibo,Umzumbe,KwaZulu-Natal,1476
506052,Southbroom,Hibiscus Coast,KwaZulu-Natal,1615
799022,Soutpan,City of Tshwane,Gauteng,2157
984036,Sovolo,Elias Motsoaledi,Limpopo,1838
579017,Spekboom,UPhongolo,KwaZulu-Natal,674
664020,Spitskop,Moses Kotane,North West,1686
296087,Spolweni,Umzimvubu,Eastern Cape,1048
294108,Spring Vale,King Sabata Dalindyebo,Eastern Cape,357
668013,Springbokpan,Ditsobotla,North West,2122
287078,Springkaanspoort,Senqu,Eastern Cape,311
597013,Springvale Mission,Ubuhlebezwe,KwaZulu-Natal,392
529020,Squebezi,Abaqulusi,KwaZulu-Natal,446
591004,St Cyprian Mission,Mandeni,KwaZulu-Natal,1914
586030,St Lucia,Mtubatuba,KwaZulu-Natal,1104
295103,St Paul,Matatiele,Eastern Cape,1278
584018,St. Lucia Marine Reserve,The Big 5 False Bay,KwaZulu-Natal,9
864006,Standerton,Lekwa,Mpumalanga,43966
297198,Stanford B,Mbizana,Eastern Cape,114
968007,Starlight,Makhado,Limpopo,611
987145,Steelpoort,Greater Tubatse,Limpopo,1105
670001,Stella,Naledi,North West,890
167029,Stellenbosch Rural,Stellenbosch,Western Cape,5
280003,Sterkstroom,Inkwanca,Eastern Cape,3888
289009,Steynsburg,Gariep,Eastern Cape,2488
588056,Stezi,Ntambanana,KwaZulu-Natal,4926
175008,Still Bay,Hessequa,Western Cape,3514
985100,Stocking,Makhuduthamaga,Limpopo,1498
984048,Stompo,Elias Motsoaledi,Limpopo,1767
986097,Stopong,Fetakgomo,Limpopo,648
598138,Straalhoek,Umzimkhulu,KwaZulu-Natal,38
598067,Strangerest,Umzimkhulu,KwaZulu-Natal,487
760001,Stretford,Emfuleni,Gauteng,17458
374004,Strydenburg,Thembelihle,Northern Cape,2987
273045,Stutterheim,Amahlathi,Eastern Cape,24673
293047,Sulenkama,Mhlontlo,Eastern Cape,483
664091,Sun Village,Moses Kotane,North West,1329
867006,Sundra,Victor Khanye,Mpumalanga,2826
503070,Sunduza,Umzumbe,KwaZulu-Natal,1099
270431,Sundwana B,Mbhashe,Eastern Cape,211
297043,Sunnyside,Mbizana,Eastern Cape,468
669001,Supingstad,Ramotshere Moiloa,North West,2453
367004,Sutherland,Karoo Hoogland,Northern Cape,2836
799007,Suurman,City of Tshwane,Gauteng,11071
297242,Swane Ridge,Mbizana,Eastern Cape,613
660056,Swartdamstad,Moretele,North West,3756
164002,Swartland NU,Swartland,Western Cape,32258
180004,Swartvlei,Knysna,Western Cape,20
291131,Swazini,Port St Johns,Eastern Cape,1104
276124,Sweet,Nkonkobe,Eastern Cape,100
170005,Swellendam,Swellendam,Western Cape,17537
384009,Sydney on Vaal,Dikgatlong,Northern Cape,33
499031,Tabane,Mangaung,Free State,237
294065,Tabase Mission,King Sabata Dalindyebo,Eastern Cape,1129
271376,Tafalofefe,Mnquma,Eastern Cape,1368
270171,Tafeni,Mbhashe,Eastern Cape,1753
566042,Tafuleni,The Msunduzi,KwaZulu-Natal,1104
282084,Taiwan,Intsika Yethu,Eastern Cape,267
985161,Takataka,Makhuduthamaga,Limpopo,2044
294292,Tala,King Sabata Dalindyebo,Eastern Cape,730
282256,Taleni,Intsika Yethu,Eastern Cape,166
499006,Talla,Mangaung,Free State,434
298031,Tambeko,Ntabankulu,Eastern Cape,689
276012,Tamboekievlei,Nkonkobe,Eastern Cape,352
366006,Tankwa-Karoo National Park,Hantam,Northern Cape,28
287065,Tapoleng,Senqu,Eastern Cape,513
279009,Tarkastad,Tsolwana,Eastern Cape,1604
524011,Taum,Newcastle,KwaZulu-Natal,883
276070,Teba,Nkonkobe,Eastern Cape,268
877119,Teka Mahala,Bushbuckridge,Mpumalanga,2301
271331,Teko-Springs,Mnquma,Eastern Cape,929
529035,Telezeni,Abaqulusi,KwaZulu-Natal,1698
582010,Tembe,Umhlabuyalingana,KwaZulu-Natal,60
290286,Tembukazi,Ngquza Hill,Eastern Cape,1364
167015,Tennantville,Stellenbosch,Western Cape,563
282319,Tenza,Intsika Yethu,Eastern Cape,252
176007,Tergniet,Mossel Bay,Western Cape,1264
873004,Thaba Chweu NU,Thaba Chweu,Mpumalanga,17527
666003,Thaba Sione,Tswaing,North West,1195
877095,Thabakgolo,Bushbuckridge,Mpumalanga,5939
984073,Thabakhubedu,Elias Motsoaledi,Limpopo,5924
985013,Thabampje Ga Sefoka,Makhuduthamaga,Limpopo,3259
986090,Thabanaseso,Fetakgomo,Limpopo,350
472050,Thabang,Maluti a Phofung,Free State,4322
977002,Thabazimbi A,Thabazimbi,Limpopo,28847
295217,Thabeng,Matatiele,Eastern Cape,770
290171,Thafabanzi,Ngquza Hill,Eastern Cape,1244
295273,Thahathala,Matatiele,Eastern Cape,328
961041,Thakgalane,Greater Letaba,Limpopo,4691
670006,Thakwane,Naledi,North West,2760
976061,Thamangane,Lepele-Nkumpi,Limpopo,890
876055,Thambokhulu,Nkomazi,Mpumalanga,1494
585027,Thandanini,Hlabisa,KwaZulu-Natal,3317
582017,Thandizwe,Umhlabuyalingana,KwaZulu-Natal,4387
274124,Tharfield,Ngqushwa,Eastern Cape,525
589079,Thawini,uMlalazi,KwaZulu-Natal,1001
571021,The Downs,Okhahlamba,KwaZulu-Natal,1300
566011,The Msunduzi NU,The Msunduzi,KwaZulu-Natal,3036
766015,The Village,Merafong City,Gauteng,698
860013,Theeboom,Albert Luthuli,Mpumalanga,418
662058,Thekwane,Rustenburg,North West,2665
575010,Thelezini,Nqutu,KwaZulu-Natal,1209
261006,Thembalesizwe,Camdeboo,Eastern Cape,2029
966057,Thembaluvhilo,Thulamela,Limpopo,43
374002,Thembelihle NU,Thembelihle,Northern Cape,2625
799038,Thembisile,City of Tshwane,Gauteng,1809
503012,Thendeni,Umzumbe,KwaZulu-Natal,78
598066,Thenti,Umzimkhulu,KwaZulu-Natal,124
464001,Theunissen,Masilonyana,Free State,1549
589045,Thintumkhaba,uMlalazi,KwaZulu-Natal,596
664071,Thlatlaganyane,Moses Kotane,North West,2539
271039,Thoboyi,Mnquma,Eastern Cape,725
580044,Thokazi,Nongoma,KwaZulu-Natal,2250
987027,Thokwane,Greater Tubatse,Limpopo,2661
296218,Tholeni A,Umzimvubu,Eastern Cape,5
960015,Thomo,Greater Giyani,Limpopo,5520
598036,Thonjeni,Umzimkhulu,KwaZulu-Natal,196
470002,Thorisong,Dihlabeng,Free State,9558
279005,Thorneycroft,Tsolwana,Eastern Cape,757
268005,Thornhill,Kouga,Eastern Cape,2462
598176,Thorny Bush,Umzimkhulu,KwaZulu-Natal,419
286005,Thoteng,Elundini,Eastern Cape,406
968127,Thovhalas-Kraal,Makhado,Limpopo,399
271420,Thubeni,Mnquma,Eastern Cape,919
966002,Thulamela NU North,Thulamela,Limpopo,700
576080,Thulini Lwezulu,Msinga,KwaZulu-Natal,1314
577026,Thulwini,Umvoti,KwaZulu-Natal,1007
974065,Thune,Polokwane,Limpopo,1639
294442,Thungwana,King Sabata Dalindyebo,Eastern Cape,367
282321,Thunzini,Intsika Yethu,Eastern Cape,281
292201,Thuswini,Nyandeni,Eastern Cape,575
665020,Thutlwane,Ratlou,North West,1883
290043,Thwasi,Ngquza Hill,Eastern Cape,629
969054,Tiekieline,Blouberg,Limpopo,2345
677003,Tigane,City of Matlosana,North West,17141
962077,Tikiline,Greater Tzaneen,Limpopo,7694
466003,Tikwana,Tswelopele,Free State,14738
877003,Timbavati,Bushbuckridge,Mpumalanga,349
286025,Tinana,Elundini,Eastern Cape,1358
295074,Tiping,Matatiele,Eastern Cape,1887
285035,Tiwane,Sakhisizwe,Eastern Cape,265
877115,Tiyimeleni B,Bushbuckridge,Mpumalanga,2992
976069,Tjiane,Lepele-Nkumpi,Limpopo,1351
674040,Tlakgameng,Kagisano/Molopo,North West,16028
978016,Tlapaliburethi,Lephalale,Limpopo,519
672021,Tlapeng B,Greater Taung,North West,286
662048,Tlhabane,Rustenburg,North West,50073
982029,Tlhohoyanku,Mogalakwena,Limpopo,1531
969019,Tlhona,Blouberg,Limpopo,1094
664098,Tlokweng,Moses Kotane,North West,11250
672022,Tobias,Greater Taung,North West,31
281011,Toisekraal,Lukanji,Eastern Cape,1467
286078,Tokwana,Elundini,Eastern Cape,1705
969038,Tolwe,Blouberg,Limpopo,271
876029,Tonga A,Nkomazi,Mpumalanga,8676
599014,Tongaat Beach,eThekwini,KwaZulu-Natal,722
292236,Tonti,Nyandeni,Eastern Cape,495
293270,Tora,Mhlontlo,Eastern Cape,423
564007,Townview,Mpofana,KwaZulu-Natal,6803
965043,Travenna,Mutale,Limpopo,843
678005,Trotsville,Maquassi Hills,North West,12626
562036,Trust Feed B,uMshwathi,KwaZulu-Natal,679
260156,Tsaba,Buffalo City,Eastern Cape,457
284093,Tsalaba A,Engcobo,Eastern Cape,158
381001,Tsantsabane NU,Tsantsabane,Northern Cape,3399
985034,Tsatang,Makhuduthamaga,Limpopo,554
799032,Tsebe,City of Tshwane,Gauteng,2702
472040,Tseki,Maluti a Phofung,Free State,7888
674011,Tseng,Kagisano/Molopo,North West,716
295154,Tsepisong,Matatiele,Eastern Cape,1823
271052,Tshabaqu,Mnquma,Eastern Cape,248
965120,Tshagwa,Mutale,Limpopo,395
270471,Tshali,Mbhashe,Eastern Cape,250
968073,Tshamavhudzi,Makhado,Limpopo,422
281028,Tshamehlo,Lukanji,Eastern Cape,205
965015,Tshamutavha,Mutale,Limpopo,237
583094,Tshaneni,Jozini,KwaZulu-Natal,2436
292294,Tshatshi,Nyandeni,Eastern Cape,633
968031,Tshavhalovhedzi,Makhado,Limpopo,950
968065,Tshedza,Makhado,Limpopo,1799
597058,Tsheleni,Ubuhlebezwe,KwaZulu-Natal,1999
291043,Tsheni,Port St Johns,Eastern Cape,182
760010,Tshepiso,Emfuleni,Gauteng,29268
985112,Tshesane,Makhuduthamaga,Limpopo,1097
986083,Tshewereng,Fetakgomo,Limpopo,741
965126,Tshiavha,Mutale,Limpopo,31
966172,Tshidzate,Thulamela,Limpopo,781
968072,Tshiendeulu,Makhado,Limpopo,1667
965036,Tshifunguduwe,Mutale,Limpopo,139
966061,Tshiiwani,Thulamela,Limpopo,227
286167,Tshikaro,Elundini,Eastern Cape,217
968045,Tshikikinini,Makhado,Limpopo,764
965032,Tshikondeni B,Mutale,Limpopo,431
968117,Tshikumbu,Makhado,Limpopo,84
965008,Tshikuyu,Mutale,Limpopo,337
966078,Tshilapfene,Thulamela,Limpopo,1495
966154,Tshilungoma,Thulamela,Limpopo,2526
675010,Tshing,Ventersdorp,North West,17869
965082,Tshiozwi,Mutale,Limpopo,188
965035,Tshipise,Mutale,Limpopo,1052
968046,Tshirolwe,Makhado,Limpopo,2697
292161,Tshisabantu,Nyandeni,Eastern Cape,1019
293298,Tshisani,Mhlontlo,Eastern Cape,1017
968014,Tshitadi,Makhado,Limpopo,455
965099,Tshitandani  A,Mutale,Limpopo,255
965061,Tshitanzhe,Mutale,Limpopo,206
966084,Tshithuthuni,Thulamela,Limpopo,2031
968034,Tshituni B,Makhado,Limpopo,4499
968098,Tshivhade,Makhado,Limpopo,242
965041,Tshivhongweni,Mutale,Limpopo,401
965116,Tshixwadza,Mutale,Limpopo,429
271173,Tshoma,Mnquma,Eastern Cape,162
985119,Tshopaneng,Makhuduthamaga,Limpopo,436
985088,Tshukudu,Makhuduthamaga,Limpopo,81
296213,Tshungwana,Umzimvubu,Eastern Cape,530
297066,Tshuze,Mbizana,Eastern Cape,774
974072,Tshware,Polokwane,Limpopo,689
270111,Tshwati,Mbhashe,Eastern Cape,41
968077,Tsianda,Makhado,Limpopo,7578
360004,Tsilwana,Joe Morolong,Northern Cape,198
360055,Tsineng,Joe Morolong,Northern Cape,2042
295055,Tsitsa-Mvula,Matatiele,Eastern Cape,122
295076,Tsitsong,Matatiele,Eastern Cape,454
969070,Tsolametse,Blouberg,Limpopo,646
283203,Tsolokazi B,Emalahleni,Eastern Cape,278
273032,Tsomo,Amahlathi,Eastern Cape,189
285016,Tsomo Poort,Sakhisizwe,Eastern Cape,38
985041,Tswatago,Makhuduthamaga,Limpopo,1091
678006,Tswelelang,Maquassi Hills,North West,17233
966023,Tswera,Thulamela,Limpopo,1001
270202,Tubeni,Mbhashe,Eastern Cape,443
576055,Tugela Ferry,Msinga,KwaZulu-Natal,2093
987147,Tukakgomo,Greater Tubatse,Limpopo,11245
292176,Tukela,Nyandeni,Eastern Cape,675
542135,Tulwana,Nkandla,KwaZulu-Natal,452
292099,Tungweni,Nyandeni,Eastern Cape,1569
664018,Turfbult,Moses Kotane,North West,561
598209,Tuse,Umzimkhulu,KwaZulu-Natal,274
294084,Twane,King Sabata Dalindyebo,Eastern Cape,635
260159,Twecwana,Buffalo City,Eastern Cape,571
479009,Tweeling,Mafube,Free State,821
526038,Twhatgwha,Dannhauser,KwaZulu-Natal,703
292069,Tyara,Nyandeni,Eastern Cape,1302
271135,Tyekana,Mnquma,Eastern Cape,611
296096,Tyemhlophe,Umzimvubu,Eastern Cape,24
293057,Tyhume,Mhlontlo,Eastern Cape,462
271193,Tyinirha,Mnquma,Eastern Cape,309
281048,Tylden,Lukanji,Eastern Cape,572
260043,Tyutyu,Buffalo City,Eastern Cape,2676
592017,UCC Informal,KwaDukuza,KwaZulu-Natal,4540
580012,Ubani,Nongoma,KwaZulu-Natal,828
369002,Ubuntu NU,Ubuntu,Northern Cape,2625
299003,Uitenhage,Nelson Mandela Bay,Eastern Cape,103639
664070,Uitkyk A,Moses Kotane,North West,3299
984068,Uitspanning A,Elias Motsoaledi,Limpopo,1083
982019,Uitzicht,Mogalakwena,Limpopo,2278
384004,Ulco,Dikgatlong,Northern Cape,860
877001,Umbabat Nature Reserve,Bushbuckridge,Mpumalanga,204
560041,Umbumbulu,Vulamehlo,KwaZulu-Natal,373
585037,Umfolozi,Hlabisa,KwaZulu-Natal,132
503020,Umgai,Umzumbe,KwaZulu-Natal,2506
561003,Umgwemphisi,Umdoni,KwaZulu-Natal,5198
582046,Umhlabuyalingana NU,Umhlabuyalingana,KwaZulu-Natal,368
569033,Umhlumayo,Indaka,KwaZulu-Natal,157
529013,Umkhamba,Abaqulusi,KwaZulu-Natal,725
580036,Umlaza,Nongoma,KwaZulu-Natal,616
599189,Umnini,eThekwini,KwaZulu-Natal,17416
546052,Umshukangubo,Maphumulo,KwaZulu-Natal,1055
577002,Umvoti NU,Umvoti,KwaZulu-Natal,18907
677011,Umzimhle,City of Matlosana,North West,6137
296002,Umzimvubu NU,Umzimvubu,Eastern Cape,799
546050,Umzulwini,Maphumulo,KwaZulu-Natal,3963
560003,Ungendwa,Vulamehlo,KwaZulu-Natal,1561
583077,Uphande,Jozini,KwaZulu-Natal,979
285030,Upper Cala,Sakhisizwe,Eastern Cape,473
271294,Upper Gcilishana,Mnquma,Eastern Cape,100
281092,Upper Hackney,Lukanji,Eastern Cape,392
287083,Upper Joveleni,Senqu,Eastern Cape,583
282314,Upper KuSabalele,Intsika Yethu,Eastern Cape,537
293033,Upper Lwandlana,Mhlontlo,Eastern Cape,932
293206,Upper Malepelepe,Mhlontlo,Eastern Cape,964
292072,Upper Maqanyeni,Nyandeni,Eastern Cape,822
282360,Upper Mbulukweza,Intsika Yethu,Eastern Cape,241
290239,Upper Mkata,Ngquza Hill,Eastern Cape,69
274037,Upper Mtombe,Ngqushwa,Eastern Cape,259
283098,Upper Ndonga,Emalahleni,Eastern Cape,809
273002,Upper Ngqolosa,Amahlathi,Eastern Cape,182
295236,Upper Rolweni,Matatiele,Eastern Cape,30
286117,Upper Tsitsana,Elundini,Eastern Cape,228
284294,Upper Xuka,Engcobo,Eastern Cape,274
546017,Uqaqa,Maphumulo,KwaZulu-Natal,286
561012,Uswani,Umdoni,KwaZulu-Natal,7408
877057,Utlha B,Bushbuckridge,Mpumalanga,650
660019,Utsane,Moretele,North West,111
760014,Vaal Oewer,Emfuleni,Gauteng,696
383001,Vaalbos National Park,Sol Plaatjie,Northern Cape,0
961016,Vaalwater,Greater Letaba,Limpopo,1567
172022,Van Dyks Bay,Overstrand,Western Cape,500
760008,Vanderbijlpark,Emfuleni,Gauteng,95840
160009,Vanrhynsdorp,Matzikama,Western Cape,6272
297227,Vayi,Mbizana,Eastern Cape,573
587026,Velabandhla,Mfolozi,KwaZulu-Natal,3691
162006,Velddrif,Bergrivier,Western Cape,11017
675009,Ventersdorp,Ventersdorp,North West,4204
289002,Venterstad,Gariep,Eastern Cape,3596
526041,Verdriet,Dannhauser,KwaZulu-Natal,2140
871020,Verena,Thembisile,Mpumalanga,20793
560049,Vernon Crookes,Vulamehlo,KwaZulu-Natal,9
875005,Verulum,Umjindi,Mpumalanga,3420
966076,Vhufuli,Thulamela,Limpopo,3626
966059,Vhutalu,Thulamela,Limpopo,430
867002,Victor Khanye NU,Victor Khanye,Mpumalanga,12556
969120,Vienen,Blouberg,Limpopo,186
580079,Vilani,Nongoma,KwaZulu-Natal,1082
874004,Villa Sabie,Mbombela,Mpumalanga,26
292068,Vilo,Nyandeni,Eastern Cape,231
981001,Vingerkraal,Bela-Bela,Limpopo,827
877087,Violetbank B,Bushbuckridge,Mpumalanga,60
364003,Vioolsdrift,Nama Khoi,Northern Cape,599
762001,Viskuil,Lesedi,Gauteng,1433
876011,Vlakbult,Nkomazi,Mpumalanga,7736
176023,Vlees Bay,Mossel Bay,Western Cape,193
675007,Vlieger,Ventersdorp,North West,4438
163017,Vondelingeiland,Saldanha Bay,Western Cape,0
589092,Vongotho,uMlalazi,KwaZulu-Natal,685
477012,Voorspoed Diamantmyn,Ngwathe,Free State,0
868004,Vosman,Emalahleni,Mpumalanga,18963
287082,Voyizane,Senqu,Eastern Cape,4737
163004,Vredenburg,Saldanha Bay,Western Cape,38382
670004,Vryburg,Naledi,North West,21182
575037,Vryheid B,Nqutu,KwaZulu-Natal,433
470003,Vuka,Dihlabeng,Free State,7120
577004,Vukaphanzi,Umvoti,KwaZulu-Natal,1839
599073,Vulindlala,eThekwini,KwaZulu-Natal,2735
546033,Vuma A,Maphumulo,KwaZulu-Natal,942
575029,Vumankala,Nqutu,KwaZulu-Natal,976
580021,Vungama A,Nongoma,KwaZulu-Natal,311
581056,Vuthela,Ulundi,KwaZulu-Natal,778
968076,Vuvha A,Makhado,Limpopo,2970
968092,Vuwani,Makhado,Limpopo,2791
267005,Vuyolwetho,Baviaans,Eastern Cape,2182
860001,Vygeboomdam,Albert Luthuli,Mpumalanga,115
284304,Waca,Engcobo,Eastern Cape,70
960014,Wagendrift,Greater Giyani,Limpopo,153
287028,Walaza,Senqu,Eastern Cape,3569
799016,Wallmannsthal,City of Tshwane,Gauteng,646
294087,Waqu,King Sabata Dalindyebo,Eastern Cape,321
385002,Warrenton,Magareng,Northern Cape,5905
598148,Waschbank,Umzimkhulu,KwaZulu-Natal,1796
283037,Waterfall,Emalahleni,Eastern Cape,137
765009,Waterpan,Westonaria,Gauteng,445
525005,Waterval,Emadlangeni,KwaZulu-Natal,1398
599132,Wathanga,eThekwini,KwaZulu-Natal,2983
270074,Wawa,Mbhashe,Eastern Cape,417
570002,Weenen,Umtshezi,KwaZulu-Natal,3126
580131,Wela B,Nongoma,KwaZulu-Natal,858
981006,Welgegund Village,Bela-Bela,Limpopo,1448
877051,Welgevonden State Forest,Bushbuckridge,Mpumalanga,11
276007,Wellsdale,Nkonkobe,Eastern Cape,299
668005,Welverdiend,Ditsobotla,North West,888
570012,Wembesi B,Umtshezi,KwaZulu-Natal,1450
463003,Wepener,Naledi,Free State,1281
260153,Wesleyville,Buffalo City,Eastern Cape,418
766013,West Village,Merafong City,Gauteng,207
375003,Westerberg,Siyathemba,Northern Cape,73
765008,Westonaria,Westonaria,Gauteng,10259
599115,Westville,eThekwini,KwaZulu-Natal,30508
567002,White City,Mkhambathini,KwaZulu-Natal,1411
467013,Whites,Matjhabeng,Free State,366
167009,Wiesiesdraai,Stellenbosch,Western Cape,1727
177009,Wilderness Lake Area,George,Western Cape,149
271520,Wili,Mnquma,Eastern Cape,326
565037,Willowbrook,Impendle,KwaZulu-Natal,545
526033,Wilts,Dannhauser,KwaZulu-Natal,332
561018,Wingrove,Umdoni,KwaZulu-Natal,533
571056,Winterton,Okhahlamba,KwaZulu-Natal,276
368003,Witbank,Khâi-Ma,Northern Cape,210
666007,Witpan,Tswaing,North West,1148
175009,Witsand,Hessequa,Western Cape,0
162011,Wittewater,Bergrivier,Western Cape,848
282207,Wodehouse,Intsika Yethu,Eastern Cape,365
165009,Wolseley,Witzenberg,Western Cape,1528
763009,Wolwekrans,Mogale City,Gauteng,571
478006,Wonderwater,Metsimaholo,Free State,9
571020,Woodford,Okhahlamba,KwaZulu-Natal,3631
286183,Woodstock,Elundini,Eastern Cape,111
505010,Wosiyane,Ezingoleni,KwaZulu-Natal,133
560016,Wubwini,Vulamehlo,KwaZulu-Natal,1329
293084,Xabano,Mhlontlo,Eastern Cape,286
542054,Xalasho,Nkandla,KwaZulu-Natal,1417
298076,Xamnyiba,Ntabankulu,Eastern Cape,627
877101,Xanthia,Bushbuckridge,Mpumalanga,3615
966145,Xaswita,Thulamela,Limpopo,680
286033,Xaxazana,Elundini,Eastern Cape,825
284101,Xentu,Engcobo,Eastern Cape,253
290276,Xhamini,Ngquza Hill,Eastern Cape,157
284160,Xhibeni,Engcobo,Eastern Cape,555
672032,Xhonyane,Greater Taung,North West,1431
290213,Xhurana,Ngquza Hill,Eastern Cape,22
877022,Xikhusese,Bushbuckridge,Mpumalanga,13324
599095,Ximba,eThekwini,KwaZulu-Natal,1587
284087,Xokonxa A,Engcobo,Eastern Cape,206
296201,Xolo,Umzimvubu,Eastern Cape,155
294423,Xolweni A,King Sabata Dalindyebo,Eastern Cape,563
283183,Xonxa,Emalahleni,Eastern Cape,793
290024,Xoposo,Ngquza Hill,Eastern Cape,1976
594005,Xosheyakhe,Ingwe,KwaZulu-Natal,1036
298097,Xukula,Ntabankulu,Eastern Cape,486
282240,Xuluxomo,Intsika Yethu,Eastern Cape,911
270233,Xwangu,Mbhashe,Eastern Cape,1042
260031,Yellow Wood,Buffalo City,Eastern Cape,242
589091,Yetheni,uMlalazi,KwaZulu-Natal,898
962085,Yosmite,Greater Tzaneen,Limpopo,1322
284039,Zabasa,Engcobo,Eastern Cape,506
293183,Zahobeni,Mhlontlo,Eastern Cape,101
276181,Zalaza,Nkonkobe,Eastern Cape,316
569034,Zamokuhle,Indaka,KwaZulu-Natal,395
292038,Zandukwana,Nyandeni,Eastern Cape,3322
286061,Zanyeni,Elundini,Eastern Cape,131
271199,Zazulwana,Mnquma,Eastern Cape,534
292079,Zele,Nyandeni,Eastern Cape,1280
538016,Zenzele,uMhlathuze,KwaZulu-Natal,1587
562001,Ziba,uMshwathi,KwaZulu-Natal,0
292066,Zibungu,Nyandeni,Eastern Cape,2085
294446,Zidinzi,King Sabata Dalindyebo,Eastern Cape,1275
294009,Zigadini,King Sabata Dalindyebo,Eastern Cape,132
294427,Zigini,King Sabata Dalindyebo,Eastern Cape,251
294190,Zihasini,King Sabata Dalindyebo,Eastern Cape,614
271405,Zikhovana,Mnquma,Eastern Cape,75
294186,Zikotazi,King Sabata Dalindyebo,Eastern Cape,312
286200,Zilandana,Elundini,Eastern Cape,72
286091,Zimbane,Elundini,Eastern Cape,253
296207,Zimbileni,Umzimvubu,Eastern Cape,775
270454,Zimbuku,Mbhashe,Eastern Cape,1144
589034,Zimpisi B,uMlalazi,KwaZulu-Natal,176
589052,Zimpohlo,uMlalazi,KwaZulu-Natal,677
295277,Zincuka,Matatiele,Eastern Cape,954
282068,Zingadini,Intsika Yethu,Eastern Cape,689
286036,Zingonyameni,Elundini,Eastern Cape,987
589119,Zinhlezuka,uMlalazi,KwaZulu-Natal,1012
294018,Zinkumbini,King Sabata Dalindyebo,Eastern Cape,973
592025,Zinkwazi Beach,KwaDukuza,KwaZulu-Natal,693
260030,Zinyoka,Buffalo City,Eastern Cape,731
272011,Ziphunzana,Great Kei,Eastern Cape,738
295251,Zitapile,Matatiele,Eastern Cape,612
270647,Zitenjeni B,Mbhashe,Eastern Cape,125
270342,Zithenyini,Mbhashe,Eastern Cape,678
271248,Zitulele,Mnquma,Eastern Cape,624
292199,Zixholosini,Nyandeni,Eastern Cape,236
260120,Zixothyeni,Buffalo City,Eastern Cape,371
589124,Ziyendane,uMlalazi,KwaZulu-Natal,1337
877053,Zoeknog B,Bushbuckridge,Mpumalanga,1660
580160,Zomboda,Nongoma,KwaZulu-Natal,1394
271472,Zondani,Mnquma,Eastern Cape,83
294017,Zukezweni,King Sabata Dalindyebo,Eastern Cape,667
580142,Zungu,Nongoma,KwaZulu-Natal,759
579020,Zwartkloof,UPhongolo,KwaZulu-Natal,10169
274129,Zweledinga,Ngqushwa,Eastern Cape,2318
172018,Zwelihle,Overstrand,Western Cape,18210
965033,Zwigodini,Mutale,Limpopo,706
270448,eBelungwini,Mbhashe,Eastern Cape,314
271437,eBhityolo,Mnquma,Eastern Cape,133
271160,eBika,Mnquma,Eastern Cape,782
283133,eCacadu,Emalahleni,Eastern Cape,1961
284371,eCibini,Engcobo,Eastern Cape,317
283156,eDipini,Emalahleni,Eastern Cape,461
270586,eDrayini B,Mbhashe,Eastern Cape,199
578002,eDumbe NU,eDumbe,KwaZulu-Natal,20352
283184,eGcibhala,Emalahleni,Eastern Cape,554
575123,eGezahlala B,Nqutu,KwaZulu-Natal,128
575078,eGezahlala E,Nqutu,KwaZulu-Natal,571
284383,eGotyibeni,Engcobo,Eastern Cape,488
271194,eGqubeni,Mnquma,Eastern Cape,449
284048,eGxojeni,Engcobo,Eastern Cape,278
284375,eHukwini,Engcobo,Eastern Cape,262
270247,eJojweni A,Mbhashe,Eastern Cape,912
270611,eKrozweni,Mbhashe,Eastern Cape,204
273022,eLalini,Amahlathi,Eastern Cape,295
270133,eLalini C,Mbhashe,Eastern Cape,288
270645,eLalini F,Mbhashe,Eastern Cape,213
271278,eLengeni,Mnquma,Eastern Cape,469
284015,eLixeni,Engcobo,Eastern Cape,369
283125,eLupindweni B,Emalahleni,Eastern Cape,437
283066,eLuxeni A,Emalahleni,Eastern Cape,253
286098,eLuzie Drift,Elundini,Eastern Cape,651
583035,eMachobeni,Jozini,KwaZulu-Natal,1504
271167,eMadopholweni,Mnquma,Eastern Cape,509
270253,eMagocweni,Mbhashe,Eastern Cape,191
273097,eMagqobhokeni,Amahlathi,Eastern Cape,261
270499,eMahliwane,Mbhashe,Eastern Cape,775
271464,eMahlubini A,Mnquma,Eastern Cape,423
877131,eMakhazeni B,Bushbuckridge,Mpumalanga,6118
868002,eMalahleni,Emalahleni,Mpumalanga,108673
870003,eMalahleni NU West,Emakhazeni,Mpumalanga,6176
284135,eMampingeni,Engcobo,Eastern Cape,231
284068,eMamvulaneni,Engcobo,Eastern Cape,310
271406,eMangqangqa,Mnquma,Eastern Cape,167
583072,eManqayini,Jozini,KwaZulu-Natal,1514
271165,eMaphiko,Mnquma,Eastern Cape,125
292129,eMasameni,Nyandeni,Eastern Cape,1474
271177,eMaswusheni,Mnquma,Eastern Cape,48
276153,eMatsamraleni A,Nkonkobe,Eastern Cape,54
282249,eMatyolweni,Intsika Yethu,Eastern Cape,329
295235,eMaxesibeni,Matatiele,Eastern Cape,278
270047,eMazizini,Mbhashe,Eastern Cape,275
292244,eMboleni,Nyandeni,Eastern Cape,650
271211,eMbovu,Mnquma,Eastern Cape,229
271069,eMgcwe,Mnquma,Eastern Cape,412
276165,eMgwanisheni,Nkonkobe,Eastern Cape,282
286047,eMjikelweni,Elundini,Eastern Cape,51
270034,eMlenzeni,Mbhashe,Eastern Cape,498
271426,eMmangweni A,Mnquma,Eastern Cape,175
270610,eMndwaxa,Mbhashe,Eastern Cape,181
286170,eMoyeni,Elundini,Eastern Cape,351
271082,eMphahleni B,Mnquma,Eastern Cape,90
566033,eMunyini,The Msunduzi,KwaZulu-Natal,2320
260058,eMxhaxho,Buffalo City,Eastern Cape,1637
284407,eMzwini,Engcobo,Eastern Cape,210
271253,eNdenya,Mnquma,Eastern Cape,308
270170,eNdulini A,Mbhashe,Eastern Cape,200
284227,eNgcacu A,Engcobo,Eastern Cape,508
271171,eNgcwangu A,Mnquma,Eastern Cape,340
270361,eNgonyama,Mbhashe,Eastern Cape,743
283102,eNgqanda,Emalahleni,Eastern Cape,342
271284,eNgqaqeni,Mnquma,Eastern Cape,190
271482,eNgwane,Mnquma,Eastern Cape,403
271305,eNgxewane,Mnquma,Eastern Cape,190
282310,eNgxingweni B,Intsika Yethu,Eastern Cape,210
271275,eNkanini,Mnquma,Eastern Cape,529
270497,eNkolweni,Mbhashe,Eastern Cape,494
270570,eNqileni,Mbhashe,Eastern Cape,423
270426,eNtilini A,Mbhashe,Eastern Cape,379
270500,eNtilini D,Mbhashe,Eastern Cape,246
283006,eNtlanjeni,Emalahleni,Eastern Cape,294
284413,eNtlekiseni B,Engcobo,Eastern Cape,236
271228,eNtombo,Mnquma,Eastern Cape,489
270144,eNtshingeni,Mbhashe,Eastern Cape,208
271312,eNtsukazi,Mnquma,Eastern Cape,348
284351,eNtwashwini A,Engcobo,Eastern Cape,555
295239,eNyanisweni,Matatiele,Eastern Cape,361
274044,ePhole,Ngqushwa,Eastern Cape,418
274117,eQeto,Ngqushwa,Eastern Cape,952
284435,eQolweni A,Engcobo,Eastern Cape,138
271313,eRhala,Mnquma,Eastern Cape,409
270090,eRhwantsini B,Mbhashe,Eastern Cape,542
271187,eSidutyini,Mnquma,Eastern Cape,125
271531,eSigingqini,Mnquma,Eastern Cape,178
575119,eSigqokweni,Nqutu,KwaZulu-Natal,623
271066,eSihlabeni,Mnquma,Eastern Cape,378
270254,eSihlabeni C,Mbhashe,Eastern Cape,348
284374,eSikhobotini,Engcobo,Eastern Cape,147
283174,eSikhwankqeni,Emalahleni,Eastern Cape,78
284330,eSilevini,Engcobo,Eastern Cape,309
284045,eSingeni A,Engcobo,Eastern Cape,198
576086,eSinyameni,Msinga,KwaZulu-Natal,1184
271175,eSirhosheni B,Mnquma,Eastern Cape,423
283123,eSixekweni,Emalahleni,Eastern Cape,804
271057,eSizindini,Mnquma,Eastern Cape,292
286131,eThembalethu,Elundini,Eastern Cape,123
273040,eThwishini,Amahlathi,Eastern Cape,68
270557,eTshingeni,Mbhashe,Eastern Cape,159
271438,eTyiweni A,Mnquma,Eastern Cape,63
270029,eXeni,Mbhashe,Eastern Cape,355
566019,eZibomvini,The Msunduzi,KwaZulu-Natal,1182
292102,eZinduneni,Nyandeni,Eastern Cape,955
583041,eZinhlwathini,Jozini,KwaZulu-Natal,1039
295250,eZipamprini,Matatiele,Eastern Cape,66
270228,eZithenjini,Mbhashe,Eastern Cape,784
299005,iBhayi,Nelson Mandela Bay,Eastern Cape,237799
260165,iKhiwane,Buffalo City,Eastern Cape,1039
576002,iNdanyana  B,Msinga,KwaZulu-Natal,746
575116,iNhlabamkhosi,Nqutu,KwaZulu-Natal,1363
581029,iThaka,Ulundi,KwaZulu-Natal,209
560020,kaMpuco,Vulamehlo,KwaZulu-Natal,648
276122,kwaSawu,Nkonkobe,Eastern Cape,947
261004,uMasizakhe,Camdeboo,Eastern Cape,9087
538010,uMhlathuze NU,uMhlathuze,KwaZulu-Natal,9112
563002,uMngeni NU,uMngeni,KwaZulu-Natal,14433
570004,uMtshezi NU,Umtshezi,KwaZulu-Natal,21639
271143,uMzantsi B,Mnquma,Eastern Cape,232
380002,!Kheis NU North,!Kheis,Northern Cape,3000
529002,Abaqulusi NU,Abaqulusi,KwaZulu-Natal,44850
567010,Abebhuzi,Mkhambathini,KwaZulu-Natal,2088
297087,Abetshawu,Mbizana,Eastern Cape,391
877015,Acornhoek,Bushbuckridge,Mpumalanga,33529
560002,Adams Rural,Vulamehlo,KwaZulu-Natal,438
968010,Afton,Makhado,Limpopo,193
368006,Aggeneys,Khâi-Ma,Northern Cape,2262
173007,Agulhas,Cape Agulhas,Western Cape,548
562027,Albert Falls,uMshwathi,KwaZulu-Natal,4536
175005,Albertinia,Hessequa,Western Cape,6372
524024,Alcockspruit,Newcastle,KwaZulu-Natal,2656
798014,Alexandra,City of Johannesburg,Gauteng,179624
504053,Alfred,UMuziwabantu,KwaZulu-Natal,686
276096,Alice,Nkonkobe,Eastern Cape,15143
284184,All Saints Mission,Engcobo,Eastern Cape,260
281094,Allanwater,Lukanji,Eastern Cape,376
980004,Alma,Modimolle,Limpopo,1553
579014,Altona,UPhongolo,KwaZulu-Natal,1975
271202,Amabhele,Mnquma,Eastern Cape,148
599188,Amagcino,eThekwini,KwaZulu-Natal,940
273003,Amahlathi NU North,Amahlathi,Eastern Cape,2692
589084,Amakhilimba,uMlalazi,KwaZulu-Natal,1585
562043,Amalanga,uMshwathi,KwaZulu-Natal,127
284067,Amamvala,Engcobo,Eastern Cape,655
977003,Amandelbult,Thabazimbi,Limpopo,113
297077,Amantshangase A/a A,Mbizana,Eastern Cape,461
297074,Amantshangase A/a D,Mbizana,Eastern Cape,104
297058,Amantshangase A/a G,Mbizana,Eastern Cape,816
284116,Amanzolo,Engcobo,Eastern Cape,243
284150,Amaqwati,Engcobo,Eastern Cape,190
597007,Amashaka,Ubuhlebezwe,KwaZulu-Natal,1905
542043,Amatholamgele,Nkandla,KwaZulu-Natal,772
585021,Amatshamnyama,Hlabisa,KwaZulu-Natal,1607
294042,Amendu,King Sabata Dalindyebo,Eastern Cape,8256
862001,Amsterdam,Mkhondo,Mpumalanga,6769
295100,Andris,Matatiele,Eastern Cape,1490
526027,Annieville,Dannhauser,KwaZulu-Natal,6404
985007,Apel,Makhuduthamaga,Limpopo,2096
675008,Appeldraai,Ventersdorp,North West,573
969031,Archibalt,Blouberg,Limpopo,506
178008,Armoed,Oudtshoorn,Western Cape,472
176016,Asazani,Mossel Bay,Western Cape,772
169006,Ashton,Langeberg,Western Cape,7727
666020,Atamelang,Tswaing,North West,5189
199004,Atlantis,City of Cape Town,Western Cape,67491
378001,Augrabies Falls National Park,Kai !Garib,Northern Cape,590
674039,Austrey,Kagisano/Molopo,North West,1333
860006,Avontuur,Albert Luthuli,Mpumalanga,781
172024,Baardscheerders Bosch,Overstrand,Western Cape,103
960025,Babangu,Greater Giyani,Limpopo,1745
982009,Babirwa,Mogalakwena,Limpopo,4179
270530,Badi,Mbhashe,Eastern Cape,393
860005,Badplaas,Albert Luthuli,Mpumalanga,582
661022,Baikagedi,Madibeng,North West,145
293123,Bakaleni,Mhlontlo,Eastern Cape,172
668003,Bakerville,Ditsobotla,North West,2441
662012,Bala,Rustenburg,North West,2919
598152,Balbel,Umzimkhulu,KwaZulu-Natal,1346
290062,Baleni,Ngquza Hill,Eastern Cape,332
297381,Baleni C,Mbizana,Eastern Cape,198
276008,Balfour,Nkonkobe,Eastern Cape,3102
468004,Balkfontein,Nala,Free State,154
578010,Balmoral,eDumbe,KwaZulu-Natal,1360
987064,Banareng,Greater Tubatse,Limpopo,1048
505027,Bandlane,Ezingoleni,KwaZulu-Natal,2521
542082,Bangamanzi,Nkandla,KwaZulu-Natal,1351
260127,Bangilizwe,Buffalo City,Eastern Cape,131
291187,Bangolosi,Port St Johns,Eastern Cape,164
361023,Bankhara,Ga-Segonyana,Northern Cape,7972
386001,Banksdrif,Phokwane,Northern Cape,505
599185,Baphehli,eThekwini,KwaZulu-Natal,11834
875006,Barberton,Umjindi,Mpumalanga,11997
287137,Barkly East,Senqu,Eastern Cape,9986
274022,Barracks,Ngqushwa,Eastern Cape,1087
581130,Basamlilo A,Ulundi,KwaZulu-Natal,244
270548,Bashee,Mbhashe,Eastern Cape,35
982079,Basterpad,Mogalakwena,Limpopo,674
295252,Batsoarele,Matatiele,Eastern Cape,116
799045,Baviaanspoort,City of Tshwane,Gauteng,2456
581028,Bayeni,Ulundi,KwaZulu-Natal,210
290238,Bazana,Ngquza Hill,Eastern Cape,925
294088,Baziya Mission,King Sabata Dalindyebo,Eastern Cape,455
183004,Beaufort West NU,Beaufort West,Western Cape,7141
279012,Beccles,Tsolwana,Eastern Cape,1032
274133,Begha Mouth,Ngqushwa,Eastern Cape,19
967003,Beit Bridge,Musina,Limpopo,1001
284400,Bekileni,Engcobo,Eastern Cape,583
981003,Bela-Bela,Bela-Bela,Limpopo,45001
293104,Belekence,Mhlontlo,Eastern Cape,305
199021,Belhar,City of Cape Town,Western Cape,56234
578032,Bellemmerd,eDumbe,KwaZulu-Natal,528
199016,Bellville,City of Cape Town,Western Cape,112507
963010,Ben Farm,Ba-Phalaborwa,Limpopo,12757
506006,Bendigo,Hibiscus Coast,KwaZulu-Natal,1011
797011,Benoni,Ekurhuleni,Gauteng,158777
503053,Berea,Umzumbe,KwaZulu-Natal,703
276037,Bergplaas,Nkonkobe,Eastern Cape,415
571064,Bergville,Okhahlamba,KwaZulu-Natal,1274
874070,Berlin State Forest,Mbombela,Mpumalanga,356
478003,Bertha Shaft Village,Metsimaholo,Free State,1831
271289,Bethal,Mnquma,Eastern Cape,301
571019,Bethany,Okhahlamba,KwaZulu-Natal,6481
299006,Bethelsdorp,Nelson Mandela Bay,Eastern Cape,182012
461018,Bethulie,Kopanong,Free State,2100
860039,Betty's Goed,Albert Luthuli,Mpumalanga,1489
284320,Beyele,Engcobo,Eastern Cape,552
296129,Bhadalala,Umzimvubu,Eastern Cape,744
290013,Bhala,Ngquza Hill,Eastern Cape,960
583025,Bhambanani,Jozini,KwaZulu-Natal,3405
292196,Bhantini A,Nyandeni,Eastern Cape,512
273093,Bhavameni,Amahlathi,Eastern Cape,473
576028,Bhaza,Msinga,KwaZulu-Natal,858
575102,Bhekabani,Nqutu,KwaZulu-Natal,440
503025,Bhekameva,Umzumbe,KwaZulu-Natal,568
583050,Bhekindoda,Jozini,KwaZulu-Natal,3662
874010,Bhekiswayo,Mbombela,Mpumalanga,4632
580124,Bhekumteto,Nongoma,KwaZulu-Natal,405
297291,Bhele A,Mbizana,Eastern Cape,1208
282145,Bhesi,Intsika Yethu,Eastern Cape,178
270014,Bhetani B,Mbhashe,Eastern Cape,136
296124,Bhetshwana,Umzimvubu,Eastern Cape,513
270033,Bhijolo,Mbhashe,Eastern Cape,83
298017,Bhisa,Ntabankulu,Eastern Cape,124
560054,Bhobhobho,Vulamehlo,KwaZulu-Natal,297
271368,Bhokhwe,Mnquma,Eastern Cape,706
581043,Bhokweni A,Ulundi,KwaZulu-Natal,1378
291174,Bholani B,Port St Johns,Eastern Cape,718
283092,Bhomeni,Emalahleni,Eastern Cape,620
298053,Bhononi,Ntabankulu,Eastern Cape,311
271030,Bhoqo,Mnquma,Eastern Cape,323
292284,Bhucula,Nyandeni,Eastern Cape,452
560025,Bhudubhudu,Vulamehlo,KwaZulu-Natal,679
588051,Bhukhanana,Ntambanana,KwaZulu-Natal,6116
593060,Bhulushe,Ndwedwe,KwaZulu-Natal,441
290001,Bhungeni,Ngquza Hill,Eastern Cape,172
271256,Bhuru,Mnquma,Eastern Cape,63
297097,Bhwnijini B,Mbizana,Eastern Cape,158
294366,Bijolo,King Sabata Dalindyebo,Eastern Cape,672
965016,Bileni,Mutale,Limpopo,117
260032,Bisho,Buffalo City,Eastern Cape,11192
179001,Bitou NU,Bitou,Western Cape,4954
583059,Biva,Jozini,KwaZulu-Natal,2710
524017,Blaauwbosch Laagte,Newcastle,KwaZulu-Natal,21336
286008,Black Fountain,Elundini,Eastern Cape,17
360063,Blackrock,Joe Morolong,Northern Cape,403
287101,Blikana,Senqu,Eastern Cape,1690
578014,Blinkwater,eDumbe,KwaZulu-Natal,8810
673002,Bloemhof,Lekwa-Teemane,North West,2339
974042,Bloodriver,Polokwane,Limpopo,10724
969002,Blouberg Munic NU,Blouberg,Limpopo,7058
262006,Blue Crane Route NU,Blue Crane Route,Eastern Cape,6954
799079,Blue Hills,City of Tshwane,Gauteng,0
271147,Blue Sky,Mnquma,Eastern Cape,253
969104,Bobirwa,Blouberg,Limpopo,927
969097,Bochum,Blouberg,Limpopo,6777
969074,Bodi,Blouberg,Limpopo,5842
284325,Bodini,Engcobo,Eastern Cape,889
380006,Boegoeberg,!Kheis,Northern Cape,1857
499003,Bofulo,Mangaung,Free State,198
470001,Bohlokong,Dihlabeng,Free State,35003
760011,Boipatong,Emfuleni,Gauteng,22168
673004,Boitumelong,Lekwa-Teemane,North West,23155
664069,Bojating,Moses Kotane,North West,2364
962030,Bokhuta,Greater Tzaneen,Limpopo,1485
667037,Bokone,Mafikeng,North West,1830
297178,Bokuveni,Mbizana,Eastern Cape,356
282142,Bolana,Intsika Yethu,Eastern Cape,614
877024,Bolla-Tau,Bushbuckridge,Mpumalanga,12703
273078,Bomapass,Amahlathi,Eastern Cape,1185
580056,Bombolo A,Nongoma,KwaZulu-Natal,116
271244,Bomvana,Mnquma,Eastern Cape,233
799036,Bon Accord,City of Tshwane,Gauteng,2270
875001,Bonanza Gold Mine,Umjindi,Mpumalanga,1608
579023,Bongaspoort,UPhongolo,KwaZulu-Natal,3611
178005,Bongolethu,Oudtshoorn,Western Cape,14724
571029,Bonjaneni,Okhahlamba,KwaZulu-Natal,1351
169007,Bonnievale,Langeberg,Western Cape,9092
270569,Bophela,Mbhashe,Eastern Cape,105
970047,Boratapelo,Aganang,Limpopo,1039
872034,Borolo,Dr JS Moroka,Mpumalanga,7426
969046,Borwalathoto,Blouberg,Limpopo,1334
662022,Boschhoek,Rustenburg,North West,1551
799067,Boschkop,City of Tshwane,Gauteng,623
969063,Boshia,Blouberg,Limpopo,714
269009,Boskop,Kou-Kamma,Eastern Cape,90
179011,Bosluiskop,Bitou,Western Cape,18
799006,Bosplaas Mathabe,City of Tshwane,Gauteng,137
179006,Bossiesgerf,Bitou,Western Cape,1444
281033,Botha's Hoek,Lukanji,Eastern Cape,176
468001,Bothaville,Nala,Free State,4152
270282,Botho,Mbhashe,Eastern Cape,700
969116,Botlokwa,Blouberg,Limpopo,211
296093,Botomani,Umzimvubu,Eastern Cape,243
499030,Botshabelo,Mangaung,Free State,181712
271111,Botwe,Mnquma,Eastern Cape,15
274013,Boxelulu,Ngqushwa,Eastern Cape,826
986028,Braamfontein,Fetakgomo,Limpopo,614
514021,Brakfontein,Emnambithi/Ladysmith,KwaZulu-Natal,3353
281052,Brakkloof A,Lukanji,Eastern Cape,917
797022,Brakpan,Ekurhuleni,Gauteng,73080
167025,Brandwacht,Stellenbosch,Western Cape,265
982001,Breda,Mogalakwena,Limpopo,760
797017,Breswol,Ekurhuleni,Gauteng,493
178006,Bridgeton,Oudtshoorn,Western Cape,17640
371002,Britstown,Emthanjeni,Northern Cape,3843
577017,Broedershoek,Umvoti,KwaZulu-Natal,360
799072,Bronkhorstspruit,City of Tshwane,Gauteng,12470
296028,Brooksnek,Umzimvubu,Eastern Cape,4247
973018,Brussels,Molemole,Limpopo,803
966163,Budeli,Thulamela,Limpopo,2362
661016,Buffelsdoorn,Madibeng,North West,104
170004,Buffelsjagrivier,Swellendam,Western Cape,1439
270118,Bufumba,Mbhashe,Eastern Cape,938
580069,Buhlenibenkosi,Nongoma,KwaZulu-Natal,415
580104,Bukalini,Nongoma,KwaZulu-Natal,509
291019,Bukuqweni Farma,Port St Johns,Eastern Cape,161
571054,Bukweni,Okhahlamba,KwaZulu-Natal,2428
961060,Bulasini,Greater Letaba,Limpopo,1198
281034,Bulhoek,Lukanji,Eastern Cape,214
364006,Bullettrap,Nama Khoi,Northern Cape,415
580099,Bululwane,Nongoma,KwaZulu-Natal,3244
276152,Bulura,Nkonkobe,Eastern Cape,302
290050,Bumazi,Ngquza Hill,Eastern Cape,988
284033,Bumbane A,Engcobo,Eastern Cape,147
296027,Bumbeni,Umzimvubu,Eastern Cape,2230
580063,Bungazeleni B,Nongoma,KwaZulu-Natal,585
961063,Buqa,Greater Letaba,Limpopo,1559
289005,Burgersdorp,Gariep,Eastern Cape,5241
273115,Burnshill,Amahlathi,Eastern Cape,693
877008,Bushbuckridge NU,Bushbuckridge,Mpumalanga,1070
271201,Busila,Mnquma,Eastern Cape,412
964023,Butchwana,Maruleng,Limpopo,1505
291179,Butho,Port St Johns,Eastern Cape,1281
290136,Buthulo,Ngquza Hill,Eastern Cape,66
297244,Buttville A,Mbizana,Eastern Cape,564
874035,Buyelani,Mbombela,Mpumalanga,236
976081,Byldrift,Lepele-Nkumpi,Limpopo,1785
296168,Cabazi,Umzimvubu,Eastern Cape,1458
290321,Cabekwana,Ngquza Hill,Eastern Cape,189
284193,Caca,Engcobo,Eastern Cape,295
276003,Cairns,Nkonkobe,Eastern Cape,240
964001,Calais,Maruleng,Limpopo,2484
271168,California,Mnquma,Eastern Cape,316
286106,Calucalu,Elundini,Eastern Cape,205
270227,Camandashe,Mbhashe,Eastern Cape,397
376003,Campbell,Siyancuma,Northern Cape,2179
270594,Camsha,Mbhashe,Eastern Cape,222
265014,Canon Rocks,Ndlambe,Eastern Cape,214
199005,Cape Farms,City of Cape Town,Western Cape,1563
268013,Cape St Francis,Kouga,Eastern Cape,342
199009,Cape Town NU,City of Cape Town,Western Cape,485
372004,Carnavon,Kareeberg,Northern Cape,6612
364013,Carolusberg,Nama Khoi,Northern Cape,1336
273044,Carthcart,Amahlathi,Eastern Cape,2310
273057,Cata,Amahlathi,Eastern Cape,892
503072,Cathula,Umzumbe,KwaZulu-Natal,1790
524021,Cavan,Newcastle,KwaZulu-Natal,13273
563016,Cedarge,uMngeni,KwaZulu-Natal,5888
284178,Cefane,Engcobo,Eastern Cape,654
504006,Cekeza,UMuziwabantu,KwaZulu-Natal,1126
274107,Celetyuma,Ngqushwa,Eastern Cape,791
273006,Cengu,Amahlathi,Eastern Cape,610
797001,Centurion,Ekurhuleni,Gauteng,11366
298035,Cetshe,Ntabankulu,Eastern Cape,802
961017,Chabelane,Greater Letaba,Limpopo,564
272030,Chakatha,Great Kei,Eastern Cape,315
260168,Chalumna B,Buffalo City,Eastern Cape,158
662009,Chaneng,Rustenburg,North West,4529
866012,Charl Cilliers,Govan Mbeki,Mpumalanga,768
566002,Chase Valley,The Msunduzi,KwaZulu-Natal,5377
877128,Chavelagaza,Bushbuckridge,Mpumalanga,89
294464,Chelesi,King Sabata Dalindyebo,Eastern Cape,1036
284362,Chetyana,Engcobo,Eastern Cape,228
272006,Chicargo,Great Kei,Eastern Cape,208
290270,Chithiwayo,Ngquza Hill,Eastern Cape,401
542029,Cholwane,Nkandla,KwaZulu-Natal,1042
260093,Chris Hani,Buffalo City,Eastern Cape,391
260173,Christmas Rock,Buffalo City,Eastern Cape,329
576079,Chunu B,Msinga,KwaZulu-Natal,11
599006,Cibane,eThekwini,KwaZulu-Natal,812
295038,Cibini,Matatiele,Eastern Cape,350
270553,Ciko A,Mbhashe,Eastern Cape,441
276099,Cilidara,Nkonkobe,Eastern Cape,580
276066,Cimezile,Nkonkobe,Eastern Cape,281
293247,Cingco B,Mhlontlo,Eastern Cape,70
297359,Cingweni B,Mbizana,Eastern Cape,137
272036,Cintsa West,Great Kei,Eastern Cape,63
274074,Cisira,Ngqushwa,Eastern Cape,1256
199048,City of Cape Town NU,City of Cape Town,Western Cape,1560
270116,Cizela,Mbhashe,Eastern Cape,47
161004,Clanwilliam,Cederberg,Western Cape,7674
877037,Clare C,Bushbuckridge,Mpumalanga,804
470011,Clarens,Dihlabeng,Free State,751
297054,Clarkeville A,Mbizana,Eastern Cape,871
797004,Clayville,Ekurhuleni,Gauteng,14526
868006,Clewer,Emalahleni,Mpumalanga,4569
599176,Clifton Heights,eThekwini,KwaZulu-Natal,47
526025,Cloneen,Dannhauser,KwaZulu-Natal,4360
478015,Coalbrook,Metsimaholo,Free State,2
962033,Cochock,Greater Tzaneen,Limpopo,0
282263,Cofimvaba,Intsika Yethu,Eastern Cape,8783
299001,Colchester,Nelson Mandela Bay,Eastern Cape,2073
370004,Colesberg,Umsobomvu,Northern Cape,16869
270299,Colosa A,Mbhashe,Eastern Cape,657
271478,Columba Mission,Mnquma,Eastern Cape,123
262005,Cookhouse,Blue Crane Route,Eastern Cape,5707
292172,Corana,Nyandeni,Eastern Cape,541
260142,Corn Fields,Buffalo City,Eastern Cape,176
529006,Coronation,Abaqulusi,KwaZulu-Natal,3691
673003,Coverndale,Lekwa-Teemane,North West,2410
274046,Craighead,Ngqushwa,Eastern Cape,74
877108,Croquet Lawn A,Bushbuckridge,Mpumalanga,2816
579018,Crowsnest,UPhongolo,KwaZulu-Natal,1301
260069,Cuba B,Buffalo City,Eastern Cape,356
799049,Cullinan,City of Tshwane,Gauteng,8693
542014,Cungewane,Nkandla,KwaZulu-Natal,155
270174,Cungweni,Mbhashe,Eastern Cape,840
562038,Cuphulaka,uMshwathi,KwaZulu-Natal,2084
290317,Cutweni,Ngquza Hill,Eastern Cape,918
273118,Cwaru,Amahlathi,Eastern Cape,271
294022,Cwecwe,King Sabata Dalindyebo,Eastern Cape,676
273122,Cwengcwe,Amahlathi,Eastern Cape,117
874059,Daantjie,Mbombela,Mpumalanga,39998
274053,Dadeni,Ngqushwa,Eastern Cape,80
297307,Dakamnyama,Mbizana,Eastern Cape,264
284341,Dala,Engcobo,Eastern Cape,372
286220,Dalibango,Elundini,Eastern Cape,158
294323,Dalindyebo,King Sabata Dalindyebo,Eastern Cape,1043
562013,Dalton,uMshwathi,KwaZulu-Natal,1493
965031,Dambale,Mutale,Limpopo,420
296085,Damini,Umzimvubu,Eastern Cape,24
599190,Danganya,eThekwini,KwaZulu-Natal,1847
297342,Dangeni B,Mbizana,Eastern Cape,232
291150,Dangwana,Port St Johns,Eastern Cape,870
382001,Danielskuil,Kgatelopele,Northern Cape,13597
660049,Dannhouse,Moretele,North West,4551
294336,Darabe,King Sabata Dalindyebo,Eastern Cape,841
164013,Dassen Island,Swartland,Western Cape,0
797014,Daveyton,Ekurhuleni,Gauteng,127967
546023,Dayimane,Maphumulo,KwaZulu-Natal,993
594047,Dazini,Ingwe,KwaZulu-Natal,1609
660010,De Grens,Moretele,North West,175
178007,De Hoop,Oudtshoorn,Western Cape,151
969091,De Villiersdale,Blouberg,Limpopo,1103
276156,Debe Marela,Nkonkobe,Eastern Cape,426
276144,Debe Valley B,Nkonkobe,Eastern Cape,662
293099,Debeza,Mhlontlo,Eastern Cape,1009
291144,Dedeni,Port St Johns,Eastern Cape,996
598227,Deepdale Tshali,Umzimkhulu,KwaZulu-Natal,406
666024,Delareyville,Tswaing,North West,10630
867004,Delmas,Victor Khanye,Mpumalanga,7399
478013,Deneysville,Metsimaholo,Free State,1833
580146,Dengeni B,Nongoma,KwaZulu-Natal,68
984063,Dennilton,Elias Motsoaledi,Limpopo,2408
799044,Derdepoort,City of Tshwane,Gauteng,1168
299004,Despatch,Nelson Mandela Bay,Eastern Cape,39619
762006,Devon A,Lesedi,Gauteng,347
542046,Devondale,Nkandla,KwaZulu-Natal,626
503035,Deyi,Umzumbe,KwaZulu-Natal,788
282053,Diamond,Intsika Yethu,Eastern Cape,204
860014,Dibaba,Albert Luthuli,Mpumalanga,107
362001,Dibeng,Gamagara,Northern Cape,7848
667013,Dibono,Mafikeng,North West,80
292105,Didi,Nyandeni,Eastern Cape,1054
966180,Dididi,Thulamela,Limpopo,2312
166006,Diemersfontein,Drakenstein,Western Cape,84
598160,Diepkloof,Umzimkhulu,KwaZulu-Natal,556
798003,Diepsloot,City of Johannesburg,Gauteng,138329
660044,Dihibidung,Moretele,North West,1456
294062,Dikathole,King Sabata Dalindyebo,Eastern Cape,976
660028,Dikebu,Moretele,North West,2418
664008,Dikgabong,Moses Kotane,North West,1029
982078,Dikgokgopheng,Mogalakwena,Limpopo,578
290180,Diki,Ngquza Hill,Eastern Cape,229
360071,Dikolobeng,Joe Morolong,Northern Cape,67
287067,Dili,Senqu,Eastern Cape,1016
966044,Dimani,Thulamela,Limpopo,807
978030,Dimpompong,Lephalale,Limpopo,469
581123,Dindi A,Ulundi,KwaZulu-Natal,3485
297086,Dindini B,Mbizana,Eastern Cape,2640
270216,Dingata,Mbhashe,Eastern Cape,330
877049,Dingleydale B,Bushbuckridge,Mpumalanga,1444
292085,Dininkosi,Nyandeni,Eastern Cape,843
472062,Dinkweng,Maluti a Phofung,Free State,527
664014,Dinokaneng,Moses Kotane,North West,781
542098,Dinuntuli,Nkandla,KwaZulu-Natal,878
865003,Dipaleseng NU,Dipaleseng,Mpumalanga,4047
982038,Dipere,Mogalakwena,Limpopo,1105
987061,Diphale,Greater Tubatse,Limpopo,3709
286060,Diphokong,Elundini,Eastern Cape,1077
661018,Dipompong,Madibeng,North West,1181
982049,Diretsaneng,Mogalakwena,Limpopo,716
665005,Disaneng,Ratlou,North West,7229
974008,Ditenteng,Polokwane,Limpopo,1207
360053,Dithakong,Joe Morolong,Northern Cape,1691
472020,Dithotaneng,Maluti a Phofung,Free State,10014
978031,Ditloung,Lephalale,Limpopo,415
360099,Ditshilabeleng,Joe Morolong,Northern Cape,553
668002,Ditsobotla NU,Ditsobotla,North West,39870
569011,Dival,Indaka,KwaZulu-Natal,1608
271508,Diya,Mnquma,Eastern Cape,248
542128,Dlabe,Nkandla,KwaZulu-Natal,432
282221,Dlakavu,Intsika Yethu,Eastern Cape,646
297299,Dlangezwa,Mbizana,Eastern Cape,700
581040,Dlebe A,Ulundi,KwaZulu-Natal,725
291016,Dlelengana,Port St Johns,Eastern Cape,393
588028,Dlomodlomo,Ntambanana,KwaZulu-Natal,766
294375,Dobe,King Sabata Dalindyebo,Eastern Cape,531
968004,Dolidoli,Makhado,Limpopo,314
290173,Dolophini,Ngquza Hill,Eastern Cape,781
965028,Domboni,Mutale,Limpopo,247
273088,Dongoba,Amahlathi,Eastern Cape,1018
283143,Dongweni,Emalahleni,Eastern Cape,675
273061,Dontsa,Amahlathi,Eastern Cape,434
974045,Doornbult,Polokwane,Limpopo,1713
514020,Doornkloof,Emnambithi/Ladysmith,KwaZulu-Natal,3895
669015,Doornlaagte,Ramotshere Moiloa,North West,776
283138,Dophu,Emalahleni,Eastern Cape,378
160013,Doringbaai,Matzikama,Western Cape,1260
526034,Dorset,Dannhauser,KwaZulu-Natal,581
297151,Dotye,Mbizana,Eastern Cape,73
965011,Dovha,Mutale,Limpopo,483
872004,Dr JS Moroka NU North,Dr JS Moroka,Mpumalanga,602
529001,Draaiom Trust,Abaqulusi,KwaZulu-Natal,194
282106,Dratashe,Intsika Yethu,Eastern Cape,194
284191,Drayini A,Engcobo,Eastern Cape,283
598121,Dressini,Umzimkhulu,KwaZulu-Natal,1005
667072,Driehoek,Mafikeng,North West,711
876032,Driekoppies,Nkomazi,Mpumalanga,18498
599097,Drummond,eThekwini,KwaZulu-Natal,955
290291,Dubana,Ngquza Hill,Eastern Cape,5999
274004,Dubu,Ngqushwa,Eastern Cape,751
294462,Dudani,King Sabata Dalindyebo,Eastern Cape,361
271054,Dudumashe,Mnquma,Eastern Cape,1137
297187,Dudumeni B,Mbizana,Eastern Cape,949
297214,Dujene,Mbizana,Eastern Cape,102
285027,Duke,Sakhisizwe,Eastern Cape,275
291146,Dukulweni,Port St Johns,Eastern Cape,373
287050,Dulcies Nek,Senqu,Eastern Cape,182
283107,Dum-Dum,Emalahleni,Eastern Cape,768
291166,Dumase,Port St Johns,Eastern Cape,228
297386,Dumazulu,Mbizana,Eastern Cape,81
576012,Dumbe,Msinga,KwaZulu-Natal,817
877090,Dumfries B,Bushbuckridge,Mpumalanga,1804
297037,Dumsi,Mbizana,Eastern Cape,259
276006,Dunedin,Nkonkobe,Eastern Cape,164
292050,Dungu,Nyandeni,Eastern Cape,569
503036,Dunuse,Umzumbe,KwaZulu-Natal,770
199017,Durbanville,City of Cape Town,Western Cape,54286
296162,Dutyini,Umzimvubu,Eastern Cape,2424
977006,Dwaalboom,Thabazimbi,Limpopo,568
273016,Dwaleni,Amahlathi,Eastern Cape,32
162004,Dwarskersbos,Bergrivier,Western Cape,670
270607,Dwesa,Mbhashe,Eastern Cape,221
276094,Dyamala,Nkonkobe,Eastern Cape,523
271467,Dyosini,Mnquma,Eastern Cape,551
965122,Dzamba,Mutale,Limpopo,216
966192,Dzindi,Thulamela,Limpopo,2787
966021,Dzwaboni,Thulamela,Limpopo,597
271476,Eagle,Mnquma,Eastern Cape,58
766008,East Driefontein,Merafong City,Gauteng,3876
526004,Eastbourne,Dannhauser,KwaZulu-Natal,3810
160008,Ebenheaser,Matzikama,Western Cape,1305
297084,Eborweni,Mbizana,Eastern Cape,660
580066,Ebumba,Nongoma,KwaZulu-Natal,347
284168,Echibini B,Engcobo,Eastern Cape,517
276130,Ecingweni,Nkonkobe,Eastern Cape,117
292103,Edangeni,Nyandeni,Eastern Cape,679
282189,Edayimani,Intsika Yethu,Eastern Cape,46
797007,Edenvale,Ekurhuleni,Gauteng,49292
877061,Edinburgh A,Bushbuckridge,Mpumalanga,7305
599149,Ediphini Section,eThekwini,KwaZulu-Natal,963
590020,Edubeni,Mthonjaneni,KwaZulu-Natal,2326
162003,Eendekuil,Bergrivier,Western Cape,1530
799047,Eersterust,City of Tshwane,Gauteng,29676
284210,Efameni,Engcobo,Eastern Cape,276
877054,Eglington B,Bushbuckridge,Mpumalanga,1054
599141,Egwadeni Section,eThekwini,KwaZulu-Natal,699
587030,Ehlabosini,Mfolozi,KwaZulu-Natal,1533
282316,Ehukwini,Intsika Yethu,Eastern Cape,14
546051,Ejingeni,Maphumulo,KwaZulu-Natal,315
799054,Ekangala,City of Tshwane,Gauteng,48493
542042,Ekhukhanyeni,Nkandla,KwaZulu-Natal,554
674056,Eksdale,Kagisano/Molopo,North West,212
581063,Ekudubekeni,Ulundi,KwaZulu-Natal,299
562039,Ekukhanyeni,uMshwathi,KwaZulu-Natal,241
860017,Ekulindeni,Albert Luthuli,Mpumalanga,4521
271222,Ekupumleni,Mnquma,Eastern Cape,25
542097,Ekuthokozen,Nkandla,KwaZulu-Natal,912
569012,Ekuvukeni,Indaka,KwaZulu-Natal,11018
284055,Elabafazi,Engcobo,Eastern Cape,196
984069,Elandsdoorn,Elias Motsoaledi,Limpopo,14
874068,Elandshoek,Mbombela,Mpumalanga,1175
766019,Elandsridge,Merafong City,Gauteng,2490
969018,Eldorado,Blouberg,Limpopo,2246
290006,Elhibini,Ngquza Hill,Eastern Cape,153
284084,Elithuthu,Engcobo,Eastern Cape,371
974107,Elmadal,Polokwane,Limpopo,825
765013,Elsburg Gold Mine,Westonaria,Gauteng,1787
360078,Elston,Joe Morolong,Northern Cape,157
598011,Elukhashini,Umzimkhulu,KwaZulu-Natal,705
276019,Elundini,Nkonkobe,Eastern Cape,715
503023,Elupepeni,Umzumbe,KwaZulu-Natal,2170
294306,Elusheni,King Sabata Dalindyebo,Eastern Cape,615
260062,Eluxolweni,Buffalo City,Eastern Cape,15300
297347,Emabhekuteni,Mbizana,Eastern Cape,601
546035,Emabomvini B,Maphumulo,KwaZulu-Natal,662
576089,Emachunwini,Msinga,KwaZulu-Natal,1489
573015,Emadolobwe,Imbabazane,KwaZulu-Natal,2669
290016,Emafusini,Ngquza Hill,Eastern Cape,85
573042,Emahendeni,Imbabazane,KwaZulu-Natal,510
293321,Emahlubini,Mhlontlo,Eastern Cape,372
577005,Emakhabeleni,Umvoti,KwaZulu-Natal,536
581064,Emakhalathini B,Ulundi,KwaZulu-Natal,1537
571042,Emakhosaneni,Okhahlamba,KwaZulu-Natal,1938
587016,Emakwezini,Mfolozi,KwaZulu-Natal,2474
297237,Emampingeni,Mbizana,Eastern Cape,110
573012,Emandabeni,Imbabazane,KwaZulu-Natal,4174
599146,Emangabazini,eThekwini,KwaZulu-Natal,1988
542017,Emangidini,Nkandla,KwaZulu-Natal,984
291116,Emanqondeni,Port St Johns,Eastern Cape,320
583011,Emanyiseni,Jozini,KwaZulu-Natal,1033
282170,Emaqamini,Intsika Yethu,Eastern Cape,270
295053,Emaromeni,Matatiele,Eastern Cape,275
546085,Emasomini A,Maphumulo,KwaZulu-Natal,1284
566023,Emaswazini,The Msunduzi,KwaZulu-Natal,3669
587010,Ematholeni,Mfolozi,KwaZulu-Natal,2733
295034,Ematshanganeni,Matatiele,Eastern Cape,170
270615,Emaxixibeni,Mbhashe,Eastern Cape,215
866011,Embalenhle,Govan Mbeki,Mpumalanga,118889
583015,Embandleni,Jozini,KwaZulu-Natal,1594
594061,Embantini,Ingwe,KwaZulu-Natal,1419
860011,Embhuleni,Albert Luthuli,Mpumalanga,595
546079,Embizeni,Maphumulo,KwaZulu-Natal,293
568015,Embuthweni,Richmond,KwaZulu-Natal,578
580103,Emcebo,Nongoma,KwaZulu-Natal,779
270515,Emdeni,Mbhashe,Eastern Cape,185
297060,Emdozingana,Mbizana,Eastern Cape,580
594024,Ememela,Ingwe,KwaZulu-Natal,891
297136,Emfolozi,Mbizana,Eastern Cape,153
589014,Emgoswaneni,uMlalazi,KwaZulu-Natal,765
529030,Emhlangeni,Abaqulusi,KwaZulu-Natal,1467
876006,Emjejane,Nkomazi,Mpumalanga,3096
875007,Emjindini,Umjindi,Mpumalanga,33241
546075,Emkhovini,Maphumulo,KwaZulu-Natal,426
593051,Emnamane,Ndwedwe,KwaZulu-Natal,1297
282318,Emndeni,Intsika Yethu,Eastern Cape,193
573013,Emnyangweni,Imbabazane,KwaZulu-Natal,2933
294279,Empa,King Sabata Dalindyebo,Eastern Cape,421
538023,Empembeni,uMhlathuze,KwaZulu-Natal,3399
542006,Empotholo,Nkandla,KwaZulu-Natal,769
546066,Emtanjeni,Maphumulo,KwaZulu-Natal,707
281070,Emtha,Lukanji,Eastern Cape,248
546030,Emthombeni,Maphumulo,KwaZulu-Natal,4969
590019,Emukhindini,Mthonjaneni,KwaZulu-Natal,2669
594001,Emvuleni,Ingwe,KwaZulu-Natal,161
964018,Enable,Maruleng,Limpopo,2416
591011,Endlondlweni,Mandeni,KwaZulu-Natal,16362
574002,Endumeni NU,Endumeni,KwaZulu-Natal,6650
284409,Engasa,Engcobo,Eastern Cape,73
293036,Engcoti,Mhlontlo,Eastern Cape,142
281079,Engojini,Lukanji,Eastern Cape,379
573004,Engonyameni,Imbabazane,KwaZulu-Natal,6064
598128,Engunjini,Umzimkhulu,KwaZulu-Natal,935
284195,Engxogi,Engcobo,Eastern Cape,605
582054,Enhlambeni,Umhlabuyalingana,KwaZulu-Natal,1171
580118,Enkananeni,Nongoma,KwaZulu-Natal,1408
582030,Enkathweni,Umhlabuyalingana,KwaZulu-Natal,2052
860022,Enkhaba,Albert Luthuli,Mpumalanga,525
590025,Enkwenkwe,Mthonjaneni,KwaZulu-Natal,249
291076,Enkweza,Port St Johns,Eastern Cape,165
297127,Enqabeni,Mbizana,Eastern Cape,21
281063,Enqobokeni 1,Lukanji,Eastern Cape,157
667079,Enselsrust,Mafikeng,North West,883
586011,Ensolweni,Mtubatuba,KwaZulu-Natal,2306
260139,Ententeni,Buffalo City,Eastern Cape,2731
874062,Entokozweni,Mbombela,Mpumalanga,1342
580035,Entweni,Nongoma,KwaZulu-Natal,805
274068,Enxuba,Ngqushwa,Eastern Cape,1
293041,Enyanga,Mhlontlo,Eastern Cape,109
542132,Enyawoshana,Nkandla,KwaZulu-Natal,444
291130,Enyosana,Port St Johns,Eastern Cape,309
199027,Epping Industria,City of Cape Town,Western Cape,50
273095,Eqolweni,Amahlathi,Eastern Cape,1028
592018,Eradamishini,KwaDukuza,KwaZulu-Natal,6384
861008,Ermelo,Msukaligwa,Mpumalanga,83865
295040,Esehlabeni,Matatiele,Eastern Cape,765
577027,Eshane,Umvoti,KwaZulu-Natal,4903
293308,Esibhalweni,Mhlontlo,Eastern Cape,614
542021,Esibomvu,Nkandla,KwaZulu-Natal,647
588031,Esichothweni,Ntambanana,KwaZulu-Natal,822
594065,Esidangeni,Ingwe,KwaZulu-Natal,396
576015,Esifuleni,Msinga,KwaZulu-Natal,725
297352,Esigodlweni,Mbizana,Eastern Cape,917
291026,Esihlitho,Port St Johns,Eastern Cape,1462
598044,Esikawini,Umzimkhulu,KwaZulu-Natal,177
599081,Esikhelekehleni,eThekwini,KwaZulu-Natal,3629
284337,Esikolweni,Engcobo,Eastern Cape,522
273120,Esinyanduleni,Amahlathi,Eastern Cape,98
580108,Esiphambanweni,Nongoma,KwaZulu-Natal,911
580008,Esiphethwini,Nongoma,KwaZulu-Natal,272
293050,Esithaleni,Mhlontlo,Eastern Cape,332
588057,Esithombeni,Ntambanana,KwaZulu-Natal,1574
589090,Esiwane,uMlalazi,KwaZulu-Natal,477
260002,Esixekweni A,Buffalo City,Eastern Cape,374
292292,Eskweleni,Nyandeni,Eastern Cape,289
969020,Essoubinca,Blouberg,Limpopo,1431
562034,Esthezi,uMshwathi,KwaZulu-Natal,92
592033,Etete,KwaDukuza,KwaZulu-Natal,5193
599004,Ethekwini NU,eThekwini,KwaZulu-Natal,11200
273112,Ethembeni,Amahlathi,Eastern Cape,5530
860031,Etjelembube,Albert Luthuli,Mpumalanga,2165
291048,Etshiweni,Port St Johns,Eastern Cape,405
499037,Eureka,Mangaung,Free State,13
360093,Everton,Joe Morolong,Northern Cape,21
276131,Exesi,Nkonkobe,Eastern Cape,234
573031,EzInyosini,Imbabazane,KwaZulu-Natal,2436
546080,Ezibandleni,Maphumulo,KwaZulu-Natal,1102
594013,Ezibomvini,Ingwe,KwaZulu-Natal,265
587005,Ezidonini,Mfolozi,KwaZulu-Natal,1913
293244,Ezifama,Mhlontlo,Eastern Cape,301
260131,Ezigodlweni,Buffalo City,Eastern Cape,875
581115,Ezihlabeni,Ulundi,KwaZulu-Natal,3563
581133,Ezikhumbeni,Ulundi,KwaZulu-Natal,460
542136,Ezilozini,Nkandla,KwaZulu-Natal,933
542109,Ezimbidla,Nkandla,KwaZulu-Natal,1443
584006,Ezimbondweni,The Big 5 False Bay,KwaZulu-Natal,1696
567021,Ezimwini,Mkhambathini,KwaZulu-Natal,1965
592009,Ezingaganeni,KwaDukuza,KwaZulu-Natal,782
576043,Ezingulubeni,Msinga,KwaZulu-Natal,3184
292106,Ezinkozweni,Nyandeni,Eastern Cape,1118
582087,Ezinqeni,Umhlabuyalingana,KwaZulu-Natal,579
599165,Ezinyathini,eThekwini,KwaZulu-Natal,1497
598008,Eziqalabeni,Umzimkhulu,KwaZulu-Natal,744
297124,Ezizityaneni A,Mbizana,Eastern Cape,1797
677001,Faan Meintjies Nature Reserve,City of Matlosana,North West,7
575108,Fahlaza,Nqutu,KwaZulu-Natal,599
526019,Fairbreeze,Dannhauser,KwaZulu-Natal,3806
270309,Falakahla,Mbhashe,Eastern Cape,141
290040,Fama Loc,Ngquza Hill,Eastern Cape,912
798017,Farmall,City of Johannesburg,Gauteng,1051
291054,Fatyini,Port St Johns,Eastern Cape,118
562004,Faya,uMshwathi,KwaZulu-Natal,1262
295110,Felleng,Matatiele,Eastern Cape,760
172015,Fernkloof,Overstrand,Western Cape,0
976001,Fertilis,Lepele-Nkumpi,Limpopo,198
565034,Fikesuthi,Impendle,KwaZulu-Natal,861
172011,Fisherhaven,Overstrand,Western Cape,723
290038,Flagstaff,Ngquza Hill,Eastern Cape,2584
290174,Fleyi,Ngquza Hill,Eastern Cape,77
962038,Fobeni,Greater Tzaneen,Limpopo,1565
297147,Foloti,Mbizana,Eastern Cape,145
599178,Folweni,eThekwini,KwaZulu-Natal,30402
281043,Fordyce,Lukanji,Eastern Cape,193
874034,Forsicht,Mbombela,Mpumalanga,208
287102,Fort Hook,Senqu,Eastern Cape,1128
271072,Forty five,Mnquma,Eastern Cape,247
596003,Franklin,Greater Kokstad,KwaZulu-Natal,2018
367003,Frasersburg,Karoo Hoogland,Northern Cape,3029
562011,Frenchay West,uMshwathi,KwaZulu-Natal,2925
176004,Friemersheim,Mossel Bay,Western Cape,1235
273028,Fubu,Amahlathi,Eastern Cape,109
526002,Fulathela Sorth,Dannhauser,KwaZulu-Natal,2458
588015,Fuyeni B,Ntambanana,KwaZulu-Natal,534
969008,Ga-Dankie,Blouberg,Limpopo,446
970001,Ga-Dikgale,Aganang,Limpopo,430
660025,Ga-Habedi,Moretele,North West,597
969090,Ga-Hlako A,Blouberg,Limpopo,286
970003,Ga-Keetse,Aganang,Limpopo,329
961097,Ga-Kgapane,Greater Letaba,Limpopo,9879
987028,Ga-Kgoete,Greater Tubatse,Limpopo,995
969009,Ga-Kibi,Blouberg,Limpopo,2436
974023,Ga-Komape,Polokwane,Limpopo,2739
970013,Ga-Lamola,Aganang,Limpopo,533
970026,Ga-Lepadima,Aganang,Limpopo,1231
361008,Ga-Lotolo,Ga-Segonyana,Northern Cape,355
970021,Ga-Mabitsela,Aganang,Limpopo,1421
982074,Ga-Mabusela,Mogalakwena,Limpopo,1246
978021,Ga-Machoko,Lephalale,Limpopo,663
970070,Ga-Madietane,Aganang,Limpopo,895
987155,Ga-Maepa,Greater Tubatse,Limpopo,2676
970050,Ga-Mahoai,Aganang,Limpopo,2058
973034,Ga-Makgato,Molemole,Limpopo,3160
987056,Ga-Makofane,Greater Tubatse,Limpopo,3771
987084,Ga-Makwa,Greater Tubatse,Limpopo,809
982084,Ga-Maloka,Mogalakwena,Limpopo,2149
970081,Ga-Mangou,Aganang,Limpopo,973
970082,Ga-Manyapje,Aganang,Limpopo,1338
973003,Ga-Maponto,Molemole,Limpopo,4530
970012,Ga-Masehlong,Aganang,Limpopo,1083
987102,Ga-Mashamptane,Greater Tubatse,Limpopo,10071
963014,Ga-Mashishimale,Ba-Phalaborwa,Limpopo,13920
962002,Ga-Matipane,Greater Tzaneen,Limpopo,6440
970029,Ga-Mmabatho,Aganang,Limpopo,2230
674032,Ga-Modikwe,Kagisano/Molopo,North West,98
360050,Ga-Moheele,Joe Morolong,Northern Cape,139
970025,Ga-Mokobodi,Aganang,Limpopo,1103
973006,Ga-Moleele,Molemole,Limpopo,596
978035,Ga-Monyeki,Lephalale,Limpopo,4087
987047,Ga-Moraba B,Greater Tubatse,Limpopo,1795
985104,Ga-Mosehla,Makhuduthamaga,Limpopo,12543
961051,Ga-Mothele,Greater Letaba,Limpopo,1224
360109,Ga-Mothibi,Joe Morolong,Northern Cape,291
961080,Ga-Mothombeki,Greater Letaba,Limpopo,1254
969035,Ga-Motlana,Blouberg,Limpopo,669
987053,Ga-Motshana,Greater Tubatse,Limpopo,1403
969029,Ga-Moyaga,Blouberg,Limpopo,87
982025,Ga-Mushi,Mogalakwena,Limpopo,1379
970034,Ga-Nonyane,Aganang,Limpopo,1434
987010,Ga-Phala,Greater Tubatse,Limpopo,1188
360013,Ga-Pitiela,Joe Morolong,Northern Cape,941
987072,Ga-Ragopola,Greater Tubatse,Limpopo,4934
969083,Ga-Rammutla A,Blouberg,Limpopo,740
970035,Ga-Ramoshwane,Aganang,Limpopo,3469
969100,Ga-Rampuru,Blouberg,Limpopo,548
661003,Ga-Rasai,Madibeng,North West,469
361010,Ga-Sebolao,Ga-Segonyana,Northern Cape,150
361002,Ga-Segonyana NU,Ga-Segonyana,Northern Cape,3000
987031,Ga-Selala,Greater Tubatse,Limpopo,4589
963003,Ga-Selwana,Ba-Phalaborwa,Limpopo,5263
974005,Ga-Setati,Polokwane,Limpopo,1773
974058,Ga-Tjale,Polokwane,Limpopo,467
661009,Ga-Tshefoqe,Madibeng,North West,1112
974066,Ga-kgole,Polokwane,Limpopo,1101
662021,GaLuka,Rustenburg,North West,15350
974099,GaMagowa,Polokwane,Limpopo,5160
986043,GaMaisela,Fetakgomo,Limpopo,1189
983057,GaMakgatle,Ephraim Mogale,Limpopo,361
976033,GaMakgoba B,Lepele-Nkumpi,Limpopo,349
969092,GaMakgwata,Blouberg,Limpopo,250
982059,GaMalapile,Mogalakwena,Limpopo,592
982054,GaMalope,Mogalakwena,Limpopo,981
961061,GaMamanyoha,Greater Letaba,Limpopo,1162
986032,GaMampa,Fetakgomo,Limpopo,197
974011,GaManamela,Polokwane,Limpopo,1355
961045,GaMaphale,Greater Letaba,Limpopo,4641
985010,GaMaroshi,Makhuduthamaga,Limpopo,1305
969115,GaMasekwa,Blouberg,Limpopo,195
985044,GaMashabela,Makhuduthamaga,Limpopo,1602
982020,GaMathapo,Mogalakwena,Limpopo,1272
984042,GaMatlala,Elias Motsoaledi,Limpopo,822
974112,GaMboi,Polokwane,Limpopo,2469
969081,GaMmatemana,Blouberg,Limpopo,840
974127,GaMogano,Polokwane,Limpopo,1881
969006,GaMoisimane Arie,Blouberg,Limpopo,620
974027,GaMokgopo,Polokwane,Limpopo,2727
974110,GaMokwane,Polokwane,Limpopo,2887
976080,GaMolapo,Lepele-Nkumpi,Limpopo,4640
974123,GaMolepo,Polokwane,Limpopo,4048
985140,GaMolopane,Makhuduthamaga,Limpopo,1581
674010,GaMontshonyana,Kagisano/Molopo,North West,655
985107,GaMoretsela,Makhuduthamaga,Limpopo,2464
982090,GaMosege,Mogalakwena,Limpopo,555
674030,GaMotsage,Kagisano/Molopo,North West,82
982027,GaNkidikitlane,Mogalakwena,Limpopo,1340
984011,GaPamadi,Elias Motsoaledi,Limpopo,2488
974037,GaPotse,Polokwane,Limpopo,1404
962083,GaRakoma,Greater Tzaneen,Limpopo,2005
961058,GaRamaroka,Greater Letaba,Limpopo,1737
961048,GaRamodumo,Greater Letaba,Limpopo,942
974120,GaRamphere,Polokwane,Limpopo,2298
982037,GaRapadi,Mogalakwena,Limpopo,998
969119,GaRawesi,Blouberg,Limpopo,607
969076,GaSebotlane,Blouberg,Limpopo,940
978008,GaSeleka,Lephalale,Limpopo,5867
985082,GaSeopela,Makhuduthamaga,Limpopo,2367
974136,GaThaba,Polokwane,Limpopo,3042
969044,GaTshabalala,Blouberg,Limpopo,298
982022,GaTshokwe,Mogalakwena,Limpopo,977
962017,GaWally,Greater Tzaneen,Limpopo,3676
966018,Gaba,Thulamela,Limpopo,6340
962080,Gabaza,Greater Tzaneen,Limpopo,2413
291118,Gabelana,Port St Johns,Eastern Cape,1538
360082,Gadisane,Joe Morolong,Northern Cape,560
580023,Gagasini,Nongoma,KwaZulu-Natal,321
594040,Gala,Ingwe,KwaZulu-Natal,702
982034,Galalia,Mogalakwena,Limpopo,695
297161,Galatyeni B,Mbizana,Eastern Cape,782
984001,Galgoloko,Elias Motsoaledi,Limpopo,96
281085,Gallawater,Lukanji,Eastern Cape,183
974068,Gamalahlela,Polokwane,Limpopo,344
672038,Gamokuane,Greater Taung,North West,2056
268006,Gamtoos Mouth,Kouga,Eastern Cape,153
966160,Gandlanani,Thulamela,Limpopo,3445
571041,Gangadweni,Okhahlamba,KwaZulu-Natal,534
290158,Gangeni,Ngquza Hill,Eastern Cape,639
283051,Gans,Emalahleni,Eastern Cape,129
504023,Gansa,UMuziwabantu,KwaZulu-Natal,922
674043,Ganyesa,Kagisano/Molopo,North West,19290
271514,Gaqa,Mnquma,Eastern Cape,173
595008,Garden Castle,Kwa Sani,KwaZulu-Natal,90
289004,Gariep NU,Gariep,Eastern Cape,4826
563012,Garlington,uMngeni,KwaZulu-Natal,186
672063,Gataote,Greater Taung,North West,1189
589100,Gawula,uMlalazi,KwaZulu-Natal,806
589111,Gazu-Mngwenya,uMlalazi,KwaZulu-Natal,521
276023,Gcado,Nkonkobe,Eastern Cape,53
282352,Gcibaloma,Intsika Yethu,Eastern Cape,47
281008,Gcina-AA,Lukanji,Eastern Cape,273
281009,Gcina-N,Lukanji,Eastern Cape,251
282214,Gcingca,Intsika Yethu,Eastern Cape,303
503069,Gcwalemini,Umzumbe,KwaZulu-Natal,1617
666012,Geluk,Tswaing,North West,353
673007,Geluksoord,Lekwa-Teemane,North West,3142
976008,Gemini,Lepele-Nkumpi,Limpopo,726
291099,Gemvale,Port St Johns,Eastern Cape,977
976023,Geneva,Lepele-Nkumpi,Limpopo,290
177002,George NU,George,Western Cape,22360
276133,Gerfield,Nkonkobe,Eastern Cape,226
282093,Gesini,Intsika Yethu,Eastern Cape,338
294327,Ggubeni,King Sabata Dalindyebo,Eastern Cape,1307
584004,Giba,The Big 5 False Bay,KwaZulu-Natal,6473
966187,Gijamhandzeni,Thulamela,Limpopo,1153
589137,Gingindlovu,uMlalazi,KwaZulu-Natal,1109
260073,Ginsberg,Buffalo City,Eastern Cape,10766
503075,Glabhane,Umzumbe,KwaZulu-Natal,1099
283140,Glen Adelaide,Emalahleni,Eastern Cape,914
765012,Glen Harvie,Westonaria,Gauteng,9818
970083,Glen-Roy,Aganang,Limpopo,574
593024,Glendale,Ndwedwe,KwaZulu-Natal,438
565009,Glenmile,Impendle,KwaZulu-Natal,373
381002,Glosam,Tsantsabane,Northern Cape,119
538020,Gobandlovu,uMhlathuze,KwaZulu-Natal,5271
503008,Gobhamehlo,Umzumbe,KwaZulu-Natal,1638
562019,Gobinsimbi,uMshwathi,KwaZulu-Natal,3267
295138,Gobizembe,Matatiele,Eastern Cape,599
296098,Gobozi,Umzimvubu,Eastern Cape,184
292222,Godini,Nyandeni,Eastern Cape,599
579005,Godlwayo,UPhongolo,KwaZulu-Natal,2259
664006,Goedehoop,Moses Kotane,North West,331
579027,Goedgeloof A,UPhongolo,KwaZulu-Natal,1586
667078,Goedgevonden B,Mafikeng,North West,635
291202,Gogogo,Port St Johns,Eastern Cape,951
581087,Goje,Ulundi,KwaZulu-Natal,1190
292277,Goli,Nyandeni,Eastern Cape,208
286151,Golomane,Elundini,Eastern Cape,547
965087,Gombani,Mutale,Limpopo,228
569036,Gominakadani,Indaka,KwaZulu-Natal,306
283110,Gomora,Emalahleni,Eastern Cape,536
270079,Gonco,Mbhashe,Eastern Cape,735
384012,Gong-Gong,Dikgatlong,Northern Cape,1045
271120,Gongota,Mnquma,Eastern Cape,151
578024,Gontshi,eDumbe,KwaZulu-Natal,1227
295248,Good Hope,Matatiele,Eastern Cape,355
199026,Goodwood,City of Cape Town,Western Cape,50285
286022,Goqwana,Elundini,Eastern Cape,172
273037,Goshen,Amahlathi,Eastern Cape,411
290310,Goso Forest,Ngquza Hill,Eastern Cape,2821
877031,Gottenburg,Bushbuckridge,Mpumalanga,400
270372,Gotyibeni B,Mbhashe,Eastern Cape,202
766001,Goudvlakte West,Merafong City,Gauteng,222
866003,Govan Mbeki NU,Govan Mbeki,Mpumalanga,10560
295047,Goxe,Matatiele,Eastern Cape,91
297003,Goxe C,Mbizana,Eastern Cape,121
276142,Gqadushe,Nkonkobe,Eastern Cape,286
284079,Gqaka,Engcobo,Eastern Cape,428
286217,Gqaqala,Elundini,Eastern Cape,201
503077,Gqayinyanga,Umzumbe,KwaZulu-Natal,1396
290008,Gqina,Ngquza Hill,Eastern Cape,256
576019,Gqohi,Msinga,KwaZulu-Natal,2838
270587,Gqubeni,Mbhashe,Eastern Cape,66
276090,Gqumashe,Nkonkobe,Eastern Cape,562
270590,Gqunqe,Mbhashe,Eastern Cape,175
284174,Gqutyini B,Engcobo,Eastern Cape,137
284082,Gqutyini E,Engcobo,Eastern Cape,0
293004,Gqwesa,Mhlontlo,Eastern Cape,466
161003,Graafwater,Cederberg,Western Cape,2261
877043,Graigieburn,Bushbuckridge,Mpumalanga,1394
672048,Graspan,Greater Taung,North West,704
963013,Gravelotte,Ba-Phalaborwa,Limpopo,1098
575063,Grazing B,Nqutu,KwaZulu-Natal,701
271511,Great Kei Bridge,Mnquma,Eastern Cape,85
164020,Greater Chatsworth,Swartland,Western Cape,1726
961010,Greater Letaba NU,Greater Letaba,Limpopo,10926
966158,Green Farm,Thulamela,Limpopo,3930
660042,Green Side,Moretele,North West,5920
287044,Greensiden Terminus,Senqu,Eastern Cape,392
865004,Greylingstad,Dipaleseng,Mpumalanga,839
577023,Greytown,Umvoti,KwaZulu-Natal,9090
376004,Griekwastad,Siyancuma,Northern Cape,6428
525001,Groenvlei,Emadlangeni,KwaZulu-Natal,193
175011,Groot Jongensfontein,Hessequa,Western Cape,355
499040,Grootdam,Mangaung,Free State,133
799071,Grootfontein,City of Tshwane,Gauteng,1460
499033,Groothoek,Mangaung,Free State,23
592021,Groutville,KwaDukuza,KwaZulu-Natal,12638
283034,Gubahoek,Emalahleni,Eastern Cape,186
270333,Gubevu,Mbhashe,Eastern Cape,708
503052,Gubhugubhu,Umzumbe,KwaZulu-Natal,7682
296177,Gubhuzi,Umzimvubu,Eastern Cape,209
271061,Gudla,Mnquma,Eastern Cape,640
296011,Gudlintaba B,Umzimvubu,Eastern Cape,318
503007,Gugha,Umzumbe,KwaZulu-Natal,807
283067,Gugulethu B,Emalahleni,Eastern Cape,123
282066,Gugwini,Intsika Yethu,Eastern Cape,96
284133,Gulandoda,Engcobo,Eastern Cape,265
966213,Gumbani,Thulamela,Limpopo,2229
297275,Gumzana,Mbizana,Eastern Cape,1225
282120,Gungubele,Intsika Yethu,Eastern Cape,232
586013,Gunjaneni,Mtubatuba,KwaZulu-Natal,2550
578004,Gunstelling,eDumbe,KwaZulu-Natal,598
290108,Guqa,Ngquza Hill,Eastern Cape,660
580198,Gusenzamo,Nongoma,KwaZulu-Natal,520
294365,Gutyubeni,King Sabata Dalindyebo,Eastern Cape,650
260084,Gwaba,Buffalo City,Eastern Cape,874
587017,Gwabalanda Hlawi,Mfolozi,KwaZulu-Natal,2281
271133,Gwadana,Mnquma,Eastern Cape,671
965085,Gwagwathini,Mutale,Limpopo,128
276035,Gwali,Nkonkobe,Eastern Cape,276
565011,Gwanovuga,Impendle,KwaZulu-Natal,1103
271439,Gwelane,Mnquma,Eastern Cape,327
260146,Gwili-Gwili,Buffalo City,Eastern Cape,365
296063,Gxaku,Umzimvubu,Eastern Cape,86
271327,Gxara,Mnquma,Eastern Cape,204
295227,Gxenilikulu,Matatiele,Eastern Cape,437
283047,Gxojeni,Emalahleni,Eastern Cape,550
282261,Gxwalibomvu,Intsika Yethu,Eastern Cape,434
973001,Ha-Madikana,Molemole,Limpopo,3668
968136,Ha-Mamphagi,Makhado,Limpopo,945
295134,Ha-Masupha,Matatiele,Eastern Cape,281
966081,Ha-Matsika,Thulamela,Limpopo,1120
968051,Ha-Mphaila,Makhado,Limpopo,806
968144,Ha-Muila B,Makhado,Limpopo,673
968120,Ha-Nthabalala,Makhado,Limpopo,1672
472014,Ha-Rankopane,Maluti a Phofung,Free State,2505
472064,Ha-Taudi,Maluti a Phofung,Free State,815
968112,HaMashamba,Makhado,Limpopo,6349
968084,HaNesengani,Makhado,Limpopo,13951
286001,HaSefoko,Elundini,Eastern Cape,638
589013,Habeni,uMlalazi,KwaZulu-Natal,1767
272023,Haga-Haga,Great Kei,Eastern Cape,134
968081,Hakutama,Makhado,Limpopo,1871
575008,Haladu B,Nqutu,KwaZulu-Natal,710
283077,Hali No 2,Emalahleni,Eastern Cape,1150
571012,Hambrook,Okhahlamba,KwaZulu-Natal,2152
292260,Hamsini,Nyandeni,Eastern Cape,1502
467008,Hani Park,Matjhabeng,Free State,9600
371006,Hanover,Emthanjeni,Northern Cape,4594
599087,Harare A,eThekwini,KwaZulu-Natal,1021
286127,Hardale,Elundini,Eastern Cape,640
504016,Harding,UMuziwabantu,KwaZulu-Natal,9544
797020,Harry Gwala,Ekurhuleni,Gauteng,1845
761009,Hartebeesfontein,Midvaal,Gauteng,162
386003,Hartswater,Phokwane,Northern Cape,10465
168004,Hassie Square,Breede Valley,Western Cape,522
361026,Havard,Ga-Segonyana,Northern Cape,2295
590023,Hawule,Mthonjaneni,KwaZulu-Natal,796
599019,Hazelmere,eThekwini,KwaZulu-Natal,6751
877050,Hebron State Forest,Bushbuckridge,Mpumalanga,13
477011,Heilbron,Ngwathe,Free State,5486
970055,Helena,Aganang,Limpopo,219
965089,Helula A,Mutale,Limpopo,189
589098,Hemfane,uMlalazi,KwaZulu-Natal,2342
566017,Henley,The Msunduzi,KwaZulu-Natal,180
860040,Hereford,Albert Luthuli,Mpumalanga,1400
177010,Herolds Bay,George,Western Cape,704
465002,Hertzogville,Tokologo,Free State,978
281068,Hewu,Lukanji,Eastern Cape,2193
506002,Hibberdene,Hibiscus Coast,KwaZulu-Natal,4037
294020,Highbury,King Sabata Dalindyebo,Eastern Cape,916
564010,Highmoor,Mpofana,KwaZulu-Natal,11
260094,Hillcrest,Buffalo City,Eastern Cape,290
295010,Hillside,Matatiele,Eastern Cape,625
595007,Himeville,Kwa Sani,KwaZulu-Natal,1697
290134,Hlabati,Ngquza Hill,Eastern Cape,107
594045,Hlabeni,Ingwe,KwaZulu-Natal,1323
585036,Hlabisa NU,Hlabisa,KwaZulu-Natal,759
295054,Hlahlweni,Matatiele,Eastern Cape,132
583062,Hlalanathi,Jozini,KwaZulu-Natal,1070
296181,Hlane,Umzimvubu,Eastern Cape,285
293309,Hlangani,Mhlontlo,Eastern Cape,130
503080,Hlanzeni,Umzumbe,KwaZulu-Natal,2659
575052,HlathiNgudulwane,Nqutu,KwaZulu-Natal,5530
562020,Hlathikhulu,uMshwathi,KwaZulu-Natal,6216
877028,Hlavekisa,Bushbuckridge,Mpumalanga,2563
575122,Hlazakazi C,Nqutu,KwaZulu-Natal,530
575112,Hlengile,Nqutu,KwaZulu-Natal,893
961081,Hlohlokwe,Greater Letaba,Limpopo,1105
597038,Hlokozi,Ubuhlebezwe,KwaZulu-Natal,8415
960058,Hlomela,Greater Giyani,Limpopo,896
273047,Hlontsheni,Amahlathi,Eastern Cape,173
274055,Hlosini,Ngqushwa,Eastern Cape,675
589139,Hlungwini,uMlalazi,KwaZulu-Natal,851
877036,Hluvukani,Bushbuckridge,Mpumalanga,9631
287047,Hobeng,Senqu,Eastern Cape,746
514013,Hobsland,Emnambithi/Ladysmith,KwaZulu-Natal,2259
279001,Hofmeyr,Tsolwana,Eastern Cape,326
273110,Hokwana,Amahlathi,Eastern Cape,360
797013,Holfontein,Ekurhuleni,Gauteng,6
598103,Holland,Umzimkhulu,KwaZulu-Natal,305
589086,Hologo,uMlalazi,KwaZulu-Natal,377
578001,Holspruit B,eDumbe,KwaZulu-Natal,415
365009,Hondeklipbaai,Kamiesberg,Northern Cape,543
592032,Honolulu,KwaDukuza,KwaZulu-Natal,7738
869010,Hope,Steve Tshwete,Mpumalanga,471
987094,Hopekraals,Greater Tubatse,Limpopo,4106
297041,Horeni,Mbizana,Eastern Cape,1205
295284,Hotolo,Matatiele,Eastern Cape,284
860032,Houtbos,Albert Luthuli,Mpumalanga,1215
571002,Howe,Okhahlamba,KwaZulu-Natal,559
876044,Hoyi,Nkomazi,Mpumalanga,855
293034,Hukwini,Mhlontlo,Eastern Cape,118
877125,Hundzukani,Bushbuckridge,Mpumalanga,2947
569020,Hwebede,Indaka,KwaZulu-Natal,1633
970042,Hwibi,Aganang,Limpopo,1539
546069,Icubhu,Maphumulo,KwaZulu-Natal,651
167017,Idasvallei,Stellenbosch,Western Cape,8762
561017,Ifafa Beach,Umdoni,KwaZulu-Natal,133
276114,Igudweni B,Nkonkobe,Eastern Cape,77
961001,Iketleng,Greater Letaba,Limpopo,771
385001,Ikhutseng,Magareng,Northern Cape,16683
281029,Ilinge,Lukanji,Eastern Cape,10689
599186,Illovo North,eThekwini,KwaZulu-Natal,24728
569014,Imbangi,Indaka,KwaZulu-Natal,678
590013,Imfuli Mission,Mthonjaneni,KwaZulu-Natal,1151
297329,Imizizi,Mbizana,Eastern Cape,1297
762005,Impumelelo,Lesedi,Gauteng,8223
599037,Inanda A,eThekwini,KwaZulu-Natal,158619
599096,Inchanga,eThekwini,KwaZulu-Natal,1008
571026,Indanyana,Okhahlamba,KwaZulu-Natal,1308
580057,Indimhlane,Nongoma,KwaZulu-Natal,614
283012,Indwe A,Emalahleni,Eastern Cape,2
170007,Infanta,Swellendam,Western Cape,90
569022,Ingedlengedle,Indaka,KwaZulu-Natal,465
260147,Inglewood,Buffalo City,Eastern Cape,868
594079,Ingwangwane,Ingwe,KwaZulu-Natal,2683
594009,Ingwe NU,Ingwe,KwaZulu-Natal,6820
546068,Inhlanomfula,Maphumulo,KwaZulu-Natal,2517
503042,Inkulu,Umzumbe,KwaZulu-Natal,7124
581020,Insukaze,Ulundi,KwaZulu-Natal,593
282020,Intsika Yethu,Intsika Yethu,Eastern Cape,10
524020,Inverness,Newcastle,KwaZulu-Natal,1413
546056,Inyamazane,Maphumulo,KwaZulu-Natal,3812
461006,Ipopeng,Kopanong,Free State,2198
503045,Isangqu,Umzumbe,KwaZulu-Natal,756
594073,Isibizane,Ingwe,KwaZulu-Natal,2047
583043,Isihlangwini,Jozini,KwaZulu-Natal,2895
599134,Isiqhoqhoqho,eThekwini,KwaZulu-Natal,1725
297071,Isisele B,Mbizana,Eastern Cape,2801
877026,Islington,Bushbuckridge,Mpumalanga,4560
862004,Iswepe,Mkhondo,Mpumalanga,2833
529004,Itala,Abaqulusi,KwaZulu-Natal,0
966170,Itsani,Thulamela,Limpopo,11473
668008,Itsoseng,Ditsobotla,North West,19959
580157,Ivuna,Nongoma,KwaZulu-Natal,2076
260098,Izeleni,Buffalo City,Eastern Cape,1187
599182,Iziko,eThekwini,KwaZulu-Natal,4369
589099,Izimpongo,uMlalazi,KwaZulu-Natal,329
505012,Izingolweni,Ezingoleni,KwaZulu-Natal,5294
297017,Izinini A,Mbizana,Eastern Cape,308
589024,Izinsundu,uMlalazi,KwaZulu-Natal,352
290053,J.B.,Ngquza Hill,Eastern Cape,653
598132,Jabula,Umzimkhulu,KwaZulu-Natal,287
163006,Jacobs Bay,Saldanha Bay,Western Cape,416
461008,Jagersfontein,Kopanong,Free State,1819
270365,Jakadu,Mbhashe,Eastern Cape,245
598229,Jalimeka,Umzimkhulu,KwaZulu-Natal,226
271154,Jama,Mnquma,Eastern Cape,136
291014,Jambeni,Port St Johns,Eastern Cape,3538
961064,Jamela,Greater Letaba,Limpopo,1228
386005,Jan Kempdorp,Phokwane,Northern Cape,24220
361033,Januariestat,Ga-Segonyana,Northern Cape,0
273017,Jeke,Amahlathi,Eastern Cape,109
661013,Jericho,Madibeng,North West,8612
297048,Jerusalem,Mbizana,Eastern Cape,314
567034,Jilafohla,Mkhambathini,KwaZulu-Natal,1730
284405,Jinginja,Engcobo,Eastern Cape,324
582071,Jobe,Umhlabuyalingana,KwaZulu-Natal,4170
760005,Johandeo,Emfuleni,Gauteng,9878
546010,Jojingwenya,Maphumulo,KwaZulu-Natal,929
271303,Jojweni A,Mnquma,Eastern Cape,657
271262,Jojweni F,Mnquma,Eastern Cape,632
293045,Jokweni,Mhlontlo,Eastern Cape,548
276033,Jomlo,Nkonkobe,Eastern Cape,455
260035,Jongamsabomvu,Buffalo City,Eastern Cape,0
276075,Jonini,Nkonkobe,Eastern Cape,190
269005,Joubertina,Kou-Kamma,Eastern Cape,5752
287122,Jozana's Nek,Senqu,Eastern Cape,701
580033,Juba,Nongoma,KwaZulu-Natal,36
294232,Julukuqu,King Sabata Dalindyebo,Eastern Cape,664
970075,Jupiter,Aganang,Limpopo,2275
163013,Jutteneiland,Saldanha Bay,Western Cape,0
282288,KK Village/Mawuleni,Intsika Yethu,Eastern Cape,140
966219,Ka-Hasane,Thulamela,Limpopo,1927
966199,Ka-Mahonisi,Thulamela,Limpopo,3748
966197,Ka-Matsakali,Thulamela,Limpopo,1505
966013,Ka-Mhinga,Thulamela,Limpopo,2733
966226,Ka-Muswane,Thulamela,Limpopo,2165
876015,Ka-Sibhejane,Nkomazi,Mpumalanga,14353
966211,Ka-Xigamani,Thulamela,Limpopo,2055
966050,Ka-Xikundu,Thulamela,Limpopo,4452
968104,KaBungeni,Makhado,Limpopo,10297
960070,KaDzumeri,Greater Giyani,Limpopo,6436
294273,KaGunjana,King Sabata Dalindyebo,Eastern Cape,635
960083,KaKhaxani,Greater Giyani,Limpopo,2104
968109,KaMajosi,Makhado,Limpopo,3679
960044,KaMapayeni,Greater Giyani,Limpopo,3662
960033,KaMaswanganyi,Greater Giyani,Limpopo,2318
960008,KaMavalani,Greater Giyani,Limpopo,5129
960067,KaMbedlhe,Greater Giyani,Limpopo,999
960065,KaMunghonghoma,Greater Giyani,Limpopo,1242
960020,KaNdengeza,Greater Giyani,Limpopo,4637
960055,KaNkomo,Greater Giyani,Limpopo,6816
960046,KaNwamakena,Greater Giyani,Limpopo,3044
960052,KaSikhunyane,Greater Giyani,Limpopo,3561
960012,KaXikukwani,Greater Giyani,Limpopo,5437
667077,Kaalpan,Mafikeng,North West,871
295133,Kabaka,Matatiele,Eastern Cape,564
674036,Kabayatlhose,Kagisano/Molopo,North West,25
874031,Kabokweni,Mbombela,Mpumalanga,21189
674002,Kagisano NU,Kagisano/Molopo,North West,17147
378004,Kai !Garib NU South,Kai !Garib,Northern Cape,2275
286069,Kakudi,Elundini,Eastern Cape,253
270051,Kalalo Nobhula,Mbhashe,Eastern Cape,411
284219,Kalinyanga,Engcobo,Eastern Cape,528
877114,Kamalamule,Bushbuckridge,Mpumalanga,8766
365001,Kamassies,Kamiesberg,Northern Cape,341
564011,Kamberg,Mpofana,KwaZulu-Natal,28
664017,Kameelboom,Moses Kotane,North West,545
970007,Kameelkop,Aganang,Limpopo,1174
871011,Kameelpoortnek,Thembisile,Mpumalanga,29716
876012,Kamhlushwa,Nkomazi,Mpumalanga,21832
964034,Kampersrus,Maruleng,Limpopo,465
290261,Kanana,Ngquza Hill,Eastern Cape,1910
529019,Kandaspunt,Abaqulusi,KwaZulu-Natal,2119
174003,Kannaland NU,Kannaland,Western Cape,7864
874060,Kanyamazane,Mbombela,Mpumalanga,34593
566020,Kanzakana,The Msunduzi,KwaZulu-Natal,2393
372002,Kareeberg NU,Kareeberg,Northern Cape,2081
365011,Karkams,Kamiesberg,Northern Cape,1439
379005,Karos,//Khara Hais,Northern Cape,1249
265010,Kasouga,Ndlambe,Eastern Cape,39
273107,Kathcart Hemish Kamega,Amahlathi,Eastern Cape,151
286115,Katkop,Elundini,Eastern Cape,577
978010,Kauletsi,Lephalale,Limpopo,2234
271041,Kayelitsha B,Mnquma,Eastern Cape,83
983046,Keerom,Ephraim Mogale,Limpopo,9
378013,Keimoes,Kai !Garib,Northern Cape,12000
799010,Kekana Garden,City of Tshwane,Gauteng,15709
797006,Kempton Park,Ekurhuleni,Gauteng,171575
529008,Kengolana,Abaqulusi,KwaZulu-Natal,436
273021,Kensington,Amahlathi,Eastern Cape,577
560056,Kenterton,Vulamehlo,KwaZulu-Natal,2220
472005,Kestell,Maluti a Phofung,Free State,1109
661030,Kgabalatsane,Madibeng,North West,9037
360083,Kganong,Joe Morolong,Northern Cape,265
287114,Kgapamasi,Senqu,Eastern Cape,571
969117,Kgatu,Blouberg,Limpopo,207
472066,Kgibiditing,Maluti a Phofung,Free State,343
974039,Kgohlwane,Polokwane,Limpopo,5888
974067,Kgokong,Polokwane,Limpopo,492
660024,Kgomo-Kgomo,Moretele,North West,1932
985122,Kgopane,Makhuduthamaga,Limpopo,307
974010,Kgoroshi,Polokwane,Limpopo,3723
295094,Kgubetsoana,Matatiele,Eastern Cape,3761
974018,Kgwareng,Polokwane,Limpopo,413
987129,Kgwedi,Greater Tubatse,Limpopo,504
290066,Khabingele,Ngquza Hill,Eastern Cape,541
966188,Khakhanwa,Thulamela,Limpopo,1355
290187,Khalamfazi,Ngquza Hill,Eastern Cape,76
297091,Khaleni A,Mbizana,Eastern Cape,442
297073,Khaleni D,Mbizana,Eastern Cape,742
270180,Khanya,Mbhashe,Eastern Cape,239
262002,Khanyiso,Blue Crane Route,Eastern Cape,1081
295056,Khashole,Matatiele,Eastern Cape,587
294363,Khawula,King Sabata Dalindyebo,Eastern Cape,963
504015,Khayalilhe,UMuziwabantu,KwaZulu-Natal,2047
199038,Khayelitsha,City of Cape Town,Western Cape,391749
598202,Khetheni,Umzimkhulu,KwaZulu-Natal,497
877019,Khielang,Bushbuckridge,Mpumalanga,1178
270621,Khimqashe,Mbhashe,Eastern Cape,306
295149,Khoapa,Matatiele,Eastern Cape,2338
291125,Khohlo,Port St Johns,Eastern Cape,947
294053,Khohlo D,King Sabata Dalindyebo,Eastern Cape,1818
286177,Khohlopong,Elundini,Eastern Cape,553
295151,Khohlweni,Matatiele,Eastern Cape,424
877102,Khomanani,Bushbuckridge,Mpumalanga,3276
290272,Khonjwayo A,Ngquza Hill,Eastern Cape,47
542130,Khothongwe,Nkandla,KwaZulu-Natal,132
984022,Khubetswane,Elias Motsoaledi,Limpopo,141
966051,Khubvi,Thulamela,Limpopo,10271
292156,Khukwini,Nyandeni,Eastern Cape,250
987120,Khulwane,Greater Tubatse,Limpopo,48
583007,Khume,Jozini,KwaZulu-Natal,538
674023,Khunkwi,Kagisano/Molopo,North West,355
976084,Khureng,Lepele-Nkumpi,Limpopo,4497
286122,Khwatsha,Elundini,Eastern Cape,430
291217,Khwethu,Port St Johns,Eastern Cape,257
674015,Kibitwe,Kagisano/Molopo,North West,315
984061,Kikvorschfontein,Elias Motsoaledi,Limpopo,5518
598215,Kiliver,Umzimkhulu,KwaZulu-Natal,785
294003,King Sabata Dalindyebo NU,King Sabata Dalindyebo,Eastern Cape,2069
599172,Kingsburgh,eThekwini,KwaZulu-Natal,16368
296004,Kinira,Umzimvubu,Eastern Cape,208
514010,Kirkintulloch,Emnambithi/Ladysmith,KwaZulu-Natal,3554
360092,Klaarkom,Joe Morolong,Northern Cape,476
271499,Klanisi,Mnquma,Eastern Cape,152
160012,Klawer,Matzikama,Western Cape,6234
377005,Klein Mier,Mier,Northern Cape,449
514006,Kleinfontein,Emnambithi/Ladysmith,KwaZulu-Natal,3595
364009,Kleinzee,Nama Khoi,Northern Cape,728
984037,Klipbank,Elias Motsoaledi,Limpopo,1618
661028,Klipgat,Madibeng,North West,38671
263004,Klipplaat,Ikwezi,Eastern Cape,2215
569027,Kliprivier,Indaka,KwaZulu-Natal,1514
599102,Kloof,eThekwini,KwaZulu-Natal,29704
180002,Knysna NU,Knysna,Western Cape,4222
294068,Kobololo,King Sabata Dalindyebo,Eastern Cape,474
271397,Kobonqaba B,Mnquma,Eastern Cape,219
872011,Koedoespoort,Dr JS Moroka,Mpumalanga,3407
973009,Koekoek,Molemole,Limpopo,420
664082,Koffiekraal,Moses Kotane,North West,4282
580151,Kohlokolo,Nongoma,KwaZulu-Natal,745
672043,Kokomeng,Greater Taung,North West,1893
571059,Kokwane,Okhahlamba,KwaZulu-Natal,1320
276155,Koloni,Nkonkobe,Eastern Cape,209
364014,Komaggas,Nama Khoi,Northern Cape,3116
869009,Komati,Steve Tshwete,Mpumalanga,1821
272001,Komga,Great Kei,Eastern Cape,8090
270226,Komkhulu B,Mbhashe,Eastern Cape,131
270573,Komkhulu E,Mbhashe,Eastern Cape,316
270391,Komkhulu H,Mbhashe,Eastern Cape,248
276063,Komkulu B,Nkonkobe,Eastern Cape,61
199054,Kommetjie,City of Cape Town,Western Cape,16911
674007,Konke,Kagisano/Molopo,North West,96
660027,Kontante,Moretele,North West,269
281042,Koonoona,Lukanji,Eastern Cape,672
297166,Kopane C,Mbizana,Eastern Cape,250
461003,Kopanong NU,Kopanong,Free State,7715
662003,Kopman,Rustenburg,North West,616
164001,Koringberg,Swartland,Western Cape,1214
597012,Koshange,Ubuhlebezwe,KwaZulu-Natal,553
974051,Kotishing,Polokwane,Limpopo,978
364001,Kotzehoop,Nama Khoi,Northern Cape,467
597010,Kozondi,Ubuhlebezwe,KwaZulu-Natal,451
664007,Kraalhoek,Moses Kotane,North West,1553
269004,Krakeel River,Kou-Kamma,Eastern Cape,1931
179010,Kranshoek,Bitou,Western Cape,5597
869001,Kranspoort,Steve Tshwete,Mpumalanga,389
529043,Kromellenboog,Abaqulusi,KwaZulu-Natal,1309
660064,Kromkuil,Moretele,North West,3164
268010,Kromrivier,Kouga,Eastern Cape,41
475005,Kroonstad,Moqhaka,Free State,24723
593037,Krusfontein,Ndwedwe,KwaZulu-Natal,279
283118,Ku-Fani,Emalahleni,Eastern Cape,169
270326,KuAmanzimnyama,Mbhashe,Eastern Cape,599
283062,KuBatembu,Emalahleni,Eastern Cape,336
271170,KuBhongithole,Mnquma,Eastern Cape,127
294436,KuBuka,King Sabata Dalindyebo,Eastern Cape,631
270138,KuChachazele,Mbhashe,Eastern Cape,389
294474,KuCqangushe,King Sabata Dalindyebo,Eastern Cape,434
294030,KuDikiDiki,King Sabata Dalindyebo,Eastern Cape,504
271403,KuDunjana,Mnquma,Eastern Cape,183
270329,KuFolokhwe,Mbhashe,Eastern Cape,631
298054,KuGaqeleni,Ntabankulu,Eastern Cape,129
282041,KuGongqo,Intsika Yethu,Eastern Cape,715
290324,KuGwexindaba,Ngquza Hill,Eastern Cape,469
270113,KuGxara,Mbhashe,Eastern Cape,214
284099,KuGxwalibomvu A,Engcobo,Eastern Cape,764
290118,KuHala,Ngquza Hill,Eastern Cape,440
284056,KuHlaba A,Engcobo,Eastern Cape,290
284034,KuHlopekazi,Engcobo,Eastern Cape,269
271236,KuHolela,Mnquma,Eastern Cape,441
283031,KuJaho,Emalahleni,Eastern Cape,268
284251,KuKanyi,Engcobo,Eastern Cape,318
270624,KuLofumbata,Mbhashe,Eastern Cape,210
270355,KuLogqogqa A,Mbhashe,Eastern Cape,63
270653,KuLojingqi,Mbhashe,Eastern Cape,126
270636,KuLomali,Mbhashe,Eastern Cape,265
270390,KuLozulu,Mbhashe,Eastern Cape,240
270057,KuLudondolo,Mbhashe,Eastern Cape,268
270371,KuMadakane A,Mbhashe,Eastern Cape,325
286153,KuMagwaca,Elundini,Eastern Cape,367
298021,KuMakhola,Ntabankulu,Eastern Cape,213
292241,KuMandeni,Nyandeni,Eastern Cape,2439
282135,KuMangobomvu,Intsika Yethu,Eastern Cape,742
294404,KuMankazana,King Sabata Dalindyebo,Eastern Cape,369
285047,KuManzana,Sakhisizwe,Eastern Cape,392
284013,KuManzimdaka B,Engcobo,Eastern Cape,391
283142,KuMaqashu,Emalahleni,Eastern Cape,717
285036,KuMatyeabomvu,Sakhisizwe,Eastern Cape,386
294032,KuMayibe,King Sabata Dalindyebo,Eastern Cape,717
270595,KuMbanga B,Mbhashe,Eastern Cape,208
270107,KuMbembesi,Mbhashe,Eastern Cape,141
286191,KuMbonxa,Elundini,Eastern Cape,249
270001,KuMcuba,Mbhashe,Eastern Cape,60
294348,KuMhlabubomvu,King Sabata Dalindyebo,Eastern Cape,555
294228,KuMlambo,King Sabata Dalindyebo,Eastern Cape,108
296216,KuMnxekazi,Umzimvubu,Eastern Cape,574
597025,KuMpondo,Ubuhlebezwe,KwaZulu-Natal,928
282112,KuMtyamde,Intsika Yethu,Eastern Cape,467
293039,KuNdabasigogo,Mhlontlo,Eastern Cape,74
298144,KuNdile,Ntabankulu,Eastern Cape,927
286224,KuNdoda,Elundini,Eastern Cape,355
270533,KuNene,Mbhashe,Eastern Cape,675
284360,KuNgcelelo,Engcobo,Eastern Cape,346
270447,KuNgqungqumbe,Mbhashe,Eastern Cape,496
284424,KuNgwevane,Engcobo,Eastern Cape,452
290290,KuNikwe,Ngquza Hill,Eastern Cape,1621
284417,KuNkani,Engcobo,Eastern Cape,205
282047,KuNobopa,Intsika Yethu,Eastern Cape,186
285056,KuNomadambe,Sakhisizwe,Eastern Cape,152
282079,KuNongqodi,Intsika Yethu,Eastern Cape,161
298066,KuNoxhungutshe,Ntabankulu,Eastern Cape,863
284230,KuNqezantsi,Engcobo,Eastern Cape,175
284206,KuNtaka A,Engcobo,Eastern Cape,210
294261,KuNtlangaza,King Sabata Dalindyebo,Eastern Cape,342
294401,KuNtsilekane,King Sabata Dalindyebo,Eastern Cape,486
294113,KuNyokinala,King Sabata Dalindyebo,Eastern Cape,526
282154,KuNyongwane B,Intsika Yethu,Eastern Cape,669
282094,KuPungutya,Intsika Yethu,Eastern Cape,574
286184,KuQulungashe,Elundini,Eastern Cape,272
294406,KuRwela,King Sabata Dalindyebo,Eastern Cape,603
294230,KuSigiba,King Sabata Dalindyebo,Eastern Cape,600
270504,KuSiphunzi,Mbhashe,Eastern Cape,326
270421,KuSunduza,Mbhashe,Eastern Cape,315
294438,KuTongwane,King Sabata Dalindyebo,Eastern Cape,729
290256,KuTshandatshe,Ngquza Hill,Eastern Cape,1632
270225,KuTshwathi,Mbhashe,Eastern Cape,218
282128,KuWohlo A,Intsika Yethu,Eastern Cape,550
270466,KuXanase,Mbhashe,Eastern Cape,271
284050,KuZilitole,Engcobo,Eastern Cape,147
270124,Kubiyashe,Mbhashe,Eastern Cape,206
271402,Kudubevu,Mnquma,Eastern Cape,527
291170,Kugade,Port St Johns,Eastern Cape,258
199020,Kuils River,City of Cape Town,Western Cape,46686
297319,Kukhanya,Mbizana,Eastern Cape,379
292181,Kulambeni,Nyandeni,Eastern Cape,539
270388,Kulobombo,Mbhashe,Eastern Cape,296
270084,Kuloganya,Mbhashe,Eastern Cape,142
270068,Kulohetsha,Mbhashe,Eastern Cape,307
270082,Kulombola,Mbhashe,Eastern Cape,417
270347,Kulorhini,Mbhashe,Eastern Cape,235
294287,KumPensheya,King Sabata Dalindyebo,Eastern Cape,497
588002,Kumhlosheni,Ntambanana,KwaZulu-Natal,142
799065,Kungwini Part 2,City of Tshwane,Gauteng,8738
296224,Kupapane,Umzimvubu,Eastern Cape,178
968097,Kurhuleni,Makhado,Limpopo,2166
974108,Kuschke,Polokwane,Limpopo,474
467005,Kutloanong,Matjhabeng,Free State,54350
580154,Kuvukeni,Nongoma,KwaZulu-Natal,2148
283043,Kuzani A,Emalahleni,Eastern Cape,672
542086,Kwa Gugu,Nkandla,KwaZulu-Natal,1058
282330,Kwa Ntshintshi,Intsika Yethu,Eastern Cape,178
565031,Kwa Thunzi,Impendle,KwaZulu-Natal,227
282215,Kwa-Fourty,Intsika Yethu,Eastern Cape,362
283057,Kwa-Hala A,Emalahleni,Eastern Cape,646
183007,Kwa-Mandlenkosi,Beaufort West,Western Cape,5249
589044,Kwa-Mpofu,uMlalazi,KwaZulu-Natal,707
283135,Kwa-Percy,Emalahleni,Eastern Cape,863
282292,Kwa-Shweme,Intsika Yethu,Eastern Cape,233
283080,Kwa-Xusha,Emalahleni,Eastern Cape,554
270278,KwaBanqo,Mbhashe,Eastern Cape,242
260024,KwaBelekile,Buffalo City,Eastern Cape,367
290232,KwaBhala A,Ngquza Hill,Eastern Cape,2375
597062,KwaBhidla,Ubuhlebezwe,KwaZulu-Natal,3251
504028,KwaBhubesi,UMuziwabantu,KwaZulu-Natal,1709
284286,KwaBlaai,Engcobo,Eastern Cape,775
272024,KwaBola,Great Kei,Eastern Cape,237
273050,KwaBomvana,Amahlathi,Eastern Cape,253
583031,KwaBoniswayo,Jozini,KwaZulu-Natal,186
290231,KwaBushula,Ngquza Hill,Eastern Cape,1939
598126,KwaCebe,Umzimkhulu,KwaZulu-Natal,760
599089,KwaCele,eThekwini,KwaZulu-Natal,2543
291024,KwaCibadi,Port St Johns,Eastern Cape,206
284416,KwaDabula,Engcobo,Eastern Cape,173
295258,KwaDane,Matatiele,Eastern Cape,977
580177,KwaDayeni,Nongoma,KwaZulu-Natal,1629
861007,KwaDela,Msukaligwa,Mpumalanga,3781
583032,KwaDinabanye,Jozini,KwaZulu-Natal,699
580091,KwaDlabe,Nongoma,KwaZulu-Natal,686
271494,KwaDlephu,Mnquma,Eastern Cape,141
284349,KwaDlomo B,Engcobo,Eastern Cape,237
590033,KwaDloziyana,Mthonjaneni,KwaZulu-Natal,335
292313,KwaDontsa,Nyandeni,Eastern Cape,485
282333,KwaDukatole,Intsika Yethu,Eastern Cape,116
598050,KwaDulathi,Umzimkhulu,KwaZulu-Natal,1037
560033,KwaDumisa,Vulamehlo,KwaZulu-Natal,1115
294092,KwaEntaba,King Sabata Dalindyebo,Eastern Cape,825
284152,KwaFane B,Engcobo,Eastern Cape,521
271443,KwaFihlani,Mnquma,Eastern Cape,853
271237,KwaGaba,Mnquma,Eastern Cape,309
282311,KwaGajaza,Intsika Yethu,Eastern Cape,78
271447,KwaGaqa,Mnquma,Eastern Cape,523
282103,KwaGcina,Intsika Yethu,Eastern Cape,573
283192,KwaGcine,Emalahleni,Eastern Cape,231
290208,KwaGcuda,Ngquza Hill,Eastern Cape,1533
578030,KwaGedlase,eDumbe,KwaZulu-Natal,966
271538,KwaGeza,Mnquma,Eastern Cape,92
581009,KwaGodlankomo,Ulundi,KwaZulu-Natal,0
273092,KwaGubevu,Amahlathi,Eastern Cape,1304
585007,KwaGula,Hlabisa,KwaZulu-Natal,1191
270650,KwaHadi,Mbhashe,Eastern Cape,270
282011,KwaHala,Intsika Yethu,Eastern Cape,300
585023,KwaHlabisa,Hlabisa,KwaZulu-Natal,1574
274092,KwaHoyi,Ngqushwa,Eastern Cape,260
292302,KwaJange,Nyandeni,Eastern Cape,435
583087,KwaJobe,Jozini,KwaZulu-Natal,7450
286143,KwaJozana,Elundini,Eastern Cape,113
297018,KwaK,Mbizana,Eastern Cape,212
271489,KwaKantolo,Mnquma,Eastern Cape,922
276018,KwaKayaletu,Nkonkobe,Eastern Cape,1060
270345,KwaKhawula B,Mbhashe,Eastern Cape,286
271226,KwaKhwatsha,Mnquma,Eastern Cape,249
271068,KwaKotana,Mnquma,Eastern Cape,566
982089,KwaKwalata,Mogalakwena,Limpopo,1761
599124,KwaLandeza,eThekwini,KwaZulu-Natal,1947
273020,KwaLantolo,Amahlathi,Eastern Cape,170
260074,KwaLini,Buffalo City,Eastern Cape,1696
598230,KwaLori,Umzimkhulu,KwaZulu-Natal,1465
292048,KwaLukuni,Nyandeni,Eastern Cape,753
295206,KwaLupindo,Matatiele,Eastern Cape,560
529021,KwaMabona,Abaqulusi,KwaZulu-Natal,1698
293199,KwaMadiba,Mhlontlo,Eastern Cape,452
274034,KwaMadliki,Ngqushwa,Eastern Cape,679
580064,KwaMaduma,Nongoma,KwaZulu-Natal,461
597004,KwaMagidigidi,Ubuhlebezwe,KwaZulu-Natal,1849
271350,KwaMagogo,Mnquma,Eastern Cape,233
590016,KwaMagwaza,Mthonjaneni,KwaZulu-Natal,2029
582006,KwaMahlungula,Umhlabuyalingana,KwaZulu-Natal,889
294102,KwaMakawula,King Sabata Dalindyebo,Eastern Cape,1254
580196,KwaMakhehla,Nongoma,KwaZulu-Natal,469
260051,KwaMamata,Buffalo City,Eastern Cape,887
876046,KwaMandulu,Nkomazi,Mpumalanga,8688
583053,KwaMangqwashu,Jozini,KwaZulu-Natal,1310
271407,KwaMantetyana,Mnquma,Eastern Cape,270
281051,KwaManzikrakra,Lukanji,Eastern Cape,125
503001,KwaMaqikizane,Umzumbe,KwaZulu-Natal,1272
270295,KwaMasentse,Mbhashe,Eastern Cape,181
292247,KwaMatati,Nyandeni,Eastern Cape,397
292261,KwaMathayi,Nyandeni,Eastern Cape,458
292327,KwaMatumbu,Nyandeni,Eastern Cape,373
274135,KwaMaxwayana,Ngqushwa,Eastern Cape,97
271562,KwaMazinyo,Mnquma,Eastern Cape,79
581114,KwaMbambo A,Ulundi,KwaZulu-Natal,395
284329,KwaMbekeni,Engcobo,Eastern Cape,491
295099,KwaMbobo,Matatiele,Eastern Cape,1489
295028,KwaMbombo,Matatiele,Eastern Cape,94
294120,KwaMbozwana,King Sabata Dalindyebo,Eastern Cape,503
292223,KwaMcapati,Nyandeni,Eastern Cape,407
276107,KwaMemela,Nkonkobe,Eastern Cape,339
575134,KwaMfeka A,Nqutu,KwaZulu-Natal,766
285018,KwaMgcodo 2,Sakhisizwe,Eastern Cape,461
270512,KwaMgojo,Mbhashe,Eastern Cape,888
295201,KwaMgubo,Matatiele,Eastern Cape,512
284302,KwaMhaga,Engcobo,Eastern Cape,275
871018,KwaMhlanga,Thembisile,Mpumalanga,7123
292230,KwaMhlongwana,Nyandeni,Eastern Cape,579
282175,KwaMhluzi,Intsika Yethu,Eastern Cape,548
294277,KwaMiya B,King Sabata Dalindyebo,Eastern Cape,674
271544,KwaMjo,Mnquma,Eastern Cape,678
573038,KwaMkhize,Imbabazane,KwaZulu-Natal,2670
260108,KwaMlakalaka,Buffalo City,Eastern Cape,1279
286013,KwaMleko,Elundini,Eastern Cape,320
271299,KwaMlisa,Mnquma,Eastern Cape,116
566024,KwaMncane,The Msunduzi,KwaZulu-Natal,10229
270438,KwaMnunu,Mbhashe,Eastern Cape,301
529015,KwaMnyathi,Abaqulusi,KwaZulu-Natal,1075
297296,KwaMpisi,Mbizana,Eastern Cape,144
276049,KwaMqayisa,Nkonkobe,Eastern Cape,221
284107,KwaMqokoqo,Engcobo,Eastern Cape,286
586032,KwaMsane,Mtubatuba,KwaZulu-Natal,21141
505005,KwaMshiwa,Ezingoleni,KwaZulu-Natal,1221
580113,KwaMsushwana,Nongoma,KwaZulu-Natal,668
586005,KwaMthole,Mtubatuba,KwaZulu-Natal,1926
282116,KwaMtshabe,Intsika Yethu,Eastern Cape,177
271389,KwaMvemve,Mnquma,Eastern Cape,206
292151,KwaMxhosa,Nyandeni,Eastern Cape,704
582011,KwaMzimba,Umhlabuyalingana,KwaZulu-Natal,2858
260067,KwaMzonkeshe,Buffalo City,Eastern Cape,875
580037,KwaNcongoma,Nongoma,KwaZulu-Natal,534
260009,KwaNdayi,Buffalo City,Eastern Cape,661
290280,KwaNdengane,Ngquza Hill,Eastern Cape,328
282152,KwaNdibaniso,Intsika Yethu,Eastern Cape,433
270187,KwaNditya A,Mbhashe,Eastern Cape,120
270091,KwaNdlambe,Mbhashe,Eastern Cape,298
284131,KwaNdobe,Engcobo,Eastern Cape,199
594010,KwaNdonyela,Ingwe,KwaZulu-Natal,341
290323,KwaNdovelana,Ngquza Hill,Eastern Cape,2
274077,KwaNdwanyana,Ngqushwa,Eastern Cape,706
270396,KwaNganda,Mbhashe,Eastern Cape,1137
593012,KwaNgcongangconga,Ndwedwe,KwaZulu-Natal,1168
529011,KwaNgenetsheni,Abaqulusi,KwaZulu-Natal,7741
276031,KwaNgodloza,Nkonkobe,Eastern Cape,169
297308,KwaNgutyana A,Mbizana,Eastern Cape,0
271090,KwaNgwazi,Mnquma,Eastern Cape,380
297389,KwaNikhwe,Mbizana,Eastern Cape,239
290033,KwaNjiyela,Ngquza Hill,Eastern Cape,18
575101,KwaNjoko B,Nqutu,KwaZulu-Natal,492
295092,KwaNkau,Matatiele,Eastern Cape,1160
293176,KwaNkese,Mhlontlo,Eastern Cape,508
571044,KwaNkosana,Okhahlamba,KwaZulu-Natal,813
580173,KwaNkulu,Nongoma,KwaZulu-Natal,763
299009,KwaNobuhle,Nelson Mandela Bay,Eastern Cape,107474
286205,KwaNogemani,Elundini,Eastern Cape,201
272033,KwaNokhala,Great Kei,Eastern Cape,553
594053,KwaNomandlovu,Ingwe,KwaZulu-Natal,1065
268008,KwaNomzamo,Kouga,Eastern Cape,8867
282055,KwaNongqongqwana,Intsika Yethu,Eastern Cape,997
583027,KwaNonjinjikazi,Jozini,KwaZulu-Natal,1927
564001,KwaNontshilwane,Mpofana,KwaZulu-Natal,1961
264006,KwaNonzwakazi,Makana,Eastern Cape,1940
582039,KwaNovunya,Umhlabuyalingana,KwaZulu-Natal,137
599078,KwaNqetho,eThekwini,KwaZulu-Natal,3977
582059,KwaNsukumbili,Umhlabuyalingana,KwaZulu-Natal,1264
284166,KwaNtaka,Engcobo,Eastern Cape,349
276074,KwaNtola,Nkonkobe,Eastern Cape,724
287029,KwaNtoyi,Senqu,Eastern Cape,387
294300,KwaNtshoma,King Sabata Dalindyebo,Eastern Cape,240
546072,KwaNtuli A,Maphumulo,KwaZulu-Natal,418
503022,KwaNtumeni,Umzumbe,KwaZulu-Natal,1017
271309,KwaNumanto,Mnquma,Eastern Cape,346
297140,KwaNyana,Mbizana,Eastern Cape,198
282308,KwaNyoka,Intsika Yethu,Eastern Cape,538
290294,KwaNyuswa,Ngquza Hill,Eastern Cape,1352
284117,KwaNzolo B,Engcobo,Eastern Cape,309
580190,KwaPangode,Nongoma,KwaZulu-Natal,159
270269,KwaPewula,Mbhashe,Eastern Cape,189
598187,KwaPile,Umzimkhulu,KwaZulu-Natal,226
286193,KwaQala,Elundini,Eastern Cape,281
260118,KwaQongqotha,Buffalo City,Eastern Cape,1425
585018,KwaQunwane,Hlabisa,KwaZulu-Natal,1775
294222,KwaRamcwana,King Sabata Dalindyebo,Eastern Cape,408
270463,KwaRasi,Mbhashe,Eastern Cape,197
287112,KwaRob,Senqu,Eastern Cape,149
594002,KwaSambane,Ingwe,KwaZulu-Natal,342
284142,KwaSese,Engcobo,Eastern Cape,151
271550,KwaSezela,Mnquma,Eastern Cape,288
580182,KwaSheleza,Nongoma,KwaZulu-Natal,682
582063,KwaShukela,Umhlabuyalingana,KwaZulu-Natal,0
270219,KwaSibonda,Mbhashe,Eastern Cape,189
282280,KwaSijula,Intsika Yethu,Eastern Cape,298
579031,KwaSilevu,UPhongolo,KwaZulu-Natal,432
281084,KwaSisilane,Lukanji,Eastern Cape,160
586012,KwaSithole,Mtubatuba,KwaZulu-Natal,2384
573019,KwaSobabili,Imbabazane,KwaZulu-Natal,2958
562032,KwaSokesimbone,uMshwathi,KwaZulu-Natal,4356
599074,KwaSondela,eThekwini,KwaZulu-Natal,7660
580094,KwaSoshamase,Nongoma,KwaZulu-Natal,1897
290063,KwaTawuka,Ngquza Hill,Eastern Cape,756
270229,KwaTenza B,Mbhashe,Eastern Cape,150
862002,KwaThandeka,Mkhondo,Mpumalanga,7289
270192,KwaThembu,Mbhashe,Eastern Cape,192
272035,KwaThuba,Great Kei,Eastern Cape,2278
575106,KwaThusi,Nqutu,KwaZulu-Natal,313
284430,KwaTshatshu A,Engcobo,Eastern Cape,367
271505,KwaTsotsi,Mnquma,Eastern Cape,626
276106,KwaTyutyuza,Nkonkobe,Eastern Cape,333
271423,KwaVika,Mnquma,Eastern Cape,140
575081,KwaVuma,Nqutu,KwaZulu-Natal,388
270427,KwaXaso,Mbhashe,Eastern Cape,144
284226,KwaXoxo,Engcobo,Eastern Cape,238
284113,KwaYawa,Engcobo,Eastern Cape,106
582050,KwaZamaZama,Umhlabuyalingana,KwaZulu-Natal,6006
271386,KwaZangwa,Mnquma,Eastern Cape,185
577030,KwaZiba,Umvoti,KwaZulu-Natal,5235
876028,KwaZibukwane,Nkomazi,Mpumalanga,5293
271412,KwaZingxala,Mnquma,Eastern Cape,1492
271483,KwaZithombe,Mnquma,Eastern Cape,110
590007,KwaZululiyaduma,Mthonjaneni,KwaZulu-Natal,655
588024,Kwabhadaza,Ntambanana,KwaZulu-Natal,384
292141,Kwachum,Nyandeni,Eastern Cape,671
291012,Kwagqweza,Port St Johns,Eastern Cape,162
291029,Kwajola,Port St Johns,Eastern Cape,1578
477007,Kwakwatsi,Ngwathe,Free State,12667
270616,Kwamdibaniso,Mbhashe,Eastern Cape,183
291004,Kwamlaza,Port St Johns,Eastern Cape,1670
291011,Kwandayini,Port St Johns,Eastern Cape,775
271560,Kwane,Mnquma,Eastern Cape,176
179008,Kwanokuthula,Bitou,Western Cape,14016
291005,Kwaphephu,Port St Johns,Eastern Cape,653
661001,Kwarriekraal,Madibeng,North West,1115
580045,Kwatweyisa,Nongoma,KwaZulu-Natal,736
542007,Kwazondi,Nkandla,KwaZulu-Natal,328
294240,KweSikhulu,King Sabata Dalindyebo,Eastern Cape,466
286021,Kwebung,Elundini,Eastern Cape,210
260090,Kwelera,Buffalo City,Eastern Cape,82
597017,Kweletsheni,Ubuhlebezwe,KwaZulu-Natal,2077
272018,Kwenxura,Great Kei,Eastern Cape,181
260054,Kwetyana,Buffalo City,Eastern Cape,5863
276045,Kwezana A,Nkonkobe,Eastern Cape,298
287133,Kwezinaledi,Senqu,Eastern Cape,2581
167014,La Colline,Stellenbosch,Western Cape,1497
974118,Laaste Hoop,Polokwane,Limpopo,532
283130,Lady Frere,Emalahleni,Eastern Cape,2510
514018,Ladysmith,Emnambithi/Ladysmith,KwaZulu-Natal,64855
282168,Lahlangubo,Intsika Yethu,Eastern Cape,615
583023,Lake View,Jozini,KwaZulu-Natal,3905
282092,Laleni,Intsika Yethu,Eastern Cape,30
276117,Lalini B,Nkonkobe,Eastern Cape,280
966012,Lambani,Thulamela,Limpopo,2733
379007,Lambrechtsdrif,//Khara Hais,Northern Cape,817
284098,Lancede,Engcobo,Eastern Cape,190
877066,Landela B,Bushbuckridge,Mpumalanga,1080
292035,Langakazi,Nyandeni,Eastern Cape,85
581051,Langakazi B,Ulundi,KwaZulu-Natal,345
285088,Langanci,Sakhisizwe,Eastern Cape,366
163007,Langebaanweg,Saldanha Bay,Western Cape,952
581137,Langfontein,Ulundi,KwaZulu-Natal,932
167008,Languedoc,Stellenbosch,Western Cape,4289
283084,Lapesini A,Emalahleni,Eastern Cape,224
576081,Latha,Msinga,KwaZulu-Natal,2338
798038,Lawley,City of Johannesburg,Gauteng,33136
866001,Leandra,Govan Mbeki,Mpumalanga,2023
987130,Lebalelo,Greater Tubatse,Limpopo,1258
987048,Leboeng,Greater Tubatse,Limpopo,4595
876005,Lebombo,Nkomazi,Mpumalanga,174
976042,Lebowakgomo,Lepele-Nkumpi,Limpopo,35087
986014,Ledingwe,Fetakgomo,Limpopo,345
674016,Leeublaar,Kagisano/Molopo,North West,153
974105,Leeukuil,Polokwane,Limpopo,1482
962073,Lefara,Greater Tzaneen,Limpopo,1004
872002,Lefiswane,Dr JS Moroka,Mpumalanga,4847
874020,Legogote,Mbombela,Mpumalanga,6207
661008,Legonyane,Madibeng,North West,1739
987062,Lehabeng,Greater Tubatse,Limpopo,126
986110,Lehlabile,Fetakgomo,Limpopo,256
961085,Lehlareng,Greater Letaba,Limpopo,1707
669030,Lehurutshe,Ramotshere Moiloa,North West,6888
472071,Lejwaneng,Maluti a Phofung,Free State,1472
295115,Lekgalong,Matatiele,Eastern Cape,392
669003,Lekgophung,Ramotshere Moiloa,North West,712
986009,Lekgwareng A,Fetakgomo,Limpopo,841
295209,Lekhalaneng,Matatiele,Eastern Cape,64
969122,Lekiting,Blouberg,Limpopo,232
662041,Lekojaneng,Rustenburg,North West,166
669025,Lekubung,Ramotshere Moiloa,North West,6239
864003,Lekwa NU,Lekwa,Mpumalanga,20901
365008,Leliefontein,Kamiesberg,Northern Cape,616
798028,Lenasia,City of Johannesburg,Gauteng,89714
270394,Lencani,Mbhashe,Eastern Cape,634
976073,Lenting,Lepele-Nkumpi,Limpopo,2590
765006,Lenz,Westonaria,Gauteng,395
667024,Leopard,Mafikeng,North West,415
365017,Lepelsfontein,Kamiesberg,Northern Cape,233
461019,Lephoi,Kopanong,Free State,4397
871017,Leratong,Thembisile,Mpumalanga,14032
873001,Leroro,Thaba Chweu,Mpumalanga,4165
978020,Lerupurung,Lephalale,Limpopo,0
980001,Leseding,Modimolle,Limpopo,12499
986036,Lesetse,Fetakgomo,Limpopo,1020
524007,Leslie,Newcastle,KwaZulu-Natal,5621
982101,Lesodi Mmotlana,Mogalakwena,Limpopo,2264
983021,Letebejane,Ephraim Mogale,Limpopo,1503
360036,Letlhakajaneng,Joe Morolong,Northern Cape,1065
661021,Letlhakaneng,Madibeng,North West,3472
978018,Letlora,Lephalale,Limpopo,1400
460004,Letsemeng NU,Letsemeng,Free State,6461
962057,Letsitele,Greater Tzaneen,Limpopo,406
274103,Lewuswood,Ngqushwa,Eastern Cape,256
668011,Lichtenburg,Ditsobotla,North West,26338
295131,Likamoreng,Matatiele,Eastern Cape,936
877111,Lillydale,Bushbuckridge,Mpumalanga,6799
382004,Lime Acres,Kgatelopele,Northern Cape,4408
676010,Lindequesdrif,Tlokwe City Council,North West,1147
471007,Lindley,Nketoana,Free State,1010
277006,Lingelethu,Nxuba,Eastern Cape,6065
873014,Lisbon,Thaba Chweu,Mpumalanga,67
974129,Lithupaneng,Polokwane,Limpopo,1980
297252,Lityeni,Mbizana,Eastern Cape,1000
592014,Lloyd,KwaDukuza,KwaZulu-Natal,7603
872022,Loding,Dr JS Moroka,Mpumalanga,4363
366003,Loeriesfontein,Hantam,Northern Cape,2744
360101,Logaganeng,Joe Morolong,Northern Cape,520
667019,Lokaleng,Mafikeng,North West,2661
298019,Lokhwe,Ntabankulu,Eastern Cape,581
276149,Lolini,Nkonkobe,Eastern Cape,515
667083,Lombaardslaagte,Mafikeng,North West,796
361027,Longaneng,Ga-Segonyana,Northern Cape,0
499014,Longridge,Mangaung,Free State,42
361011,Lophala-phala,Ga-Segonyana,Northern Cape,17
672062,Losasaneng,Greater Taung,North West,1484
529039,Loss,Abaqulusi,KwaZulu-Natal,1823
861005,Lothair,Msukaligwa,Mpumalanga,6099
667064,Lotlhogori,Mafikeng,North West,824
876024,Louieville,Nkomazi,Mpumalanga,1364
269003,Louterwater,Kou-Kamma,Eastern Cape,4829
260128,Lovedale SP,Buffalo City,Eastern Cape,81
282334,Lower Cardiff,Intsika Yethu,Eastern Cape,409
281050,Lower Didimana,Lukanji,Eastern Cape,1288
292239,Lower Godini,Nyandeni,Eastern Cape,472
290155,Lower Gwadu,Ngquza Hill,Eastern Cape,0
276028,Lower Hopefield,Nkonkobe,Eastern Cape,527
287084,Lower Joveleni,Senqu,Eastern Cape,363
672052,Lower Majeakgoro,Greater Taung,North West,5076
270473,Lower Mbhangcolo,Mbhashe,Eastern Cape,481
274111,Lower Mgwalana,Ngqushwa,Eastern Cape,587
282018,Lower Mtingwevu,Intsika Yethu,Eastern Cape,340
273094,Lower Ngqumeya,Amahlathi,Eastern Cape,229
286042,Lower Nxotshana,Elundini,Eastern Cape,474
276163,Lower Sheshengu,Nkonkobe,Eastern Cape,144
284094,Lower Tsalaba,Engcobo,Eastern Cape,175
294478,Lower Tyholo,King Sabata Dalindyebo,Eastern Cape,356
284283,Lower Xuka,Engcobo,Eastern Cape,183
369006,Loxton,Ubuntu,Northern Cape,1053
296151,Lubalasi,Umzimvubu,Eastern Cape,825
270532,Lubangweni,Mbhashe,Eastern Cape,470
296183,Lubhacweni,Umzimvubu,Eastern Cape,835
284104,Lubisi,Engcobo,Eastern Cape,107
270475,Lubomvini,Mbhashe,Eastern Cape,580
282046,Lubusi Dam Gate,Intsika Yethu,Eastern Cape,13
984009,Luckau,Elias Motsoaledi,Limpopo,6850
284264,Lucwecwe A,Engcobo,Eastern Cape,371
284037,Ludadeni,Engcobo,Eastern Cape,170
292055,Ludeke,Nyandeni,Eastern Cape,296
297070,Ludeke C,Mbizana,Eastern Cape,2622
290070,Ludiwane,Ngquza Hill,Eastern Cape,486
877047,Ludlow,Bushbuckridge,Mpumalanga,5766
298025,Lufafa,Ntabankulu,Eastern Cape,676
966142,Lufule,Thulamela,Limpopo,1617
298123,Lugadu,Ntabankulu,Eastern Cape,29
296142,Lugangeni A,Umzimvubu,Eastern Cape,87
296139,Lugelweni,Umzimvubu,Eastern Cape,1798
968030,Lugungulo,Makhado,Limpopo,262
965121,Luheni,Mutale,Limpopo,503
285062,Luhlawini,Sakhisizwe,Eastern Cape,126
274123,Lujiko,Ngqushwa,Eastern Cape,1418
292249,Lujizweni,Nyandeni,Eastern Cape,1180
598041,Lukalweni,Umzimkhulu,KwaZulu-Natal,504
281002,Lukhanji NU,Lukanji,Eastern Cape,6233
292077,Lukhanyisweni,Nyandeni,Eastern Cape,1280
270441,Lukolweni,Mbhashe,Eastern Cape,344
294475,Lulala,King Sabata Dalindyebo,Eastern Cape,458
294210,Lulwalweni,King Sabata Dalindyebo,Eastern Cape,707
290186,Lumayeni,Ngquza Hill,Eastern Cape,716
282293,Luncwini,Intsika Yethu,Eastern Cape,817
583045,Lundini,Jozini,KwaZulu-Natal,715
290177,Lunikela,Ngquza Hill,Eastern Cape,185
270541,Luphaphasi,Mbhashe,Eastern Cape,325
272029,Luphindweni,Great Kei,Eastern Cape,518
297374,Luphithini A,Mbizana,Eastern Cape,826
598028,Luphongolo,Umzimkhulu,KwaZulu-Natal,1130
295037,Luqaqeni,Matatiele,Eastern Cape,208
271449,Luqolweni,Mnquma,Eastern Cape,482
292054,Lurasini,Nyandeni,Eastern Cape,794
270501,Lurwayizo,Mbhashe,Eastern Cape,453
290266,Lusikisiki,Ngquza Hill,Eastern Cape,4028
282231,Lusizini,Intsika Yethu,Eastern Cape,831
598003,Lusutu,Umzimkhulu,KwaZulu-Natal,1281
291096,Lutatweni,Port St Johns,Eastern Cape,565
294361,Luthubeni,King Sabata Dalindyebo,Eastern Cape,1248
290223,Luthuthu,Ngquza Hill,Eastern Cape,803
296119,Lutshikini,Umzimvubu,Eastern Cape,298
283178,Lututu,Emalahleni,Eastern Cape,610
378018,Lutzburg,Kai !Garib,Northern Cape,1415
966035,Luvhimbi,Thulamela,Limpopo,2296
274078,Luvuyo,Ngqushwa,Eastern Cape,787
594056,Luwambeni,Ingwe,KwaZulu-Natal,4176
283088,Luxeni B,Emalahleni,Eastern Cape,553
273030,Luxomo,Amahlathi,Eastern Cape,251
291162,Luyengweni,Port St Johns,Eastern Cape,625
987001,Lwaleng,Greater Tubatse,Limpopo,256
292323,Lwandile,Nyandeni,Eastern Cape,1204
290002,Lwandlana A,Ngquza Hill,Eastern Cape,844
982086,Lyden,Mogalakwena,Limpopo,2513
167027,Lynedoch,Stellenbosch,Western Cape,108
588041,MaQedipuleti,Ntambanana,KwaZulu-Natal,713
987037,Maakgake,Greater Tubatse,Limpopo,436
968019,Maangani,Makhado,Limpopo,692
287002,Mabalana,Senqu,Eastern Cape,246
966058,Mabaligwe,Thulamela,Limpopo,2382
986099,Mabatho,Fetakgomo,Limpopo,416
599032,Mabedlane A,eThekwini,KwaZulu-Natal,380
599068,Mabedlane D,eThekwini,KwaZulu-Natal,1380
260157,Mabel's Rest,Buffalo City,Eastern Cape,837
276088,Mabeleni,Nkonkobe,Eastern Cape,110
664060,Mabeskraal,Moses Kotane,North West,9282
877124,Mabharule,Bushbuckridge,Mpumalanga,2200
294114,Mabheleni B,King Sabata Dalindyebo,Eastern Cape,516
585035,Mabhokisini,Hlabisa,KwaZulu-Natal,2086
589106,Mabhudle,uMlalazi,KwaZulu-Natal,4069
571062,Mabhulesini B,Okhahlamba,KwaZulu-Natal,892
582061,Mabibi,Umhlabuyalingana,KwaZulu-Natal,588
968043,Mabirimisa,Makhado,Limpopo,278
983044,Mabitsi A,Ephraim Mogale,Limpopo,1583
877059,Maboke,Bushbuckridge,Mpumalanga,12752
985089,Mabole,Makhuduthamaga,Limpopo,395
293097,Mabolompa,Mhlontlo,Eastern Cape,570
274033,Mabongo,Ngqushwa,Eastern Cape,525
799030,Mabopane,City of Tshwane,Gauteng,110972
987068,Mabotsha,Greater Tubatse,Limpopo,4198
665004,Mabule,Ratlou,North West,2796
291173,Mabulwini,Port St Johns,Eastern Cape,318
590032,Mabungu,Mthonjaneni,KwaZulu-Natal,983
538022,Mabuyeni,uMhlathuze,KwaZulu-Natal,4309
968021,Mabvuka Jazz,Makhado,Limpopo,2877
591017,Macambini,Mandeni,KwaZulu-Natal,32322
199037,Macassar,City of Cape Town,Western Cape,33225
542129,Macela,Nkandla,KwaZulu-Natal,599
296205,Machamsholo,Umzimvubu,Eastern Cape,332
295058,Machekong,Matatiele,Eastern Cape,16
295268,Machi,Matatiele,Eastern Cape,47
284177,Machibini A,Engcobo,Eastern Cape,307
598206,Machunwini,Umzimkhulu,KwaZulu-Natal,472
286181,Maclear,Elundini,Eastern Cape,8559
284265,Macubeni,Engcobo,Eastern Cape,205
297357,Madada,Mbizana,Eastern Cape,503
293217,Madadeni,Mhlontlo,Eastern Cape,1856
287075,Madakana,Senqu,Eastern Cape,1123
589133,Madala,uMlalazi,KwaZulu-Natal,2211
965102,Madashishi,Mutale,Limpopo,289
987074,Madetameng,Greater Tubatse,Limpopo,1307
293136,Madiba,Mhlontlo,Eastern Cape,218
297387,Madiba C,Mbizana,Eastern Cape,204
360010,Madibeng,Joe Morolong,Northern Cape,1531
665023,Madibogo Pan,Ratlou,North West,7730
970065,Madietane,Aganang,Limpopo,673
974049,Madiga B,Polokwane,Limpopo,567
461010,Madikgetla,Kopanong,Free State,3458
295139,Madimong,Matatiele,Eastern Cape,318
674058,Madinonyane,Kagisano/Molopo,North West,833
985059,Madisalane,Makhuduthamaga,Limpopo,241
672061,Madithamage,Greater Taung,North West,269
542051,Madiyane,Nkandla,KwaZulu-Natal,1567
569005,Madlala,Indaka,KwaZulu-Natal,1375
598178,Madlatu,Umzimkhulu,KwaZulu-Natal,55
292287,Madoloni,Nyandeni,Eastern Cape,273
294194,Madontsi,King Sabata Dalindyebo,Eastern Cape,805
560040,Madudubala,Vulamehlo,KwaZulu-Natal,1042
575026,Maduladula B,Nqutu,KwaZulu-Natal,269
599169,Madundube,eThekwini,KwaZulu-Natal,13731
968126,Maduwa,Makhado,Limpopo,478
270336,Madwaleni,Mbhashe,Eastern Cape,404
966045,Madzimu,Thulamela,Limpopo,5213
961054,Maekgwe,Greater Letaba,Limpopo,1076
987142,Maepa,Greater Tubatse,Limpopo,457
526008,Mafahlawane,Dannhauser,KwaZulu-Natal,1935
987045,Mafarafara,Greater Tubatse,Limpopo,752
877082,Mafemani,Bushbuckridge,Mpumalanga,20389
472052,Mafikeng,Maluti a Phofung,Free State,2069
983010,Mafisheng,Ephraim Mogale,Limpopo,919
575020,Mafitleng,Nqutu,KwaZulu-Natal,1031
295050,Mafube Mission,Matatiele,Eastern Cape,894
860041,Mafumulo,Albert Luthuli,Mpumalanga,1077
284188,Mafusini B,Engcobo,Eastern Cape,374
599192,Magabeni,eThekwini,KwaZulu-Natal,4928
575031,Magabeni C,Nqutu,KwaZulu-Natal,292
287086,Magadla B,Senqu,Eastern Cape,404
984052,Magakadimeng,Elias Motsoaledi,Limpopo,2703
287017,Magalagaleni,Senqu,Eastern Cape,2181
872027,Maganagobuswa,Dr JS Moroka,Mpumalanga,8586
571071,Maganganguzi,Okhahlamba,KwaZulu-Natal,2510
385003,Magareng NU,Magareng,Northern Cape,1616
291191,Magcakeni,Port St Johns,Eastern Cape,628
294390,Magcalekeni,King Sabata Dalindyebo,Eastern Cape,1382
295116,Magema,Matatiele,Eastern Cape,1510
960069,Mageva,Greater Giyani,Limpopo,7324
577012,Maghobe,Umvoti,KwaZulu-Natal,401
987073,Maglopi,Greater Tubatse,Limpopo,1542
361019,Magobe,Ga-Segonyana,Northern Cape,9111
962065,Magoboya,Greater Tzaneen,Limpopo,5583
667033,Magogoe,Mafikeng,North West,22402
360074,Magojaneng,Joe Morolong,Northern Cape,742
542105,Magologolo,Nkandla,KwaZulu-Natal,739
664024,Magong,Moses Kotane,North West,1935
293306,Magoqoza,Mhlontlo,Eastern Cape,94
986064,Magotwaneng,Fetakgomo,Limpopo,864
297203,Magqabasini,Mbizana,Eastern Cape,1077
284127,Magqaqaleni,Engcobo,Eastern Cape,132
284136,Magqoleni,Engcobo,Eastern Cape,644
583037,Magugu,Jozini,KwaZulu-Natal,3743
297064,Magusheni,Mbizana,Eastern Cape,167
286146,Magutyubeni,Elundini,Eastern Cape,241
575098,Maguzini,Nqutu,KwaZulu-Natal,705
360111,Magwagwe,Joe Morolong,Northern Cape,740
290196,Magwambu,Ngquza Hill,Eastern Cape,637
588040,Magwetshana,Ntambanana,KwaZulu-Natal,753
276022,Magxagxeni,Nkonkobe,Eastern Cape,277
295226,Magxeni B,Matatiele,Eastern Cape,140
963004,Mahale,Ba-Phalaborwa,Limpopo,1825
286014,Mahaneng,Elundini,Eastern Cape,564
295144,Mahareng,Matatiele,Eastern Cape,998
598141,Mahawini,Umzimkhulu,KwaZulu-Natal,524
590009,Mahele,Mthonjaneni,KwaZulu-Natal,660
286070,Mahemeny,Elundini,Eastern Cape,1047
576005,Mahlaba,Msinga,KwaZulu-Natal,1802
505007,Mahlabathini,Ezingoleni,KwaZulu-Natal,1665
987161,Mahlagari,Greater Tubatse,Limpopo,1507
587014,Mahlahuva,Mfolozi,KwaZulu-Natal,3903
985009,Mahlakole,Makhuduthamaga,Limpopo,1457
504050,Mahlangweni,UMuziwabantu,KwaZulu-Natal,1422
270373,Mahlathini,Mbhashe,Eastern Cape,83
282051,Mahlatini B,Intsika Yethu,Eastern Cape,266
282073,Mahlengele,Intsika Yethu,Eastern Cape,1261
578040,Mahloni,eDumbe,KwaZulu-Natal,778
282105,Mahlubini A,Intsika Yethu,Eastern Cape,522
982007,Mahlwareng,Mogalakwena,Limpopo,372
664089,Mahobieskraal,Moses Kotane,North West,773
968020,Maholoni,Makhado,Limpopo,276
874036,Mahukube,Mbombela,Mpumalanga,424
877140,Mahukule B,Bushbuckridge,Mpumalanga,2432
874008,Mahushu,Mbombela,Mpumalanga,16947
974014,Mahwibitswane,Polokwane,Limpopo,888
985046,Mailasegolo,Makhuduthamaga,Limpopo,2238
360066,Maipeng,Joe Morolong,Northern Cape,1061
293260,Majaba,Mhlontlo,Eastern Cape,594
274009,Majamanini,Ngqushwa,Eastern Cape,477
297123,Majavu,Mbizana,Eastern Cape,833
667042,Majemantsho,Mafikeng,North West,8494
293081,Majodini,Mhlontlo,Eastern Cape,577
576027,Majozi,Msinga,KwaZulu-Natal,251
594071,Majukujukwini,Ingwe,KwaZulu-Natal,676
294180,Majwarheni B,King Sabata Dalindyebo,Eastern Cape,553
274083,Makahlane,Ngqushwa,Eastern Cape,228
360054,Makalaneng,Joe Morolong,Northern Cape,5358
264002,Makana NU,Makana,Eastern Cape,8386
286052,Makanyaneng,Elundini,Eastern Cape,387
982124,Makapan Valley,Mogalakwena,Limpopo,358
968029,Makatu,Makhado,Limpopo,956
874072,Makawusi,Mbombela,Mpumalanga,2625
464005,Makeleketle,Masilonyana,Free State,12701
286097,Makeng,Elundini,Eastern Cape,623
297268,Makewini B,Mbizana,Eastern Cape,241
969106,Makgabeng,Blouberg,Limpopo,538
961038,Makgakabeng,Greater Letaba,Limpopo,2369
973033,Makgalong,Molemole,Limpopo,373
987070,Makgelane,Greater Tubatse,Limpopo,597
974022,Makgoba,Polokwane,Limpopo,325
667006,Makgokgwane,Mafikeng,North West,728
984005,Makgophong,Elias Motsoaledi,Limpopo,571
974101,Makgwaneng,Polokwane,Limpopo,721
286082,Makgwaseng,Elundini,Eastern Cape,818
270368,Makhakha,Mbhashe,Eastern Cape,207
598231,Makhaleni,Umzimkhulu,KwaZulu-Natal,837
542101,Makhanyezi,Nkandla,KwaZulu-Natal,190
582027,Makhaya,Umhlabuyalingana,KwaZulu-Natal,2069
286077,Makhoaseng,Elundini,Eastern Cape,998
589005,Makholokholo,uMlalazi,KwaZulu-Natal,2257
271152,Makhomazini,Mnquma,Eastern Cape,157
581119,Makhosini,Ulundi,KwaZulu-Natal,2584
985002,Makhuduthamaga NU,Makhuduthamaga,Limpopo,1834
284129,Makhumeni,Engcobo,Eastern Cape,426
294298,Makhumsheni,King Sabata Dalindyebo,Eastern Cape,477
983028,Makhutso,Ephraim Mogale,Limpopo,277
282088,Makhuzeni,Intsika Yethu,Eastern Cape,372
297368,Makhwantini,Mbizana,Eastern Cape,1163
571048,Makhwelela A,Okhahlamba,KwaZulu-Natal,840
270028,Makinana,Mbhashe,Eastern Cape,75
976031,Makoeng,Lepele-Nkumpi,Limpopo,3424
675011,Makokskraal,Ventersdorp,North West,166
296114,Makolonini,Umzimvubu,Eastern Cape,1074
966034,Makonde,Thulamela,Limpopo,6077
974054,Makotopong,Polokwane,Limpopo,8163
667071,Makouspan,Mafikeng,North West,1515
986081,Makua,Fetakgomo,Limpopo,643
974122,Makubung,Polokwane,Limpopo,218
966167,Makumbane,Thulamela,Limpopo,2219
968056,Makungwi,Makhado,Limpopo,804
968009,Makushu,Makhado,Limpopo,1508
985022,Makwage,Makhuduthamaga,Limpopo,355
678009,Makwassie,Maquassi Hills,North West,13351
961007,Makwidibung,Greater Letaba,Limpopo,1233
984071,Malaeneng,Elias Motsoaledi,Limpopo,2039
985151,Malaka,Makhuduthamaga,Limpopo,1618
967005,Malale,Musina,Limpopo,1963
877113,Malamule,Bushbuckridge,Mpumalanga,813
290252,Malangeni A,Ngquza Hill,Eastern Cape,2559
798001,Malatjie,City of Johannesburg,Gauteng,2321
465001,Malebogo,Tokologo,Free State,8445
874026,Malekutu,Mbombela,Mpumalanga,7538
592031,Malende,KwaDukuza,KwaZulu-Natal,806
293204,Malepelepe,Mhlontlo,Eastern Cape,268
170006,Malgas,Swellendam,Western Cape,44
290289,Malizole,Ngquza Hill,Eastern Cape,2818
986033,Malogeng,Fetakgomo,Limpopo,1215
982069,Malokong,Mogalakwena,Limpopo,2735
986020,Malomanye,Fetakgomo,Limpopo,1018
297280,Malongwana,Mbizana,Eastern Cape,2311
985016,Malope,Makhuduthamaga,Limpopo,914
571007,Malottas Kraal,Okhahlamba,KwaZulu-Natal,943
295122,Malubalube,Matatiele,Eastern Cape,1476
292228,Malungeni,Nyandeni,Eastern Cape,610
472002,Maluti A Phofung NU,Maluti a Phofung,Free State,6360
961012,Mamaila,Greater Letaba,Limpopo,9632
976041,Mamaolo,Lepele-Nkumpi,Limpopo,6546
976077,Mamatonya,Lepele-Nkumpi,Limpopo,436
292094,Mambethu,Nyandeni,Eastern Cape,1381
581039,Mame,Ulundi,KwaZulu-Natal,1162
761010,Mamello,Midvaal,Gauteng,1175
662014,Mamerotse,Rustenburg,North West,1318
271319,Mamfenesi,Mnquma,Eastern Cape,129
662046,Mamitloana,Rustenburg,North West,4320
987007,Mamogolo,Greater Tubatse,Limpopo,229
292316,Mamolweni,Nyandeni,Eastern Cape,888
985134,Mampane,Makhuduthamaga,Limpopo,670
983039,Mamphokgo,Ephraim Mogale,Limpopo,5489
294414,Mampingeni B,King Sabata Dalindyebo,Eastern Cape,398
270213,Mampondweni,Mbhashe,Eastern Cape,82
968024,Mamuhoyi,Makhado,Limpopo,1565
860016,Manaar,Albert Luthuli,Mpumalanga,965
664046,Manamakhotheng,Moses Kotane,North West,10842
664061,Manamela,Moses Kotane,North West,777
270296,Manangeni,Mbhashe,Eastern Cape,128
987121,Manawaneng,Greater Tubatse,Limpopo,536
293038,Mancuseni,Mhlontlo,Eastern Cape,426
966104,Mandala,Thulamela,Limpopo,3078
272028,Mandela Park,Great Kei,Eastern Cape,671
591014,Mandeni NU,Mandeni,KwaZulu-Natal,3138
296102,Mandileni A,Umzimvubu,Eastern Cape,972
296101,Mandileni C,Umzimvubu,Eastern Cape,168
298137,Mandiliva,Ntabankulu,Eastern Cape,947
599130,Mandlakazi B,eThekwini,KwaZulu-Natal,399
284425,Mandlaneni A,Engcobo,Eastern Cape,453
588037,Mandlanzini,Ntambanana,KwaZulu-Natal,1402
962045,Mandlhakazi,Greater Tzaneen,Limpopo,7555
294143,Mandlovini B,King Sabata Dalindyebo,Eastern Cape,411
576092,Mandulane,Msinga,KwaZulu-Natal,700
581059,Manekwane,Ulundi,KwaZulu-Natal,300
294330,Manfengwini,King Sabata Dalindyebo,Eastern Cape,61
270513,Manganyela,Mbhashe,Eastern Cape,1480
290126,Mangatini,Ngquza Hill,Eastern Cape,207
965094,Mangaya,Mutale,Limpopo,1252
294355,Mangeni,King Sabata Dalindyebo,Eastern Cape,325
271245,Mangobomvu B,Mnquma,Eastern Cape,480
295255,Mangoloaneni,Matatiele,Eastern Cape,82
293294,Mangolweni,Mhlontlo,Eastern Cape,312
966147,Mangondi A,Thulamela,Limpopo,2373
271142,Mangondini,Mnquma,Eastern Cape,930
270086,Mangqamra,Mbhashe,Eastern Cape,209
290067,Mangquzu,Ngquza Hill,Eastern Cape,1482
985126,Mangwanyana,Makhuduthamaga,Limpopo,408
965114,Mangwele,Mutale,Limpopo,224
271358,Mangweni B,Mnquma,Eastern Cape,211
293144,Mangxamfu,Mhlontlo,Eastern Cape,659
580179,Manhlanhla,Nongoma,KwaZulu-Natal,0
293236,Manka,Mhlontlo,Eastern Cape,424
589116,Mankentshaneni,uMlalazi,KwaZulu-Natal,665
292331,Mankozi,Nyandeni,Eastern Cape,454
587025,Mankwathini,Mfolozi,KwaZulu-Natal,812
968044,Manngo,Makhado,Limpopo,708
672026,Manokwane,Greater Taung,North West,3722
986025,Manotwang,Fetakgomo,Limpopo,1356
290247,Manqilo A,Ngquza Hill,Eastern Cape,385
598188,Manqorholweni,Umzimkhulu,KwaZulu-Natal,608
580083,Manqushana,Nongoma,KwaZulu-Natal,666
270522,Mantashe,Mbhashe,Eastern Cape,77
672029,Manthe,Greater Taung,North West,4090
284197,Mantlaneni,Engcobo,Eastern Cape,250
667066,Mantsa,Mafikeng,North West,999
961093,Mantsha,Greater Letaba,Limpopo,2498
664039,Mantsho,Moses Kotane,North West,648
472034,Mantsubise,Maluti a Phofung,Free State,2685
270465,Mantusini,Mbhashe,Eastern Cape,321
575133,Manxili,Nqutu,KwaZulu-Natal,1503
877098,Manyakatana,Bushbuckridge,Mpumalanga,4532
285053,Manyandube,Sakhisizwe,Eastern Cape,339
598179,Manyanya,Umzimkhulu,KwaZulu-Natal,349
985098,Manyeleti,Makhuduthamaga,Limpopo,2260
968022,Manyii,Makhado,Limpopo,1594
583006,Manyiseni,Jozini,KwaZulu-Natal,2263
271217,Manyontolweni,Mnquma,Eastern Cape,162
966156,Manyuwa,Thulamela,Limpopo,135
271455,Manzana,Mnquma,Eastern Cape,445
966043,Manzemba,Thulamela,Limpopo,608
292275,Manzimahle,Nyandeni,Eastern Cape,267
542027,Manzimnyama,Nkandla,KwaZulu-Natal,862
475006,Maokeng,Moqhaka,Free State,73057
877013,Maotole,Bushbuckridge,Mpumalanga,3834
877017,Mapaleng A,Bushbuckridge,Mpumalanga,2206
292219,Mapapeli,Nyandeni,Eastern Cape,848
965081,Mapate,Mutale,Limpopo,381
295109,Mapfontein,Matatiele,Eastern Cape,439
290182,Mapheleni,Ngquza Hill,Eastern Cape,429
360042,Maphiniki,Joe Morolong,Northern Cape,657
987046,Maphoko,Greater Tubatse,Limpopo,616
542074,Maphophoma,Nkandla,KwaZulu-Natal,265
860033,Maphundlwane,Albert Luthuli,Mpumalanga,1318
966221,Mapimele,Thulamela,Limpopo,467
598212,Maplazini,Umzimkhulu,KwaZulu-Natal,1303
986048,Mapodi,Fetakgomo,Limpopo,391
287041,Mapoliseng,Senqu,Eastern Cape,324
292217,Mapulazini,Nyandeni,Eastern Cape,202
294383,Mapuzi,King Sabata Dalindyebo,Eastern Cape,537
294136,Maqadini,King Sabata Dalindyebo,Eastern Cape,419
270218,Maqanyeni,Mbhashe,Eastern Cape,103
271238,Maqele,Mnquma,Eastern Cape,525
294144,Maqhinebeni,King Sabata Dalindyebo,Eastern Cape,876
580117,Maqhomfini,Nongoma,KwaZulu-Natal,397
270166,Maqhunqu,Mbhashe,Eastern Cape,179
283146,Maqohqweni,Emalahleni,Eastern Cape,341
294245,Maqomeni A,King Sabata Dalindyebo,Eastern Cape,1149
567001,Maqomgoo,Mkhambathini,KwaZulu-Natal,1307
678003,Maquassi Hills,Maquassi Hills,North West,14590
282001,Maqwateni,Intsika Yethu,Eastern Cape,126
271462,Maqwathini,Mnquma,Eastern Cape,585
970074,Maraba,Aganang,Limpopo,1626
499016,Maraisdal,Mangaung,Free State,140
287097,Marakaneng,Senqu,Eastern Cape,1387
287035,Maralaneng,Senqu,Eastern Cape,376
598080,Marambeni,Umzimkhulu,KwaZulu-Natal,258
968008,Maranikhwe,Makhado,Limpopo,389
664036,Marapalalo,Moses Kotane,North West,492
986084,Marathameng,Fetakgomo,Limpopo,132
966031,Maraxwe,Thulamela,Limpopo,943
360018,March,Joe Morolong,Northern Cape,321
985164,Mare,Makhuduthamaga,Limpopo,834
284108,Mareleni,Engcobo,Eastern Cape,166
664044,Maretlwana,Moses Kotane,North West,823
506051,Margate,Hibiscus Coast,KwaZulu-Natal,26785
598051,Marhewini,Umzimkhulu,KwaZulu-Natal,580
296105,Marhwaqa,Umzimvubu,Eastern Cape,715
295159,Mariazell Mission,Matatiele,Eastern Cape,590
662063,Marikana,Rustenburg,North West,19522
962027,Mariron,Greater Tzaneen,Limpopo,5119
962058,Mariveni,Greater Tzaneen,Limpopo,6055
974013,Marobala,Polokwane,Limpopo,4201
286171,Marombe,Elundini,Eastern Cape,330
986021,Maropeng,Fetakgomo,Limpopo,605
986077,Maroteng,Fetakgomo,Limpopo,1481
469005,Marquard,Setsoto,Free State,1033
292041,Marubeni,Nyandeni,Eastern Cape,2399
964002,Maruleng NU West,Maruleng,Limpopo,5330
965049,Marulwe,Mutale,Limpopo,131
598090,Marwaqa,Umzimkhulu,KwaZulu-Natal,539
561014,Maryville,Umdoni,KwaZulu-Natal,355
877096,Masakeng,Bushbuckridge,Mpumalanga,1051
968122,Masakona,Makhado,Limpopo,7288
271134,Masaleleni B,Mnquma,Eastern Cape,330
665010,Masamane,Ratlou,North West,2041
292142,Masameni B,Nyandeni,Eastern Cape,366
983049,Masanteng,Ephraim Mogale,Limpopo,73
669007,Masebudule,Ramotshere Moiloa,North West,1232
986105,Masehleng,Fetakgomo,Limpopo,293
664067,Masekolane,Moses Kotane,North West,54
976017,Maseleseleng,Lepele-Nkumpi,Limpopo,543
985015,Masemola,Makhuduthamaga,Limpopo,17
968116,Masethe,Makhado,Limpopo,516
986073,Mashabela A,Fetakgomo,Limpopo,622
470013,Mashaeng,Dihlabeng,Free State,12310
286006,Mashata,Elundini,Eastern Cape,327
594049,Mashayilanga,Ingwe,KwaZulu-Natal,3949
799005,Mashemong,City of Tshwane,Gauteng,14118
985067,Mashilo,Makhuduthamaga,Limpopo,185
873012,Mashishing,Thaba Chweu,Mpumalanga,40714
560011,Mashiwase,Vulamehlo,KwaZulu-Natal,533
986053,Mashung,Fetakgomo,Limpopo,5834
588007,Mashwila,Ntambanana,KwaZulu-Natal,272
876052,Masibekela,Nkomazi,Mpumalanga,10725
464002,Masilo,Masilonyana,Free State,21963
273079,Masincedane,Amahlathi,Eastern Cape,278
966041,Masiwane,Thulamela,Limpopo,1257
974006,Masobohleng,Polokwane,Limpopo,1525
542106,Masolosolo,Nkandla,KwaZulu-Natal,435
575091,Masotsheni,Nqutu,KwaZulu-Natal,3888
965060,Masunda,Mutale,Limpopo,299
667011,Masutlhe,Mafikeng,North West,3085
360021,Maswehatshe,Joe Morolong,Northern Cape,265
599038,Matabetule,eThekwini,KwaZulu-Natal,13247
384014,Mataleng,Dikgatlong,Northern Cape,11847
295245,Matandela,Matatiele,Eastern Cape,142
575036,Matapa,Nqutu,KwaZulu-Natal,364
965040,Matatani,Mutale,Limpopo,189
295171,Matatiele,Matatiele,Eastern Cape,12466
976007,Mataung,Lepele-Nkumpi,Limpopo,1840
969052,Matekereng,Blouberg,Limpopo,930
284214,Mateni,Engcobo,Eastern Cape,277
290215,Mathaba,Ngquza Hill,Eastern Cape,148
360102,Mathanthanyaneng,Joe Morolong,Northern Cape,149
297199,Mathe A,Mbizana,Eastern Cape,32
583020,Mathenjwa,Jozini,KwaZulu-Natal,1382
589107,Mathibelana,uMlalazi,KwaZulu-Natal,1433
576069,Mathima,Msinga,KwaZulu-Natal,1658
964012,Mathlomelong,Maruleng,Limpopo,1447
271382,Mathole B,Mnquma,Eastern Cape,177
662067,Mathopestad A,Rustenburg,North West,1014
983026,Mathukuthela,Ephraim Mogale,Limpopo,891
591001,Mathunzi,Mandeni,KwaZulu-Natal,78
297092,Mathwebu,Mbizana,Eastern Cape,2220
295017,Matiase,Matatiele,Eastern Cape,175
668010,Matila,Ditsobotla,North West,1368
295067,Matima,Matatiele,Eastern Cape,1541
872015,Matimpule,Dr JS Moroka,Mpumalanga,4432
295016,Matiyase,Matatiele,Eastern Cape,266
181003,Matjiesfontein,Laingsburg,Western Cape,422
970043,Matlala,Aganang,Limpopo,2031
664001,Matlametlong,Moses Kotane,North West,1062
674031,Matlhabatlhaba,Kagisano/Molopo,North West,213
665013,Matloding,Ratlou,North West,3176
676009,Matlwang A,Tlokwe City Council,North West,782
974133,Matobole,Polokwane,Limpopo,2566
672033,Matolong,Greater Taung,North West,1235
270037,Matolweni B,Mbhashe,Eastern Cape,372
664088,Matooster,Moses Kotane,North West,145
968041,Matsa B,Makhado,Limpopo,758
877099,Matsavana,Bushbuckridge,Mpumalanga,5157
598072,Matsela,Umzimkhulu,KwaZulu-Natal,469
291094,Matshadala,Port St Johns,Eastern Cape,334
360051,Matshaneng,Joe Morolong,Northern Cape,478
877097,Matshaye,Bushbuckridge,Mpumalanga,1640
976048,Matshelane,Lepele-Nkumpi,Limpopo,1821
576021,Matshematshe,Msinga,KwaZulu-Natal,3666
542050,Matshenezimpisi,Nkandla,KwaZulu-Natal,1169
542011,Matshensikazi,Nkandla,KwaZulu-Natal,610
986076,Matshi,Fetakgomo,Limpopo,937
270041,Matshilibeni,Mbhashe,Eastern Cape,254
598097,Matshitshi,Umzimkhulu,KwaZulu-Natal,0
294029,Matshongwe,King Sabata Dalindyebo,Eastern Cape,594
986080,Matsi,Fetakgomo,Limpopo,1115
986069,Matsimela,Fetakgomo,Limpopo,319
472061,Matsopaneng,Maluti a Phofung,Free State,905
270190,Matunzini,Mbhashe,Eastern Cape,406
297099,Matweni,Mbizana,Eastern Cape,64
296061,Matyamhlophe,Umzimvubu,Eastern Cape,161
293323,Matyeba,Mhlontlo,Eastern Cape,1441
294295,Matyeni A,King Sabata Dalindyebo,Eastern Cape,575
283167,Matyhantya B,Emalahleni,Eastern Cape,1239
281026,Maumau,Lukanji,Eastern Cape,133
470010,Mautse,Dihlabeng,Free State,4001
966175,Mavambe,Thulamela,Limpopo,4133
294019,Mavete,King Sabata Dalindyebo,Eastern Cape,748
968055,Mavhunga,Makhado,Limpopo,2270
877084,Maviljan B,Bushbuckridge,Mpumalanga,4717
293110,Mavundleni,Mhlontlo,Eastern Cape,505
962008,Mawa,Greater Tzaneen,Limpopo,4872
986085,Mawete,Fetakgomo,Limpopo,914
599035,Mawothi,eThekwini,KwaZulu-Natal,75050
284388,Mawuleni,Engcobo,Eastern Cape,479
598107,Mawusi,Umzimkhulu,KwaZulu-Natal,1357
960038,Maxabela,Greater Giyani,Limpopo,1840
290081,Maxaxibeni,Ngquza Hill,Eastern Cape,289
296070,Maxegwini,Umzimvubu,Eastern Cape,185
284203,Maxesibeni,Engcobo,Eastern Cape,176
271317,Maxhegwana,Mnquma,Eastern Cape,256
583005,Mayaluka,Jozini,KwaZulu-Natal,301
665012,Mayayane,Ratlou,North West,424
271230,Mayekiso Farm,Mnquma,Eastern Cape,217
798009,Mayibuye,City of Johannesburg,Gauteng,22178
284109,Mayireni,Engcobo,Eastern Cape,720
287012,Mayisela,Senqu,Eastern Cape,331
271005,Mazamisa AA,Mnquma,Eastern Cape,265
298032,Mazeni,Ntabankulu,Eastern Cape,693
271208,Mazikhanya,Mnquma,Eastern Cape,188
294138,Mazizani,King Sabata Dalindyebo,Eastern Cape,627
282276,Mazizini B,Intsika Yethu,Eastern Cape,198
292165,Mazulu,Nyandeni,Eastern Cape,436
284032,Mbabakazi,Engcobo,Eastern Cape,413
297250,Mbabazo,Mbizana,Eastern Cape,1374
598228,Mbajwa,Umzimkhulu,KwaZulu-Natal,221
290149,Mbambakewu,Ngquza Hill,Eastern Cape,135
526018,Mbanane,Dannhauser,KwaZulu-Natal,3873
581070,Mbanda C,Ulundi,KwaZulu-Natal,686
292158,Mbangisweni,Nyandeni,Eastern Cape,2047
271049,Mbangweni,Mnquma,Eastern Cape,336
270341,Mbanyana,Mbhashe,Eastern Cape,235
270408,Mbashe A,Mbhashe,Eastern Cape,100
960005,Mbatlo,Greater Giyani,Limpopo,495
580130,Mbebe,Nongoma,KwaZulu-Natal,617
562042,Mbeka,uMshwathi,KwaZulu-Natal,966
573011,Mbelekwane,Imbabazane,KwaZulu-Natal,2084
291178,Mbenengeni,Port St Johns,Eastern Cape,83
270289,Mbenya,Mbhashe,Eastern Cape,607
283202,Mbeteni,Emalahleni,Eastern Cape,211
270230,Mbewana,Mbhashe,Eastern Cape,593
290078,Mbhadango,Ngquza Hill,Eastern Cape,1227
562040,Mbhava,uMshwathi,KwaZulu-Natal,900
297292,Mbhongweni,Mbizana,Eastern Cape,1098
286108,Mbhulanja,Elundini,Eastern Cape,97
290260,Mbila,Ngquza Hill,Eastern Cape,2707
290172,Mbilikati,Ngquza Hill,Eastern Cape,332
576016,Mbindolo,Msinga,KwaZulu-Natal,3444
282148,Mbinzana,Intsika Yethu,Eastern Cape,268
503017,Mbiyane,Umzumbe,KwaZulu-Natal,1234
589112,Mbizane,uMlalazi,KwaZulu-Natal,747
295084,Mbizeni A,Matatiele,Eastern Cape,87
297039,Mbobeni,Mbizana,Eastern Cape,2300
285080,Mbodlane,Sakhisizwe,Eastern Cape,532
590003,Mbojane,Mthonjaneni,KwaZulu-Natal,158
580144,Mbokodweni,Nongoma,KwaZulu-Natal,1303
284317,Mbokotwana,Engcobo,Eastern Cape,241
284041,Mboleni A,Engcobo,Eastern Cape,153
582073,Mboma,Umhlabuyalingana,KwaZulu-Natal,2008
292134,Mbombenkukhu,Nyandeni,Eastern Cape,993
270321,Mbombozi,Mbhashe,Eastern Cape,461
583024,Mbondla,Jozini,KwaZulu-Natal,2839
271507,Mbongendlu,Mnquma,Eastern Cape,236
293272,Mbongweni,Mhlontlo,Eastern Cape,316
506021,Mbotsha,Hibiscus Coast,KwaZulu-Natal,3525
270549,Mboya,Mbhashe,Eastern Cape,1010
294063,Mbozeni,King Sabata Dalindyebo,Eastern Cape,1178
582076,Mbube,Umhlabuyalingana,KwaZulu-Natal,1321
290309,Mbudu A,Ngquza Hill,Eastern Cape,1178
282363,Mbulukweza,Intsika Yethu,Eastern Cape,170
594026,Mbulweleni,Ingwe,KwaZulu-Natal,1581
297113,Mbungwana A,Mbizana,Eastern Cape,152
293290,Mbutho,Mhlontlo,Eastern Cape,901
297008,Mbuthwe,Mbizana,Eastern Cape,244
297023,Mbuthweni A,Mbizana,Eastern Cape,57
270292,Mbutye B,Mbhashe,Eastern Cape,215
581088,Mbuzikazi A,Ulundi,KwaZulu-Natal,877
598216,Mbuzweni,Umzimkhulu,KwaZulu-Natal,1336
286148,Mcambalala,Elundini,Eastern Cape,264
290097,Mcelu,Ngquza Hill,Eastern Cape,1146
271557,Mceshe,Mnquma,Eastern Cape,171
169008,Mcgregor,Langeberg,Western Cape,3125
569004,Mchunu,Indaka,KwaZulu-Natal,13430
293102,Mcoboti,Mhlontlo,Eastern Cape,237
294233,Mcobotini B,King Sabata Dalindyebo,Eastern Cape,350
282241,Mcumngco,Intsika Yethu,Eastern Cape,905
297354,Mcwadi,Mbizana,Eastern Cape,514
291218,Mcwesha,Port St Johns,Eastern Cape,343
260011,Mdange,Buffalo City,Eastern Cape,460
282074,Mdarame,Intsika Yethu,Eastern Cape,507
270351,Mdeni,Mbhashe,Eastern Cape,177
284017,Mdeni C,Engcobo,Eastern Cape,353
270285,Mdikana,Mbhashe,Eastern Cape,500
293154,Mdikisweni,Mhlontlo,Eastern Cape,464
542113,Mdimela,Nkandla,KwaZulu-Natal,496
270339,Mdizeni,Mbhashe,Eastern Cape,142
290123,Mdlambulo,Ngquza Hill,Eastern Cape,282
505029,Mdlazi,Ezingoleni,KwaZulu-Natal,2146
282260,Mdlokolo,Intsika Yethu,Eastern Cape,278
270584,Mdluntsha,Mbhashe,Eastern Cape,87
580016,Mduda,Nongoma,KwaZulu-Natal,435
292178,Mdumazulu,Nyandeni,Eastern Cape,1472
560001,Mdumezulu,Vulamehlo,KwaZulu-Natal,1306
291101,Mduve,Port St Johns,Eastern Cape,298
270582,Mdzonga,Mbhashe,Eastern Cape,385
163014,Meeueiland,Saldanha Bay,Western Cape,0
974032,Mehlakong,Polokwane,Limpopo,1651
295167,Mehloloaneng,Matatiele,Eastern Cape,834
271042,Mekeni,Mnquma,Eastern Cape,786
978024,Melinda,Lephalale,Limpopo,822
175006,Melkhoutfontein,Hessequa,Western Cape,2533
467011,Meloding,Matjhabeng,Free State,44362
473004,Memel,Phumelela,Free State,619
270525,Mendu,Mbhashe,Eastern Cape,335
546032,Menyezwayo,Maphumulo,KwaZulu-Natal,1451
271047,Merelisa,Mnquma,Eastern Cape,750
369001,Merriman,Ubuntu,Northern Cape,78
983047,Metsanangwana,Ephraim Mogale,Limpopo,2817
360027,Metsemantsi,Joe Morolong,Northern Cape,381
478004,Metsimaholo NU,Metsimaholo,Free State,6434
270574,Mevana,Mbhashe,Eastern Cape,163
564006,Meyerdene,Mpofana,KwaZulu-Natal,358
286179,Mfabantu,Elundini,Eastern Cape,214
293319,Mfabantu-A,Mhlontlo,Eastern Cape,946
582009,Mfakubeka,Umhlabuyalingana,KwaZulu-Natal,753
271339,Mfeku,Mnquma,Eastern Cape,547
282253,Mfihlo,Intsika Yethu,Eastern Cape,73
290212,Mfinca,Ngquza Hill,Eastern Cape,308
587033,Mfolozane,Mfolozi,KwaZulu-Natal,4626
297265,Mfolozi B,Mbizana,Eastern Cape,11
298101,Mfula,Ntabankulu,Eastern Cape,986
594060,Mfulumane,Ingwe,KwaZulu-Natal,976
290328,Mfundeni,Ngquza Hill,Eastern Cape,397
297165,Mfuneli,Mbizana,Eastern Cape,1572
270386,Mgababa,Mbhashe,Eastern Cape,60
270444,Mgagasi,Mbhashe,Eastern Cape,226
506059,Mgangathe,Hibiscus Coast,KwaZulu-Natal,1650
581069,Mganimbobo B,Ulundi,KwaZulu-Natal,523
270348,Mganu,Mbhashe,Eastern Cape,182
297256,Mgaze,Mbizana,Eastern Cape,351
587037,Mgazini,Mfolozi,KwaZulu-Natal,1028
291093,Mgceni,Port St Johns,Eastern Cape,126
272015,Mgcogo,Great Kei,Eastern Cape,651
284315,Mgibeni,Engcobo,Eastern Cape,485
271257,Mgobhozweni,Mnquma,Eastern Cape,586
297279,Mgodini,Mbizana,Eastern Cape,311
271179,Mgomanzi,Mnquma,Eastern Cape,313
270537,Mgotwane,Mbhashe,Eastern Cape,211
293232,Mgqeyane,Mhlontlo,Eastern Cape,241
298020,Mgqumangwe,Ntabankulu,Eastern Cape,764
567023,Mgugu,Mkhambathini,KwaZulu-Natal,506
295146,Mgungundlovu,Matatiele,Eastern Cape,182
274112,Mgwalana,Ngqushwa,Eastern Cape,779
273056,Mgwali,Amahlathi,Eastern Cape,3429
271392,Mgwebi,Mnquma,Eastern Cape,220
575118,Mgxangala,Nqutu,KwaZulu-Natal,693
294047,Mgxobozo,King Sabata Dalindyebo,Eastern Cape,452
276170,Mgxotyeni,Nkonkobe,Eastern Cape,486
580170,Mhambuma,Nongoma,KwaZulu-Natal,131
292109,Mhlabeni,Nyandeni,Eastern Cape,448
271292,Mhlahlane,Mnquma,Eastern Cape,192
292246,Mhlakotshane,Nyandeni,Eastern Cape,424
876019,Mhlambanyatsi,Nkomazi,Mpumalanga,9219
297149,Mhlanga A,Mbizana,Eastern Cape,1114
561008,Mhlangamkhulu,Umdoni,KwaZulu-Natal,1932
270491,Mhlanganisweni,Mbhashe,Eastern Cape,542
284119,Mhlangwini,Engcobo,Eastern Cape,180
538014,Mhlatuze Flats,uMhlathuze,KwaZulu-Natal,226
296189,Mhlokwana,Umzimvubu,Eastern Cape,1266
293002,Mhlontlo NU,Mhlontlo,Eastern Cape,2001
542125,Mhloshane,Nkandla,KwaZulu-Natal,714
296175,Mhlozini,Umzimvubu,Eastern Cape,1502
877093,Mhlumeni,Bushbuckridge,Mpumalanga,6221
575025,Mhlungwane B,Nqutu,KwaZulu-Natal,1333
573026,Mhlungwini,Imbabazane,KwaZulu-Natal,799
285040,Mhlwazi,Sakhisizwe,Eastern Cape,111
672024,Mhole,Greater Taung,North West,3216
270042,Mhuku,Mbhashe,Eastern Cape,599
867007,Middelbult,Victor Khanye,Mpumalanga,138
977007,Middeldrift,Thabazimbi,Limpopo,1115
171010,Middleton,Theewaterskloof,Western Cape,963
798004,Midrand,City of Johannesburg,Gauteng,87387
578036,Mielieplaat,eDumbe,KwaZulu-Natal,209
667001,Miga,Mafikeng,North West,2046
526032,Milford,Dannhauser,KwaZulu-Natal,708
260134,Mimosa Park,Buffalo City,Eastern Cape,181
269001,Misgund,Kou-Kamma,Eastern Cape,415
962066,Misty Crown,Greater Tzaneen,Limpopo,98
279008,Mitfort,Tsolwana,Eastern Cape,2434
292005,Mjaliswa,Nyandeni,Eastern Cape,392
284078,Mjeni,Engcobo,Eastern Cape,331
293091,Mjikwa,Mhlontlo,Eastern Cape,209
294466,Mjikweni A,King Sabata Dalindyebo,Eastern Cape,415
582080,Mjindi,Umhlabuyalingana,KwaZulu-Natal,232
295286,Mjoja,Matatiele,Eastern Cape,680
284189,Mkanzi,Engcobo,Eastern Cape,414
270376,Mkatye,Mbhashe,Eastern Cape,364
295249,Mkhalatye,Matatiele,Eastern Cape,316
567005,Mkhambathini NU,Mkhambathini,KwaZulu-Natal,14465
297030,Mkhandlweni,Mbizana,Eastern Cape,1166
296111,Mkhangisa,Umzimvubu,Eastern Cape,79
291135,Mkhanzini,Port St Johns,Eastern Cape,377
577033,Mkhize,Umvoti,KwaZulu-Natal,3803
594018,Mkhohlwa,Ingwe,KwaZulu-Natal,403
595006,Mkhomazana,Kwa Sani,KwaZulu-Natal,151
529042,Mkhonjane,Abaqulusi,KwaZulu-Natal,178
575012,Mkhonjane D,Nqutu,KwaZulu-Natal,623
583060,Mkhonjeni,Jozini,KwaZulu-Natal,1627
290305,Mkhose,Ngquza Hill,Eastern Cape,5
877135,Mkhuhlu,Bushbuckridge,Mpumalanga,35864
560035,Mkhumbani,Vulamehlo,KwaZulu-Natal,1591
290041,Mkhumeni,Ngquza Hill,Eastern Cape,796
589004,Mkhuphulangwenya,uMlalazi,KwaZulu-Natal,2755
583093,Mkhuze,Jozini,KwaZulu-Natal,4414
290246,Mkhwalweni,Ngquza Hill,Eastern Cape,446
271124,Mkhwezweni,Mnquma,Eastern Cape,650
504026,Mkoba,UMuziwabantu,KwaZulu-Natal,8384
594006,Mkobeni Kamensia,Ingwe,KwaZulu-Natal,711
297338,Mkolorha,Mbizana,Eastern Cape,630
295041,Mkomthi,Matatiele,Eastern Cape,290
284043,Mkonkota,Engcobo,Eastern Cape,328
284311,Mkunjana,Engcobo,Eastern Cape,578
270159,Mkuthukeni Xora,Mbhashe,Eastern Cape,330
542066,Mkwana,Nkandla,KwaZulu-Natal,644
271513,Mkwezweni,Mnquma,Eastern Cape,142
583042,Mlambongwenya,Jozini,KwaZulu-Natal,1055
582055,Mlamula,Umhlabuyalingana,KwaZulu-Natal,1589
282216,Mlenze,Intsika Yethu,Eastern Cape,466
582016,Mloli,Umhlabuyalingana,KwaZulu-Natal,636
292033,Mlomo,Nyandeni,Eastern Cape,1608
581018,Mlovu A,Ulundi,KwaZulu-Natal,1121
281018,Mlungisi,Lukanji,Eastern Cape,24901
662054,Mmaditlhokwa,Rustenburg,North West,4847
982095,Mmahlogo,Mogalakwena,Limpopo,938
660059,Mmakaunyana,Moretele,North West,10093
472043,Mmakong,Maluti a Phofung,Free State,1758
978028,Mmaletswai,Lephalale,Limpopo,1773
872019,Mmamethlake,Dr JS Moroka,Mpumalanga,7888
271471,Mmangonkone,Mnquma,Eastern Cape,172
285064,Mmangweni 1,Sakhisizwe,Eastern Cape,190
283071,Mmangweni A,Emalahleni,Eastern Cape,176
283179,Mmangweni C,Emalahleni,Eastern Cape,147
985143,Mmantlanyane,Makhuduthamaga,Limpopo,523
976014,Mmashadi,Lepele-Nkumpi,Limpopo,1125
360043,Mmatoro,Joe Morolong,Northern Cape,105
660061,Mmotla,Moretele,North West,13001
660003,Mmukubyane,Moretele,North West,922
270369,Mnandi,Mbhashe,Eastern Cape,723
295020,Mnceba,Matatiele,Eastern Cape,582
270451,Mncwabe,Mbhashe,Eastern Cape,273
297310,Mncwati,Mbizana,Eastern Cape,345
296076,Mndini,Umzimvubu,Eastern Cape,867
290119,Mneketshe,Ngquza Hill,Eastern Cape,621
294358,Mnganda,King Sabata Dalindyebo,Eastern Cape,319
292334,Mngcibe,Nyandeni,Eastern Cape,1736
599091,Mngcweni,eThekwini,KwaZulu-Natal,1137
583019,Mngomezulu,Jozini,KwaZulu-Natal,1224
293074,Mngqungu,Mhlontlo,Eastern Cape,184
270464,Mngwaneni,Mbhashe,Eastern Cape,253
270625,Mngwevu,Mbhashe,Eastern Cape,214
504009,Mnkangala,UMuziwabantu,KwaZulu-Natal,0
276167,Mnqaba Kulile,Nkonkobe,Eastern Cape,1252
295018,Mnqayi,Matatiele,Eastern Cape,65
598161,Mnqumeni,Umzimkhulu,KwaZulu-Natal,443
575100,Mnqunyeni,Nqutu,KwaZulu-Natal,306
260121,Mntlabathi,Buffalo City,Eastern Cape,695
573030,Mnungwini,Imbabazane,KwaZulu-Natal,908
297118,Mnyaka,Mbizana,Eastern Cape,2513
271158,Mnyamazane,Mnquma,Eastern Cape,284
282193,Mnyangula,Intsika Yethu,Eastern Cape,445
360096,Moalogane,Joe Morolong,Northern Cape,162
961065,Mobungung,Greater Letaba,Limpopo,3566
867003,Modder East Orchards,Victor Khanye,Mpumalanga,1026
860024,Modergat,Albert Luthuli,Mpumalanga,241
667017,Modimola,Mafikeng,North West,1944
980006,Modimolle,Modimolle,Limpopo,12185
672019,Modimong,Greater Taung,North West,2737
961098,Modjadji Head Kraal,Greater Letaba,Limpopo,1745
499007,Modutung,Mangaung,Free State,419
660057,Moeka,Moretele,North West,1115
469006,Moemaneng,Setsoto,Free State,14469
666008,Mofufutso,Tswaing,North West,2467
985117,Mogalabi,Makhuduthamaga,Limpopo,2864
763001,Mogale City NU,Mogale City,Gauteng,19757
985130,Mogashoa,Makhuduthamaga,Limpopo,8584
664026,Mogoditsane,Moses Kotane,North West,603
660012,Mogohlwaneng,Moretele,North West,3222
662020,Mogono,Rustenburg,North West,5713
985103,Mogorwane,Makhuduthamaga,Limpopo,2240
973017,Mogwadi,Molemole,Limpopo,4045
985058,Mohake,Makhuduthamaga,Limpopo,178
986005,Mohlahlaneng,Fetakgomo,Limpopo,1091
764004,Mohlakeng,Randfontein,Gauteng,55033
985148,Mohlarekoma,Makhuduthamaga,Limpopo,2359
983014,Mohlotsi,Ephraim Mogale,Limpopo,728
462002,Mohokare NU,Mohokare,Free State,5912
661017,Moiletswane,Madibeng,North West,1556
472026,Mokabatane,Maluti a Phofung,Free State,203
672011,Mokasa,Greater Taung,North West,6865
672010,Mokgareng,Greater Taung,North West,9246
962050,Mokgolobotho,Greater Tzaneen,Limpopo,6256
974036,Mokgurutlane,Polokwane,Limpopo,297
987067,Mokobola,Greater Tubatse,Limpopo,754
962082,Mokomotsi,Greater Tzaneen,Limpopo,2147
969093,Mokumuru,Blouberg,Limpopo,380
985127,Mokwete,Makhuduthamaga,Limpopo,1634
974078,Molapi,Polokwane,Limpopo,2506
664005,Molatedi,Moses Kotane,North West,1201
987116,Molawi,Greater Tubatse,Limpopo,1627
976011,Moleke,Lepele-Nkumpi,Limpopo,3130
667023,Molelwane,Mafikeng,North West,3418
976056,Moletlane,Lepele-Nkumpi,Limpopo,8650
985145,Molodi,Makhuduthamaga,Limpopo,1048
295108,Molosong,Matatiele,Eastern Cape,321
280001,Molteno,Inkwanca,Eastern Cape,11553
599065,Molweni A,eThekwini,KwaZulu-Natal,1302
599107,Molweni D,eThekwini,KwaZulu-Natal,70
662001,Monakato,Rustenburg,North West,8076
961020,Monate,Greater Letaba,Limpopo,315
970031,Moneywaneng,Aganang,Limpopo,1319
274060,Moni,Ngqushwa,Eastern Cape,337
472035,Monontsha,Maluti a Phofung,Free State,5552
169001,Montagu,Langeberg,Western Cape,15176
297369,Monti A,Mbizana,Eastern Cape,66
180006,Montmere,Knysna,Western Cape,75
664042,Montsana B,Moses Kotane,North West,375
667035,Montshioa Stadt,Mafikeng,North West,2730
974088,Monywaneng,Polokwane,Limpopo,1837
983024,Mooihoek,Ephraim Mogale,Limpopo,1497
667085,Mooipan,Mafikeng,North West,815
982068,Mookamedi,Mogalakwena,Limpopo,811
983013,Moomane,Ephraim Mogale,Limpopo,1065
164004,Moorreesburg,Swartland,Western Cape,7760
599135,Mophela,eThekwini,KwaZulu-Natal,5517
664010,Mopyane,Moses Kotane,North West,1836
176019,Moquini Coastal Estate,Mossel Bay,Western Cape,22
295114,Moralakeng,Matatiele,Eastern Cape,404
987038,Morapaneng,Greater Tubatse,Limpopo,1075
873005,Moremela,Thaba Chweu,Mpumalanga,5112
660002,Moretele NU,Moretele,North West,2281
272014,Morgan's Bay,Great Kei,Eastern Cape,321
985019,Moripane,Makhuduthamaga,Limpopo,639
987017,Moroke,Greater Tubatse,Limpopo,5427
672034,Morokweng A,Greater Taung,North West,952
499020,Moroto,Mangaung,Free State,406
290293,Morrison's Place,Ngquza Hill,Eastern Cape,1624
984016,Morwaneng,Elias Motsoaledi,Limpopo,1095
872044,Morwe,Dr JS Moroka,Mpumalanga,759
987054,Mosego,Greater Tubatse,Limpopo,1077
976058,Mosetamong,Lepele-Nkumpi,Limpopo,515
973007,Moshasha,Molemole,Limpopo,76
985017,Moshate B,Makhuduthamaga,Limpopo,1220
360002,Moshaweng NU South,Joe Morolong,Northern Cape,4128
962041,Mosiphane,Greater Tzaneen,Limpopo,1599
986041,Mosotsi,Fetakgomo,Limpopo,315
176003,Mossel Bay NU,Mossel Bay,Western Cape,4236
674041,Moswana,Kagisano/Molopo,North West,1035
599108,Motalabad,eThekwini,KwaZulu-Natal,105
984033,Motetema,Elias Motsoaledi,Limpopo,8422
672046,Mothanthanyaneng,Greater Taung,North West,694
361022,Mothibistad,Ga-Segonyana,Northern Cape,9616
661036,Mothutlung,Madibeng,North West,11601
877058,Motlamogale,Bushbuckridge,Mpumalanga,4702
667029,Motlhabeng,Mafikeng,North West,7610
987071,Motlolo,Greater Tubatse,Limpopo,4804
961027,Motsemokola,Greater Letaba,Limpopo,1359
976070,Motserereng,Lepele-Nkumpi,Limpopo,748
961106,Motsinoni,Greater Letaba,Limpopo,1220
667032,Motsoseng,Mafikeng,North West,4069
962026,Motupa,Greater Tzaneen,Limpopo,6954
296152,Mount Ayliff,Umzimvubu,Eastern Cape,5367
599052,Mount Edgecombe,eThekwini,KwaZulu-Natal,7323
599017,Mount Moreland,eThekwini,KwaZulu-Natal,241
297040,Mount Zion,Mbizana,Eastern Cape,1728
298027,Mowa,Ntabankulu,Eastern Cape,1159
982041,Moyaneng,Mogalakwena,Limpopo,1619
295240,Moyeni A,Matatiele,Eastern Cape,355
582084,Mozi,Umhlabuyalingana,KwaZulu-Natal,849
986108,Mpahanama,Fetakgomo,Limpopo,4060
580176,Mpakaneni,Nongoma,KwaZulu-Natal,567
296229,Mpamba,Umzimvubu,Eastern Cape,132
294417,Mpandeni,King Sabata Dalindyebo,Eastern Cape,213
567025,Mpangisa,Mkhambathini,KwaZulu-Natal,848
271087,Mpatheni,Mnquma,Eastern Cape,513
274128,Mpekweni,Ngqushwa,Eastern Cape,953
581132,Mpembeni,Ulundi,KwaZulu-Natal,462
297004,Mpeni,Mbizana,Eastern Cape,1217
297226,Mpenkulu A,Mbizana,Eastern Cape,127
270457,Mpepeni,Mbhashe,Eastern Cape,331
976012,Mphaaneng,Lepele-Nkumpi,Limpopo,1142
291115,Mphakathini,Port St Johns,Eastern Cape,78
986109,Mphanama,Fetakgomo,Limpopo,3962
291147,Mphangane,Port St Johns,Eastern Cape,773
472009,Mphatlalatsane,Maluti a Phofung,Free State,2852
984051,Mpheleng,Elias Motsoaledi,Limpopo,7123
877103,Mphenyatsatsi,Bushbuckridge,Mpumalanga,2159
297154,Mphetshwa A,Mbizana,Eastern Cape,220
985141,Mphofotse,Makhuduthamaga,Limpopo,332
295031,Mphotshongo,Matatiele,Eastern Cape,673
292113,Mphutshane,Nyandeni,Eastern Cape,452
583098,Mpileni,Jozini,KwaZulu-Natal,503
270232,Mpindweni,Mbhashe,Eastern Cape,747
542041,Mpingana,Nkandla,KwaZulu-Natal,839
298075,Mpisini,Ntabankulu,Eastern Cape,2887
564003,Mpofana NU,Mpofana,KwaZulu-Natal,14300
287043,Mpoki,Senqu,Eastern Cape,423
599151,Mpola B,eThekwini,KwaZulu-Natal,311
580047,Mpompo,Nongoma,KwaZulu-Natal,641
270401,Mpondomsi,Mbhashe,Eastern Cape,150
576025,Mpondweni,Msinga,KwaZulu-Natal,714
290320,Mpongompongweni,Ngquza Hill,Eastern Cape,245
582033,Mpophemeni,Umhlabuyalingana,KwaZulu-Natal,2737
291078,Mposa,Port St Johns,Eastern Cape,180
291210,Mpotshosho,Port St Johns,Eastern Cape,585
276162,Mpozisa,Nkonkobe,Eastern Cape,193
270415,Mpozolo B,Mbhashe,Eastern Cape,323
271252,Mpukane Mission,Mnquma,Eastern Cape,490
599084,Mpuma,eThekwini,KwaZulu-Natal,4100
292266,Mpumdweni,Nyandeni,Eastern Cape,420
594046,Mpumulwane A,Ingwe,KwaZulu-Natal,1311
282032,Mpunga,Intsika Yethu,Eastern Cape,57
296079,Mpungutyana,Umzimvubu,Eastern Cape,570
580055,Mpunzana,Nongoma,KwaZulu-Natal,169
580126,Mpuqwini A,Nongoma,KwaZulu-Natal,592
294109,Mputi,King Sabata Dalindyebo,Eastern Cape,1629
294242,Mqanduli,King Sabata Dalindyebo,Eastern Cape,2647
297229,Mqangqweni,Mbizana,Eastern Cape,57
290188,Mqatyeni,Ngquza Hill,Eastern Cape,196
294200,Mqekezweni,King Sabata Dalindyebo,Eastern Cape,1021
589115,Mqezemane,uMlalazi,KwaZulu-Natal,580
294247,Mqhobo,King Sabata Dalindyebo,Eastern Cape,939
582044,Mqobela,Umhlabuyalingana,KwaZulu-Natal,148
296080,Mqokweni A,Umzimvubu,Eastern Cape,70
578007,Mqongwane,eDumbe,KwaZulu-Natal,384
270554,Mqotwane,Mbhashe,Eastern Cape,259
598223,Mqumeni,Umzimkhulu,KwaZulu-Natal,741
290056,Mqwangqweni,Ngquza Hill,Eastern Cape,2510
284292,Mqwebedu,Engcobo,Eastern Cape,394
293086,Mrholweni,Mhlontlo,Eastern Cape,126
284144,Mrhotshozweni,Engcobo,Eastern Cape,229
291151,Mruleni,Port St Johns,Eastern Cape,224
580048,Msebe,Nongoma,KwaZulu-Natal,465
270416,Msendo,Mbhashe,Eastern Cape,203
586028,Mshaya,Mtubatuba,KwaZulu-Natal,1769
599029,Mshazi,eThekwini,KwaZulu-Natal,3873
504056,Mshisweni,UMuziwabantu,KwaZulu-Natal,260
271547,Msikaba,Mnquma,Eastern Cape,243
290217,Msikaba C,Ngquza Hill,Eastern Cape,2036
593054,Msilili,Ndwedwe,KwaZulu-Natal,891
274039,Msintsini,Ngqushwa,Eastern Cape,273
578003,Msizini,eDumbe,KwaZulu-Natal,106
874054,Msogwaba,Mbombela,Mpumalanga,17549
542090,Msukane,Nkandla,KwaZulu-Natal,556
276139,Msulungwa,Nkonkobe,Eastern Cape,536
599046,Msunduzi,eThekwini,KwaZulu-Natal,6058
297026,Mtamvuna,Mbizana,Eastern Cape,628
274012,Mtati,Ngqushwa,Eastern Cape,377
281023,Mtebele,Lukanji,Eastern Cape,1705
506017,Mtengwana,Hibiscus Coast,KwaZulu-Natal,1381
294040,Mthatha,King Sabata Dalindyebo,Eastern Cape,96114
296047,Mthelanja,Umzimvubu,Eastern Cape,285
297370,Mtheni,Mbizana,Eastern Cape,286
505030,Mthimude,Ezingoleni,KwaZulu-Natal,370
581047,Mthinzima,Ulundi,KwaZulu-Natal,949
292014,Mthombetsitsa,Nyandeni,Eastern Cape,556
292218,Mthondela,Nyandeni,Eastern Cape,120
292182,Mthonjana,Nyandeni,Eastern Cape,477
290139,Mthontsasa,Ngquza Hill,Eastern Cape,570
298117,Mthukazi,Ntabankulu,Eastern Cape,1498
542115,Mthungeni,Nkandla,KwaZulu-Natal,1319
271100,Mthwaku,Mnquma,Eastern Cape,380
580194,Mthwala,Nongoma,KwaZulu-Natal,535
589055,Mtilombo,uMlalazi,KwaZulu-Natal,602
582082,Mtinkwe,Umhlabuyalingana,KwaZulu-Natal,985
966215,Mtititi,Thulamela,Limpopo,3341
274041,Mtombe,Ngqushwa,Eastern Cape,244
271360,Mtonjeni,Mnquma,Eastern Cape,475
271157,Mtshanyane,Mnquma,Eastern Cape,205
290298,Mtshayazafe,Ngquza Hill,Eastern Cape,1322
293218,Mtshazi,Mhlontlo,Eastern Cape,1568
270123,Mtshekelweni Lukrosweni,Mbhashe,Eastern Cape,296
294074,Mtshobo,King Sabata Dalindyebo,Eastern Cape,511
542070,Mtshwili,Nkandla,KwaZulu-Natal,571
562003,Mtulwa,uMshwathi,KwaZulu-Natal,1186
294307,Mtuvi,King Sabata Dalindyebo,Eastern Cape,369
271535,Mtwaku,Mnquma,Eastern Cape,95
282113,Mtyamde,Intsika Yethu,Eastern Cape,130
291105,Mtyolweni,Port St Johns,Eastern Cape,619
966014,Mubvumoni,Thulamela,Limpopo,2086
966099,Mudunungu,Thulamela,Limpopo,1366
965115,Mufungudi,Mutale,Limpopo,110
962046,Mugwazini,Greater Tzaneen,Limpopo,1382
966046,Muhuyu,Thulamela,Limpopo,698
363010,Muisvlakte,Richtersveld,Northern Cape,43
966117,Mukomasiandu,Thulamela,Limpopo,764
966071,Mukula,Thulamela,Limpopo,8209
965022,Mukununde,Mutale,Limpopo,189
965083,Muledzhi,Mutale,Limpopo,872
966164,Mulenzhe,Thulamela,Limpopo,2566
966036,Munangwe,Thulamela,Limpopo,365
968060,Mungomani,Makhado,Limpopo,2545
583014,Munywana,Jozini,KwaZulu-Natal,3250
965046,Muraluwe,Mutale,Limpopo,360
183001,Murraysburg,Beaufort West,Western Cape,167
966017,Mushiru,Thulamela,Limpopo,647
967002,Musina NU,Musina,Limpopo,19600
281096,Muswa-C,Lukanji,Eastern Cape,95
965002,Mutale Munic NU,Mutale,Limpopo,1992
965118,Mutshavhawe,Mutale,Limpopo,213
965064,Mutshikilini,Mutale,Limpopo,1219
968143,Muumoni,Makhado,Limpopo,511
960007,Muyexe,Greater Giyani,Limpopo,3228
296075,Mvalweni,Umzimvubu,Eastern Cape,2271
966206,Mvelaphanda,Thulamela,Limpopo,1563
295225,Mvenyane,Matatiele,Eastern Cape,211
294472,Mvolo Forest,King Sabata Dalindyebo,Eastern Cape,0
566004,Mvubukazi,The Msunduzi,KwaZulu-Natal,2966
291129,Mvume,Port St Johns,Eastern Cape,536
294130,Mvunge,King Sabata Dalindyebo,Eastern Cape,378
582003,Mvutshana,Umhlabuyalingana,KwaZulu-Natal,624
503067,Mvuzane,Umzumbe,KwaZulu-Natal,1270
296065,Mwaca B,Umzimvubu,Eastern Cape,1005
276087,Mxali,Nkonkobe,Eastern Cape,155
260070,Mxaxo,Buffalo City,Eastern Cape,702
282346,Mxhelo,Intsika Yethu,Eastern Cape,535
969049,My Darling,Blouberg,Limpopo,2092
271512,Myeki,Mnquma,Eastern Cape,39
974098,Myngenoegen,Polokwane,Limpopo,1908
271362,Myoyo,Mnquma,Eastern Cape,689
298041,Mzalwaneni,Ntabankulu,Eastern Cape,1666
297171,Mzamba C,Mbizana,Eastern Cape,154
260117,Mzantsi,Buffalo City,Eastern Cape,526
271282,Mzazi,Mnquma,Eastern Cape,1375
290316,Mzimhle,Ngquza Hill,Eastern Cape,242
585010,Mzinene,Hlabisa,KwaZulu-Natal,2529
598029,Mzintlanga,Umzimkhulu,KwaZulu-Natal,539
290307,Mzintlava B,Ngquza Hill,Eastern Cape,224
294372,Mzinya,King Sabata Dalindyebo,Eastern Cape,491
371001,Mziwabantu,Emthanjeni,Northern Cape,1302
297217,Mzize A,Mbizana,Eastern Cape,268
294447,Mzongwaneni,King Sabata Dalindyebo,Eastern Cape,258
293087,Mzuzanto,Mhlontlo,Eastern Cape,314
592010,Mzwangetwa,KwaDukuza,KwaZulu-Natal,162
588044,NQutshini,Ntambanana,KwaZulu-Natal,1579
868011,Naauwpoort,Emalahleni,Mpumalanga,170
667074,Naawpoort,Mafikeng,North West,1176
567006,Nagle,Mkhambathini,KwaZulu-Natal,86
468003,Nala NU,Nala,Free State,8229
364002,Nama Khoi NU,Nama Khoi,Northern Cape,2909
963011,Namakgale,Ba-Phalaborwa,Limpopo,36365
960081,Namenwamarhanga,Greater Giyani,Limpopo,3487
271555,Nantsana,Mnquma,Eastern Cape,189
578038,Natal Spa,eDumbe,KwaZulu-Natal,249
962067,Nature Reserve,Greater Tzaneen,Limpopo,98
286226,Nayijele,Elundini,Eastern Cape,204
598063,Nazareth,Umzimkhulu,KwaZulu-Natal,1854
260056,Ncalukeni,Buffalo City,Eastern Cape,1892
292248,Ncambedlana,Nyandeni,Eastern Cape,681
503090,Ncane,Umzumbe,KwaZulu-Natal,256
590011,Ncayini,Mthonjaneni,KwaZulu-Natal,224
292238,Ncedane,Nyandeni,Eastern Cape,225
580138,Ncemaneni,Nongoma,KwaZulu-Natal,634
575105,Ncepheni B,Nqutu,KwaZulu-Natal,357
271522,Ncerana B,Mnquma,Eastern Cape,549
271510,Nciba,Mnquma,Eastern Cape,155
294036,Ncise,King Sabata Dalindyebo,Eastern Cape,1381
292071,Ncithwa,Nyandeni,Eastern Cape,181
294234,Ncityana,King Sabata Dalindyebo,Eastern Cape,331
271205,Ncityane,Mnquma,Eastern Cape,506
560058,Ncombololo,Vulamehlo,KwaZulu-Natal,923
293048,Ncothi,Mhlontlo,Eastern Cape,726
292325,Ncukaba,Nyandeni,Eastern Cape,445
296185,Ncunteni,Umzimvubu,Eastern Cape,1140
581038,Ncwebeba,Ulundi,KwaZulu-Natal,422
271304,Ndabakazi,Mnquma,Eastern Cape,495
270399,Ndabizondeka,Mbhashe,Eastern Cape,217
270237,Ndakana,Mbhashe,Eastern Cape,168
271189,Ndakana B,Mnquma,Eastern Cape,132
290068,Ndakeni A,Ngquza Hill,Eastern Cape,261
285098,Ndambane,Sakhisizwe,Eastern Cape,131
587042,Ndanyeni,Mfolozi,KwaZulu-Natal,3143
575009,Ndatshana,Nqutu,KwaZulu-Natal,2906
292192,Ndaya,Nyandeni,Eastern Cape,770
271109,Ndela,Mnquma,Eastern Cape,389
271196,Ndenxa,Mnquma,Eastern Cape,233
273019,Ndhyibidyidi,Amahlathi,Eastern Cape,21
271044,Ndiki,Mnquma,Eastern Cape,995
260109,Ndileka,Buffalo City,Eastern Cape,693
290277,Ndimbaneni,Ngquza Hill,Eastern Cape,1466
292174,Ndindimeni,Nyandeni,Eastern Cape,1090
276175,Ndindwa,Nkonkobe,Eastern Cape,448
291049,Ndingindawo,Port St Johns,Eastern Cape,1417
265003,Ndlambe NU,Ndlambe,Eastern Cape,6693
538019,Ndleleni,uMhlathuze,KwaZulu-Natal,2694
294399,Ndlovana,King Sabata Dalindyebo,Eastern Cape,262
276052,Ndlovura,Nkonkobe,Eastern Cape,198
293001,Ndlungwana,Mhlontlo,Eastern Cape,289
284054,Ndlunkulu B,Engcobo,Eastern Cape,168
294129,Ndokwane,King Sabata Dalindyebo,Eastern Cape,340
593034,Ndondolo,Ndwedwe,KwaZulu-Natal,2340
597024,Ndonyane,Ubuhlebezwe,KwaZulu-Natal,622
290069,Ndukudeni,Ngquza Hill,Eastern Cape,602
591007,Ndulinde,Mandeni,KwaZulu-Natal,621
503079,Ndumakude,Umzumbe,KwaZulu-Natal,1533
583010,Ndumo,Jozini,KwaZulu-Natal,36
590022,Ndundulu,Mthonjaneni,KwaZulu-Natal,1536
273051,Ndungameni,Amahlathi,Eastern Cape,902
270150,Ndungunyeni,Mbhashe,Eastern Cape,380
282211,Ndungwana,Intsika Yethu,Eastern Cape,156
590021,Nduro,Mthonjaneni,KwaZulu-Natal,2604
291075,Ndwalana,Port St Johns,Eastern Cape,500
298087,Ndwana,Ntabankulu,Eastern Cape,1334
593044,Ndwedwe,Ndwedwe,KwaZulu-Natal,4488
285068,Ndyavu,Sakhisizwe,Eastern Cape,198
598123,Ndzombane,Umzimkhulu,KwaZulu-Natal,428
985150,Nebo,Makhuduthamaga,Limpopo,3390
526028,Nellie,Dannhauser,KwaZulu-Natal,2256
299002,Nelson Mandela Bay NU,Nelson Mandela Bay,Eastern Cape,23542
965073,Netshitondoni,Mutale,Limpopo,33
281012,New Deka,Lukanji,Eastern Cape,1163
877073,New Forest B,Bushbuckridge,Mpumalanga,4386
260150,New Hope,Buffalo City,Eastern Cape,617
868014,New Largo,Emalahleni,Mpumalanga,252
295105,New Nkosana,Matatiele,Eastern Cape,1340
294155,New Rest A,King Sabata Dalindyebo,Eastern Cape,657
183006,New Town,Beaufort West,Western Cape,529
524002,Newcastle NU,Newcastle,KwaZulu-Natal,12470
599112,Newlands West,eThekwini,KwaZulu-Natal,50627
295030,Newrest,Matatiele,Eastern Cape,437
274122,Newtondale,Ngqushwa,Eastern Cape,283
273046,Ngabangu,Amahlathi,Eastern Cape,2359
270646,Ngadla,Mbhashe,Eastern Cape,191
270613,Ngaji,Mbhashe,Eastern Cape,196
546016,Ngangwini,Maphumulo,KwaZulu-Natal,368
285095,Ngasentla,Sakhisizwe,Eastern Cape,171
282077,Ngcaca,Intsika Yethu,Eastern Cape,679
294359,Ngcana,King Sabata Dalindyebo,Eastern Cape,366
505028,Ngcawusheni,Ezingoleni,KwaZulu-Natal,2669
286121,Ngcele,Elundini,Eastern Cape,379
290207,Ngcengce,Ngquza Hill,Eastern Cape,1495
282222,Ngceza,Intsika Yethu,Eastern Cape,178
297089,Ngcingo B,Mbizana,Eastern Cape,2777
292063,Ngcobo,Nyandeni,Eastern Cape,842
292010,Ngcolorha,Nyandeni,Eastern Cape,649
292086,Ngcongco,Nyandeni,Eastern Cape,490
291086,Ngcose,Port St Johns,Eastern Cape,398
296121,Ngcozana,Umzimvubu,Eastern Cape,314
298125,Ngcumani,Ntabankulu,Eastern Cape,91
294181,Ngcwala,King Sabata Dalindyebo,Eastern Cape,1621
296016,Ngcwayi,Umzimvubu,Eastern Cape,290
575085,Ngedla,Nqutu,KwaZulu-Natal,1640
270407,Ngekala,Mbhashe,Eastern Cape,190
270392,Ngete,Mbhashe,Eastern Cape,74
283164,Nghala,Emalahleni,Eastern Cape,817
292152,Ngidini,Nyandeni,Eastern Cape,993
270626,Ngingqini,Mbhashe,Eastern Cape,290
660005,Ngobi,Moretele,North West,3494
271346,Ngobozini,Mnquma,Eastern Cape,880
576046,Ngoengeni,Msinga,KwaZulu-Natal,2358
270440,Ngolela,Mbhashe,Eastern Cape,393
292115,Ngolo,Nyandeni,Eastern Cape,8332
580199,Ngolotshe A,Nongoma,KwaZulu-Natal,1595
503003,Ngomakazi,Umzumbe,KwaZulu-Natal,1714
529017,Ngome,Abaqulusi,KwaZulu-Natal,332
296235,Ngonini,Umzimvubu,Eastern Cape,764
580051,Ngonyamaneni,Nongoma,KwaZulu-Natal,933
580100,Ngoqongo B,Nongoma,KwaZulu-Natal,293
294077,Ngoswane,King Sabata Dalindyebo,Eastern Cape,299
966129,Ngovhela,Thulamela,Limpopo,6296
290193,Ngozi,Ngquza Hill,Eastern Cape,182
284340,Ngqalasi,Engcobo,Eastern Cape,107
290222,Ngqandulwana,Ngquza Hill,Eastern Cape,193
271214,Ngqaqini,Mnquma,Eastern Cape,430
286173,Ngqayi,Elundini,Eastern Cape,234
270188,Ngqayiya Mkitswa Xora,Mbhashe,Eastern Cape,11
290167,Ngqibelana,Ngquza Hill,Eastern Cape,579
260182,Ngqinisa,Buffalo City,Eastern Cape,371
298121,Ngqokoqweni,Ntabankulu,Eastern Cape,145
271235,Ngqokweni,Mnquma,Eastern Cape,292
273064,Ngqolongqolo,Amahlathi,Eastern Cape,302
276168,Ngqolowa A,Nkonkobe,Eastern Cape,205
293127,Ngqongweni,Mhlontlo,Eastern Cape,163
274049,Ngqouma,Ngqushwa,Eastern Cape,371
284367,Ngqubusini A,Engcobo,Eastern Cape,728
568017,Ngqulu,Richmond,KwaZulu-Natal,1469
282361,Ngqumela,Intsika Yethu,Eastern Cape,163
599062,Ngqungqulu,eThekwini,KwaZulu-Natal,678
504058,Ngqungqumeni,UMuziwabantu,KwaZulu-Natal,54
271448,Ngqusi,Mnquma,Eastern Cape,635
271427,Ngqutu B,Mnquma,Eastern Cape,182
290091,Ngquza B,Ngquza Hill,Eastern Cape,693
290077,Ngqwabeni,Ngquza Hill,Eastern Cape,513
294002,Ngqwala B,King Sabata Dalindyebo,Eastern Cape,746
270343,Ngqwangele,Mbhashe,Eastern Cape,85
292076,Ngqwayi,Nyandeni,Eastern Cape,657
571035,Ngubela,Okhahlamba,KwaZulu-Natal,192
566041,Ngubeni,The Msunduzi,KwaZulu-Natal,2549
576048,Ngubo,Msinga,KwaZulu-Natal,1666
966120,Ngudza,Thulamela,Limpopo,2855
589122,Ngundwini,uMlalazi,KwaZulu-Natal,2028
589131,Nguqu,uMlalazi,KwaZulu-Natal,3592
297306,Ngutyana A,Mbizana,Eastern Cape,187
560037,Ngwadini,Vulamehlo,KwaZulu-Natal,390
276083,Ngwalana,Nkonkobe,Eastern Cape,472
270577,Ngwane,Mbhashe,Eastern Cape,497
985144,Ngwaritsana,Makhuduthamaga,Limpopo,409
477004,Ngwathe NU,Ngwathe,Free State,10228
575090,Ngwebini B,Nqutu,KwaZulu-Natal,176
581102,Ngwebu,Ulundi,KwaZulu-Natal,213
296099,Ngwekazana,Umzimvubu,Eastern Cape,1037
577034,Ngwempisi,Umvoti,KwaZulu-Natal,3920
294266,Ngweni,King Sabata Dalindyebo,Eastern Cape,772
295008,Ngwenwane,Matatiele,Eastern Cape,343
583018,Ngwenyameni,Jozini,KwaZulu-Natal,985
876018,Ngwenyeni B,Nkomazi,Mpumalanga,3542
296128,Ngwetsheni,Umzimvubu,Eastern Cape,1178
284252,Ngxabane,Engcobo,Eastern Cape,151
293079,Ngxabaxha,Mhlontlo,Eastern Cape,296
271225,Ngxalathi,Mnquma,Eastern Cape,877
284422,Ngxamagele,Engcobo,Eastern Cape,142
284103,Ngxangxasi B,Engcobo,Eastern Cape,171
286124,Ngxaza,Elundini,Eastern Cape,2370
283074,Ngxingwa,Emalahleni,Eastern Cape,301
292107,Ngxokweni,Nyandeni,Eastern Cape,2072
286222,Ngxotwana,Elundini,Eastern Cape,314
260075,Ngxwalane,Buffalo City,Eastern Cape,1027
542094,Nhlababo,Nkandla,KwaZulu-Natal,1852
583004,Nhlabezinde,Jozini,KwaZulu-Natal,550
503062,Nhlalwane,Umzumbe,KwaZulu-Natal,1555
575028,Nhlambamasoka A,Nqutu,KwaZulu-Natal,369
575047,Nhlambamasoka C,Nqutu,KwaZulu-Natal,332
576010,Nhlanhleni,Msinga,KwaZulu-Natal,4225
565007,Nhlathimbe,Impendle,KwaZulu-Natal,513
860010,Nhlazatje,Albert Luthuli,Mpumalanga,28224
503034,Nhlengesi,Umzumbe,KwaZulu-Natal,696
504045,Nhlokoyenkomo,UMuziwabantu,KwaZulu-Natal,1148
580087,Nhlophenkulu B,Nongoma,KwaZulu-Natal,1560
566029,Nhluthelo,The Msunduzi,KwaZulu-Natal,3710
569002,Niekerskraal,Indaka,KwaZulu-Natal,745
366004,Nieuwoudtville,Hantam,Northern Cape,2093
297139,Nikhwe (KwaNikhwe),Mbizana,Eastern Cape,406
287130,Ninakulu Mount,Senqu,Eastern Cape,83
174002,Nissenville,Kannaland,Western Cape,3385
270109,Njakazi,Mbhashe,Eastern Cape,153
580123,Njampela C,Nongoma,KwaZulu-Natal,299
271016,Njekeni,Mnquma,Eastern Cape,321
577038,Njengabantu,Umvoti,KwaZulu-Natal,1091
968095,Njhakanjhaka,Makhado,Limpopo,2890
271414,Njingini,Mnquma,Eastern Cape,1153
270338,Njiveni A,Mbhashe,Eastern Cape,796
581081,Njojo A,Ulundi,KwaZulu-Natal,619
588025,Njomelwano,Ntambanana,KwaZulu-Natal,2107
566051,Nkabini,The Msunduzi,KwaZulu-Natal,2528
360056,Nkajaneng,Joe Morolong,Northern Cape,172
283020,Nkalweni,Emalahleni,Eastern Cape,197
576034,Nkamba,Msinga,KwaZulu-Natal,1177
287116,Nkampini,Senqu,Eastern Cape,334
542010,Nkandla NU,Nkandla,KwaZulu-Natal,26
286114,Nkangala,Elundini,Eastern Cape,379
296046,Nkanji,Umzimvubu,Eastern Cape,781
297059,Nkantswini,Mbizana,Eastern Cape,811
598197,Nkapha,Umzimkhulu,KwaZulu-Natal,967
295090,Nkaus,Matatiele,Eastern Cape,1224
270039,Nkawukazi A,Mbhashe,Eastern Cape,298
295224,Nkawulweni B,Matatiele,Eastern Cape,493
271484,Nkente,Mnquma,Eastern Cape,375
538003,Nkhanangu,uMhlathuze,KwaZulu-Natal,2784
284130,Nkobole,Engcobo,Eastern Cape,172
598218,Nkofeni,Umzimkhulu,KwaZulu-Natal,169
538017,Nkojane,uMhlathuze,KwaZulu-Natal,1659
294302,Nkolotya,King Sabata Dalindyebo,Eastern Cape,269
270280,Nkolweni,Mbhashe,Eastern Cape,521
876003,Nkomazi NU North,Nkomazi,Mpumalanga,12427
542081,Nkomeziphansi,Nkandla,KwaZulu-Natal,428
599168,Nkomokazi,eThekwini,KwaZulu-Natal,596
284273,Nkondlo B,Engcobo,Eastern Cape,490
504007,Nkoneni,UMuziwabantu,KwaZulu-Natal,195
580105,Nkonjeni,Nongoma,KwaZulu-Natal,1489
276002,Nkonkobe NU,Nkonkobe,Eastern Cape,4846
271218,Nkonkwane,Mnquma,Eastern Cape,189
585011,Nkonyamaneni,Hlabisa,KwaZulu-Natal,7903
295098,Nkosana,Matatiele,Eastern Cape,1418
260019,Nkosiyane,Buffalo City,Eastern Cape,189
976067,Nkotokwane,Lepele-Nkumpi,Limpopo,689
290150,Nkozo,Ngquza Hill,Eastern Cape,2528
598105,Nkqozana,Umzimkhulu,KwaZulu-Natal,819
290037,Nkuluekweni,Ngquza Hill,Eastern Cape,2650
298108,Nkumba,Ntabankulu,Eastern Cape,387
284100,Nkungwini,Engcobo,Eastern Cape,802
592022,Nkunkwini,KwaDukuza,KwaZulu-Natal,1020
589110,Nkunzempunga,uMlalazi,KwaZulu-Natal,4445
290326,Nkunzimbini B,Ngquza Hill,Eastern Cape,130
560013,Nkwali,Vulamehlo,KwaZulu-Natal,3282
293275,Nkwancka,Mhlontlo,Eastern Cape,435
296190,Nkwazini,Umzimvubu,Eastern Cape,281
265006,Nkwenkwezi,Ndlambe,Eastern Cape,16112
260115,Nkxamnkwana,Buffalo City,Eastern Cape,431
284348,No_Andile,Engcobo,Eastern Cape,324
593049,Nobanga,Ndwedwe,KwaZulu-Natal,939
590008,Nobugalaza,Mthonjaneni,KwaZulu-Natal,805
270545,Nocwane,Mbhashe,Eastern Cape,205
271227,Nodumaphi,Mnquma,Eastern Cape,104
546077,Nofohla,Maphumulo,KwaZulu-Natal,199
293250,Nogaya,Mhlontlo,Eastern Cape,347
270198,Noihana East,Mbhashe,Eastern Cape,255
974114,Noko,Polokwane,Limpopo,368
589025,Nolila-Sonane,uMlalazi,KwaZulu-Natal,1978
503026,Nomageje,Umzumbe,KwaZulu-Natal,1153
503055,Nomakhanzana,Umzumbe,KwaZulu-Natal,2780
271530,Nombanjana,Mnquma,Eastern Cape,955
294325,Nomcama,King Sabata Dalindyebo,Eastern Cape,307
598192,Nomdaphu,Umzimkhulu,KwaZulu-Natal,1261
283187,Nomfutwane,Emalahleni,Eastern Cape,168
296019,Nomkholokotho,Umzimvubu,Eastern Cape,1182
287128,Nomlengane,Senqu,Eastern Cape,158
297046,Nompumalanga B,Mbizana,Eastern Cape,1064
286212,Nomyayi,Elundini,Eastern Cape,262
583057,Nondabuya,Jozini,KwaZulu-Natal,3724
575017,Nondweni A,Nqutu,KwaZulu-Natal,5585
283150,Nonesi,Emalahleni,Eastern Cape,125
598049,Nonginqa,Umzimkhulu,KwaZulu-Natal,1889
580002,Nongoma NU,Nongoma,KwaZulu-Natal,2132
297249,Nonja,Mbizana,Eastern Cape,1191
273070,Nonkululeko,Amahlathi,Eastern Cape,1056
282274,Nontengo,Intsika Yethu,Eastern Cape,506
969109,Nontz,Blouberg,Limpopo,1138
593028,Noodberg,Ndwedwe,KwaZulu-Natal,2361
968118,Nooitgedacht,Makhado,Limpopo,364
199051,Noordhoek,City of Cape Town,Western Cape,31980
672040,Norlim,Greater Taung,North West,2254
977004,Northam A,Thabazimbi,Limpopo,4259
961046,Northampton,Greater Letaba,Limpopo,341
960059,Northhampton,Greater Giyani,Limpopo,1231
566040,Noshezi,The Msunduzi,KwaZulu-Natal,777
293058,Nothanaza,Mhlontlo,Eastern Cape,446
292254,Nothintsila,Nyandeni,Eastern Cape,113
293246,Notsweleba,Mhlontlo,Eastern Cape,147
578022,Noukloof B,eDumbe,KwaZulu-Natal,198
365006,Nourivier,Kamiesberg,Northern Cape,460
292235,Noxova,Nyandeni,Eastern Cape,1436
589096,Nozandla,uMlalazi,KwaZulu-Natal,592
289003,Nozizwe,Gariep,Eastern Cape,1393
598053,Nqabelweni,Umzimkhulu,KwaZulu-Natal,587
270328,Nqakanga,Mbhashe,Eastern Cape,120
271096,Nqamakwe,Mnquma,Eastern Cape,1558
284369,Nqaphantsi,Engcobo,Eastern Cape,405
260079,Nqcamgeni,Buffalo City,Eastern Cape,496
294274,Nqencu,King Sabata Dalindyebo,Eastern Cape,596
270605,Nqeza,Mbhashe,Eastern Cape,184
270313,Nqgutu,Mbhashe,Eastern Cape,181
283204,Nqiningana,Emalahleni,Eastern Cape,828
576083,Nqoleni,Msinga,KwaZulu-Natal,1732
585034,Nqotweni,Hlabisa,KwaZulu-Natal,331
580065,Nqulu,Nongoma,KwaZulu-Natal,498
295070,Nquthu,Matatiele,Eastern Cape,711
297005,Nqutu A,Mbizana,Eastern Cape,1149
284296,Nqutwaneni,Engcobo,Eastern Cape,293
598056,Nqwaqa,Umzimkhulu,KwaZulu-Natal,848
297056,Nqwelombaso,Mbizana,Eastern Cape,605
506026,Nsangwini,Hibiscus Coast,KwaZulu-Natal,5175
584014,Nsimane,The Big 5 False Bay,KwaZulu-Natal,3474
297258,Nsimbini A,Mbizana,Eastern Cape,382
542075,Nsingabantu,Nkandla,KwaZulu-Natal,1351
575038,Nsubeni,Nqutu,KwaZulu-Natal,1057
581032,Nsukaze B,Ulundi,KwaZulu-Natal,973
542020,Nsuze,Nkandla,KwaZulu-Natal,818
575086,Ntababomvu A,Nqutu,KwaZulu-Natal,239
576090,Ntabakayishi,Msinga,KwaZulu-Natal,1571
588039,Ntabane,Ntambanana,KwaZulu-Natal,994
298005,Ntabankulu NU,Ntabankulu,Eastern Cape,447
583038,Ntabayengwe,Jozini,KwaZulu-Natal,807
503046,Ntabazu,Umzumbe,KwaZulu-Natal,205
281032,Ntabelanga,Lukanji,Eastern Cape,323
282198,Ntabeni A,Intsika Yethu,Eastern Cape,1085
293020,Ntaboduli,Mhlontlo,Eastern Cape,469
292167,Ntakwendlela,Nyandeni,Eastern Cape,489
588014,Ntambanana NU,Ntambanana,KwaZulu-Natal,1182
589032,Ntamoyenkunzi,uMlalazi,KwaZulu-Natal,693
294340,Ntandela,King Sabata Dalindyebo,Eastern Cape,207
575082,Ntanyandlovu C,Nqutu,KwaZulu-Natal,490
575059,Ntanyandlovu F,Nqutu,KwaZulu-Natal,1283
542035,Ntanyeni,Nkandla,KwaZulu-Natal,747
597039,Ntapha,Ubuhlebezwe,KwaZulu-Natal,2581
286112,Ntatyaneni Ephakathi,Elundini,Eastern Cape,186
542139,Ntembeni,Nkandla,KwaZulu-Natal,613
291106,Ntendokwana,Port St Johns,Eastern Cape,1405
292293,Ntengu,Nyandeni,Eastern Cape,253
292101,Ntenza,Nyandeni,Eastern Cape,479
865005,Nthorwane,Dipaleseng,Mpumalanga,6119
284153,Ntibane A,Engcobo,Eastern Cape,493
274106,Ntilini,Ngqushwa,Eastern Cape,172
270494,Ntlabane A,Mbhashe,Eastern Cape,469
282153,Ntlabatini,Intsika Yethu,Eastern Cape,423
282182,Ntlakwefolo,Intsika Yethu,Eastern Cape,325
284393,Ntlakwevenkile,Engcobo,Eastern Cape,396
598120,Ntlambamasoka,Umzimkhulu,KwaZulu-Natal,705
292145,Ntlambela,Nyandeni,Eastern Cape,579
296223,Ntlanganisweni,Umzimvubu,Eastern Cape,336
598167,Ntlangwini,Umzimkhulu,KwaZulu-Natal,815
296088,Ntlavini,Umzimvubu,Eastern Cape,1252
294328,Ntlebane,King Sabata Dalindyebo,Eastern Cape,402
290275,Ntlembeni,Ngquza Hill,Eastern Cape,204
966086,Ntlhaveni B,Thulamela,Limpopo,1854
274110,Ntloko,Ngqushwa,Eastern Cape,708
293035,Ntlotshe,Mhlontlo,Eastern Cape,304
295266,Ntola,Matatiele,Eastern Cape,244
542137,Ntolwane,Nkandla,KwaZulu-Natal,3280
276148,Ntonga,Nkonkobe,Eastern Cape,513
581071,Ntontiyane,Ulundi,KwaZulu-Natal,4187
270419,Ntotoviyane,Mbhashe,Eastern Cape,197
270370,Ntozane,Mbhashe,Eastern Cape,92
292209,Ntsaka,Nyandeni,Eastern Cape,499
960021,Ntsanwisi,Greater Giyani,Limpopo,61
294033,Ntshabeni,King Sabata Dalindyebo,Eastern Cape,1029
298042,Ntshamanzi,Ntabankulu,Eastern Cape,291
297085,Ntshamathe,Mbizana,Eastern Cape,441
298007,Ntshangwe,Ntabankulu,Eastern Cape,229
270383,Ntshatshongo,Mbhashe,Eastern Cape,1140
294141,Ntshele,King Sabata Dalindyebo,Eastern Cape,1010
270617,Ntshinga,Mbhashe,Eastern Cape,296
560021,Ntshingwana,Vulamehlo,KwaZulu-Natal,421
282338,Ntshintshi,Intsika Yethu,Eastern Cape,302
542079,Ntshiza,Nkandla,KwaZulu-Natal,434
293170,Ntshongweni,Mhlontlo,Eastern Cape,521
270563,Ntshundutshe,Mbhashe,Eastern Cape,421
293137,Ntsikwe,Mhlontlo,Eastern Cape,152
974059,Ntsima,Polokwane,Limpopo,95
270027,Ntsimba,Mbhashe,Eastern Cape,669
290308,Ntsimbini B,Ngquza Hill,Eastern Cape,287
297104,Ntsingizi B,Mbizana,Eastern Cape,717
296144,Ntsongweni,Umzimvubu,Eastern Cape,1790
291152,Ntsonyini,Port St Johns,Eastern Cape,61
284028,Ntsuba,Engcobo,Eastern Cape,394
293172,Ntsulwandayo,Mhlontlo,Eastern Cape,528
270578,Ntsunguzini,Mbhashe,Eastern Cape,492
360112,Ntswelengwe,Joe Morolong,Northern Cape,1598
287069,Ntubeni,Senqu,Eastern Cape,379
576030,Ntuli,Msinga,KwaZulu-Natal,1103
876035,Ntunda,Nkomazi,Mpumalanga,3425
546008,Ntunjambili,Maphumulo,KwaZulu-Natal,6357
587006,Ntuthunga,Mfolozi,KwaZulu-Natal,1605
599056,Ntuzuma,eThekwini,KwaZulu-Natal,125394
565025,Ntwasahlobo,Impendle,KwaZulu-Natal,536
271045,Ntwashu,Mnquma,Eastern Cape,604
580034,Ntweni,Nongoma,KwaZulu-Natal,779
284192,Ntywenka,Engcobo,Eastern Cape,246
567020,Nungwane,Mkhambathini,KwaZulu-Natal,2039
160005,Nuwerus,Matzikama,Western Cape,650
960013,Nwamatatane,Greater Giyani,Limpopo,872
962043,Nwamitwa,Greater Tzaneen,Limpopo,8672
576066,Nxamalala,Msinga,KwaZulu-Natal,3316
290065,Nxarhabe,Ngquza Hill,Eastern Cape,1448
271546,Nxaxo Mouth,Mnquma,Eastern Cape,47
283007,Nxomfu,Emalahleni,Eastern Cape,104
292040,Nxotsheni,Nyandeni,Eastern Cape,1453
277001,Nxuba NU,Nxuba,Eastern Cape,3302
270637,Nxutyana,Mbhashe,Eastern Cape,131
291212,Nyakani,Port St Johns,Eastern Cape,111
546037,Nyamazane,Maphumulo,KwaZulu-Natal,2271
294449,Nyandeni A,King Sabata Dalindyebo,Eastern Cape,356
506023,Nyandezulu,Hibiscus Coast,KwaZulu-Natal,5361
274098,Nyanisos,Ngqushwa,Eastern Cape,331
962093,Nyanyokane,Greater Tzaneen,Limpopo,1762
290079,Nyathi,Ngquza Hill,Eastern Cape,535
503005,Nyavini,Umzumbe,KwaZulu-Natal,1531
542108,Nyawoshane,Nkandla,KwaZulu-Natal,328
296236,Nyegqihi,Umzimvubu,Eastern Cape,920
290229,Nyembezini,Ngquza Hill,Eastern Cape,167
296031,Nyesini,Umzimvubu,Eastern Cape,733
294201,Nyibibeni,King Sabata Dalindyebo,Eastern Cape,925
271298,Nyili,Mnquma,Eastern Cape,240
273029,Nyingwashe,Amahlathi,Eastern Cape,370
291208,Nykeni,Port St Johns,Eastern Cape,426
297270,Nyokweni A,Mbizana,Eastern Cape,378
874012,Nyongane,Mbombela,Mpumalanga,5437
591015,Nyoni,Mandeni,KwaZulu-Natal,1005
296015,Nyosini Gubhuzi,Umzimvubu,Eastern Cape,471
271537,Nyumaga,Mnquma,Eastern Cape,390
270058,Nywara,Mbhashe,Eastern Cape,542
580183,Nzamangamandla,Nongoma,KwaZulu-Natal,607
506064,Nzimakwe,Hibiscus Coast,KwaZulu-Natal,1326
291039,Nzondeni,Port St Johns,Eastern Cape,528
566049,Nzondweni,The Msunduzi,KwaZulu-Natal,1924
546043,Nzuza,Maphumulo,KwaZulu-Natal,291
877118,Oakley,Bushbuckridge,Mpumalanga,1648
589093,Obanjeni,uMlalazi,KwaZulu-Natal,1142
546009,Obihlweni,Maphumulo,KwaZulu-Natal,578
588020,Obuka B,Ntambanana,KwaZulu-Natal,1111
546034,Ocheni,Maphumulo,KwaZulu-Natal,968
560028,Odidini,Vulamehlo,KwaZulu-Natal,1195
593052,Ofantwini,Ndwedwe,KwaZulu-Natal,528
575070,Ogazini,Nqutu,KwaZulu-Natal,1106
868019,Ogies,Emalahleni,Mpumalanga,1230
575042,Ohaleni,Nqutu,KwaZulu-Natal,1775
593004,Ohlange,Ndwedwe,KwaZulu-Natal,2562
542110,Ohutshini,Nkandla,KwaZulu-Natal,281
594044,Okhetheni,Ingwe,KwaZulu-Natal,549
581091,Okhukho B,Ulundi,KwaZulu-Natal,1914
582095,Olakeni,Umhlabuyalingana,KwaZulu-Natal,1656
470004,Old Location,Dihlabeng,Free State,8750
362005,Olifantshoek,Gamagara,Northern Cape,10233
660013,Olverton,Moretele,North West,1814
167019,Onder Papegaaiberg,Stellenbosch,Western Cape,1504
172013,Onrus River,Overstrand,Western Cape,5151
662065,Oorzaak,Rustenburg,North West,846
674052,Ophir,Kagisano/Molopo,North West,50
567011,Ophokweni B,Mkhambathini,KwaZulu-Natal,956
460006,Oppermans,Letsemeng,Free State,871
571061,Oqhumo,Okhahlamba,KwaZulu-Natal,755
798034,Orange Farm,City of Johannesburg,Gauteng,76767
478018,Oranjeville,Metsimaholo,Free State,5166
877080,Orinoco A,Bushbuckridge,Mpumalanga,5884
677012,Orkney,City of Matlosana,North West,13435
503031,Oshamba,Umzumbe,KwaZulu-Natal,801
580152,Osingisingini,Nongoma,KwaZulu-Natal,1330
580148,Osuthu,Nongoma,KwaZulu-Natal,452
576042,Othame,Msinga,KwaZulu-Natal,2760
581072,Othini,Ulundi,KwaZulu-Natal,1394
276005,Otterburn,Nkonkobe,Eastern Cape,485
591016,Otungulu,Mandeni,KwaZulu-Natal,7
661035,Oukasie,Madibeng,North West,27907
276085,Outubeni,Nkonkobe,Eastern Cape,79
538006,Ovondlo,uMhlathuze,KwaZulu-Natal,4109
546045,Oyengweni,Maphumulo,KwaZulu-Natal,775
863006,Paardekop,Pixley Ka Seme,Mpumalanga,5081
166008,Paarl,Drakenstein,Western Cape,112045
669013,Pachsdraai,Ramotshere Moiloa,North West,889
596005,Pakkies,Greater Kokstad,KwaZulu-Natal,1157
599197,Palmcliffe,eThekwini,KwaZulu-Natal,264
295011,Pamlaville,Matatiele,Eastern Cape,2200
599083,Panekeni,eThekwini,KwaZulu-Natal,2567
296199,Papanana,Umzimvubu,Eastern Cape,82
660051,Papatso,Moretele,North West,699
499019,Paradys,Mangaung,Free State,417
477001,Parys,Ngwathe,Free State,8071
985157,Patantshwane,Makhuduthamaga,Limpopo,2496
163003,Paternoster,Saldanha Bay,Western Cape,1971
575055,Patsoana A,Nqutu,KwaZulu-Natal,859
470007,Paul Roux,Dihlabeng,Free State,437
969027,Pax Intrantibus,Blouberg,Limpopo,1733
514011,PeaceTown,Emnambithi/Ladysmith,KwaZulu-Natal,5468
262001,Pearston,Blue Crane Route,Eastern Cape,3435
276029,Pefferkop,Nkonkobe,Eastern Cape,344
287129,Pelandaba,Senqu,Eastern Cape,1635
297232,Pele-pele A,Mbizana,Eastern Cape,1513
199003,Pella,City of Cape Town,Western Cape,1681
966190,Peninghotsa,Thulamela,Limpopo,803
974126,Percy Fyfe,Polokwane,Limpopo,0
360006,Perth,Joe Morolong,Northern Cape,832
282104,Pesikeni,Intsika Yethu,Eastern Cape,205
471001,Petrus Steyn,Nketoana,Free State,596
471005,Petsana,Nketoana,Free State,16821
276160,Pewuleni,Nkonkobe,Eastern Cape,619
980005,Phagameng,Modimolle,Limpopo,29803
674042,Phaheng,Kagisano/Molopo,North West,206
986100,Phahlamanoge,Fetakgomo,Limpopo,323
872036,Phake,Dr JS Moroka,Mpumalanga,8394
963007,Phalaborwa,Ba-Phalaborwa,Limpopo,13108
664079,Phalane,Moses Kotane,North West,7583
472018,Phamong,Maluti a Phofung,Free State,8010
580049,Phaphasi,Nongoma,KwaZulu-Natal,1418
589104,Phaphu,uMlalazi,KwaZulu-Natal,1147
966037,Phaswana,Thulamela,Limpopo,1513
270508,Phatilizwe,Mbhashe,Eastern Cape,454
966097,Phaweni,Thulamela,Limpopo,1734
298026,Phendlamoya,Ntabankulu,Eastern Cape,121
296029,Phepheni A,Umzimvubu,Eastern Cape,431
270135,Phephezela,Mbhashe,Eastern Cape,212
282033,Phesheya Nququ,Intsika Yethu,Eastern Cape,364
970069,Phetole,Aganang,Limpopo,1685
270256,Phezulu,Mbhashe,Eastern Cape,558
377007,Philandersbron,Mier,Northern Cape,1081
526015,Phillip,Dannhauser,KwaZulu-Natal,610
966128,Phiphidi,Thulamela,Limpopo,9795
286050,Phirintsu,Elundini,Eastern Cape,645
876014,Phiva,Nkomazi,Mpumalanga,4832
662025,Phokeng,Rustenburg,North West,34597
667030,Phola,Mafikeng,North West,3086
598135,Pholanyoni,Umzimkhulu,KwaZulu-Natal,362
586021,Phondweni,Mtubatuba,KwaZulu-Natal,3439
961024,Phongololo,Greater Letaba,Limpopo,2625
860034,Phophonyane,Albert Luthuli,Mpumalanga,444
260174,Phozi,Buffalo City,Eastern Cape,741
966173,Phugwane,Thulamela,Limpopo,1100
984062,Phukukane,Elias Motsoaledi,Limpopo,4154
983056,Phuleng,Ephraim Mogale,Limpopo,294
473003,Phumelela NU,Phumelela,Free State,11964
504055,Phumuza,UMuziwabantu,KwaZulu-Natal,301
598084,Phungula,Umzimkhulu,KwaZulu-Natal,392
472008,Phuthaditjhaba,Maluti a Phofung,Free State,54661
295097,Phuthing B,Matatiele,Eastern Cape,0
969064,Pickum,Blouberg,Limpopo,177
674026,Piet Plessis,Kagisano/Molopo,North West,1655
361004,Piet se Bos,Ga-Segonyana,Northern Cape,297
162009,Piketberg,Bergrivier,Western Cape,12075
274082,Pikoli,Ngqushwa,Eastern Cape,301
165010,Pine Valley,Witzenberg,Western Cape,4340
985050,Pitsaneng,Makhuduthamaga,Limpopo,136
672036,Pitsong,Greater Taung,North West,1319
597046,Plainhill,Ubuhlebezwe,KwaZulu-Natal,884
383004,Platfontein,Sol Plaatjie,Northern Cape,5185
384015,Pniel Estate,Dikgatlong,Northern Cape,695
368005,Pofadder,Khâi-Ma,Northern Cape,3287
982003,Polen,Mogalakwena,Limpopo,737
290166,Poliya,Ngquza Hill,Eastern Cape,44
974044,Polokwane,Polokwane,Limpopo,130028
576009,Pomeroy,Msinga,KwaZulu-Natal,1621
579026,Pongola B,UPhongolo,KwaZulu-Natal,634
526030,Poona,Dannhauser,KwaZulu-Natal,599
295220,Popopo,Matatiele,Eastern Cape,305
538033,Port Dunford,uMhlathuze,KwaZulu-Natal,2504
363011,Port Nolloth,Richtersveld,Northern Cape,6092
291002,Port St Johns NU,Port St Johns,Eastern Cape,1100
968017,Posaito,Makhado,Limpopo,135
499034,Post,Mangaung,Free State,19
295006,Pote,Matatiele,Eastern Cape,61
295064,Potlo,Matatiele,Eastern Cape,57
499025,Potsane,Mangaung,Free State,349
260089,Potsdam Village,Buffalo City,Eastern Cape,5649
987093,Prakteseer,Greater Tubatse,Limpopo,22264
375005,Prieska,Siyathemba,Northern Cape,14246
182003,Prince Albert NU,Prince Albert,Western Cape,2771
172010,Pringle Bay,Overstrand,Western Cape,801
963001,Priska-Majeje,Ba-Phalaborwa,Limpopo,626
295118,Protea,Matatiele,Eastern Cape,716
672013,Pudimoe,Greater Taung,North West,3078
869007,Pullens Hope,Steve Tshwete,Mpumalanga,3439
295068,Punguleweni,Matatiele,Eastern Cape,844
664041,Pylkop,Moses Kotane,North West,1115
297288,Qadu,Mbizana,Eastern Cape,90
295182,Qalabeni,Matatiele,Eastern Cape,498
282180,Qamata,Intsika Yethu,Eastern Cape,114
276180,Qamdobowa,Nkonkobe,Eastern Cape,594
274061,Qamnyana,Ngqushwa,Eastern Cape,119
297137,Qandeshe,Mbizana,Eastern Cape,902
285041,Qaqane,Sakhisizwe,Eastern Cape,540
270330,Qatywa,Mbhashe,Eastern Cape,414
271525,Qayiso,Mnquma,Eastern Cape,466
293254,Qebeyi,Mhlontlo,Eastern Cape,815
284418,Qengqeleka,Engcobo,Eastern Cape,575
293291,Qguthubeni,Mhlontlo,Eastern Cape,268
292018,Qhanqeni,Nyandeni,Eastern Cape,82
294173,Qhinqolo,King Sabata Dalindyebo,Eastern Cape,439
283023,Qhoboshane,Emalahleni,Eastern Cape,236
599024,Qhodela,eThekwini,KwaZulu-Natal,2127
472011,Qholaqhwe,Maluti a Phofung,Free State,4615
575138,Qhudeni,Nqutu,KwaZulu-Natal,1277
463004,Qibing,Naledi,Free State,8272
276173,Qibira C,Nkonkobe,Eastern Cape,5
271452,Qina,Mnquma,Eastern Cape,281
282206,Qineni,Intsika Yethu,Eastern Cape,273
505002,Qinisela Manyuswa,Ezingoleni,KwaZulu-Natal,200
294282,Qiya,King Sabata Dalindyebo,Eastern Cape,447
290012,Qojana,Ngquza Hill,Eastern Cape,465
270101,Qokolweni,Mbhashe,Eastern Cape,353
293324,Qolombana,Mhlontlo,Eastern Cape,920
271561,Qolora Mouth,Mnquma,Eastern Cape,137
271379,Qolweni B,Mnquma,Eastern Cape,343
588027,Qomintaba,Ntambanana,KwaZulu-Natal,1061
582096,Qondwane,Umhlabuyalingana,KwaZulu-Natal,2646
260119,Qongqotha,Buffalo City,Eastern Cape,25
472048,Qoqolosing,Maluti a Phofung,Free State,1406
293014,Qothirha,Mhlontlo,Eastern Cape,351
298119,Qoyiya,Ntabankulu,Eastern Cape,604
293277,Qudu,Mhlontlo,Eastern Cape,665
281017,Queenstown,Lukanji,Eastern Cape,43971
287014,Quimera,Senqu,Eastern Cape,983
594043,Qulashe,Ingwe,KwaZulu-Natal,2933
282056,Qumanco A,Intsika Yethu,Eastern Cape,391
293131,Qumbu,Mhlontlo,Eastern Cape,4928
296210,Qumra,Umzimvubu,Eastern Cape,711
581034,Qunyaneni,Ulundi,KwaZulu-Natal,1064
282294,Qutsa A,Intsika Yethu,Eastern Cape,820
273102,Quza,Amahlathi,Eastern Cape,167
271117,Qwanguleni,Mnquma,Eastern Cape,61
589061,Qwayinduku,uMlalazi,KwaZulu-Natal,2197
296133,Qwidlana,Umzimvubu,Eastern Cape,1587
285074,Qwilini,Sakhisizwe,Eastern Cape,234
273126,Rabe,Amahlathi,Eastern Cape,979
660054,Rabosula,Moretele,North West,523
270102,Rafini,Mbhashe,Eastern Cape,616
961011,Rakgara,Greater Letaba,Limpopo,416
260180,Rala,Buffalo City,Eastern Cape,258
665021,Ramabesa,Ratlou,North West,1979
970052,Ramalapa,Aganang,Limpopo,881
660048,Ramaphosa,Moretele,North West,3039
973028,Ramatjowe,Molemole,Limpopo,2403
664049,Ramoga,Moses Kotane,North West,801
661026,Ramogaodi,Madibeng,North West,163
872016,Ramokgeletsane,Dr JS Moroka,Mpumalanga,2921
664058,Ramokokastad,Moses Kotane,North West,5141
664016,Ramosibitswana,Moses Kotane,North West,142
669004,Ramotshere Moiloa NU,Ramotshere Moiloa,North West,17469
798016,Randburg,City of Johannesburg,Gauteng,337053
514005,Randjieslaagte,Emnambithi/Ladysmith,KwaZulu-Natal,958
661033,Rankotia,Madibeng,North West,482
961005,Raphahlelo,Greater Letaba,Limpopo,217
271353,Rarayo,Mnquma,Eastern Cape,185
284162,Rasmeni,Engcobo,Eastern Cape,205
460001,Ratanang,Letsemeng,Free State,4231
667052,Ratau,Mafikeng,North West,668
961055,Ratjeke,Greater Letaba,Limpopo,429
664068,Ratsegae,Moses Kotane,North West,934
168008,Rawsonville,Breede Valley,Western Cape,3099
799050,Rayton,City of Tshwane,Gauteng,8166
276121,Red Hill,Nkonkobe,Eastern Cape,362
162001,Redelinghuys,Bergrivier,Western Cape,574
176008,Reebok,Mossel Bay,Western Cape,1112
799048,Refilwe,City of Tshwane,Gauteng,19757
877081,Relani,Bushbuckridge,Mpumalanga,1989
373004,Renosterberg NU,Renosterberg,Northern Cape,2625
570009,Rensburgsdrift,Umtshezi,KwaZulu-Natal,3164
662047,Retief,Rustenburg,North West,1288
180003,Rheenendal,Knysna,Western Cape,3936
264003,Rhini,Makana,Eastern Cape,17047
286135,Rhodesia,Elundini,Eastern Cape,311
962096,Rhulane,Greater Tzaneen,Limpopo,3080
294189,Rhuyrwala,King Sabata Dalindyebo,Eastern Cape,1736
987104,Riba Cross,Greater Tubatse,Limpopo,8000
369003,Richmond,Ubuntu,Northern Cape,3793
363003,Richtersveld,Richtersveld,Northern Cape,6
264001,Riebeeck East,Makana,Eastern Cape,753
164006,Riebeek West Mine,Swartland,Western Cape,255
598194,Riesdale,Umzimkhulu,KwaZulu-Natal,845
274108,Rietfontein,Ngqushwa,Eastern Cape,944
160003,Rietpoort,Matzikama,Western Cape,970
295093,Rifantsu,Matatiele,Eastern Cape,168
962075,Rita,Greater Tzaneen,Limpopo,4635
986075,Rite,Fetakgomo,Limpopo,891
175001,Riversdale,Hessequa,Western Cape,16176
877075,Rivoni,Bushbuckridge,Mpumalanga,1424
662008,Robega,Rustenburg,North West,12245
860042,Robinsdale,Albert Luthuli,Mpumalanga,1165
297205,Rockville,Mbizana,Eastern Cape,919
598147,Rockymount,Umzimkhulu,KwaZulu-Natal,587
979003,Roedtan,Mookgopong,Limpopo,98
373002,Rolfontein,Renosterberg,Northern Cape,0
598162,Rondedraai,Umzimkhulu,KwaZulu-Natal,351
798022,Roodepoort,City of Johannesburg,Gauteng,326416
877030,Rooiboklaagte A,Bushbuckridge,Mpumalanga,1723
172006,Rooiels,Overstrand,Western Cape,125
571008,Rooihoek,Okhahlamba,KwaZulu-Natal,598
378005,Rooirant,Kai !Garib,Northern Cape,115
183002,Rooivlakte,Beaufort West,Western Cape,4902
514024,Roosboom,Emnambithi/Ladysmith,KwaZulu-Natal,12637
260135,Rosendal,Buffalo City,Eastern Cape,344
564009,Rosetta,Mpofana,KwaZulu-Natal,557
986003,Rostok,Fetakgomo,Limpopo,1056
360113,Rowel,Joe Morolong,Northern Cape,58
664062,Ruighoek,Moses Kotane,North West,152
573041,Ruins,Imbabazane,KwaZulu-Natal,354
678001,Rulaganyang,Maquassi Hills,North West,1511
294250,Rune,King Sabata Dalindyebo,Eastern Cape,175
274072,Rura,Ngqushwa,Eastern Cape,308
674061,Rusten,Kagisano/Molopo,North West,203
499032,Rustfontein,Mangaung,Free State,11
271119,Rwantsana A,Mnquma,Eastern Cape,340
276073,Rwarwa,Nkonkobe,Eastern Cape,777
589130,Sabeka,uMlalazi,KwaZulu-Natal,1665
877092,Sabi-Sand Game Reserve,Bushbuckridge,Mpumalanga,1242
799041,Sable Hills Waterfront Estate,City of Tshwane,Gauteng,462
529037,Saint Paul,Abaqulusi,KwaZulu-Natal,1415
864007,Sakhile,Lekwa,Mpumalanga,40418
276127,Saki,Nkonkobe,Eastern Cape,601
966218,Salani,Thulamela,Limpopo,2329
163002,Saldanha Bay NU,Saldanha Bay,Western Cape,2962
666011,Saleng,Tswaing,North West,1262
542087,Salofu,Nkandla,KwaZulu-Natal,232
874011,Salubindza,Mbombela,Mpumalanga,4698
966008,Sambandou,Thulamela,Limpopo,826
271459,Samka,Mnquma,Eastern Cape,262
965026,Sanari,Mutale,Limpopo,976
477010,Sandersville,Ngwathe,Free State,2694
260161,Sandile,Buffalo City,Eastern Cape,855
798013,Sandton,City of Johannesburg,Gauteng,222415
597019,Sangcwaba,Ubuhlebezwe,KwaZulu-Natal,1511
581101,Sangoyane B,Ulundi,KwaZulu-Natal,800
577028,Sangweni,Umvoti,KwaZulu-Natal,1822
599119,Sankontshe,eThekwini,KwaZulu-Natal,6634
987099,Santeng,Greater Tubatse,Limpopo,1118
295022,Santombe,Matatiele,Eastern Cape,332
298022,Saphukanduku,Ntabankulu,Eastern Cape,1446
298009,Sarhonqa,Ntabankulu,Eastern Cape,488
665011,Sasane,Ratlou,North West,130
598205,Satana,Umzimkhulu,KwaZulu-Natal,214
862005,Saul Mkhizeville,Mkhondo,Mpumalanga,25039
281058,Sautana,Lukanji,Eastern Cape,79
271015,Sawutana A,Mnquma,Eastern Cape,235
281069,Sawutiya,Lukanji,Eastern Cape,136
293107,Sbomvaneni,Mhlontlo,Eastern Cape,131
973008,Schellenburg,Molemole,Limpopo,352
477003,Schonkenville,Ngwathe,Free State,2423
973019,Schoonveld,Molemole,Limpopo,577
578031,Schuzwekrans,eDumbe,KwaZulu-Natal,258
578037,Scottshill,eDumbe,KwaZulu-Natal,555
542040,Sdashi,Nkandla,KwaZulu-Natal,490
260175,Sea Vale,Buffalo City,Eastern Cape,291
986045,Sealane,Fetakgomo,Limpopo,493
974028,Sebayeng,Polokwane,Limpopo,13826
765014,Seberuberung,Westonaria,Gauteng,1719
472030,Sebokeng,Maluti a Phofung,Free State,2074
667063,Sebowana,Mafikeng,North West,700
962074,Sedan,Greater Tzaneen,Limpopo,1702
499009,Sediba B,Mangaung,Free State,216
986096,Sefateng A,Fetakgomo,Limpopo,69
978001,Sefetlhogo,Lephalale,Limpopo,2697
286007,Seghobong,Elundini,Eastern Cape,506
661039,Segwaelane,Madibeng,North West,7204
974095,Segwasi,Polokwane,Limpopo,3418
984035,Sehlakwane,Elias Motsoaledi,Limpopo,10507
973024,Sekakene,Molemole,Limpopo,3745
598151,Sekelani,Umzimkhulu,KwaZulu-Natal,513
961091,Sekgopo,Greater Letaba,Limpopo,5
974134,Sekgweng,Polokwane,Limpopo,1067
969060,Sekhung,Blouberg,Limpopo,1240
976057,Sekimming,Lepele-Nkumpi,Limpopo,453
877133,Sekrepeng,Bushbuckridge,Mpumalanga,2024
283100,Sekuyasa,Emalahleni,Eastern Cape,111
986031,Selape,Fetakgomo,Limpopo,1182
291017,Selekhulu,Port St Johns,Eastern Cape,471
969089,Selowe,Blouberg,Limpopo,53
665007,Semashu,Ratlou,North West,193
295199,Semonkong,Matatiele,Eastern Cape,1202
974074,Sencherere,Polokwane,Limpopo,93
469003,Senekal,Setsoto,Free State,3466
982040,Senita,Mogalakwena,Limpopo,792
872012,Senotlelo,Dr JS Moroka,Mpumalanga,6773
987114,Senthle,Greater Tubatse,Limpopo,69
986016,Sentlhane,Fetakgomo,Limpopo,359
599010,Senzokuhle,eThekwini,KwaZulu-Natal,7141
664055,Seolong,Moses Kotane,North West,393
982085,Sepharane,Mogalakwena,Limpopo,804
286004,Seqhobong,Elundini,Eastern Cape,735
985096,Serageng,Makhuduthamaga,Limpopo,1622
465005,Seretse,Tokologo,Free State,4651
970089,Seroba,Aganang,Limpopo,1719
282109,Seru,Intsika Yethu,Eastern Cape,281
546015,Sese,Maphumulo,KwaZulu-Natal,358
664029,Sesobe,Moses Kotane,North West,807
286059,Setabataba,Elundini,Eastern Cape,993
472022,Setaseng,Maluti a Phofung,Free State,235
286009,Sethathi,Elundini,Eastern Cape,512
472058,Setlabotjha,Maluti a Phofung,Free State,534
877044,Setlhake,Bushbuckridge,Mpumalanga,741
667041,Setlopo,Mafikeng,North West,10970
469002,Setsoto NU,Setsoto,Free State,12519
970058,Setumong,Aganang,Limpopo,2551
575084,Seven,Nqutu,KwaZulu-Natal,2337
877055,Seville B,Bushbuckridge,Mpumalanga,1149
271502,Seyisi,Mnquma,Eastern Cape,332
296034,Sfolweni,Umzimvubu,Eastern Cape,364
965055,Shakadza,Mutale,Limpopo,1719
661014,Shakung,Madibeng,North West,1158
961043,Shamfana,Greater Letaba,Limpopo,976
966103,Shanzha,Thulamela,Limpopo,631
877078,Shata,Bushbuckridge,Mpumalanga,3073
529033,Shayandawo,Abaqulusi,KwaZulu-Natal,289
575142,Shayanyawo B,Nqutu,KwaZulu-Natal,1758
668006,Sheila,Ditsobotla,North West,1678
295060,Shenxe,Matatiele,Eastern Cape,192
965123,Sheshe,Mutale,Limpopo,852
962059,Shihungu,Greater Tzaneen,Limpopo,602
964008,Shikwane,Maruleng,Limpopo,2492
962091,Shiluvane,Greater Tzaneen,Limpopo,2049
968096,Shirley,Makhado,Limpopo,1480
565018,Shiyabantu,Impendle,KwaZulu-Natal,380
542096,Shobalenyathi,Nkandla,KwaZulu-Natal,1052
270272,Sholora,Mbhashe,Eastern Cape,491
270528,Shoshwana,Mbhashe,Eastern Cape,291
593032,Shudu,Ndwedwe,KwaZulu-Natal,7807
270414,Shukuma,Mbhashe,Eastern Cape,451
274017,Shushu,Ngqushwa,Eastern Cape,112
966138,Siambe,Thulamela,Limpopo,2565
292114,Sibangweni,Nyandeni,Eastern Cape,6260
589102,Sibhamu,uMlalazi,KwaZulu-Natal,1206
542095,Sibhudeni,Nkandla,KwaZulu-Natal,571
580178,Sibomvu,Nongoma,KwaZulu-Natal,222
583086,Sibonokuhle,Jozini,KwaZulu-Natal,2885
290099,Sicambeni,Ngquza Hill,Eastern Cape,623
292335,Sidabadabeni,Nyandeni,Eastern Cape,747
283075,Sidakeni,Emalahleni,Eastern Cape,242
292255,Sidanda,Nyandeni,Eastern Cape,431
270217,Sidelwani,Mbhashe,Eastern Cape,289
284042,Sidindi,Engcobo,Eastern Cape,434
506007,Sidobe,Hibiscus Coast,KwaZulu-Natal,1896
294041,Sidwada,King Sabata Dalindyebo,Eastern Cape,1481
282016,Sidwadweni Village,Intsika Yethu,Eastern Cape,134
271457,Sigangala,Mnquma,Eastern Cape,693
284284,Sigangeni B,Engcobo,Eastern Cape,91
593006,Sigedleni,Ndwedwe,KwaZulu-Natal,1179
296154,Sigidini A,Umzimvubu,Eastern Cape,446
284250,Sigingqini,Engcobo,Eastern Cape,200
285023,Siginqgini,Sakhisizwe,Eastern Cape,262
286089,Sigodini,Elundini,Eastern Cape,452
965003,Sigonde,Mutale,Limpopo,475
293053,Sigubudweni,Mhlontlo,Eastern Cape,444
294183,Sigwalini A,King Sabata Dalindyebo,Eastern Cape,766
582034,Sihangwane,Umhlabuyalingana,KwaZulu-Natal,417
294314,Sihlabeni A,King Sabata Dalindyebo,Eastern Cape,364
583047,Sihlangwini,Jozini,KwaZulu-Natal,292
582036,Sihlenga,Umhlabuyalingana,KwaZulu-Natal,1112
298052,Sihlonyaneni,Ntabankulu,Eastern Cape,640
286159,Sihomhom,Elundini,Eastern Cape,640
588054,Sihuzu,Ntambanana,KwaZulu-Natal,1138
291072,Sijungqwini,Port St Johns,Eastern Cape,144
293115,Sikansini,Mhlontlo,Eastern Cape,325
594058,Sikeshini,Ingwe,KwaZulu-Natal,631
296178,Sikhemane,Umzimvubu,Eastern Cape,407
295036,Sikhewini,Matatiele,Eastern Cape,231
591009,Sikhonyane,Mandeni,KwaZulu-Natal,131
296179,Sikhumbeni,Umzimvubu,Eastern Cape,206
290089,Sikitini,Ngquza Hill,Eastern Cape,542
296234,Sikolweni,Umzimvubu,Eastern Cape,225
589113,Silambo,uMlalazi,KwaZulu-Natal,2555
293205,Silevini,Mhlontlo,Eastern Cape,605
542118,Silokomane,Nkandla,KwaZulu-Natal,827
575121,Silutshana B,Nqutu,KwaZulu-Natal,1386
579032,Silwerhout,UPhongolo,KwaZulu-Natal,1104
296057,Simela,Umzimvubu,Eastern Cape,157
873008,Simile,Thaba Chweu,Mpumalanga,6932
199053,Simon's Town,City of Cape Town,Western Cape,6569
276081,Sinakanaka,Nkonkobe,Eastern Cape,995
966070,Sindande,Thulamela,Limpopo,70
593057,Sinembe,Ndwedwe,KwaZulu-Natal,1012
270496,Singeni A,Mbhashe,Eastern Cape,138
284019,Singqumeni A,Engcobo,Eastern Cape,216
580121,Sinkonkonko,Nongoma,KwaZulu-Natal,895
297337,Sinqogo,Mbizana,Eastern Cape,167
271433,Sintsana,Mnquma,Eastern Cape,486
576085,Sinyama,Msinga,KwaZulu-Natal,1875
290036,Sipaqeni,Ngquza Hill,Eastern Cape,2816
271079,Siphaleni,Mnquma,Eastern Cape,352
874040,Siphelanyane,Mbombela,Mpumalanga,942
581078,Siphethu A,Ulundi,KwaZulu-Natal,571
290082,Siphezini A,Ngquza Hill,Eastern Cape,1338
276038,Siphingweni,Nkonkobe,Eastern Cape,85
291194,Siphunzana,Port St Johns,Eastern Cape,170
296176,Sipundu,Umzimvubu,Eastern Cape,1296
589066,Siqandaqanda,uMlalazi,KwaZulu-Natal,963
282089,Siqikini,Intsika Yethu,Eastern Cape,229
582040,Siqobeleni,Umhlabuyalingana,KwaZulu-Natal,299
290189,Siretshe,Ngquza Hill,Eastern Cape,343
598031,Siriya,Umzimkhulu,KwaZulu-Natal,228
362004,Sishen,Gamagara,Northern Cape,11034
281076,Sisilane,Lukanji,Eastern Cape,293
270307,Siszini,Mbhashe,Eastern Cape,1085
585020,Sitezi,Hlabisa,KwaZulu-Natal,1677
297078,Sithukuthezi,Mbizana,Eastern Cape,794
270139,Sitishini,Mbhashe,Eastern Cape,430
284030,Sitoleni,Engcobo,Eastern Cape,103
290257,Sitshayelo,Ngquza Hill,Eastern Cape,296
571068,Situlwane,Okhahlamba,KwaZulu-Natal,2620
270409,Sitywathi,Mbhashe,Eastern Cape,423
293021,Sivianeni,Mhlontlo,Eastern Cape,74
580020,Siwela,Nongoma,KwaZulu-Natal,2664
667005,Six Hundred,Mafikeng,North West,3858
290105,Sixontweni,Ngquza Hill,Eastern Cape,707
282317,Sixotyeni B,Intsika Yethu,Eastern Cape,138
872026,Siyabuswa,Dr JS Moroka,Mpumalanga,36882
599110,Siyanda,eThekwini,KwaZulu-Natal,13393
375002,Siyathemba NU South,Siyathemba,Northern Cape,1325
298047,Siyaya,Ntabankulu,Eastern Cape,439
270147,Sizindeni,Mbhashe,Eastern Cape,128
163015,Skaapeliland,Saldanha Bay,Western Cape,0
669016,Skilpadhek,Ramotshere Moiloa,North West,188
526046,Skombaren,Dannhauser,KwaZulu-Natal,3665
271334,Skovane,Mnquma,Eastern Cape,254
293023,Skwayini,Mhlontlo,Eastern Cape,750
175004,Slangrivier,Hessequa,Western Cape,3011
472013,Slovo Park,Maluti a Phofung,Free State,2978
295264,Small Location,Matatiele,Eastern Cape,378
462001,Smithfield,Mohokare,Free State,1195
542015,Smukumuku,Nkandla,KwaZulu-Natal,789
472059,Sobea,Maluti a Phofung,Free State,405
982018,Sodoma,Mogalakwena,Limpopo,1052
499001,Soetdoring Nature Reserve,Mangaung,Free State,91
589118,Sogedle,uMlalazi,KwaZulu-Natal,259
295270,Sokwane,Matatiele,Eastern Cape,76
270539,Solani,Mbhashe,Eastern Cape,537
597034,Somelulwazi,Ubuhlebezwe,KwaZulu-Natal,758
586015,Somkele,Mtubatuba,KwaZulu-Natal,5791
270006,Sompunzi,Mbhashe,Eastern Cape,506
295271,Songonyane,Matatiele,Eastern Cape,103
762009,Sonstraal,Lesedi,Gauteng,96
272009,Soto,Great Kei,Eastern Cape,2410
766017,Southdene,Merafong City,Gauteng,2229
573016,Southworld,Imbabazane,KwaZulu-Natal,190
580007,Sovane,Nongoma,KwaZulu-Natal,713
798026,Soweto,City of Johannesburg,Gauteng,1271628
542078,Spinnes,Nkandla,KwaZulu-Natal,535
983051,Spitspunt,Ephraim Mogale,Limpopo,2791
283004,Spongweni,Emalahleni,Eastern Cape,188
364012,Springbok,Nama Khoi,Northern Cape,12790
176021,Springerbaai,Mossel Bay,Western Cape,1
526056,Springlake,Dannhauser,KwaZulu-Natal,75
295135,Sprinkaan,Matatiele,Eastern Cape,300
598099,St Barnabas,Umzimkhulu,KwaZulu-Natal,1234
268011,St Francis Bay,Kouga,Eastern Cape,4933
260057,St Mary,Buffalo City,Eastern Cape,595
293276,St. Cutherts Mission,Mhlontlo,Eastern Cape,149
282251,St. Mark's,Intsika Yethu,Eastern Cape,852
172019,Stanford,Overstrand,Western Cape,4797
297181,Stanford C,Mbizana,Eastern Cape,1916
273073,Stanhope,Amahlathi,Eastern Cape,620
874069,Starvation Creek Nature Reserve,Mbombela,Mpumalanga,0
665015,Steil Hoogte,Ratlou,North West,1722
167018,Stellenbosch,Stellenbosch,Western Cape,19068
984024,Sterkfontein,Elias Motsoaledi,Limpopo,1277
287134,Steve Tshwete,Senqu,Eastern Cape,3047
475008,Steynsrus,Moqhaka,Free State,1312
293030,Sthaleni,Mhlontlo,Eastern Cape,238
286134,Stinkoro,Elundini,Eastern Cape,278
297211,Stofini,Mbizana,Eastern Cape,536
283127,Stoney Craft,Emalahleni,Eastern Cape,828
269008,Stormsrivier,Kou-Kamma,Eastern Cape,1670
199047,Strand,City of Cape Town,Western Cape,55558
574005,Stratford,Endumeni,KwaZulu-Natal,2269
526044,Striijbank,Dannhauser,KwaZulu-Natal,300
986067,Strydkraal,Fetakgomo,Limpopo,2724
589094,Sugar Mill,uMlalazi,KwaZulu-Natal,247
173008,Suiderstrand,Cape Agulhas,Western Cape,44
598075,Summerfield,Umzimkhulu,KwaZulu-Natal,812
266002,Sundays River Valley East NU,Sundays River Valley,Eastern Cape,10000
591012,Sundumbili A,Mandeni,KwaZulu-Natal,27423
297182,Sunduzwayo,Mbizana,Eastern Cape,579
284024,Sundwane,Engcobo,Eastern Cape,29
291009,Sunrise,Port St Johns,Eastern Cape,1048
526012,Surrey,Dannhauser,KwaZulu-Natal,414
564002,Sutherlands,Mpofana,KwaZulu-Natal,1230
874015,Swalala,Mbombela,Mpumalanga,7954
177001,Swartberg State Forest,George,Western Cape,0
669005,Swartfontein,Ramotshere Moiloa,North West,876
163005,Swartriet,Saldanha Bay,Western Cape,82
286147,Swaswuba,Elundini,Eastern Cape,77
297284,Swazini A,Mbizana,Eastern Cape,63
284259,Swekileni,Engcobo,Eastern Cape,229
170002,Swellendam NU,Swellendam,Western Cape,10397
667081,Syberia,Mafikeng,North West,1219
974077,Syferkuil,Polokwane,Limpopo,470
298077,Tabankulu,Ntabankulu,Eastern Cape,3266
672039,Tabasikwa,Greater Taung,North West,810
593047,Tafamasi,Ndwedwe,KwaZulu-Natal,2554
294161,Tafeni A,King Sabata Dalindyebo,Eastern Cape,1593
965045,Tahari,Mutale,Limpopo,114
970084,Takalane,Aganang,Limpopo,924
271534,Takazi A,Mnquma,Eastern Cape,251
542023,Talane,Nkandla,KwaZulu-Natal,1384
270483,Taleni A,Mbhashe,Eastern Cape,460
274019,Tamara,Ngqushwa,Eastern Cape,1906
281055,Tambo,Lukanji,Eastern Cape,3056
294444,Tamsana,King Sabata Dalindyebo,Eastern Cape,265
662004,Tantanana,Rustenburg,North West,1886
274035,Tapushe,Ngqushwa,Eastern Cape,85
594055,Tarsvaly,Ingwe,KwaZulu-Natal,881
961062,Taulome,Greater Letaba,Limpopo,996
672027,Taung,Greater Taung,North West,18289
472012,Tebang,Maluti a Phofung,Free State,23132
271306,Teko-Fihla,Mnquma,Eastern Cape,992
874063,Tekwane,Mbombela,Mpumalanga,8526
287025,Telle Mission,Senqu,Eastern Cape,390
270556,Tembeni,Mbhashe,Eastern Cape,134
984060,Ten Morgan,Elias Motsoaledi,Limpopo,970
569037,Tenten's Kraal,Indaka,KwaZulu-Natal,159
872006,Terateng,Dr JS Moroka,Mpumalanga,4036
472047,Thaba Bosiu,Maluti a Phofung,Free State,2935
982016,Thaba Letshoba,Mogalakwena,Limpopo,1586
472063,Thaba Tshweu,Maluti a Phofung,Free State,275
974091,Thabakgone,Polokwane,Limpopo,970
286079,Thabakhubelu,Elundini,Eastern Cape,1369
872017,Thabana,Dr JS Moroka,Mpumalanga,4329
499028,Thabanchu,Mangaung,Free State,70118
286084,Thabaputsoa,Elundini,Eastern Cape,728
977001,Thabazimbi NU,Thabazimbi,Limpopo,13738
978023,Thabo Mbeki,Lephalale,Limpopo,2254
546020,Thafamasi,Maphumulo,KwaZulu-Natal,856
472055,Thajaneng,Maluti a Phofung,Free State,442
974080,Thakgalang,Polokwane,Limpopo,8657
542031,Thalaneni,Nkandla,KwaZulu-Natal,1250
291221,Thambana,Port St Johns,Eastern Cape,1467
361013,Thamoeache,Ga-Segonyana,Northern Cape,691
599121,Thandaza,eThekwini,KwaZulu-Natal,3398
962039,Thapane,Greater Tzaneen,Limpopo,3282
966090,Thathe Vondo,Thulamela,Limpopo,94
584015,The Big Five False Bay NU,The Big 5 False Bay,KwaZulu-Natal,2933
584002,The Greater St.Lucia,The Big 5 False Bay,KwaZulu-Natal,0
964031,The Oaks,Maruleng,Limpopo,4068
964032,The Willows,Maruleng,Limpopo,3853
969034,Thebere,Blouberg,Limpopo,357
598177,Theekloof,Umzimkhulu,KwaZulu-Natal,367
291172,Thekwini,Port St Johns,Eastern Cape,1459
274080,Themba,Ngqushwa,Eastern Cape,554
177007,Thembalethu,George,Western Cape,43103
271466,Thembani,Mnquma,Eastern Cape,321
286026,Thembeni,Elundini,Eastern Cape,1396
871002,Thembisile NU,Thembisile,Mpumalanga,4841
582024,Thengani,Umhlabuyalingana,KwaZulu-Natal,7486
966047,Thenzheni,Thulamela,Limpopo,1845
472069,Thibela,Maluti a Phofung,Free State,459
985153,Thirathone,Makhuduthamaga,Limpopo,806
986094,Thobehlale,Fetakgomo,Limpopo,178
965078,Thogani,Mutale,Limpopo,185
581116,Thokoza,Ulundi,KwaZulu-Natal,6699
295121,Tholang,Matatiele,Eastern Cape,3733
296222,Tholeni B,Umzimvubu,Eastern Cape,49
672041,Thomeng,Greater Taung,North West,575
965024,Thondoni,Mutale,Limpopo,422
966082,Thononda,Thulamela,Limpopo,1944
276103,Thorn Park,Nkonkobe,Eastern Cape,386
260123,Thornfield,Buffalo City,Eastern Cape,57
568001,Thornville,Richmond,KwaZulu-Natal,494
877004,Thornybush Game Reserve,Bushbuckridge,Mpumalanga,282
968142,Thothololo,Makhado,Limpopo,609
283105,Thozamisa,Emalahleni,Eastern Cape,344
499026,Thubisi,Mangaung,Free State,220
966002,Thulamela NU South,Thulamela,Limpopo,700
297255,Thulupa,Mbizana,Eastern Cape,159
542138,Thuma,Nkandla,KwaZulu-Natal,581
271099,Thunga A,Mnquma,Eastern Cape,267
582088,Thungwini,Umhlabuyalingana,KwaZulu-Natal,1525
979004,Thusang,Mookgopong,Limpopo,1085
503011,Thuthuka,Umzumbe,KwaZulu-Natal,1251
271401,Thuthurha,Mnquma,Eastern Cape,77
294409,Thwabe,King Sabata Dalindyebo,Eastern Cape,671
970039,Tibane,Aganang,Limpopo,1818
287031,Tienbank,Senqu,Eastern Cape,2856
598225,Tiger Hoek,Umzimkhulu,KwaZulu-Natal,565
293296,Tikitiki,Mhlontlo,Eastern Cape,1528
274036,Tildini,Ngqushwa,Eastern Cape,366
599104,Tin Town,eThekwini,KwaZulu-Natal,882
592039,Tinley Manor Beach,KwaDukuza,KwaZulu-Natal,427
985074,Tisane,Makhuduthamaga,Limpopo,967
968130,Tiyani,Makhado,Limpopo,9715
270021,Tizana,Mbhashe,Eastern Cape,421
283002,Tjoksville,Emalahleni,Eastern Cape,8238
287048,Tlakong,Senqu,Eastern Cape,426
360047,Tlapeng,Joe Morolong,Northern Cape,162
662018,Tlaseng,Rustenburg,North West,2598
962084,Tlhabine,Greater Tzaneen,Limpopo,3600
472006,Tlholong,Maluti a Phofung,Free State,7160
969014,Tlhonasedimong,Blouberg,Limpopo,550
660022,Tlounane,Moretele,North West,246
579012,Tobolsk,UPhongolo,KwaZulu-Natal,3613
465003,Tokologo NU,Tokologo,Free State,5608
271393,Toleni,Mnquma,Eastern Cape,61
293062,Tolweni,Mhlontlo,Eastern Cape,2074
876027,Tonga B,Nkomazi,Mpumalanga,17333
577006,Tongwe/Dakeni,Umvoti,KwaZulu-Natal,1668
976074,Tooseng,Lepele-Nkumpi,Limpopo,2329
472068,Toropong,Maluti a Phofung,Free State,576
660004,Transaksie,Moretele,North West,533
866007,Trichardt,Govan Mbeki,Mpumalanga,3851
273096,Trust,Amahlathi,Eastern Cape,161
987135,Trustine,Greater Tubatse,Limpopo,3344
360106,Tsaelengwe,Joe Morolong,Northern Cape,450
877021,Tsakani,Bushbuckridge,Mpumalanga,8907
284091,Tsalaba B,Engcobo,Eastern Cape,208
983003,Tsantsabela,Ephraim Mogale,Limpopo,4459
598006,Tsaula,Umzimkhulu,KwaZulu-Natal,335
974121,Tsebela,Polokwane,Limpopo,704
286075,Tsekong,Elundini,Eastern Cape,1057
285051,Tsengiwe,Sakhisizwe,Eastern Cape,325
667043,Tsetse,Mafikeng,North West,4003
260095,Tshabo 2,Buffalo City,Eastern Cape,1114
968078,Tshakhuma,Makhado,Limpopo,17371
961018,Tshamahansi,Greater Letaba,Limpopo,3173
283044,Tshamazimba,Emalahleni,Eastern Cape,167
961034,Tshamiseka,Greater Letaba,Limpopo,423
966110,Tshamutilikwa,Thulamela,Limpopo,814
292329,Tshani,Nyandeni,Eastern Cape,1138
282172,Tshatshu,Intsika Yethu,Eastern Cape,323
282039,Tshayelela,Intsika Yethu,Eastern Cape,211
974053,Tshebeng,Polokwane,Limpopo,4021
985133,Tshehlwaneng,Makhuduthamaga,Limpopo,3149
599137,Tshelimnyama,eThekwini,KwaZulu-Natal,20689
987051,Tshenyane,Greater Tubatse,Limpopo,845
798025,Tshepisong,City of Johannesburg,Gauteng,53260
271007,Tshetshengwane,Mnquma,Eastern Cape,78
294318,Tshezi,King Sabata Dalindyebo,Eastern Cape,234
665009,Tshidilamolomo,Ratlou,North West,1274
966054,Tshidzini,Thulamela,Limpopo,3852
966137,Tshififi,Thulamela,Limpopo,2468
966022,Tshihalwe,Thulamela,Limpopo,568
966055,Tshikambe,Thulamela,Limpopo,471
966150,Tshikhudini,Thulamela,Limpopo,1464
966100,Tshikombani,Thulamela,Limpopo,4084
966091,Tshikonelo,Thulamela,Limpopo,4809
966127,Tshikunda,Thulamela,Limpopo,2177
966141,Tshikweta,Thulamela,Limpopo,814
965010,Tshilamusa,Mutale,Limpopo,90
968090,Tshilaphala,Makhado,Limpopo,103
966065,Tshilungwi,Thulamela,Limpopo,663
298002,Tshingwana,Ntabankulu,Eastern Cape,965
966064,Tshipako,Thulamela,Limpopo,800
472046,Tshirela,Maluti a Phofung,Free State,1256
965051,Tshirunzini,Mutale,Limpopo,178
966168,Tshisahulu,Thulamela,Limpopo,7342
966112,Tshisinise,Thulamela,Limpopo,81
968139,Tshitale,Makhado,Limpopo,1111
965097,Tshitandani B,Mutale,Limpopo,186
966010,Tshitavha,Thulamela,Limpopo,2123
291110,Tshitshane,Port St Johns,Eastern Cape,742
968016,Tshitwi,Makhado,Limpopo,82
966107,Tshivhilidulu,Thulamela,Limpopo,1339
966132,Tshivhulani,Thulamela,Limpopo,2675
965054,Tshokotshoko,Mutale,Limpopo,148
580133,Tshonono,Nongoma,KwaZulu-Natal,1579
271307,Tshoveni,Mnquma,Eastern Cape,414
877068,Tshunelani A,Bushbuckridge,Mpumalanga,125
667062,Tshunyane,Mafikeng,North West,2478
799026,Tshwane NU,City of Tshwane,Gauteng,10000
664075,Tshwaro,Moses Kotane,North West,2329
974139,Tshwene,Polokwane,Limpopo,2018
986039,Tsidintsing,Fetakgomo,Limpopo,130
983023,Tsimanyane,Ephraim Mogale,Limpopo,1621
360044,Tsineng-Kop,Joe Morolong,Northern Cape,33
269013,Tsitsikamma National Park,Kou-Kamma,Eastern Cape,35
360003,Tsoe,Joe Morolong,Northern Cape,777
293215,Tsolo,Mhlontlo,Eastern Cape,7794
279016,Tsolwana,Tsolwana,Eastern Cape,0
282275,Tsomo Mission A,Intsika Yethu,Eastern Cape,580
297164,Tsotsa,Mbizana,Eastern Cape,558
666002,Tswaing NU,Tswaing,North West,33361
969075,Tswatsane,Blouberg,Limpopo,492
291211,Tsweleni,Port St Johns,Eastern Cape,282
986015,Tswereng,Fetakgomo,Limpopo,342
593003,Tucrose,Ndwedwe,KwaZulu-Natal,160
591022,Tugela Mouth,Mandeni,KwaZulu-Natal,133
260004,Tukayi A,Buffalo City,Eastern Cape,838
294259,Tukuba,King Sabata Dalindyebo,Eastern Cape,355
477002,Tumahole,Ngwathe,Free State,37675
294061,Tunxe,King Sabata Dalindyebo,Eastern Cape,804
976060,Turfpan,Lepele-Nkumpi,Limpopo,142
295062,Tutaneng,Matatiele,Eastern Cape,706
293182,Twatwa,Mhlontlo,Eastern Cape,82
799074,Tweedracht,City of Tshwane,Gauteng,439
365012,Tweerivier,Kamiesberg,Northern Cape,252
271035,Tyabana,Mnquma,Eastern Cape,288
274042,Tyata,Ngqushwa,Eastern Cape,497
282184,Tyawana,Intsika Yethu,Eastern Cape,390
270172,Tyelekebende,Mbhashe,Eastern Cape,430
260141,Tyeni,Buffalo City,Eastern Cape,303
260151,Tyhusha,Buffalo City,Eastern Cape,470
274089,Tyityaba,Ngqushwa,Eastern Cape,163
294118,Tyumbu,King Sabata Dalindyebo,Eastern Cape,1902
962048,Tzaneen,Greater Tzaneen,Limpopo,14571
504008,UMuziwabantu NU,UMuziwabantu,KwaZulu-Natal,2341
582089,Ubombo,Umhlabuyalingana,KwaZulu-Natal,425
589003,Ufasimba,uMlalazi,KwaZulu-Natal,2108
478012,Uitkoms,Metsimaholo,Free State,23
667076,Uitkyk B,Mafikeng,North West,1025
984067,Uitspanning B,Elias Motsoaledi,Limpopo,1112
872030,Ukukhanya,Dr JS Moroka,Mpumalanga,2745
286068,Ulundi,Elundini,Eastern Cape,356
599005,Umbhayi,eThekwini,KwaZulu-Natal,1845
593062,Umdloti,Ndwedwe,KwaZulu-Natal,1994
286088,Umfanta,Elundini,Eastern Cape,266
599171,Umgababa South,eThekwini,KwaZulu-Natal,10814
503016,Umgayi,Umzumbe,KwaZulu-Natal,2623
568018,Umgwenya,Richmond,KwaZulu-Natal,461
592042,Umhlali,KwaDukuza,KwaZulu-Natal,338
594057,Umjila,Ingwe,KwaZulu-Natal,1228
599196,Umkomaas,eThekwini,KwaZulu-Natal,2716
599163,Umlazi,eThekwini,KwaZulu-Natal,404811
282017,Umntla/Maseleni Village,Intsika Yethu,Eastern Cape,165
370003,Umsobomvu NU,Umsobomvu,Northern Cape,2461
546067,Umvozana,Maphumulo,KwaZulu-Natal,1410
598114,Umzimkhulu,Umzimkhulu,KwaZulu-Natal,8399
506001,Umzinto,Hibiscus Coast,KwaZulu-Natal,0
503015,Umzumbe NU,Umzumbe,KwaZulu-Natal,1301
177004,Uniondale,George,Western Cape,4525
379002,Upington,//Khara Hais,Northern Cape,57220
294148,Upper Centuli,King Sabata Dalindyebo,Eastern Cape,695
281057,Upper Didimana,Lukanji,Eastern Cape,330
284036,Upper Gqaga,Engcobo,Eastern Cape,75
281059,Upper Hukuwa,Lukanji,Eastern Cape,171
284277,Upper Komkulu,Engcobo,Eastern Cape,374
281071,Upper Lahlangubo,Lukanji,Eastern Cape,483
271470,Upper Macibe,Mnquma,Eastern Cape,715
284223,Upper Mangxongweni,Engcobo,Eastern Cape,117
292189,Upper Matanzima,Nyandeni,Eastern Cape,324
271162,Upper Mchubakazi,Mnquma,Eastern Cape,521
296003,Upper Mnyamana,Umzimvubu,Eastern Cape,590
295228,Upper Mvenyane,Matatiele,Eastern Cape,666
285057,Upper Ndwana,Sakhisizwe,Eastern Cape,224
294162,Upper Ngqwarha,King Sabata Dalindyebo,Eastern Cape,1282
286201,Upper Sinxago,Elundini,Eastern Cape,107
281077,Upper Tsitsikama,Lukanji,Eastern Cape,471
281041,Upper Zangqokwe,Lukanji,Eastern Cape,346
594076,Uqaqani,Ingwe,KwaZulu-Natal,427
580137,Usuthu,Nongoma,KwaZulu-Natal,230
599094,Uthweba,eThekwini,KwaZulu-Natal,3351
673006,Utlwanang,Lekwa-Teemane,North West,14169
538027,Uzimgwenya,uMhlathuze,KwaZulu-Natal,7324
384008,Vaal-Gamagara,Dikgatlong,Northern Cape,198
569006,Vaalkop,Indaka,KwaZulu-Natal,8390
166009,Val De Vie,Drakenstein,Western Cape,303
174006,Van Wyksdorp,Kannaland,Western Cape,833
373001,Vanderkloof,Renosterberg,Northern Cape,1221
463006,Vanstadensrus,Naledi,Free State,820
589135,Vekeza,uMlalazi,KwaZulu-Natal,1413
597041,Velabethuke,Ubuhlebezwe,KwaZulu-Natal,2634
503076,Velumemeze,Umzumbe,KwaZulu-Natal,1155
675002,Ventersdorp NU,Ventersdorp,North West,13940
970073,Venus,Aganang,Limpopo,1179
668009,Verdwaal,Ditsobotla,North West,8104
287063,Vergenoeg,Senqu,Eastern Cape,490
295096,Vermiljoenskuil,Matatiele,Eastern Cape,180
873010,Vertroosting,Thaba Chweu,Mpumalanga,0
581074,Vezunyawo,Ulundi,KwaZulu-Natal,2037
968064,Vhulaudzi,Makhado,Limpopo,2684
968026,Vhutuwa nga Dzebu,Makhado,Limpopo,1443
166011,Victor Verster,Drakenstein,Western Cape,2827
475001,Vierfontein,Moqhaka,Free State,825
478002,Viljoensdrift,Metsimaholo,Free State,751
479002,Villiers,Mafube,Free State,1286
598208,Vimbane,Umzimkhulu,KwaZulu-Natal,591
292301,Vinitshi,Nyandeni,Eastern Cape,897
877079,Violetbank C,Bushbuckridge,Mpumalanga,2583
467010,Virginia,Matjhabeng,Free State,21846
291219,Vithini,Port St Johns,Eastern Cape,343
798031,Vlakfontein,City of Johannesburg,Gauteng,27291
290111,Vlei,Ngquza Hill,Eastern Cape,786
172016,Vogelgat,Overstrand,Western Cape,4
863008,Volksrust,Pixley Ka Seme,Mpumalanga,24281
966126,Vondo,Thulamela,Limpopo,766
560061,Vonguzana,Vulamehlo,KwaZulu-Natal,1376
372003,Vosburg,Kareeberg,Northern Cape,1259
296158,Voveni,Umzimvubu,Eastern Cape,2561
473002,Vrede,Phumelela,Free State,1962
160010,Vredendal,Matzikama,Western Cape,18170
529014,Vryheid,Abaqulusi,KwaZulu-Natal,47365
282320,Vrystad,Intsika Yethu,Eastern Cape,440
291186,Vukandlule,Port St Johns,Eastern Cape,289
282217,Vukuza,Intsika Yethu,Eastern Cape,1169
297325,Vulindlela,Mbizana,Eastern Cape,1493
546054,Vuma B,Maphumulo,KwaZulu-Natal,95
546001,Vumbu,Maphumulo,KwaZulu-Natal,1223
580043,Vungama B,Nongoma,KwaZulu-Natal,256
581067,Vuthele,Ulundi,KwaZulu-Natal,528
965086,Vuvha B,Mutale,Limpopo,565
963016,Vuyelani,Ba-Phalaborwa,Limpopo,291
968085,Vyeboom,Makhado,Limpopo,5026
984040,Waalkraal,Elias Motsoaledi,Limpopo,2509
664035,Wag 'n Bietjie,Moses Kotane,North West,12
274115,Wakefield,Ngqushwa,Eastern Cape,338
761004,Walkerville,Midvaal,Gauteng,9173
660016,Walman,Moretele,North West,2164
861001,Warburton,Msukaligwa,Mpumalanga,2847
273055,Wartburg,Amahlathi,Eastern Cape,699
360104,Washington,Joe Morolong,Northern Cape,722
263006,Waterford,Ikwezi,Eastern Cape,40
514003,Watershed,Emnambithi/Ladysmith,KwaZulu-Natal,1072
870005,Waterval Boven,Emakhazeni,Mpumalanga,7
797021,Wattville,Ekurhuleni,Gauteng,25667
292227,Wayisi,Nyandeni,Eastern Cape,162
380004,Wegdraai,!Kheis,Northern Cape,2189
580145,Wela A,Nongoma,KwaZulu-Natal,761
582064,Welcome,Umhlabuyalingana,KwaZulu-Natal,911
664065,Welgeval,Moses Kotane,North West,4842
467009,Welkom,Matjhabeng,Free State,64130
274045,Weltevrede,Ngqushwa,Eastern Cape,207
290327,Wema,Ngquza Hill,Eastern Cape,69
570013,Wembesi C,Umtshezi,KwaZulu-Natal,5820
164015,Wesbank,Swartland,Western Cape,11861
468006,Wesselbron,Nala,Free State,1415
766007,West-Driefontein,Merafong City,Gauteng,2857
765010,Western Areas Gold Mine,Westonaria,Gauteng,1895
765004,Westonaria NU,Westonaria,Gauteng,13639
593030,Wewe,Ndwedwe,KwaZulu-Natal,1001
874033,White River,Mbombela,Mpumalanga,15816
281066,Whittlesea,Lukanji,Eastern Cape,14756
662026,Wildebeesfontein,Rustenburg,North West,4920
295150,Wilfried Baur,Matatiele,Eastern Cape,0
566052,Wilgefontein,The Msunduzi,KwaZulu-Natal,11232
367001,Williston,Karoo Hoogland,Northern Cape,3368
267003,Willowmore,Baviaans,Eastern Cape,7678
464004,Winburg,Masilonyana,Free State,1373
564004,Winterhoek,Mpofana,KwaZulu-Natal,762
799029,Winterveld,City of Tshwane,Gauteng,120826
984057,Witfontein,Elias Motsoaledi,Limpopo,2832
678002,Witpoort,Maquassi Hills,North West,259
179005,Wittedrift,Bitou,Western Cape,1822
165001,Witzenberg NU,Witzenberg,Western Cape,52200
270536,Wolela,Mbhashe,Eastern Cape,892
172026,Wolvengat,Overstrand,Western Cape,50
546082,Wome,Maphumulo,KwaZulu-Natal,1208
263005,Wongalethu,Ikwezi,Eastern Cape,752
269014,Woodlands,Kou-Kamma,Eastern Cape,1882
274094,Wooldridge,Ngqushwa,Eastern Cape,179
503032,Wowana,Umzumbe,KwaZulu-Natal,255
506061,Woza,Hibiscus Coast,KwaZulu-Natal,2768
982055,Wydhoek,Mogalakwena,Limpopo,1103
282146,Xabisweni,Intsika Yethu,Eastern Cape,349
281045,Xaleni,Lukanji,Eastern Cape,161
542025,Xamukavinjelwa,Nkandla,KwaZulu-Natal,1210
270315,Xanxo,Mbhashe,Eastern Cape,274
960060,Xawela,Greater Giyani,Limpopo,4037
274010,Xengxe,Ngqushwa,Eastern Cape,963
260170,Xhama,Buffalo City,Eastern Cape,993
293155,Xhentu,Mhlontlo,Eastern Cape,75
293248,Xhokonxa,Mhlontlo,Eastern Cape,187
294416,Xhrana,King Sabata Dalindyebo,Eastern Cape,289
292264,Xibeni,Nyandeni,Eastern Cape,535
271009,Xilinxa,Mnquma,Eastern Cape,434
270311,Xobojiyane,Mbhashe,Eastern Cape,380
284035,Xokonxa B,Engcobo,Eastern Cape,80
273008,Xolobe,Amahlathi,Eastern Cape,860
297372,Xolobeni B,Mbizana,Eastern Cape,1676
294426,Xolweni B,King Sabata Dalindyebo,Eastern Cape,447
285007,Xonya,Sakhisizwe,Eastern Cape,289
270160,Xora Gonglo,Mbhashe,Eastern Cape,474
291100,Xovula,Port St Johns,Eastern Cape,961
276157,Xukwane,Nkonkobe,Eastern Cape,976
281010,Xuma,Lukanji,Eastern Cape,530
581014,Xwayisane,Ulundi,KwaZulu-Natal,567
272040,Yellowsands,Great Kei,Eastern Cape,93
281089,Yonda,Lukanji,Eastern Cape,823
164007,Yzerfontein,Swartland,Western Cape,1140
290046,Zadungeni,Ngquza Hill,Eastern Cape,533
798030,Zakariyya Park,City of Johannesburg,Gauteng,6200
473005,Zamani,Phumelela,Free State,6523
294258,Zanci,King Sabata Dalindyebo,Eastern Cape,693
962060,Zangoma,Greater Tzaneen,Limpopo,1910
273114,Zanyokwe,Amahlathi,Eastern Cape,608
566014,Zayeka,The Msunduzi,KwaZulu-Natal,8762
986007,Zeekoegat,Fetakgomo,Limpopo,291
581013,Zembeni,Ulundi,KwaZulu-Natal,712
473006,Zenzeleni,Phumelela,Free State,8889
585008,Zibayeni,Hlabisa,KwaZulu-Natal,2991
271434,Zibunu,Mnquma,Eastern Cape,109
585028,Zidonini,Hlabisa,KwaZulu-Natal,785
590034,Zigagayi,Mthonjaneni,KwaZulu-Natal,323
270479,Zigodlo,Mbhashe,Eastern Cape,729
276137,Zihlahleni,Nkonkobe,Eastern Cape,969
293116,Zikhoveni,Mhlontlo,Eastern Cape,178
260181,Zikova,Buffalo City,Eastern Cape,474
292297,Zimanzi,Nyandeni,Eastern Cape,293
293009,Zimbengwini,Mhlontlo,Eastern Cape,219
270312,Zimbomvu,Mbhashe,Eastern Cape,220
296237,Zimito,Umzimvubu,Eastern Cape,535
295279,Zimpofu A,Matatiele,Eastern Cape,43
290194,Zimpohleni,Ngquza Hill,Eastern Cape,513
593059,Zimpondweni,Ndwedwe,KwaZulu-Natal,1013
292324,Zincukutwini,Nyandeni,Eastern Cape,596
283079,Zingcaceni,Emalahleni,Eastern Cape,1150
271429,Zingqandana,Mnquma,Eastern Cape,333
297049,Zinini,Mbizana,Eastern Cape,33
542037,Zinkunzini,Nkandla,KwaZulu-Natal,267
293013,Zinqawe,Mhlontlo,Eastern Cape,24
295260,Zinyosini,Matatiele,Eastern Cape,502
271034,Ziqhamnganeni,Mnquma,Eastern Cape,474
292093,Zitatele,Nyandeni,Eastern Cape,1184
294341,Zitenjini,King Sabata Dalindyebo,Eastern Cape,436
799061,Zithobeni,City of Tshwane,Gauteng,22434
283093,Zitzpileni,Emalahleni,Eastern Cape,540
293258,Zixhotyeni,Mhlontlo,Eastern Cape,276
276125,Zixotyeni,Nkonkobe,Eastern Cape,120
283132,Zizamele,Emalahleni,Eastern Cape,785
877088,Zoeknog A,Bushbuckridge,Mpumalanga,4055
279010,Zola,Tsolwana,Eastern Cape,4455
569028,Zondagsrivierspoort,Indaka,KwaZulu-Natal,1205
526022,Zondo,Dannhauser,KwaZulu-Natal,1558
297057,Zulu,Mbizana,Eastern Cape,168
542049,Zungweni,Nkandla,KwaZulu-Natal,152
763002,Zwartkop,Mogale City,Gauteng,2514
168006,Zweletemba,Breede Valley,Western Cape,18172
571017,Zwelisha,Okhahlamba,KwaZulu-Natal,3369
561002,aMahlongwa,Umdoni,KwaZulu-Natal,7455
260033,eBhalasi,Buffalo City,Eastern Cape,2457
271206,eBhoyileni,Mnquma,Eastern Cape,363
284175,eBiyoni,Engcobo,Eastern Cape,113
283025,eChibini,Emalahleni,Eastern Cape,175
271064,eDakaneni,Mnquma,Eastern Cape,111
260013,eDrayini,Buffalo City,Eastern Cape,534
295045,eDresini,Matatiele,Eastern Cape,83
270094,eGadini,Mbhashe,Eastern Cape,446
271113,eGcukesi,Mnquma,Eastern Cape,312
575113,eGezahlala C,Nqutu,KwaZulu-Natal,1755
292245,eGoli,Nyandeni,Eastern Cape,225
270482,eGotyibeni A,Mbhashe,Eastern Cape,581
271337,eGrakhulu,Mnquma,Eastern Cape,225
286154,eHlangalana,Elundini,Eastern Cape,90
271027,eJekezi,Mnquma,Eastern Cape,426
270476,eJojweni B,Mbhashe,Eastern Cape,403
582018,eKuhluphekeni,Umhlabuyalingana,KwaZulu-Natal,4441
270492,eLalini A,Mbhashe,Eastern Cape,433
270044,eLalini D,Mbhashe,Eastern Cape,407
271010,eLalini G,Mnquma,Eastern Cape,255
282005,eLeni,Intsika Yethu,Eastern Cape,202
284088,eLokishini,Engcobo,Eastern Cape,284
282085,eLuqolweni,Intsika Yethu,Eastern Cape,697
270249,eLuthuthu,Mbhashe,Eastern Cape,235
283171,eLuxeni B,Emalahleni,Eastern Cape,351
270040,eMabheleni,Mbhashe,Eastern Cape,720
284234,eMacwereni,Engcobo,Eastern Cape,409
284200,eMafusini,Engcobo,Eastern Cape,211
575130,eMagogo,Nqutu,KwaZulu-Natal,601
271166,eMahemini,Mnquma,Eastern Cape,386
270011,eMahlubeni,Mbhashe,Eastern Cape,469
271001,eMahlubini B,Mnquma,Eastern Cape,197
274054,eMakhuzeni,Ngqushwa,Eastern Cape,82
283003,eMalahleni NU,Emalahleni,Eastern Cape,4818
271302,eMambendeni,Mnquma,Eastern Cape,425
270262,eMampondweni A,Mbhashe,Eastern Cape,449
560026,eMandlalathi,Vulamehlo,KwaZulu-Natal,1330
270297,eMangqosinini,Mbhashe,Eastern Cape,457
284376,eMantlegoso,Engcobo,Eastern Cape,186
283207,eMaqwatini,Emalahleni,Eastern Cape,269
271295,eMarhedwaneni,Mnquma,Eastern Cape,410
271011,eMaseleni,Mnquma,Eastern Cape,264
271409,eMatipheni,Mnquma,Eastern Cape,198
284428,eMatyabomvu,Engcobo,Eastern Cape,276
282045,eMawusheni A,Intsika Yethu,Eastern Cape,396
270114,eMaxhame,Mbhashe,Eastern Cape,320
271058,eMbangweni,Mnquma,Eastern Cape,263
286101,eMbonisiweni,Elundini,Eastern Cape,54
284212,eMdungunyeni,Engcobo,Eastern Cape,224
271186,eMgqigweni,Mnquma,Eastern Cape,64
292046,eMhlanga,Nyandeni,Eastern Cape,1209
560043,eMjunundwini,Vulamehlo,KwaZulu-Natal,1365
860025,eMlondozi,Albert Luthuli,Mpumalanga,0
271425,eMmangweni B,Mnquma,Eastern Cape,331
271081,eMngcwe,Mnquma,Eastern Cape,297
292081,eMpangala,Nyandeni,Eastern Cape,1275
860030,eMphelandaba,Albert Luthuli,Mpumalanga,532
271338,eMtonjeni,Mnquma,Eastern Cape,307
598119,eMvubukazi,Umzimkhulu,KwaZulu-Natal,1469
276098,eMxohelo,Nkonkobe,Eastern Cape,172
271391,eNcalukeni,Mnquma,Eastern Cape,276
165008,eNduli,Witzenberg,Western Cape,9351
270005,eNdulini B,Mbhashe,Eastern Cape,76
284229,eNgcacu B,Engcobo,Eastern Cape,249
271178,eNgcwangu B,Mnquma,Eastern Cape,64
582014,eNgozini,Umhlabuyalingana,KwaZulu-Natal,1860
283103,eNgqanda A,Emalahleni,Eastern Cape,337
274028,eNgquthu,Ngqushwa,Eastern Cape,203
871008,eNgwengameni,Thembisile,Mpumalanga,721
270052,eNgxingweni,Mbhashe,Eastern Cape,178
576075,eNhlalakahle,Msinga,KwaZulu-Natal,1112
271372,eNkcalwini,Mnquma,Eastern Cape,260
582004,eNkovukeni,Umhlabuyalingana,KwaZulu-Natal,157
506036,eNtaba,Hibiscus Coast,KwaZulu-Natal,2330
282315,eNtilini,Intsika Yethu,Eastern Cape,353
270538,eNtilini B,Mbhashe,Eastern Cape,72
271070,eNtlakwendlela,Mnquma,Eastern Cape,349
271004,eNtlekiseni,Mnquma,Eastern Cape,120
271192,eNtobeni,Mnquma,Eastern Cape,505
270481,eNtshatshongo A,Mbhashe,Eastern Cape,99
270181,eNtshingeni A,Mbhashe,Eastern Cape,375
270012,eNtwashini B,Mbhashe,Eastern Cape,165
284321,eNtwashwini B,Engcobo,Eastern Cape,709
286188,eNyibibeni,Elundini,Eastern Cape,611
583012,ePhosheni,Jozini,KwaZulu-Natal,2378
270036,eQhokama,Mbhashe,Eastern Cape,434
284267,eQolweni B,Engcobo,Eastern Cape,339
273124,eRhamnyiba,Amahlathi,Eastern Cape,1294
271075,eSantini,Mnquma,Eastern Cape,207
271180,eSigadini,Mnquma,Eastern Cape,480
271195,eSigingqini A,Mnquma,Eastern Cape,177
566043,eSigodini Esifishane,The Msunduzi,KwaZulu-Natal,1707
575093,eSigqumeni A,Nqutu,KwaZulu-Natal,750
270043,eSihlabeni A,Mbhashe,Eastern Cape,183
270632,eSihlanini,Mbhashe,Eastern Cape,144
297045,eSikhumbeni (Mzamba),Mbizana,Eastern Cape,1190
282244,eSikobeni,Intsika Yethu,Eastern Cape,49
270334,eSingangeni,Mbhashe,Eastern Cape,96
282131,eSingeni B,Intsika Yethu,Eastern Cape,309
271026,eSiqithini A,Mnquma,Eastern Cape,536
292232,eSitshayelweni,Nyandeni,Eastern Cape,545
284213,eSixholosi,Engcobo,Eastern Cape,658
284343,eTaleni,Engcobo,Eastern Cape,750
270364,eThembeni,Mbhashe,Eastern Cape,170
286152,eTombelihle,Elundini,Eastern Cape,244
286138,eTshubutshezi,Elundini,Eastern Cape,196
271428,eTyiweni B,Mnquma,Eastern Cape,83
284339,eXibeni,Engcobo,Eastern Cape,95
270255,eZantsi,Mbhashe,Eastern Cape,416
271203,eZibondeni,Mnquma,Eastern Cape,604
271112,eZingqayi,Mnquma,Eastern Cape,402
294048,eZintabeni,King Sabata Dalindyebo,Eastern Cape,1059
270534,eZiqhorhana,Mbhashe,Eastern Cape,347
271129,eZixhotyeni,Mnquma,Eastern Cape,185
270251,iCumakala,Mbhashe,Eastern Cape,539
270593,iNcedana,Mbhashe,Eastern Cape,361
542062,iNdanyana A,Nkandla,KwaZulu-Natal,5
271344,iNkonkwane,Mnquma,Eastern Cape,364
270025,iXeni,Mbhashe,Eastern Cape,77
276166,kuDikidikana,Nkonkobe,Eastern Cape,634
285004,uLahlangubo,Sakhisizwe,Eastern Cape,154
271141,uMgagasi,Mnquma,Eastern Cape,534
571072,uMhlwanzini,Okhahlamba,KwaZulu-Natal,1258
271050,uMntla,Mnquma,Eastern Cape,583
577036,uMvoti,Umvoti,KwaZulu-Natal,112
271258,uMzantsi A,Mnquma,Eastern Cape,257
271270,uMzantsi C,Mnquma,Eastern Cape,265
