380002,!Kheis NU,!Kheis,Northern Cape,611
380002,!Kheis NU North,!Kheis,Northern Cape,3000
968083,15 South African Military base/15 SAI,Makhado,Limpopo,54
860018,Aarnhemburg,Albert Luthuli,Mpumalanga,504
529002,Abaqulusi NU,Abaqulusi,KwaZulu-Natal,44850
589125,Abashumi,uMlalazi,KwaZulu-Natal,133
591003,Abashumi,Mandeni,KwaZulu-Natal,1078
164018,Abbotsdale,Swartland,Western Cape,3762
567010,Abebhuzi,Mkhambathini,KwaZulu-Natal,2088
593031,Abejuti,Ndwedwe,KwaZulu-Natal,3238
261005,Aberdeen,Camdeboo,Eastern Cape,5133
297087,Abetshawu,Mbizana,Eastern Cape,391
674001,Abingdon,Kagisano/Molopo,North West,39
271310,Aboboti,Mnquma,Eastern Cape,120
877015,Acornhoek,Bushbuckridge,Mpumalanga,33529
571013,Acton Homes,Okhahlamba,KwaZulu-Natal,2135
271116,Adam,Mnquma,Eastern Cape,30
560002,Adams Rural,Vulamehlo,KwaZulu-Natal,438
599179,Adams Rural,eThekwini,KwaZulu-Natal,31164
266009,Addo,Sundays River Valley,Eastern Cape,6239
277005,Adelaide,Nxuba,Eastern Cape,6126
968010,Afton,Makhado,Limpopo,193
295035,Afzondering,Matatiele,Eastern Cape,292
970002,Aganang NU,Aganang,Limpopo,1678
368006,Aggeneys,Khâi-Ma,Northern Cape,2262
660020,Agisaneng,Moretele,North West,119
283086,Agnes,Emalahleni,Eastern Cape,690
173007,Agulhas,Cape Agulhas,Western Cape,548
964030,Air Force Hoedspruit,Maruleng,Limpopo,2
799037,Akasia,City of Tshwane,Gauteng,59455
562027,Albert Falls,uMshwathi,KwaZulu-Natal,4536
860002,Albert Luthuli NU,Albert Luthuli,Mpumalanga,4267
860002,Albert Luthuli NU,Albert Luthuli,Mpumalanga,14267
860002,Albert Luthuli NU East,Albert Luthuli,Mpumalanga,10267
175005,Albertinia,Hessequa,Western Cape,6372
761001,Alberton,Midvaal,Gauteng,339
797029,Alberton,Ekurhuleni,Gauteng,121536
876022,Albertsnek,Nkomazi,Mpumalanga,2490
524024,Alcockspruit,Newcastle,KwaZulu-Natal,2656
874052,Aldie,Mbombela,Mpumalanga,7517
363007,Alexander Bay,Richtersveld,Northern Cape,1736
798014,Alexandra,City of Johannesburg,Gauteng,179624
265008,Alexandria,Ndlambe,Eastern Cape,3375
592020,Alexia,KwaDukuza,KwaZulu-Natal,893
504053,Alfred,UMuziwabantu,KwaZulu-Natal,686
674044,Algiers,Kagisano/Molopo,North West,1435
378019,Alheit,Kai !Garib,Northern Cape,1578
276096,Alice,Nkonkobe,Eastern Cape,15143
264005,Alicedale,Makana,Eastern Cape,1932
288002,Aliwal North,Maletswai,Eastern Cape,16001
284184,All Saints Mission,Engcobo,Eastern Cape,260
276132,Allandale,Nkonkobe,Eastern Cape,414
467001,Allanridge,Matjhabeng,Free State,2361
281094,Allanwater,Lukanji,Eastern Cape,376
969001,Alldays,Blouberg,Limpopo,2987
872031,Allemansdrift,Dr JS Moroka,Mpumalanga,11307
980004,Alma,Modimolle,Limpopo,1553
596006,Aloekop,Greater Kokstad,KwaZulu-Natal,890
966225,Altein,Thulamela,Limpopo,1759
579014,Altona,UPhongolo,KwaZulu-Natal,1975
987112,Alverton,Greater Tubatse,Limpopo,2278
273075,Amabele,Amahlathi,Eastern Cape,326
271202,Amabhele,Mnquma,Eastern Cape,148
538021,Amadaka,uMhlathuze,KwaZulu-Natal,5213
546073,Amafahla,Maphumulo,KwaZulu-Natal,954
599188,Amagcino,eThekwini,KwaZulu-Natal,940
594078,Amahlathi,Ingwe,KwaZulu-Natal,1666
273003,Amahlathi NU,Amahlathi,Eastern Cape,7692
273003,Amahlathi NU North,Amahlathi,Eastern Cape,2692
589128,Amahubhu,uMlalazi,KwaZulu-Natal,1617
503059,Amahwaqa,Umzumbe,KwaZulu-Natal,2438
560044,Amahwaqa,Vulamehlo,KwaZulu-Natal,2593
589084,Amakhilimba,uMlalazi,KwaZulu-Natal,1585
290303,Amakwalo,Ngquza Hill,Eastern Cape,84
587020,Amalala,Mfolozi,KwaZulu-Natal,4529
562043,Amalanga,uMshwathi,KwaZulu-Natal,127
671005,Amalia,Mamusa,North West,226
271506,Amambalu,Mnquma,Eastern Cape,571
274056,Amambalu,Ngqushwa,Eastern Cape,221
284067,Amamvala,Engcobo,Eastern Cape,655
270291,Amanaleni,Mbhashe,Eastern Cape,147
561004,Amandawe,Umdoni,KwaZulu-Natal,11343
977003,Amandelbult,Thabazimbi,Limpopo,113
561013,Amangamazi,Umdoni,KwaZulu-Natal,3976
571074,Amangwane,Okhahlamba,KwaZulu-Natal,1153
594003,Amangwane,Ingwe,KwaZulu-Natal,37
297077,Amantshangase A/a A,Mbizana,Eastern Cape,461
297105,Amantshangase A/a B,Mbizana,Eastern Cape,276
297068,Amantshangase A/a C,Mbizana,Eastern Cape,682
297074,Amantshangase A/a D,Mbizana,Eastern Cape,104
297036,Amantshangase A/a E,Mbizana,Eastern Cape,1717
297098,Amantshangase A/a F,Mbizana,Eastern Cape,0
297058,Amantshangase A/a G,Mbizana,Eastern Cape,816
571045,Amanzana,Okhahlamba,KwaZulu-Natal,770
599173,Amanzimtoti,eThekwini,KwaZulu-Natal,13813
284116,Amanzolo,Engcobo,Eastern Cape,243
297320,Amaqeda,Mbizana,Eastern Cape,128
281049,Amaqolomba,Lukanji,Eastern Cape,26
284150,Amaqwati,Engcobo,Eastern Cape,190
598157,Amaroma,Umzimkhulu,KwaZulu-Natal,317
597007,Amashaka,Ubuhlebezwe,KwaZulu-Natal,1905
593066,Amatata,Ndwedwe,KwaZulu-Natal,1220
542043,Amatholamgele,Nkandla,KwaZulu-Natal,772
589138,Amatikulu,uMlalazi,KwaZulu-Natal,515
597002,Amatolo,Ubuhlebezwe,KwaZulu-Natal,472
585021,Amatshamnyama,Hlabisa,KwaZulu-Natal,1607
594080,Amavondwe,Ingwe,KwaZulu-Natal,356
273072,Amazibula,Amahlathi,Eastern Cape,1123
294042,Amendu,King Sabata Dalindyebo,Eastern Cape,8256
863001,Amersfoort,Pixley Ka Seme,Mpumalanga,12335
969102,Amosotho,Blouberg,Limpopo,48
862001,Amsterdam,Mkhondo,Mpumalanga,6769
661041,Ana AH,Madibeng,North West,229
260071,Anders Mission,Buffalo City,Eastern Cape,390
295100,Andris,Matatiele,Eastern Cape,1490
281037,Angola,Lukanji,Eastern Cape,1693
592005,Anmaharai,KwaDukuza,KwaZulu-Natal,5214
526027,Annieville,Dannhauser,KwaZulu-Natal,6404
282262,Anoves,Intsika Yethu,Eastern Cape,366
526037,Anville,Dannhauser,KwaZulu-Natal,2935
985007,Apel,Makhuduthamaga,Limpopo,2096
987136,Apiesdoring,Greater Tubatse,Limpopo,1515
270424,Apleni,Mbhashe,Eastern Cape,239
675008,Appeldraai,Ventersdorp,North West,573
172007,Arabella Country Estate,Overstrand,Western Cape,67
983011,Arabie,Ephraim Mogale,Limpopo,211
969031,Archibalt,Blouberg,Limpopo,506
272039,Arena,Great Kei,Eastern Cape,63
471009,Arlington,Nketoana,Free State,192
178008,Armoed,Oudtshoorn,Western Cape,472
173005,Arniston,Cape Agulhas,Western Cape,1267
282008,Arosi,Intsika Yethu,Eastern Cape,422
176016,Asazani,Mossel Bay,Western Cape,772
378003,Asbosknop,Kai !Garib,Northern Cape,189
566038,Ashburton,The Msunduzi,KwaZulu-Natal,2220
169006,Ashton,Langeberg,Western Cape,7727
285078,Askeaton,Sakhisizwe,Eastern Cape,117
377008,Askham,Mier,Northern Cape,0
666020,Atamelang,Tswaing,North West,5189
199029,Athlone,City of Cape Town,Western Cape,237414
674059,Athole,Kagisano/Molopo,North West,437
199004,Atlantis,City of Cape Town,Western Cape,67491
799056,Atteridgeville,City of Tshwane,Gauteng,64425
378011,Augrabies,Kai !Garib,Northern Cape,3627
378001,Augrabies Falls National Park,Kai !Garib,Northern Cape,590
378007,Augrabies Mission,Kai !Garib,Northern Cape,216
162005,Aurora,Bergrivier,Western Cape,578
969124,Aurora,Blouberg,Limpopo,366
674039,Austrey,Kagisano/Molopo,North West,1333
360008,Avon,Joe Morolong,Northern Cape,263
969059,Avon,Blouberg,Limpopo,8917
860006,Avontuur,Albert Luthuli,Mpumalanga,781
963002,Ba-Phalaborwa NU,Ba-Phalaborwa,Limpopo,6131
172024,Baardscheerders Bosch,Overstrand,Western Cape,103
962040,Babanana,Greater Tzaneen,Limpopo,1709
581134,Babanango,Ulundi,KwaZulu-Natal,1886
960025,Babangu,Greater Giyani,Limpopo,1745
290203,Babani,Ngquza Hill,Eastern Cape,665
799003,Babelegi,City of Tshwane,Gauteng,69
982009,Babirwa,Mogalakwena,Limpopo,4179
874037,Backdoor,Mbombela,Mpumalanga,2997
478007,Baddriftbrug,Metsimaholo,Free State,59
270530,Badi,Mbhashe,Eastern Cape,393
296194,Badibanise,Umzimvubu,Eastern Cape,2133
974087,Badimong,Polokwane,Limpopo,10983
860005,Badplaas,Albert Luthuli,Mpumalanga,582
969023,Bahamanoa,Blouberg,Limpopo,9
969040,Bahananoa,Blouberg,Limpopo,1473
661022,Baikagedi,Madibeng,North West,145
360097,Baily Brith,Joe Morolong,Northern Cape,110
293148,Bajodini,Mhlontlo,Eastern Cape,104
293123,Bakaleni,Mhlontlo,Eastern Cape,172
270488,Bakaneni,Mbhashe,Eastern Cape,376
271380,Bakaneni,Mnquma,Eastern Cape,406
982072,Bakenberg,Mogalakwena,Limpopo,7097
668003,Bakerville,Ditsobotla,North West,2441
970059,Bakone,Aganang,Limpopo,2518
982012,Bakone,Mogalakwena,Limpopo,2922
282101,Baku,Intsika Yethu,Eastern Cape,299
662012,Bala,Rustenburg,North West,2919
499041,Balaclava,Mangaung,Free State,222
293151,Balasi,Mhlontlo,Eastern Cape,358
598152,Balbel,Umzimkhulu,KwaZulu-Natal,1346
965013,Bale,Mutale,Limpopo,985
664009,Baleng,Moses Kotane,North West,671
290062,Baleni,Ngquza Hill,Eastern Cape,332
297340,Baleni A,Mbizana,Eastern Cape,200
297375,Baleni B,Mbizana,Eastern Cape,2231
297381,Baleni C,Mbizana,Eastern Cape,198
297383,Baleni D,Mbizana,Eastern Cape,310
297373,Baleni E,Mbizana,Eastern Cape,194
276008,Balfour,Nkonkobe,Eastern Cape,3102
865002,Balfour,Dipaleseng,Mpumalanga,3201
563005,Balgowan,uMngeni,KwaZulu-Natal,980
294204,Balizulu,King Sabata Dalindyebo,Eastern Cape,1005
468004,Balkfontein,Nala,Free State,154
592044,Ballito,KwaDukuza,KwaZulu-Natal,19234
964010,Balloon,Maruleng,Limpopo,3093
578010,Balmoral,eDumbe,KwaZulu-Natal,1360
580082,Bambelentulo,Nongoma,KwaZulu-Natal,2740
960062,Bambeni,Greater Giyani,Limpopo,1882
987064,Banareng,Greater Tubatse,Limpopo,1048
292185,Bandla,Nyandeni,Eastern Cape,813
505027,Bandlane,Ezingoleni,KwaZulu-Natal,2521
978034,Bangalong,Lephalale,Limpopo,846
542082,Bangamanzi,Nkandla,KwaZulu-Natal,1351
580030,Bangamaya,Nongoma,KwaZulu-Natal,1199
270178,Bangani,Mbhashe,Eastern Cape,124
260127,Bangilizwe,Buffalo City,Eastern Cape,131
584005,Bangiswa,The Big 5 False Bay,KwaZulu-Natal,950
582070,Bangizwe,Umhlabuyalingana,KwaZulu-Natal,366
291187,Bangolosi,Port St Johns,Eastern Cape,164
583073,Banjana,Jozini,KwaZulu-Natal,1022
984046,Bankfontein,Elias Motsoaledi,Limpopo,81
361023,Bankhara,Ga-Segonyana,Northern Cape,7972
283039,Bankies,Emalahleni,Eastern Cape,438
283010,Bankini,Emalahleni,Eastern Cape,517
386001,Banksdrif,Phokwane,Northern Cape,505
293278,Bantubabi,Mhlontlo,Eastern Cape,231
282229,Banzi,Intsika Yethu,Eastern Cape,373
599185,Baphehli,eThekwini,KwaZulu-Natal,11834
661043,Bapong,Madibeng,North West,15468
664080,Bapong,Moses Kotane,North West,3459
797016,Bapsfontein,Ekurhuleni,Gauteng,707
875006,Barberton,Umjindi,Mpumalanga,11997
360005,Bareki,Joe Morolong,Northern Cape,150
575027,Barklieside,Nqutu,KwaZulu-Natal,535
287137,Barkly East,Senqu,Eastern Cape,9986
384013,Barkly West,Dikgatlong,Northern Cape,8258
578041,Barofine,eDumbe,KwaZulu-Natal,340
274022,Barracks,Ngqushwa,Eastern Cape,1087
285076,Barracks,Sakhisizwe,Eastern Cape,346
170001,Barrydale,Swellendam,Western Cape,4156
266005,Barsheba,Sundays River Valley,Eastern Cape,995
581130,Basamlilo A,Ulundi,KwaZulu-Natal,244
581136,Basamlilo B,Ulundi,KwaZulu-Natal,90
960042,Basani,Greater Giyani,Limpopo,2217
966092,Basani,Thulamela,Limpopo,3408
270548,Bashee,Mbhashe,Eastern Cape,35
799076,Bashewa,City of Tshwane,Gauteng,1015
589121,Bashikizi,uMlalazi,KwaZulu-Natal,611
982079,Basterpad,Mogalakwena,Limpopo,674
665017,Bathobatho,Ratlou,North West,5080
265001,Bathurst,Ndlambe,Eastern Cape,737
295252,Batsoarele,Matatiele,Eastern Cape,116
360023,Battlemound,Joe Morolong,Northern Cape,353
267002,Baviaans NU,Baviaans,Eastern Cape,4882
799045,Baviaanspoort,City of Tshwane,Gauteng,2456
270136,Bavuma,Mbhashe,Eastern Cape,536
271367,Bawa,Mnquma,Eastern Cape,345
581028,Bayeni,Ulundi,KwaZulu-Natal,210
297014,Bayimani (Dayimani),Mbizana,Eastern Cape,1392
969113,Bayswater,Blouberg,Limpopo,1059
290238,Bazana,Ngquza Hill,Eastern Cape,925
585025,Bazaneni,Hlabisa,KwaZulu-Natal,2592
504052,Bazini,UMuziwabantu,KwaZulu-Natal,214
294088,Baziya Mission,King Sabata Dalindyebo,Eastern Cape,455
561016,Bazley Beach,Umdoni,KwaZulu-Natal,268
183005,Beaufort West,Beaufort West,Western Cape,20066
183004,Beaufort West NU,Beaufort West,Western Cape,7141
162008,Beaverlac,Bergrivier,Western Cape,59
287066,Bebeza,Senqu,Eastern Cape,612
279012,Beccles,Tsolwana,Eastern Cape,1032
277002,Bedford,Nxuba,Eastern Cape,5976
590030,Bedlane,Mthonjaneni,KwaZulu-Natal,514
274133,Begha Mouth,Ngqushwa,Eastern Cape,19
579007,Beginsel,UPhongolo,KwaZulu-Natal,3971
966015,Begwa,Thulamela,Limpopo,2066
967003,Beit Bridge,Musina,Limpopo,1001
573029,Bekabhezayo,Imbabazane,KwaZulu-Natal,1010
297362,Bekela,Mbizana,Eastern Cape,330
284400,Bekileni,Engcobo,Eastern Cape,583
765002,Bekkersdal,Westonaria,Gauteng,47213
274021,Bekruipkop,Ngqushwa,Eastern Cape,889
981003,Bela-Bela,Bela-Bela,Limpopo,45001
981002,Bela-Bela NU North,Bela-Bela,Limpopo,9616
981002,Bela-Bela NU South,Bela-Bela,Limpopo,4616
293104,Belekence,Mhlontlo,Eastern Cape,305
295049,Belford,Matatiele,Eastern Cape,599
579001,Belgrade,UPhongolo,KwaZulu-Natal,7404
199021,Belhar,City of Cape Town,Western Cape,56234
274102,Bell,Ngqushwa,Eastern Cape,865
165006,Bella Vista,Witzenberg,Western Cape,13460
578032,Bellemmerd,eDumbe,KwaZulu-Natal,528
961032,Bellevue,Greater Letaba,Limpopo,4394
276010,Bellvale,Nkonkobe,Eastern Cape,603
199016,Bellville,City of Cape Town,Western Cape,112507
376007,Belmont,Siyancuma,Northern Cape,25
598171,Ben Cairnie,Umzimkhulu,KwaZulu-Natal,0
963010,Ben Farm,Ba-Phalaborwa,Limpopo,12757
965005,Bende Mutale,Mutale,Limpopo,781
360035,Bendell,Joe Morolong,Northern Cape,1820
506006,Bendigo,Hibiscus Coast,KwaZulu-Natal,1011
580193,Bendle,Nongoma,KwaZulu-Natal,452
542030,Benedict Mission,Nkandla,KwaZulu-Natal,2126
797011,Benoni,Ekurhuleni,Gauteng,158777
287105,Bensonvale,Senqu,Eastern Cape,541
274131,Benton,Ngqushwa,Eastern Cape,140
503053,Berea,Umzumbe,KwaZulu-Natal,703
589082,Berea,uMlalazi,KwaZulu-Natal,1767
969051,Bergendal,Blouberg,Limpopo,1008
974142,Bergnek,Polokwane,Limpopo,1418
276037,Bergplaas,Nkonkobe,Eastern Cape,415
162002,Bergrivier NU,Bergrivier,Western Cape,24497
571064,Bergville,Okhahlamba,KwaZulu-Natal,1274
260060,Berlin,Buffalo City,Eastern Cape,3048
874070,Berlin State Forest,Mbombela,Mpumalanga,356
525004,Berouw,Emadlangeni,KwaZulu-Natal,1793
662030,Berseba,Rustenburg,North West,1709
969017,Berseba,Blouberg,Limpopo,234
478003,Bertha Shaft Village,Metsimaholo,Free State,1831
271454,Besmani,Mnquma,Eastern Cape,202
514016,Bester,Emnambithi/Ladysmith,KwaZulu-Natal,369
271289,Bethal,Mnquma,Eastern Cape,301
866008,Bethal,Govan Mbeki,Mpumalanga,60779
578009,Bethane,eDumbe,KwaZulu-Natal,883
662044,Bethanie,Rustenburg,North West,8429
571019,Bethany,Okhahlamba,KwaZulu-Natal,6481
546026,Bethe,Maphumulo,KwaZulu-Natal,646
295072,Bethel,Matatiele,Eastern Cape,1567
667069,Bethel,Mafikeng,North West,1162
299006,Bethelsdorp,Nelson Mandela Bay,Eastern Cape,182012
295216,Bethesda,Matatiele,Eastern Cape,941
470005,Bethlehem,Dihlabeng,Free State,16236
594022,Bethlehem,Ingwe,KwaZulu-Natal,1208
461018,Bethulie,Kopanong,Free State,2100
296122,Betshwane,Umzimvubu,Eastern Cape,1956
172004,Betty's Bay,Overstrand,Western Cape,1380
860039,Betty's Goed,Albert Luthuli,Mpumalanga,1489
560045,Beula,Vulamehlo,KwaZulu-Natal,598
966136,Bevula,Thulamela,Limpopo,1787
284320,Beyele,Engcobo,Eastern Cape,552
273035,Bhabha,Amahlathi,Eastern Cape,275
542018,Bhacane,Nkandla,KwaZulu-Natal,498
296129,Bhadalala,Umzimvubu,Eastern Cape,744
291010,Bhakaleni,Port St Johns,Eastern Cape,848
294260,Bhakaleni,King Sabata Dalindyebo,Eastern Cape,681
298039,Bhakubha,Ntabankulu,Eastern Cape,2831
290013,Bhala,Ngquza Hill,Eastern Cape,960
290047,Bhalasi,Ngquza Hill,Eastern Cape,1764
293259,Bhalasi,Mhlontlo,Eastern Cape,148
571023,Bhalekisi,Okhahlamba,KwaZulu-Natal,2913
583025,Bhambanani,Jozini,KwaZulu-Natal,3405
580027,Bhanganomo,Nongoma,KwaZulu-Natal,1166
286164,Bhantini,Elundini,Eastern Cape,468
292196,Bhantini A,Nyandeni,Eastern Cape,512
292224,Bhantini B,Nyandeni,Eastern Cape,397
271475,Bharhumani,Mnquma,Eastern Cape,60
273093,Bhavameni,Amahlathi,Eastern Cape,473
270288,Bhawu,Mbhashe,Eastern Cape,125
270195,Bhayi,Mbhashe,Eastern Cape,860
576028,Bhaza,Msinga,KwaZulu-Natal,858
293061,Bheja,Mhlontlo,Eastern Cape,1050
538004,Bhejane,uMhlathuze,KwaZulu-Natal,1482
575102,Bhekabani,Nqutu,KwaZulu-Natal,440
575048,Bhekabantu A,Nqutu,KwaZulu-Natal,271
575069,Bhekabantu B,Nqutu,KwaZulu-Natal,637
503025,Bhekameva,Umzumbe,KwaZulu-Natal,568
504040,Bhekene,UMuziwabantu,KwaZulu-Natal,1459
583050,Bhekindoda,Jozini,KwaZulu-Natal,3662
274134,Bhekisi,Ngqushwa,Eastern Cape,153
874010,Bhekiswayo,Mbombela,Mpumalanga,4632
297349,Bhekiyeza,Mbizana,Eastern Cape,466
599184,Bhekulwandle,eThekwini,KwaZulu-Natal,4859
580124,Bhekumteto,Nongoma,KwaZulu-Natal,405
573006,Bhekuzulu,Imbabazane,KwaZulu-Natal,7922
274003,Bhele,Ngqushwa,Eastern Cape,699
297291,Bhele A,Mbizana,Eastern Cape,1208
297169,Bhele B,Mbizana,Eastern Cape,138
291177,Bheleni,Port St Johns,Eastern Cape,617
282145,Bhesi,Intsika Yethu,Eastern Cape,178
296112,Bhetani,Umzimvubu,Eastern Cape,135
270016,Bhetani A,Mbhashe,Eastern Cape,452
270014,Bhetani B,Mbhashe,Eastern Cape,136
506024,Bhethani,Hibiscus Coast,KwaZulu-Natal,2126
286067,Bhethula,Elundini,Eastern Cape,138
296124,Bhetshwana,Umzimvubu,Eastern Cape,513
593025,Bhidakhona,Ndwedwe,KwaZulu-Natal,143
504025,Bhidla,UMuziwabantu,KwaZulu-Natal,690
594020,Bhidla,Ingwe,KwaZulu-Natal,814
270033,Bhijolo,Mbhashe,Eastern Cape,83
538013,Bhiliya,uMhlathuze,KwaZulu-Natal,3854
588016,Bhiliya,Ntambanana,KwaZulu-Natal,987
284165,Bhinca,Engcobo,Eastern Cape,58
298017,Bhisa,Ntabankulu,Eastern Cape,124
271264,Bhishibha,Mnquma,Eastern Cape,194
296206,Bhisilane,Umzimvubu,Eastern Cape,1298
560054,Bhobhobho,Vulamehlo,KwaZulu-Natal,297
597020,Bhobhobho,Ubuhlebezwe,KwaZulu-Natal,469
290254,Bhobhoyi,Ngquza Hill,Eastern Cape,323
594074,Bhobhoyi,Ingwe,KwaZulu-Natal,790
529031,Bhobozana,Abaqulusi,KwaZulu-Natal,1172
271368,Bhokhwe,Mnquma,Eastern Cape,706
283175,Bhoko,Emalahleni,Eastern Cape,302
583066,Bhokweni,Jozini,KwaZulu-Natal,1015
581043,Bhokweni A,Ulundi,KwaZulu-Natal,1378
581060,Bhokweni B,Ulundi,KwaZulu-Natal,433
291143,Bholani A,Port St Johns,Eastern Cape,316
291174,Bholani B,Port St Johns,Eastern Cape,718
292139,Bholotwa,Nyandeni,Eastern Cape,618
506025,Bhomela,Hibiscus Coast,KwaZulu-Natal,3533
283092,Bhomeni,Emalahleni,Eastern Cape,620
271229,Bhongolwethu,Mnquma,Eastern Cape,374
283131,Bhongolwethu,Emalahleni,Eastern Cape,1514
270503,Bhongweni,Mbhashe,Eastern Cape,259
271018,Bhongweni,Mnquma,Eastern Cape,572
290313,Bhongweni,Ngquza Hill,Eastern Cape,94
764001,Bhongweni,Randfontein,Gauteng,1334
298053,Bhononi,Ntabankulu,Eastern Cape,311
298061,Bhonxa,Ntabankulu,Eastern Cape,3969
271545,Bhonyothi,Mnquma,Eastern Cape,491
271030,Bhoqo,Mnquma,Eastern Cape,323
283083,Bhoqo,Emalahleni,Eastern Cape,270
294456,Bhuba,King Sabata Dalindyebo,Eastern Cape,418
293093,Bhubesini,Mhlontlo,Eastern Cape,274
292284,Bhucula,Nyandeni,Eastern Cape,452
504051,Bhudlu,UMuziwabantu,KwaZulu-Natal,598
560025,Bhudubhudu,Vulamehlo,KwaZulu-Natal,679
561010,Bhudubhudu,Umdoni,KwaZulu-Natal,3565
291034,Bhuje,Port St Johns,Eastern Cape,472
588051,Bhukhanana,Ntambanana,KwaZulu-Natal,6116
297162,Bhukuva,Mbizana,Eastern Cape,103
271146,Bhulele,Mnquma,Eastern Cape,176
593060,Bhulushe,Ndwedwe,KwaZulu-Natal,441
871004,Bhundu,Thembisile,Mpumalanga,3797
270425,Bhunga,Mbhashe,Eastern Cape,184
290001,Bhungeni,Ngquza Hill,Eastern Cape,172
298050,Bhungeni,Ntabankulu,Eastern Cape,612
297272,Bhungweni,Mbizana,Eastern Cape,523
290226,Bhuqa,Ngquza Hill,Eastern Cape,48
271256,Bhuru,Mnquma,Eastern Cape,63
270449,Bhuta,Mbhashe,Eastern Cape,200
297100,Bhwnijini A,Mbizana,Eastern Cape,209
297097,Bhwnijini B,Mbizana,Eastern Cape,158
664040,Bierkraal,Moses Kotane,North West,536
668017,Biesiesvlei,Ditsobotla,North West,116
294366,Bijolo,King Sabata Dalindyebo,Eastern Cape,672
287004,Bikizana,Senqu,Eastern Cape,334
282171,Bilatye,Intsika Yethu,Eastern Cape,123
965016,Bileni,Mutale,Limpopo,117
172021,Birkenhead,Overstrand,Western Cape,56
290175,Bisana,Ngquza Hill,Eastern Cape,1132
260032,Bisho,Buffalo City,Eastern Cape,11192
290076,Bisi,Ngquza Hill,Eastern Cape,1653
964011,Bismark,Maruleng,Limpopo,2705
179001,Bitou NU,Bitou,Western Cape,4954
160004,Bitterfontein,Matzikama,Western Cape,986
182001,Bitterwater,Prince Albert,Western Cape,2123
583059,Biva,Jozini,KwaZulu-Natal,2710
291153,Bizana,Port St Johns,Eastern Cape,626
297016,Bizana,Mbizana,Eastern Cape,7974
598113,Bizweni,Umzimkhulu,KwaZulu-Natal,549
524017,Blaauwbosch Laagte,Newcastle,KwaZulu-Natal,21336
467018,Blaauwdrift,Matjhabeng,Free State,50
295128,Black Diamond,Matatiele,Eastern Cape,611
286008,Black Fountain,Elundini,Eastern Cape,17
599050,Blackburn,eThekwini,KwaZulu-Natal,23960
199022,Blackheath,City of Cape Town,Western Cape,56114
360063,Blackrock,Joe Morolong,Northern Cape,403
282014,Blasini Village,Intsika Yethu,Eastern Cape,184
598149,Blema,Umzimkhulu,KwaZulu-Natal,375
287101,Blikana,Senqu,Eastern Cape,1690
276043,Blink Water,Nkonkobe,Eastern Cape,787
869008,Blinkpan,Steve Tshwete,Mpumalanga,1207
578014,Blinkwater,eDumbe,KwaZulu-Natal,8810
960054,Blinkwater,Greater Giyani,Limpopo,2850
961030,Blinkwater,Greater Letaba,Limpopo,38
574001,Bloed Rivier,Endumeni,KwaZulu-Natal,167
499023,Bloemfontein,Mangaung,Free State,256185
673002,Bloemhof,Lekwa-Teemane,North West,2339
378006,Bloemsmond,Kai !Garib,Northern Cape,497
287074,Blom,Senqu,Eastern Cape,265
974042,Bloodriver,Polokwane,Limpopo,10724
505009,Blose,Ezingoleni,KwaZulu-Natal,309
199013,Blouberg,City of Cape Town,Western Cape,106222
969055,Blouberg,Blouberg,Limpopo,2976
969002,Blouberg Munic NU,Blouberg,Limpopo,7058
868007,Bloukrans,Emalahleni,Mpumalanga,793
514017,Blue Bank,Emnambithi/Ladysmith,KwaZulu-Natal,571
262006,Blue Crane Route NU,Blue Crane Route,Eastern Cape,6954
199035,Blue Downs,City of Cape Town,Western Cape,92330
287080,Blue Gums,Senqu,Eastern Cape,822
799079,Blue Hills,City of Tshwane,Gauteng,0
299011,Blue Horizon Bay,Nelson Mandela Bay,Eastern Cape,419
176018,Blue Ridge,Mossel Bay,Western Cape,7
271147,Blue Sky,Mnquma,Eastern Cape,253
873002,Blyde River Canyon Nature Reserve,Thaba Chweu,Mpumalanga,58
592029,Blythedale Beach,KwaDukuza,KwaZulu-Natal,626
969104,Bobirwa,Blouberg,Limpopo,927
506019,Boboyi,Hibiscus Coast,KwaZulu-Natal,6915
985142,Bochabelo,Makhuduthamaga,Limpopo,103
969097,Bochum,Blouberg,Limpopo,6777
562010,Bock en houd Fontein,uMshwathi,KwaZulu-Natal,279
960036,Bode,Greater Giyani,Limpopo,2012
969074,Bodi,Blouberg,Limpopo,5842
274100,Bodiam,Ngqushwa,Eastern Cape,414
668007,Bodibe,Ditsobotla,North West,21688
284325,Bodini,Engcobo,Eastern Cape,889
976027,Bodutulo,Lepele-Nkumpi,Limpopo,684
962097,Bodweni,Greater Tzaneen,Limpopo,646
380006,Boegoeberg,!Kheis,Northern Cape,1857
662023,Boekenhoutfontein,Rustenburg,North West,684
284431,Bofolo,Engcobo,Eastern Cape,145
499003,Bofulo,Mangaung,Free State,198
986006,Bogalatladi,Fetakgomo,Limpopo,2892
176022,Boggoms Bay,Mossel Bay,Western Cape,69
470001,Bohlokong,Dihlabeng,Free State,35003
472017,Boiketlo,Maluti a Phofung,Free State,5661
668012,Boikhutso,Ditsobotla,North West,19111
760011,Boipatong,Emfuleni,Gauteng,22168
672031,Boipelo,Greater Taung,North West,4182
662035,Boitekong,Rustenburg,North West,79786
673004,Boitumelong,Lekwa-Teemane,North West,23155
360086,Bojalapotsane,Joe Morolong,Northern Cape,180
284246,Bojane,Engcobo,Eastern Cape,278
664069,Bojating,Moses Kotane,North West,2364
270612,Bojeni,Mbhashe,Eastern Cape,884
662060,Bokamoso,Rustenburg,North West,2882
962030,Bokhuta,Greater Tzaneen,Limpopo,1485
265013,Boknes Strand,Ndlambe,Eastern Cape,318
667037,Bokone,Mafikeng,North West,1830
797010,Boksburg,Ekurhuleni,Gauteng,260321
297178,Bokuveni,Mbizana,Eastern Cape,356
982067,Bokwidi,Mogalakwena,Limpopo,1354
976072,Bolahlakgomo,Lepele-Nkumpi,Limpopo,2066
282142,Bolana,Intsika Yethu,Eastern Cape,614
660017,Bolantlokwe,Moretele,North West,366
472032,Bolata,Maluti a Phofung,Free State,14893
877024,Bolla-Tau,Bushbuckridge,Mpumalanga,12703
961099,Bolobedu,Greater Letaba,Limpopo,536
976032,Bolopa,Lepele-Nkumpi,Limpopo,560
273078,Bomapass,Amahlathi,Eastern Cape,1185
293163,Bomberg,Mhlontlo,Eastern Cape,101
580074,Bombolo,Nongoma,KwaZulu-Natal,96
580056,Bombolo A,Nongoma,KwaZulu-Natal,116
580067,Bombolo B,Nongoma,KwaZulu-Natal,159
283097,Bomplas,Emalahleni,Eastern Cape,293
271244,Bomvana,Mnquma,Eastern Cape,233
292285,Bomvane,Nyandeni,Eastern Cape,710
292137,Bomvini,Nyandeni,Eastern Cape,1348
293146,Bomvini,Mhlontlo,Eastern Cape,469
298102,Bomvini,Ntabankulu,Eastern Cape,1202
799036,Bon Accord,City of Tshwane,Gauteng,2270
674034,Bonabona,Kagisano/Molopo,North West,1110
799073,Bonamanzi Marina and Country Club,City of Tshwane,Gauteng,4
875001,Bonanza Gold Mine,Umjindi,Mpumalanga,1608
297063,Bonda,Mbizana,Eastern Cape,1248
294385,Bonga,King Sabata Dalindyebo,Eastern Cape,1132
296138,Bonga,Umzimvubu,Eastern Cape,1292
579023,Bongaspoort,UPhongolo,KwaZulu-Natal,3611
589021,Bongela,uMlalazi,KwaZulu-Natal,685
597035,Bongindawo,Ubuhlebezwe,KwaZulu-Natal,735
178005,Bongolethu,Oudtshoorn,Western Cape,14724
271268,Bongoza,Mnquma,Eastern Cape,432
273084,Bongweni,Amahlathi,Eastern Cape,598
282086,Bongweni,Intsika Yethu,Eastern Cape,234
286196,Bongweni,Elundini,Eastern Cape,209
571029,Bonjaneni,Okhahlamba,KwaZulu-Natal,1351
270112,Bonkolo,Mbhashe,Eastern Cape,70
962072,Bonn,Greater Tzaneen,Limpopo,2752
169007,Bonnievale,Langeberg,Western Cape,9092
266004,Bontrug,Sundays River Valley,Eastern Cape,8394
283035,Boomplaas,Emalahleni,Eastern Cape,511
287085,Boomplaas,Senqu,Eastern Cape,369
270569,Bophela,Mbhashe,Eastern Cape,105
760013,Bophelong,Emfuleni,Gauteng,46089
669017,Borakalalo,Ramotshere Moiloa,North West,9659
970047,Boratapelo,Aganang,Limpopo,1039
273090,Border Post,Amahlathi,Eastern Cape,3052
663003,Borolelo,Kgetlengrivier,North West,8580
872034,Borolo,Dr JS Moroka,Mpumalanga,7426
669028,Borothamadi,Ramotshere Moiloa,North West,619
474007,Borwa,Mantsopa,Free State,4745
969046,Borwalathoto,Blouberg,Limpopo,1334
876037,Boschfontein,Nkomazi,Mpumalanga,7811
662022,Boschhoek,Rustenburg,North West,1551
573028,Boschi,Imbabazane,KwaZulu-Natal,1484
799067,Boschkop,City of Tshwane,Gauteng,623
874056,Boschrand Heights,Mbombela,Mpumalanga,0
961068,Boshakge,Greater Letaba,Limpopo,488
969063,Boshia,Blouberg,Limpopo,714
987063,Boshoek,Greater Tubatse,Limpopo,939
465004,Boshof,Tokologo,Free State,3858
269009,Boskop,Kou-Kamma,Eastern Cape,90
676001,Boskop,Tlokwe City Council,North West,184
974096,Boskopies,Polokwane,Limpopo,199
678010,Boskuil,Maquassi Hills,North West,1200
179011,Bosluiskop,Bitou,Western Cape,18
873015,Bosoord,Thaba Chweu,Mpumalanga,1130
660050,Bosplaas,Moretele,North West,2670
799006,Bosplaas Mathabe,City of Tshwane,Gauteng,137
360028,Bosra,Joe Morolong,Northern Cape,462
978007,Bossche Diesch,Lephalale,Limpopo,2203
179006,Bossiesgerf,Bitou,Western Cape,1444
282059,Botani,Intsika Yethu,Eastern Cape,213
599109,Botha's Hill,eThekwini,KwaZulu-Natal,2190
281033,Botha's Hoek,Lukanji,Eastern Cape,176
762013,Bothasgeluk,Lesedi,Gauteng,110
987101,Bothashoek,Greater Tubatse,Limpopo,2276
468001,Bothaville,Nala,Free State,4152
360107,Bothetheletsa,Joe Morolong,Northern Cape,1064
360048,Bothithong,Joe Morolong,Northern Cape,3172
270282,Botho,Mbhashe,Eastern Cape,700
472007,Botjhabelo,Maluti a Phofung,Free State,1080
867001,Botleng,Victor Khanye,Mpumalanga,44727
969116,Botlokwa,Blouberg,Limpopo,211
973026,Botlokwa (Mphakane),Molemole,Limpopo,20439
962021,Botludi,Greater Tzaneen,Limpopo,1437
296093,Botomani,Umzimvubu,Eastern Cape,243
171012,Botrivier,Theewaterskloof,Western Cape,5505
978013,Botsalanong,Lephalale,Limpopo,1216
499030,Botshabelo,Mangaung,Free State,181712
960056,Botshabelo,Greater Giyani,Limpopo,1477
978005,Botshabelo,Lephalale,Limpopo,1114
966026,Botsoleni,Thulamela,Limpopo,2733
987144,Bottom Village,Greater Tubatse,Limpopo,659
271111,Botwe,Mnquma,Eastern Cape,15
292004,Bovini,Nyandeni,Eastern Cape,217
295007,Bovini,Matatiele,Eastern Cape,216
597053,Bovini,Ubuhlebezwe,KwaZulu-Natal,1046
598019,Bovini,Umzimkhulu,KwaZulu-Natal,1463
283149,Bowden,Emalahleni,Eastern Cape,479
274013,Boxelulu,Ngqushwa,Eastern Cape,826
293310,Boycy,Mhlontlo,Eastern Cape,416
504010,Bozana,UMuziwabantu,KwaZulu-Natal,440
986028,Braamfontein,Fetakgomo,Limpopo,614
199019,Brackenfell,City of Cape Town,Western Cape,44842
560064,Braemar,Vulamehlo,KwaZulu-Natal,1171
514021,Brakfontein,Emnambithi/Ladysmith,KwaZulu-Natal,3353
286072,Braki,Elundini,Eastern Cape,219
281052,Brakkloof A,Lukanji,Eastern Cape,917
281046,Brakkloof B,Lukanji,Eastern Cape,1083
797022,Brakpan,Ekurhuleni,Gauteng,73080
464007,Brandfort,Masilonyana,Free State,3134
168009,Brandvlei,Breede Valley,Western Cape,1171
366001,Brandvlei,Hantam,Northern Cape,2859
167025,Brandwacht,Stellenbosch,Western Cape,265
176010,Brandwacht,Mossel Bay,Western Cape,1470
674003,Bray,Kagisano/Molopo,North West,1357
287107,Brayini,Senqu,Eastern Cape,196
982001,Breda,Mogalakwena,Limpopo,760
173003,Bredasdorp,Cape Agulhas,Western Cape,15524
168002,Breede Valley NU,Breede Valley,Western Cape,46075
797017,Breswol,Ekurhuleni,Gauteng,493
861004,Breyten,Msukaligwa,Mpumalanga,14347
598043,Bridge,Umzimkhulu,KwaZulu-Natal,622
178006,Bridgeton,Oudtshoorn,Western Cape,17640
526058,Bright Home,Dannhauser,KwaZulu-Natal,443
661034,Brits,Madibeng,North West,25604
371002,Britstown,Emthanjeni,Northern Cape,3843
969072,Brodie Hill A,Blouberg,Limpopo,547
969078,Brodie Hill B,Blouberg,Limpopo,793
577017,Broedershoek,Umvoti,KwaZulu-Natal,360
874048,Broedersvrede,Mbombela,Mpumalanga,1000
667080,Broksby,Mafikeng,North West,1199
799072,Bronkhorstspruit,City of Tshwane,Gauteng,12470
873016,Brooklands,Thaba Chweu,Mpumalanga,94
985147,Brooklyn,Makhuduthamaga,Limpopo,2169
296028,Brooksnek,Umzimvubu,Eastern Cape,4247
675006,Bruidegomskraal,Ventersdorp,North West,2292
564008,Bruntville,Mpofana,KwaZulu-Natal,8102
973018,Brussels,Molemole,Limpopo,803
291053,Buchele,Port St Johns,Eastern Cape,1838
565019,Bucklands,Impendle,KwaZulu-Natal,2086
966163,Budeli,Thulamela,Limpopo,2362
260010,Buffalo City NU,Buffalo City,Eastern Cape,10359
180011,Buffelsbaai,Knysna,Western Cape,71
661016,Buffelsdoorn,Madibeng,North West,104
662066,Buffelsfontein,Rustenburg,North West,228
969041,Buffelshoek,Blouberg,Limpopo,4910
982050,Buffelshoek,Mogalakwena,Limpopo,440
170004,Buffelsjagrivier,Swellendam,Western Cape,1439
873017,Buffelskloof,Thaba Chweu,Mpumalanga,10
296054,Buffnek,Umzimvubu,Eastern Cape,828
270118,Bufumba,Mbhashe,Eastern Cape,938
298143,Buhlanga,Ntabankulu,Eastern Cape,46
290179,Buhlanyanga,Ngquza Hill,Eastern Cape,3755
580069,Buhlenibenkosi,Nongoma,KwaZulu-Natal,415
293203,Buhlungwana,Mhlontlo,Eastern Cape,1463
968087,Buisdorp,Makhado,Limpopo,629
580104,Bukalini,Nongoma,KwaZulu-Natal,509
290109,Bukazi,Ngquza Hill,Eastern Cape,1668
298111,Bukazi,Ntabankulu,Eastern Cape,585
291019,Bukuqweni Farma,Port St Johns,Eastern Cape,161
282004,Bukwana,Intsika Yethu,Eastern Cape,907
571054,Bukweni,Okhahlamba,KwaZulu-Natal,2428
284071,Bula,Engcobo,Eastern Cape,391
297286,Bulala,Mbizana,Eastern Cape,370
961060,Bulasini,Greater Letaba,Limpopo,1198
282161,Bulawayo,Intsika Yethu,Eastern Cape,116
284025,Bulawayo,Engcobo,Eastern Cape,116
260065,Bulembu,Buffalo City,Eastern Cape,1212
281034,Bulhoek,Lukanji,Eastern Cape,214
674055,Bull Run,Kagisano/Molopo,North West,173
969057,Bull-Bull,Blouberg,Limpopo,667
364006,Bullettrap,Nama Khoi,Northern Cape,415
575136,Bulolo,Nqutu,KwaZulu-Natal,544
466005,Bultfontein,Tswelopele,Free State,2176
799013,Bultfontein,City of Tshwane,Gauteng,2147
580099,Bululwane,Nongoma,KwaZulu-Natal,3244
270293,Bulungula,Mbhashe,Eastern Cape,96
966042,Buluni,Thulamela,Limpopo,382
276152,Bulura,Nkonkobe,Eastern Cape,302
594031,Bulwer,Ingwe,KwaZulu-Natal,1322
966220,Bulwini,Thulamela,Limpopo,2474
290050,Bumazi,Ngquza Hill,Eastern Cape,988
285079,Bumbana,Sakhisizwe,Eastern Cape,373
270349,Bumbane,Mbhashe,Eastern Cape,501
271516,Bumbane,Mnquma,Eastern Cape,373
294324,Bumbane,King Sabata Dalindyebo,Eastern Cape,316
284033,Bumbane A,Engcobo,Eastern Cape,147
284102,Bumbane B,Engcobo,Eastern Cape,203
587041,Bumbaneni,Mfolozi,KwaZulu-Natal,1958
296027,Bumbeni,Umzimvubu,Eastern Cape,2230
270185,Bunene,Mbhashe,Eastern Cape,614
580081,Bungazeleni A,Nongoma,KwaZulu-Natal,271
580063,Bungazeleni B,Nongoma,KwaZulu-Natal,585
291188,Bungeni,Port St Johns,Eastern Cape,240
968101,Bungeni,Makhado,Limpopo,9162
270435,Bunqaba,Mbhashe,Eastern Cape,26
961063,Buqa,Greater Letaba,Limpopo,1559
514012,Burford,Emnambithi/Ladysmith,KwaZulu-Natal,6020
969033,Burgerrecht,Blouberg,Limpopo,1641
289005,Burgersdorp,Gariep,Eastern Cape,5241
962081,Burgersdorp,Greater Tzaneen,Limpopo,6347
987137,Burgersfort,Greater Tubatse,Limpopo,6369
877027,Burlington,Bushbuckridge,Mpumalanga,4154
273115,Burnshill,Amahlathi,Eastern Cape,693
270620,Busakwe,Mbhashe,Eastern Cape,160
877105,Bushbuckridge,Bushbuckridge,Mpumalanga,2109
877008,Bushbuckridge NU,Bushbuckridge,Mpumalanga,1070
265011,Bushmans River,Ndlambe,Eastern Cape,6147
661042,Bushveld View,Madibeng,North West,57
271201,Busila,Mnquma,Eastern Cape,412
571031,Busingatha A,Okhahlamba,KwaZulu-Natal,1765
571028,Busingatha B,Okhahlamba,KwaZulu-Natal,855
964023,Butchwana,Maruleng,Limpopo,1505
297225,Buthini,Mbizana,Eastern Cape,76
291179,Butho,Port St Johns,Eastern Cape,1281
292233,Buthongweni,Nyandeni,Eastern Cape,1204
297274,Buthongweni,Mbizana,Eastern Cape,126
506058,Buthongweni,Hibiscus Coast,KwaZulu-Natal,935
290136,Buthulo,Ngquza Hill,Eastern Cape,66
291149,Buthulo,Port St Johns,Eastern Cape,377
296172,Butsheni,Umzimvubu,Eastern Cape,448
271161,Butterworth,Mnquma,Eastern Cape,44039
297244,Buttville A,Mbizana,Eastern Cape,564
297201,Buttville B,Mbizana,Eastern Cape,249
293117,Buwa,Mhlontlo,Eastern Cape,595
294331,Buwa,King Sabata Dalindyebo,Eastern Cape,950
874035,Buyelani,Mbombela,Mpumalanga,236
877083,Buyisonto,Bushbuckridge,Mpumalanga,10472
290159,Buziba,Ngquza Hill,Eastern Cape,567
976081,Byldrift,Lepele-Nkumpi,Limpopo,1785
270248,Caba,Mbhashe,Eastern Cape,496
273034,Caba,Amahlathi,Eastern Cape,198
284060,Caba,Engcobo,Eastern Cape,85
293101,Caba,Mhlontlo,Eastern Cape,205
294128,Caba,King Sabata Dalindyebo,Eastern Cape,365
295176,Caba,Matatiele,Eastern Cape,1761
298085,Caba,Ntabankulu,Eastern Cape,759
296036,Cabazana,Umzimvubu,Eastern Cape,3654
296168,Cabazi,Umzimvubu,Eastern Cape,1458
567003,Cabazini,Mkhambathini,KwaZulu-Natal,1334
291040,Cabe,Port St Johns,Eastern Cape,908
290321,Cabekwana,Ngquza Hill,Eastern Cape,189
296227,Cabhane,Umzimvubu,Eastern Cape,519
506009,Cabhane,Hibiscus Coast,KwaZulu-Natal,1169
296052,Cabuka,Umzimvubu,Eastern Cape,187
284193,Caca,Engcobo,Eastern Cape,295
294335,Cacadu,King Sabata Dalindyebo,Eastern Cape,1359
298071,Cacadu,Ntabankulu,Eastern Cape,820
598085,Cacadu,Umzimkhulu,KwaZulu-Natal,418
271174,Cafutweni,Mnquma,Eastern Cape,172
276003,Cairns,Nkonkobe,Eastern Cape,240
860044,Caithness,Albert Luthuli,Mpumalanga,136
285025,Cala,Sakhisizwe,Eastern Cape,14520
964001,Calais,Maruleng,Limpopo,2484
276140,Calderwood,Nkonkobe,Eastern Cape,197
171011,Caledon,Theewaterskloof,Western Cape,13020
271168,California,Mnquma,Eastern Cape,316
174005,Calitzdorp,Kannaland,Western Cape,4284
969085,Callashield,Blouberg,Limpopo,286
286106,Calucalu,Elundini,Eastern Cape,205
366005,Calvinia,Hantam,Northern Cape,9680
282296,Camama,Intsika Yethu,Eastern Cape,1816
270227,Camandashe,Mbhashe,Eastern Cape,397
261002,Camdeboo NU,Camdeboo,Eastern Cape,6562
861009,Camden,Msukaligwa,Mpumalanga,674
376003,Campbell,Siyancuma,Northern Cape,2179
567016,Camperdown,Mkhambathini,KwaZulu-Natal,2101
570011,Campsie Glen,Umtshezi,KwaZulu-Natal,1102
270594,Camsha,Mbhashe,Eastern Cape,222
283011,Cancele,Emalahleni,Eastern Cape,250
296165,Cancele,Umzimvubu,Eastern Cape,723
598125,Cancele,Umzimkhulu,KwaZulu-Natal,2065
270060,Candu,Mbhashe,Eastern Cape,129
265014,Canon Rocks,Ndlambe,Eastern Cape,214
292290,Canzibe,Nyandeni,Eastern Cape,1005
173002,Cape Agulhas NU,Cape Agulhas,Western Cape,6152
199005,Cape Farms,City of Cape Town,Western Cape,1563
199002,Cape Metro,City of Cape Town,Western Cape,11916
268013,Cape St Francis,Kouga,Eastern Cape,342
199041,Cape Town,City of Cape Town,Western Cape,433688
199009,Cape Town NU,City of Cape Town,Western Cape,485
766004,Carletonville,Merafong City,Gauteng,23000
668001,Carlisonia,Ditsobotla,North West,964
372004,Carnavon,Kareeberg,Northern Cape,6612
562007,Carney Hill,uMshwathi,KwaZulu-Natal,319
860020,Carolina,Albert Luthuli,Mpumalanga,16846
364013,Carolusberg,Nama Khoi,Northern Cape,1336
660052,Carousel View,Moretele,North West,6973
260171,Carrington,Buffalo City,Eastern Cape,71
273044,Carthcart,Amahlathi,Eastern Cape,2310
360031,Cassel,Joe Morolong,Northern Cape,3895
199057,Castle Rock,City of Cape Town,Western Cape,5595
273057,Cata,Amahlathi,Eastern Cape,892
276014,Cathcartvale A,Nkonkobe,Eastern Cape,627
276119,Cathcartvale B,Nkonkobe,Eastern Cape,723
503072,Cathula,Umzumbe,KwaZulu-Natal,1790
599092,Cato Ridge,eThekwini,KwaZulu-Natal,3874
282279,Catshile,Intsika Yethu,Eastern Cape,459
524021,Cavan,Newcastle,KwaZulu-Natal,13273
294357,Cawu,King Sabata Dalindyebo,Eastern Cape,319
563014,Cedara,uMngeni,KwaZulu-Natal,1280
563016,Cedarge,uMngeni,KwaZulu-Natal,5888
295185,Cedarville,Matatiele,Eastern Cape,4412
298034,Cedarville,Ntabankulu,Eastern Cape,812
161002,Cederberg NU,Cederberg,Western Cape,24713
284178,Cefane,Engcobo,Eastern Cape,654
292216,Ceka,Nyandeni,Eastern Cape,394
293304,Ceka,Mhlontlo,Eastern Cape,438
580098,Cekeni,Nongoma,KwaZulu-Natal,578
504006,Cekeza,UMuziwabantu,KwaZulu-Natal,1126
293162,Cekwayo,Mhlontlo,Eastern Cape,181
290128,Cele,Ngquza Hill,Eastern Cape,475
274107,Celetyuma,Ngqushwa,Eastern Cape,791
293069,Cengane,Mhlontlo,Eastern Cape,445
581117,Cengeni,Ulundi,KwaZulu-Natal,863
273006,Cengu,Amahlathi,Eastern Cape,610
985076,Center,Makhuduthamaga,Limpopo,2565
271343,Centuli,Mnquma,Eastern Cape,356
797001,Centurion,Ekurhuleni,Gauteng,11366
799059,Centurion,City of Tshwane,Gauteng,236580
165007,Ceres,Witzenberg,Western Cape,10413
270128,Ceru,Mbhashe,Eastern Cape,110
271325,Ceru,Mnquma,Eastern Cape,648
298035,Cetshe,Ntabankulu,Eastern Cape,802
581012,Ceza,Ulundi,KwaZulu-Natal,449
291124,Chabaza,Port St Johns,Eastern Cape,102
961017,Chabelane,Greater Letaba,Limpopo,564
270140,Chachazele,Mbhashe,Eastern Cape,307
566008,Chaewe,The Msunduzi,KwaZulu-Natal,1800
272030,Chakatha,Great Kei,Eastern Cape,315
260155,Chalumna A,Buffalo City,Eastern Cape,526
260168,Chalumna B,Buffalo City,Eastern Cape,158
296171,Chancele,Umzimvubu,Eastern Cape,1229
662009,Chaneng,Rustenburg,North West,4529
296187,Chani,Umzimvubu,Eastern Cape,287
270108,Chaphaza,Mbhashe,Eastern Cape,89
866012,Charl Cilliers,Govan Mbeki,Mpumalanga,768
524001,Charlestown,Newcastle,KwaZulu-Natal,4392
798011,Chartwell,City of Johannesburg,Gauteng,1728
566002,Chase Valley,The Msunduzi,KwaZulu-Natal,5377
164021,Chatsworth,Swartland,Western Cape,2326
599161,Chatsworth,eThekwini,KwaZulu-Natal,196580
968102,Chavani,Makhado,Limpopo,7523
877128,Chavelagaza,Bushbuckridge,Mpumalanga,89
799060,Cheetah Park,City of Tshwane,Gauteng,27
294432,Chefane,King Sabata Dalindyebo,Eastern Cape,334
294464,Chelesi,King Sabata Dalindyebo,Eastern Cape,1036
526052,Chelmsford,Dannhauser,KwaZulu-Natal,30
526049,Chester,Dannhauser,KwaZulu-Natal,97
284362,Chetyana,Engcobo,Eastern Cape,228
286110,Chevy Chase,Elundini,Eastern Cape,292
271468,Chibini,Mnquma,Eastern Cape,442
292096,Chibini,Nyandeni,Eastern Cape,362
294175,Chibini,King Sabata Dalindyebo,Eastern Cape,898
567008,Chibini,Mkhambathini,KwaZulu-Natal,3717
593008,Chibini,Ndwedwe,KwaZulu-Natal,4355
594007,Chibini,Ingwe,KwaZulu-Natal,677
272006,Chicargo,Great Kei,Eastern Cape,208
797015,Chief A Luthuli Park,Ekurhuleni,Gauteng,17718
291030,China,Port St Johns,Eastern Cape,695
294202,China,King Sabata Dalindyebo,Eastern Cape,1317
290270,Chithiwayo,Ngquza Hill,Eastern Cape,401
598026,Chiya,Umzimkhulu,KwaZulu-Natal,582
970041,Chloe,Aganang,Limpopo,520
542029,Cholwane,Nkandla,KwaZulu-Natal,1042
292056,Chophetyeni,Nyandeni,Eastern Cape,3185
672007,Choseng,Greater Taung,North West,3200
260093,Chris Hani,Buffalo City,Eastern Cape,391
294039,Chris Hani,King Sabata Dalindyebo,Eastern Cape,9548
592016,Chris Hani,KwaDukuza,KwaZulu-Natal,5615
861003,Chrissiesmeer,Msukaligwa,Mpumalanga,4012
673005,Christiana,Lekwa-Teemane,North West,3571
260173,Christmas Rock,Buffalo City,Eastern Cape,329
974140,Chuenespoort,Polokwane,Limpopo,1271
576068,Chunu A,Msinga,KwaZulu-Natal,512
576079,Chunu B,Msinga,KwaZulu-Natal,11
599021,Chuphulaka,eThekwini,KwaZulu-Natal,275
271554,Chwebeni,Mnquma,Eastern Cape,549
296044,Chwebeni,Umzimvubu,Eastern Cape,50
599006,Cibane,eThekwini,KwaZulu-Natal,812
565033,Cibelichle,Impendle,KwaZulu-Natal,2011
292111,Cibeni,Nyandeni,Eastern Cape,1462
295038,Cibini,Matatiele,Eastern Cape,350
282075,Cicina,Intsika Yethu,Eastern Cape,455
286221,Cicira,Elundini,Eastern Cape,212
270553,Ciko A,Mbhashe,Eastern Cape,441
270571,Ciko B,Mbhashe,Eastern Cape,454
290245,Cikolo,Ngquza Hill,Eastern Cape,471
276099,Cilidara,Nkonkobe,Eastern Cape,580
378017,Cillie,Kai !Garib,Northern Cape,1968
271239,Cilo,Mnquma,Eastern Cape,356
276066,Cimezile,Nkonkobe,Eastern Cape,281
270239,Cinaka,Mbhashe,Eastern Cape,323
293289,Cingco A,Mhlontlo,Eastern Cape,622
293247,Cingco B,Mhlontlo,Eastern Cape,70
271308,Cingweni,Mnquma,Eastern Cape,608
294433,Cingweni,King Sabata Dalindyebo,Eastern Cape,138
504037,Cingweni,UMuziwabantu,KwaZulu-Natal,2839
297358,Cingweni A,Mbizana,Eastern Cape,315
297359,Cingweni B,Mbizana,Eastern Cape,137
581010,Cinseni,Ulundi,KwaZulu-Natal,4420
272034,Cintsa East,Great Kei,Eastern Cape,1740
272036,Cintsa West,Great Kei,Eastern Cape,63
580080,Cisho,Nongoma,KwaZulu-Natal,1014
581073,Cisholo,Ulundi,KwaZulu-Natal,1311
274074,Cisira,Ngqushwa,Eastern Cape,1256
161007,Citrusdal,Cederberg,Western Cape,7177
297355,Citwayo,Mbizana,Eastern Cape,1405
199048,City of Cape Town NU,City of Cape Town,Western Cape,1560
798002,City of Johannesburg NU,City of Johannesburg,Gauteng,9933
291154,Ciyani,Port St Johns,Eastern Cape,380
270116,Cizela,Mbhashe,Eastern Cape,47
294099,Cizele,King Sabata Dalindyebo,Eastern Cape,397
599194,Clansthal,eThekwini,KwaZulu-Natal,3211
161004,Clanwilliam,Cederberg,Western Cape,7674
877029,Clare A,Bushbuckridge,Mpumalanga,2518
877039,Clare B,Bushbuckridge,Mpumalanga,254
877037,Clare C,Bushbuckridge,Mpumalanga,804
524013,Claremont,Newcastle,KwaZulu-Natal,4780
299012,Clarendon Marine,Nelson Mandela Bay,Eastern Cape,2434
470011,Clarens,Dihlabeng,Free State,751
562037,Claridge Estate,uMshwathi,KwaZulu-Natal,350
284354,Clarkebury,Engcobo,Eastern Cape,768
297054,Clarkeville A,Mbizana,Eastern Cape,871
297052,Clarkeville B,Mbizana,Eastern Cape,340
269015,Clarkson,Kou-Kamma,Eastern Cape,1824
797004,Clayville,Ekurhuleni,Gauteng,14526
962062,Clearwaters Cove,Greater Tzaneen,Limpopo,105
599114,Clermont,eThekwini,KwaZulu-Natal,52075
868006,Clewer,Emalahleni,Mpumalanga,4569
599098,Cliffdale,eThekwini,KwaZulu-Natal,2298
526020,Clifton,Dannhauser,KwaZulu-Natal,555
599176,Clifton Heights,eThekwini,KwaZulu-Natal,47
469010,Clocolan,Setsoto,Free State,1349
167011,Cloetesville,Stellenbosch,Western Cape,15390
526025,Cloneen,Dannhauser,KwaZulu-Natal,4360
360007,Clyde,Joe Morolong,Northern Cape,392
260143,Clydesdale,Buffalo City,Eastern Cape,193
598124,Clydesdale,Umzimkhulu,KwaZulu-Natal,6127
478015,Coalbrook,Metsimaholo,Free State,2
271556,Coastal holiday homes,Mnquma,Eastern Cape,1
962033,Cochock,Greater Tzaneen,Limpopo,0
294453,Coffee Bay,King Sabata Dalindyebo,Eastern Cape,258
282263,Cofimvaba,Intsika Yethu,Eastern Cape,8783
293085,Cokomfini,Mhlontlo,Eastern Cape,220
295247,Colana,Matatiele,Eastern Cape,111
296020,Colana,Umzimvubu,Eastern Cape,1312
299001,Colchester,Nelson Mandela Bay,Eastern Cape,2073
269007,Coldstream,Kou-Kamma,Eastern Cape,1657
514025,Colenso,Emnambithi/Ladysmith,KwaZulu-Natal,6388
370004,Colesberg,Umsobomvu,Northern Cape,16869
668015,Coligny,Ditsobotla,North West,2271
295152,Collingwood,Matatiele,Eastern Cape,74
270299,Colosa A,Mbhashe,Eastern Cape,657
270252,Colosa B,Mbhashe,Eastern Cape,636
270300,Colosa C,Mbhashe,Eastern Cape,1361
271478,Columba Mission,Mnquma,Eastern Cape,123
364007,Concordia,Nama Khoi,Northern Cape,4988
599105,Congo,eThekwini,KwaZulu-Natal,1479
262005,Cookhouse,Blue Crane Route,Eastern Cape,5707
562022,Cool Air,uMshwathi,KwaZulu-Natal,2570
375006,Copperton,Siyathemba,Northern Cape,57
292172,Corana,Nyandeni,Eastern Cape,541
294262,Corana,King Sabata Dalindyebo,Eastern Cape,457
292157,Coranlay,Nyandeni,Eastern Cape,714
526047,Cork,Dannhauser,KwaZulu-Natal,465
260142,Corn Fields,Buffalo City,Eastern Cape,176
570005,CornFields,Umtshezi,KwaZulu-Natal,3757
479005,Cornelia,Mafube,Free State,1356
970064,Cornelia,Aganang,Limpopo,949
529006,Coronation,Abaqulusi,KwaZulu-Natal,3691
260167,Cosy Corner,Buffalo City,Eastern Cape,111
360080,Cottenend,Joe Morolong,Northern Cape,147
673003,Coverndale,Lekwa-Teemane,North West,2410
287100,Cowville,Senqu,Eastern Cape,683
278003,Cradock,Inxuba Yethemba,Eastern Cape,36671
274046,Craighead,Ngqushwa,Eastern Cape,74
599195,Craigieburn,eThekwini,KwaZulu-Natal,7574
594075,Creighton,Ingwe,KwaZulu-Natal,899
877108,Croquet Lawn A,Bushbuckridge,Mpumalanga,2816
877100,Croquet Lawn B,Bushbuckridge,Mpumalanga,560
199032,Crossroads,City of Cape Town,Western Cape,36043
579018,Crowsnest,UPhongolo,KwaZulu-Natal,1301
282091,Cuba,Intsika Yethu,Eastern Cape,543
260087,Cuba A,Buffalo City,Eastern Cape,467
260069,Cuba B,Buffalo City,Eastern Cape,356
282201,Cube,Intsika Yethu,Eastern Cape,282
282277,Cubeni,Intsika Yethu,Eastern Cape,221
799049,Cullinan,City of Tshwane,Gauteng,8693
293174,Culunca,Mhlontlo,Eastern Cape,237
292049,Cumngce,Nyandeni,Eastern Cape,551
542014,Cungewane,Nkandla,KwaZulu-Natal,155
282034,Cungwana,Intsika Yethu,Eastern Cape,307
270174,Cungweni,Mbhashe,Eastern Cape,840
270264,Cuntsula,Mbhashe,Eastern Cape,141
294305,Cuntsula,King Sabata Dalindyebo,Eastern Cape,742
562038,Cuphulaka,uMshwathi,KwaZulu-Natal,2084
526035,Curragh,Dannhauser,KwaZulu-Natal,2334
378010,Curries Camp,Kai !Garib,Northern Cape,702
290317,Cutweni,Ngquza Hill,Eastern Cape,918
576036,Cwaka,Msinga,KwaZulu-Natal,436
284228,Cwane,Engcobo,Eastern Cape,295
273118,Cwaru,Amahlathi,Eastern Cape,271
274093,Cwaru,Ngqushwa,Eastern Cape,237
270468,Cwebe,Mbhashe,Eastern Cape,351
291176,Cwebeni,Port St Johns,Eastern Cape,1493
296030,Cwebeni,Umzimvubu,Eastern Cape,357
294022,Cwecwe,King Sabata Dalindyebo,Eastern Cape,676
274067,Cwecweni,Ngqushwa,Eastern Cape,190
292207,Cwele,Nyandeni,Eastern Cape,436
273122,Cwengcwe,Amahlathi,Eastern Cape,117
542001,Cwezi,Nkandla,KwaZulu-Natal,1366
272003,Cwili,Great Kei,Eastern Cape,1745
874059,Daantjie,Mbombela,Mpumalanga,39998
270203,Dabane,Mbhashe,Eastern Cape,604
546087,Dabangu,Maphumulo,KwaZulu-Natal,1785
274053,Dadeni,Ngqushwa,Eastern Cape,80
863005,Daggakraal,Pixley Ka Seme,Mpumalanga,17378
798012,Dainfern,City of Johannesburg,Gauteng,6601
297307,Dakamnyama,Mbizana,Eastern Cape,264
291108,Dakane,Port St Johns,Eastern Cape,412
271326,Dakeni,Mnquma,Eastern Cape,231
284341,Dala,Engcobo,Eastern Cape,372
292084,Dalaguba,Nyandeni,Eastern Cape,1240
569016,Dalakosi,Indaka,KwaZulu-Natal,691
286220,Dalibango,Elundini,Eastern Cape,158
593017,Dalibha,Ndwedwe,KwaZulu-Natal,5164
284040,Daligqili,Engcobo,Eastern Cape,308
294323,Dalindyebo,King Sabata Dalindyebo,Eastern Cape,1043
273043,Daliwe,Amahlathi,Eastern Cape,2201
167022,Dalsig,Stellenbosch,Western Cape,1234
562013,Dalton,uMshwathi,KwaZulu-Natal,1493
282036,Damane,Intsika Yethu,Eastern Cape,509
966052,Damani,Thulamela,Limpopo,1336
965031,Dambale,Mutale,Limpopo,420
296081,Dambeni,Umzimvubu,Eastern Cape,4
298062,Dambeni,Ntabankulu,Eastern Cape,3983
274073,Damdam,Ngqushwa,Eastern Cape,95
296085,Damini,Umzimvubu,Eastern Cape,24
970048,Damplaats,Aganang,Limpopo,705
962051,Dan,Greater Tzaneen,Limpopo,20375
599190,Danganya,eThekwini,KwaZulu-Natal,1847
270354,Dangazele,Mbhashe,Eastern Cape,478
297150,Dangeni A,Mbizana,Eastern Cape,1326
297342,Dangeni B,Mbizana,Eastern Cape,232
287127,Dangershoek,Senqu,Eastern Cape,212
291150,Dangwana,Port St Johns,Eastern Cape,870
292146,Dangwana,Nyandeni,Eastern Cape,371
296219,Dangwana,Umzimvubu,Eastern Cape,3999
960072,Daniel Rababelela,Greater Giyani,Limpopo,1724
382001,Danielskuil,Kgatelopele,Northern Cape,13597
526054,Dannhauser,Dannhauser,KwaZulu-Natal,6493
526045,Dannhauser NU,Dannhauser,KwaZulu-Natal,4016
660049,Dannhouse,Moretele,North West,4551
667038,Danville,Mafikeng,North West,4792
969043,Danzight,Blouberg,Limpopo,2548
294336,Darabe,King Sabata Dalindyebo,Eastern Cape,841
164010,Darling,Swartland,Western Cape,1073
592007,Darnall,KwaDukuza,KwaZulu-Natal,8435
164013,Dassen Island,Swartland,Western Cape,0
860053,Davale,Albert Luthuli,Mpumalanga,885
861006,Davel,Msukaligwa,Mpumalanga,1193
797014,Daveyton,Ekurhuleni,Gauteng,127967
286166,Daweni,Elundini,Eastern Cape,77
580180,Dayeni,Nongoma,KwaZulu-Natal,1148
546023,Dayimane,Maphumulo,KwaZulu-Natal,993
577035,Dayingubo,Umvoti,KwaZulu-Natal,892
282290,Daza,Intsika Yethu,Eastern Cape,365
594047,Dazini,Ingwe,KwaZulu-Natal,1609
371004,De Aar,Emthanjeni,Northern Cape,23760
168003,De Doorns,Breede Valley,Western Cape,10583
660010,De Grens,Moretele,North West,175
162010,De Hoek,Bergrivier,Western Cape,330
167004,De Hollandsche,Stellenbosch,Western Cape,192
178007,De Hoop,Oudtshoorn,Western Cape,151
162013,De Lust,Bergrivier,Western Cape,684
178001,De Rust,Oudtshoorn,Western Cape,3566
969091,De Villiersdale,Blouberg,Limpopo,1103
968070,DeHoop,Makhado,Limpopo,389
465006,Dealesville,Tokologo,Free State,5446
276156,Debe Marela,Nkonkobe,Eastern Cape,426
273129,Debe Nek,Amahlathi,Eastern Cape,42
276134,Debe Nek,Nkonkobe,Eastern Cape,21
276136,Debe Valley A,Nkonkobe,Eastern Cape,378
276144,Debe Valley B,Nkonkobe,Eastern Cape,662
986057,Debeila,Fetakgomo,Limpopo,1837
290027,Debesa,Ngquza Hill,Eastern Cape,758
293099,Debeza,Mhlontlo,Eastern Cape,1009
566032,Deda,The Msunduzi,KwaZulu-Natal,5237
598042,Deda,Umzimkhulu,KwaZulu-Natal,633
298015,Dedelo,Ntabankulu,Eastern Cape,2957
291144,Dedeni,Port St Johns,Eastern Cape,996
766022,Deelkraal Gold Mine,Merafong City,Gauteng,1530
666001,Deelpan,Tswaing,North West,4822
598227,Deepdale Tshali,Umzimkhulu,KwaZulu-Natal,406
283085,Deeplevel,Emalahleni,Eastern Cape,743
598016,Delamuzi,Umzimkhulu,KwaZulu-Natal,683
666024,Delareyville,Tswaing,North West,10630
662050,Delela,Rustenburg,North West,5940
199023,Delft,City of Cape Town,Western Cape,152030
867004,Delmas,Victor Khanye,Mpumalanga,7399
384005,Delportshoop,Dikgatlong,Northern Cape,4788
592011,Dendethu,KwaDukuza,KwaZulu-Natal,457
478013,Deneysville,Metsimaholo,Free State,1833
599093,Denge,eThekwini,KwaZulu-Natal,2068
580155,Dengeni A,Nongoma,KwaZulu-Natal,1286
580146,Dengeni B,Nongoma,KwaZulu-Natal,68
286058,Dengwane,Elundini,Eastern Cape,954
295160,Dengwane,Matatiele,Eastern Cape,1173
171005,Dennehof,Theewaterskloof,Western Cape,121
984063,Dennilton,Elias Motsoaledi,Limpopo,2408
360024,Deorham,Joe Morolong,Northern Cape,964
663007,Derby,Kgetlengrivier,North West,3471
799044,Derdepoort,City of Tshwane,Gauteng,1168
660046,Dertig,Moretele,North West,2996
599015,Desainager,eThekwini,KwaZulu-Natal,984
299004,Despatch,Nelson Mandela Bay,Eastern Cape,39619
292298,Detyana,Nyandeni,Eastern Cape,553
293088,Detyane,Mhlontlo,Eastern Cape,171
762006,Devon A,Lesedi,Gauteng,347
762007,Devon B,Lesedi,Gauteng,1009
167020,Devon Valley,Stellenbosch,Western Cape,215
542046,Devondale,Nkandla,KwaZulu-Natal,626
360060,Dewar,Joe Morolong,Northern Cape,550
463001,Dewetsdorp,Naledi,Free State,9498
503035,Deyi,Umzumbe,KwaZulu-Natal,788
276176,Dhlawu,Nkonkobe,Eastern Cape,1225
578006,Diamant,eDumbe,KwaZulu-Natal,1054
282053,Diamond,Intsika Yethu,Eastern Cape,204
297170,Diamond,Mbizana,Eastern Cape,242
970077,Diana,Aganang,Limpopo,868
985064,Diang,Makhuduthamaga,Limpopo,148
860014,Dibaba,Albert Luthuli,Mpumalanga,107
290015,Dibandlela,Ngquza Hill,Eastern Cape,425
667026,Dibate,Mafikeng,North West,3353
362001,Dibeng,Gamagara,Northern Cape,7848
970062,Dibeng,Aganang,Limpopo,1975
589026,Dibhase,uMlalazi,KwaZulu-Natal,2701
503073,Dibi,Umzumbe,KwaZulu-Natal,2605
667013,Dibono,Mafikeng,North West,80
983001,Dichoeung,Ephraim Mogale,Limpopo,1467
524005,Dicks Halt,Newcastle,KwaZulu-Natal,7091
292105,Didi,Nyandeni,Eastern Cape,1054
290214,Didi A,Ngquza Hill,Eastern Cape,665
297122,Didi A,Mbizana,Eastern Cape,870
290132,Didi B,Ngquza Hill,Eastern Cape,109
297090,Didi B,Mbizana,Eastern Cape,981
966180,Dididi,Thulamela,Limpopo,2312
284022,Didwayo,Engcobo,Eastern Cape,211
871009,Die Bron Vakansiedorp,Thembisile,Mpumalanga,49
166006,Diemersfontein,Drakenstein,Western Cape,84
860051,Diepdale,Albert Luthuli,Mpumalanga,6768
598160,Diepkloof,Umzimkhulu,KwaZulu-Natal,556
662016,Diepkuil,Rustenburg,North West,448
798003,Diepsloot,City of Johannesburg,Gauteng,138329
667054,Dihatshwane,Mafikeng,North West,1005
872014,Dihekeng,Dr JS Moroka,Mpumalanga,654
660044,Dihibidung,Moretele,North West,1456
985083,Dihlabeng,Makhuduthamaga,Limpopo,1863
470006,Dihlabeng NU,Dihlabeng,Free State,22399
294062,Dikathole,King Sabata Dalindyebo,Eastern Cape,976
285049,Dikatole,Sakhisizwe,Eastern Cape,858
260026,Dikazi,Buffalo City,Eastern Cape,5
660028,Dikebu,Moretele,North West,2418
292034,Dikela,Nyandeni,Eastern Cape,1030
284364,Dikeni,Engcobo,Eastern Cape,389
292278,Dikeni,Nyandeni,Eastern Cape,72
294480,Dikeni,King Sabata Dalindyebo,Eastern Cape,259
664008,Dikgabong,Moses Kotane,North West,1029
984004,Dikgalaopeng,Elias Motsoaledi,Limpopo,1541
384001,Dikgatlong NU,Dikgatlong,Northern Cape,3727
982078,Dikgokgopheng,Mogalakwena,Limpopo,578
660035,Dikgopaneng,Moretele,North West,214
672044,Dikhuting,Greater Taung,North West,595
290180,Diki,Ngquza Hill,Eastern Cape,229
598131,Dikidiki,Umzimkhulu,KwaZulu-Natal,589
271456,Diko,Mnquma,Eastern Cape,444
360071,Dikolobeng,Joe Morolong,Northern Cape,67
286055,Dikonyeleng,Elundini,Eastern Cape,524
270070,Dilayini,Mbhashe,Eastern Cape,218
287067,Dili,Senqu,Eastern Cape,1016
799025,Dilopye,City of Tshwane,Gauteng,3874
599069,Dimane,eThekwini,KwaZulu-Natal,615
966044,Dimani,Thulamela,Limpopo,807
260039,Dimbaza,Buffalo City,Eastern Cape,21783
270652,Dimbeni,Mbhashe,Eastern Cape,356
978030,Dimpompong,Lephalale,Limpopo,469
297190,Dinda,Mbizana,Eastern Cape,463
984021,Dindela,Elias Motsoaledi,Limpopo,2134
581123,Dindi A,Ulundi,KwaZulu-Natal,3485
581124,Dindi B,Ulundi,KwaZulu-Natal,373
297072,Dindini A,Mbizana,Eastern Cape,174
297086,Dindini B,Mbizana,Eastern Cape,2640
294398,Dinga,King Sabata Dalindyebo,Eastern Cape,562
297188,Dinga,Mbizana,Eastern Cape,1874
960047,Dingamanzi,Greater Giyani,Limpopo,1366
270216,Dingata,Mbhashe,Eastern Cape,330
503056,Dingimbiza,Umzumbe,KwaZulu-Natal,13535
877062,Dingledayle,Bushbuckridge,Mpumalanga,3401
877049,Dingleydale B,Bushbuckridge,Mpumalanga,1444
297215,Dingo,Mbizana,Eastern Cape,450
985113,Dingwane,Makhuduthamaga,Limpopo,404
292085,Dininkosi,Nyandeni,Eastern Cape,843
961021,Dinkateng,Greater Letaba,Limpopo,49
472062,Dinkweng,Maluti a Phofung,Free State,527
669029,Dinokana,Ramotshere Moiloa,North West,26409
664014,Dinokaneng,Moses Kotane,North West,781
360014,Dinopeng,Joe Morolong,Northern Cape,3115
985029,Dinotsi,Makhuduthamaga,Limpopo,792
542098,Dinuntuli,Nkandla,KwaZulu-Natal,878
665024,Diolwane,Ratlou,North West,268
985023,Dipakala,Makhuduthamaga,Limpopo,520
865003,Dipaleseng NU,Dipaleseng,Mpumalanga,4047
871003,Dipasana,Thembisile,Mpumalanga,1835
474009,Dipelaneng,Mantsopa,Free State,3736
982038,Dipere,Mogalakwena,Limpopo,1105
660018,Dipetlelwane,Moretele,North West,1677
985069,Diphagane,Makhuduthamaga,Limpopo,1863
987061,Diphale,Greater Tubatse,Limpopo,3709
271411,Diphini,Mnquma,Eastern Cape,191
272019,Diphini,Great Kei,Eastern Cape,607
283160,Diphini,Emalahleni,Eastern Cape,240
286162,Diphini,Elundini,Eastern Cape,234
291092,Diphini,Port St Johns,Eastern Cape,156
297332,Diphini,Mbizana,Eastern Cape,316
298049,Diphini,Ntabankulu,Eastern Cape,575
599082,Diphini,eThekwini,KwaZulu-Natal,1626
982053,Diphitshi,Mogalakwena,Limpopo,697
286060,Diphokong,Elundini,Eastern Cape,1077
270506,Dipini,Mbhashe,Eastern Cape,262
985163,Diplaseng,Makhuduthamaga,Limpopo,2315
661018,Dipompong,Madibeng,North West,1181
674048,Dipudi,Kagisano/Molopo,North West,1184
666010,Diretsane,Tswaing,North West,1434
982049,Diretsaneng,Mogalakwena,Limpopo,716
862010,Dirkiesdorp,Mkhondo,Mpumalanga,2432
664004,Disake,Moses Kotane,North West,2187
665005,Disaneng,Ratlou,North West,7229
985014,Ditabeng,Makhuduthamaga,Limpopo,344
969079,Ditatsu,Blouberg,Limpopo,792
974008,Ditenteng,Polokwane,Limpopo,1207
976050,Dithabaneng,Lepele-Nkumpi,Limpopo,2943
984070,Dithabaneng,Elias Motsoaledi,Limpopo,89
987097,Dithabeneng,Greater Tubatse,Limpopo,950
360053,Dithakong,Joe Morolong,Northern Cape,1691
667057,Dithakong,Mafikeng,North West,5441
987152,Dithamaga Trust,Greater Tubatse,Limpopo,453
976005,Ditholong,Lepele-Nkumpi,Limpopo,122
983020,Ditholong,Ephraim Mogale,Limpopo,1655
472020,Dithotaneng,Maluti a Phofung,Free State,10014
872003,Ditlhokwe,Dr JS Moroka,Mpumalanga,2181
982083,Ditlotswana,Mogalakwena,Limpopo,665
978031,Ditloung,Lephalale,Limpopo,415
987039,Ditobeleng,Greater Tubatse,Limpopo,1361
984059,Ditshego,Elias Motsoaledi,Limpopo,1200
360099,Ditshilabeleng,Joe Morolong,Northern Cape,553
360030,Ditshipeng,Joe Morolong,Northern Cape,1057
961050,Ditshoseng,Greater Letaba,Limpopo,1357
668002,Ditsobotla NU,Ditsobotla,North West,39870
987020,Ditwaile,Greater Tubatse,Limpopo,273
270649,Dityani,Mbhashe,Eastern Cape,96
569011,Dival,Indaka,KwaZulu-Natal,1608
968015,Divhani,Makhado,Limpopo,220
271508,Diya,Mnquma,Eastern Cape,248
581025,Dlabane,Ulundi,KwaZulu-Natal,2047
542128,Dlabe,Nkandla,KwaZulu-Natal,432
296132,Dlabhani,Umzimvubu,Eastern Cape,204
294152,Dlakatweni,King Sabata Dalindyebo,Eastern Cape,30
282221,Dlakavu,Intsika Yethu,Eastern Cape,646
283154,Dlamini,Emalahleni,Eastern Cape,1016
598017,Dlamini,Umzimkhulu,KwaZulu-Natal,317
966123,Dlamini,Thulamela,Limpopo,146
598145,Dlangamandla,Umzimkhulu,KwaZulu-Natal,337
297299,Dlangezwa,Mbizana,Eastern Cape,700
542038,Dlaylyane,Nkandla,KwaZulu-Natal,262
588004,Dlebe,Ntambanana,KwaZulu-Natal,2799
581040,Dlebe A,Ulundi,KwaZulu-Natal,725
581033,Dlebe B,Ulundi,KwaZulu-Natal,570
580029,Dleka,Nongoma,KwaZulu-Natal,1179
291016,Dlelengana,Port St Johns,Eastern Cape,393
271477,Dlephu,Mnquma,Eastern Cape,118
542102,Dlolwane,Nkandla,KwaZulu-Natal,554
588028,Dlomodlomo,Ntambanana,KwaZulu-Natal,766
270155,Dlova,Mbhashe,Eastern Cape,273
505023,Dlovinga,Ezingoleni,KwaZulu-Natal,2284
294375,Dobe,King Sabata Dalindyebo,Eastern Cape,531
297240,Doje,Mbizana,Eastern Cape,31
292028,Dokodela,Nyandeni,Eastern Cape,755
968004,Dolidoli,Makhado,Limpopo,314
576084,Dolo,Msinga,KwaZulu-Natal,2484
297302,Dolongane,Mbizana,Eastern Cape,324
290173,Dolophini,Ngquza Hill,Eastern Cape,781
287011,Dolosini,Senqu,Eastern Cape,467
294374,Dolweni,King Sabata Dalindyebo,Eastern Cape,485
965028,Domboni,Mutale,Limpopo,247
677010,Dominionville,City of Matlosana,North West,676
298133,Dondi,Ntabankulu,Eastern Cape,851
273088,Dongoba,Amahlathi,Eastern Cape,1018
580086,Dongothuli,Nongoma,KwaZulu-Natal,783
260104,Dongwe,Buffalo City,Eastern Cape,976
283143,Dongweni,Emalahleni,Eastern Cape,675
799051,Donkerhoek,City of Tshwane,Gauteng,3472
594037,Donnybrook,Ingwe,KwaZulu-Natal,4683
273061,Dontsa,Amahlathi,Eastern Cape,434
292211,Dontsa,Nyandeni,Eastern Cape,384
287058,Dontsi,Senqu,Eastern Cape,1278
666006,Doomlaagte,Tswaing,North West,572
974045,Doornbult,Polokwane,Limpopo,1713
766018,Doornfontein,Merafong City,Gauteng,1169
514008,Doornhoek,Emnambithi/Ladysmith,KwaZulu-Natal,4456
514020,Doornkloof,Emnambithi/Ladysmith,KwaZulu-Natal,3895
526026,Doornkop,Dannhauser,KwaZulu-Natal,1681
592003,Doornkop,KwaDukuza,KwaZulu-Natal,441
675005,Doornkop,Ventersdorp,North West,1718
569024,Doornkraal,Indaka,KwaZulu-Natal,948
799027,Doornkraal,City of Tshwane,Gauteng,366
669015,Doornlaagte,Ramotshere Moiloa,North West,776
983048,Doornlaagte,Ephraim Mogale,Limpopo,1586
974075,Doornspruit,Polokwane,Limpopo,979
983034,Doornspruit,Ephraim Mogale,Limpopo,649
966102,Dopeni,Thulamela,Limpopo,6560
283138,Dophu,Emalahleni,Eastern Cape,378
283001,Dordrecht,Emalahleni,Eastern Cape,2023
578015,Dordrecht,eDumbe,KwaZulu-Natal,1520
982005,Doren,Mogalakwena,Limpopo,371
160013,Doringbaai,Matzikama,Western Cape,1260
593001,Doringkop,Ndwedwe,KwaZulu-Natal,324
677005,Doringkruin,City of Matlosana,North West,3417
526034,Dorset,Dannhauser,KwaZulu-Natal,581
965074,Dotha,Mutale,Limpopo,179
270301,Doti,Mbhashe,Eastern Cape,2138
297151,Dotye,Mbizana,Eastern Cape,73
376005,Douglas,Siyancuma,Northern Cape,20083
966176,Doveni,Thulamela,Limpopo,318
965011,Dovha,Mutale,Limpopo,483
799017,Downbern,City of Tshwane,Gauteng,603
872004,Dr JS Moroka NU,Dr JS Moroka,Mpumalanga,802
872004,Dr JS Moroka NU North,Dr JS Moroka,Mpumalanga,602
872004,Dr JS Moroka NU South,Dr JS Moroka,Mpumalanga,202
872048,DrJSMoroka NU,Dr JS Moroka,Mpumalanga,0
529001,Draaiom Trust,Abaqulusi,KwaZulu-Natal,194
579028,Draaiom Trust,UPhongolo,KwaZulu-Natal,622
571010,Drakensberg,Okhahlamba,KwaZulu-Natal,247
166002,Drakenstein NU,Drakenstein,Western Cape,36995
282106,Dratashe,Intsika Yethu,Eastern Cape,194
273031,Dratini,Amahlathi,Eastern Cape,124
283108,Dratini,Emalahleni,Eastern Cape,523
270175,Drayini,Mbhashe,Eastern Cape,324
271446,Drayini,Mnquma,Eastern Cape,280
274097,Drayini,Ngqushwa,Eastern Cape,307
283169,Drayini,Emalahleni,Eastern Cape,263
286187,Drayini,Elundini,Eastern Cape,394
296008,Drayini,Umzimvubu,Eastern Cape,247
298080,Drayini,Ntabankulu,Eastern Cape,426
598078,Drayini,Umzimkhulu,KwaZulu-Natal,348
284191,Drayini A,Engcobo,Eastern Cape,283
284347,Drayini B,Engcobo,Eastern Cape,282
295046,Dresini,Matatiele,Eastern Cape,498
598121,Dressini,Umzimkhulu,KwaZulu-Natal,1005
798035,Drie Ziek,City of Johannesburg,Gauteng,35622
514004,Driefontein,Emnambithi/Ladysmith,KwaZulu-Natal,6774
575083,Driefontein,Nqutu,KwaZulu-Natal,451
592040,Driefontein,KwaDukuza,KwaZulu-Natal,3180
598139,Driefontein,Umzimkhulu,KwaZulu-Natal,1080
669010,Driefontein,Ramotshere Moiloa,North West,4215
983037,Driefontein,Ephraim Mogale,Limpopo,2405
667072,Driehoek,Mafikeng,North West,711
987075,Driekop,Greater Tubatse,Limpopo,3487
969086,Driekopies,Blouberg,Limpopo,874
876032,Driekoppies,Nkomazi,Mpumalanga,18498
962061,Driekoppies,Greater Tzaneen,Limpopo,808
976079,Droogte,Lepele-Nkumpi,Limpopo,2924
874057,Drum Rock,Mbombela,Mpumalanga,227
599097,Drummond,eThekwini,KwaZulu-Natal,955
672006,Dry Harts,Greater Taung,North West,7196
598096,Dryhoek,Umzimkhulu,KwaZulu-Natal,614
290291,Dubana,Ngquza Hill,Eastern Cape,5999
274058,Dube,Ngqushwa,Eastern Cape,439
976020,Dublin,Lepele-Nkumpi,Limpopo,170
274004,Dubu,Ngqushwa,Eastern Cape,751
583003,Dubulwayo,Jozini,KwaZulu-Natal,1206
260102,Ducats,Buffalo City,Eastern Cape,3546
294462,Dudani,King Sabata Dalindyebo,Eastern Cape,361
560046,Dududu,Vulamehlo,KwaZulu-Natal,5642
271054,Dudumashe,Mnquma,Eastern Cape,1137
297200,Dudumeni A,Mbizana,Eastern Cape,277
297187,Dudumeni B,Mbizana,Eastern Cape,949
762008,Duduza,Lesedi,Gauteng,185
797027,Duduza,Ekurhuleni,Gauteng,73295
506015,Dujazana,Hibiscus Coast,KwaZulu-Natal,5203
297214,Dujene,Mbizana,Eastern Cape,102
290164,Dukada,Ngquza Hill,Eastern Cape,1003
288001,Dukathole,Maletswai,Eastern Cape,19152
797009,Dukathole,Ekurhuleni,Gauteng,18402
285027,Duke,Sakhisizwe,Eastern Cape,275
586001,DukuDuku,Mtubatuba,KwaZulu-Natal,5329
586020,DukuDuku NU,Mtubatuba,KwaZulu-Natal,1779
291146,Dukulweni,Port St Johns,Eastern Cape,373
585002,Dukumbane,Hlabisa,KwaZulu-Natal,2872
290022,Dukuza,Ngquza Hill,Eastern Cape,255
571039,Dukuza,Okhahlamba,KwaZulu-Natal,1778
287050,Dulcies Nek,Senqu,Eastern Cape,182
870002,Dullstroom,Emakhazeni,Mpumalanga,45
298136,Duluseni,Ntabankulu,Eastern Cape,43
283107,Dum-Dum,Emalahleni,Eastern Cape,768
293208,Duma,Mhlontlo,Eastern Cape,882
293077,Dumaneni,Mhlontlo,Eastern Cape,164
581127,Dumaneni,Ulundi,KwaZulu-Natal,1612
291166,Dumase,Port St Johns,Eastern Cape,228
292202,Dumasi,Nyandeni,Eastern Cape,255
293269,Dumasi,Mhlontlo,Eastern Cape,210
297083,Dumasi,Mbizana,Eastern Cape,187
966149,Dumasi,Thulamela,Limpopo,2154
295177,Dumasini,Matatiele,Eastern Cape,1237
297386,Dumazulu,Mbizana,Eastern Cape,81
293184,Dumba,Mhlontlo,Eastern Cape,364
860049,Dumbarton,Albert Luthuli,Mpumalanga,281
576012,Dumbe,Msinga,KwaZulu-Natal,817
506049,Dumezulu,Hibiscus Coast,KwaZulu-Natal,1358
877091,Dumfries A,Bushbuckridge,Mpumalanga,1950
877090,Dumfries B,Bushbuckridge,Mpumalanga,1804
877089,Dumfries C,Bushbuckridge,Mpumalanga,813
560060,Dumisa,Vulamehlo,KwaZulu-Natal,3071
598104,Dumisa,Umzimkhulu,KwaZulu-Natal,446
297037,Dumsi,Mbizana,Eastern Cape,259
298138,Dumsi,Ntabankulu,Eastern Cape,1888
296092,Dundee,Umzimvubu,Eastern Cape,2387
574003,Dundee,Endumeni,KwaZulu-Natal,34924
860035,Dundonald,Albert Luthuli,Mpumalanga,4764
276006,Dunedin,Nkonkobe,Eastern Cape,164
576057,Dungamanzi,Msinga,KwaZulu-Natal,3851
270489,Dungashe,Mbhashe,Eastern Cape,291
292050,Dungu,Nyandeni,Eastern Cape,569
298152,Dungu,Ntabankulu,Eastern Cape,1779
575107,Dunudunu,Nqutu,KwaZulu-Natal,1058
503033,Dunusa,Umzumbe,KwaZulu-Natal,508
503036,Dunuse,Umzumbe,KwaZulu-Natal,770
290104,Duphu,Ngquza Hill,Eastern Cape,373
599054,Durban,eThekwini,KwaZulu-Natal,595061
199017,Durbanville,City of Cape Town,Western Cape,54286
199010,Durhamville,City of Cape Town,Western Cape,323
966166,Duthuni,Thulamela,Limpopo,6345
296162,Dutyini,Umzimvubu,Eastern Cape,2424
297012,Dutyini,Mbizana,Eastern Cape,343
961023,Duvula,Greater Letaba,Limpopo,959
977006,Dwaalboom,Thabazimbi,Limpopo,568
298110,Dwaku,Ntabankulu,Eastern Cape,1061
273016,Dwaleni,Amahlathi,Eastern Cape,32
874038,Dwaleni,Mbombela,Mpumalanga,6087
283195,Dwareni,Emalahleni,Eastern Cape,182
271260,Dwarheni,Mnquma,Eastern Cape,448
162004,Dwarskersbos,Bergrivier,Western Cape,670
581126,Dwarsrivier,Ulundi,KwaZulu-Natal,336
291035,Dwera,Port St Johns,Eastern Cape,176
270607,Dwesa,Mbhashe,Eastern Cape,221
260177,Dyam Dyam,Buffalo City,Eastern Cape,339
271290,Dyam-Dyam,Mnquma,Eastern Cape,292
276094,Dyamala,Nkonkobe,Eastern Cape,523
281074,Dyamala,Lukanji,Eastern Cape,175
297172,Dyamane,Mbizana,Eastern Cape,38
271529,Dyasini,Mnquma,Eastern Cape,288
271467,Dyosini,Mnquma,Eastern Cape,551
178003,Dysselsdorp,Oudtshoorn,Western Cape,12544
271296,Dyushu,Mnquma,Eastern Cape,450
965122,Dzamba,Mutale,Limpopo,216
968027,Dzanani,Makhado,Limpopo,5673
965113,Dzimauli,Mutale,Limpopo,7354
966192,Dzindi,Thulamela,Limpopo,2787
966121,Dzingahe,Thulamela,Limpopo,2862
966039,Dzivhadolo,Thulamela,Limpopo,1566
966021,Dzwaboni,Thulamela,Limpopo,597
966205,Dzwerani,Thulamela,Limpopo,5964
281093,EZweledinga,Lukanji,Eastern Cape,1022
271476,Eagle,Mnquma,Eastern Cape,58
281078,Eardley,Lukanji,Eastern Cape,399
274132,Easington,Ngqushwa,Eastern Cape,494
766008,East Driefontein,Merafong City,Gauteng,3876
260113,East London,Buffalo City,Eastern Cape,267007
766011,East Village,Merafong City,Gauteng,3968
526004,Eastbourne,Dannhauser,KwaZulu-Natal,3810
566010,Ebaleni,The Msunduzi,KwaZulu-Natal,873
586024,Ebaswzini,Mtubatuba,KwaZulu-Natal,2936
160008,Ebenheaser,Matzikama,Western Cape,1305
599044,Ebhobhonono,eThekwini,KwaZulu-Natal,3207
798007,Ebony Park,City of Johannesburg,Gauteng,22309
297084,Eborweni,Mbizana,Eastern Cape,660
583017,Ebovini,Jozini,KwaZulu-Natal,688
294443,Ebukwezeni,King Sabata Dalindyebo,Eastern Cape,174
580066,Ebumba,Nongoma,KwaZulu-Natal,347
569026,Ecancane,Indaka,KwaZulu-Natal,986
597008,Echibini,Ubuhlebezwe,KwaZulu-Natal,2026
284168,Echibini B,Engcobo,Eastern Cape,517
293060,Echibiri,Mhlontlo,Eastern Cape,480
560038,Echobeni,Vulamehlo,KwaZulu-Natal,1279
276130,Ecingweni,Nkonkobe,Eastern Cape,117
282082,Ecwebeni,Intsika Yethu,Eastern Cape,335
292103,Edangeni,Nyandeni,Eastern Cape,679
573023,Edashi,Imbabazane,KwaZulu-Natal,3477
282189,Edayimani,Intsika Yethu,Eastern Cape,46
461004,Edenburg,Kopanong,Free State,1409
566016,Edendale,The Msunduzi,KwaZulu-Natal,140891
797007,Edenvale,Ekurhuleni,Gauteng,49292
477014,Edenville,Ngwathe,Free State,433
598030,Edgeton,Umzimkhulu,KwaZulu-Natal,489
877061,Edinburgh A,Bushbuckridge,Mpumalanga,7305
877056,Edinburgh B,Bushbuckridge,Mpumalanga,2978
291082,Ediphini,Port St Johns,Eastern Cape,292
599149,Ediphini Section,eThekwini,KwaZulu-Natal,963
573034,Edodoci,Imbabazane,KwaZulu-Natal,834
293209,Edrayini,Mhlontlo,Eastern Cape,115
590020,Edubeni,Mthonjaneni,KwaZulu-Natal,2326
287092,Edwaleni,Senqu,Eastern Cape,362
969032,Edwinsdale,Blouberg,Limpopo,716
162003,Eendekuil,Bergrivier,Western Cape,1530
199036,Eerste Rivier,City of Cape Town,Western Cape,39237
578029,Eersteling,eDumbe,KwaZulu-Natal,992
799047,Eersterust,City of Tshwane,Gauteng,29676
294338,Efam,King Sabata Dalindyebo,Eastern Cape,290
276112,Efama,Nkonkobe,Eastern Cape,414
282121,Efama,Intsika Yethu,Eastern Cape,148
284210,Efameni,Engcobo,Eastern Cape,276
580075,Efete,Nongoma,KwaZulu-Natal,724
877046,Eglington A,Bushbuckridge,Mpumalanga,1457
877054,Eglington B,Bushbuckridge,Mpumalanga,1054
560014,Egudwini,Vulamehlo,KwaZulu-Natal,625
567027,Egulube,Mkhambathini,KwaZulu-Natal,769
599141,Egwadeni Section,eThekwini,KwaZulu-Natal,699
290296,Egxeni,Ngquza Hill,Eastern Cape,848
293229,Egxeni,Mhlontlo,Eastern Cape,195
566025,Ehashini,The Msunduzi,KwaZulu-Natal,1322
587030,Ehlabosini,Mfolozi,KwaZulu-Natal,1533
560055,Ehlanzeni,Vulamehlo,KwaZulu-Natal,981
599162,Ehlanzeni,eThekwini,KwaZulu-Natal,3277
546004,Ehlongwa,Maphumulo,KwaZulu-Natal,567
282316,Ehukwini,Intsika Yethu,Eastern Cape,14
598122,Ehula,Umzimkhulu,KwaZulu-Natal,28
973035,Eisleben,Molemole,Limpopo,4840
546051,Ejingeni,Maphumulo,KwaZulu-Natal,315
271404,Ejojweni,Mnquma,Eastern Cape,645
542104,Ejokweni,Nkandla,KwaZulu-Natal,729
799054,Ekangala,City of Tshwane,Gauteng,48493
546007,Ekhatha,Maphumulo,KwaZulu-Natal,651
583001,Ekhuhlehleni,Jozini,KwaZulu-Natal,1602
542042,Ekhukhanyeni,Nkandla,KwaZulu-Natal,554
282083,Ekofini,Intsika Yethu,Eastern Cape,501
542088,Ekombe,Nkandla,KwaZulu-Natal,346
571015,Ekombe,Okhahlamba,KwaZulu-Natal,529
674056,Eksdale,Kagisano/Molopo,North West,212
363008,Eksteenfontein,Richtersveld,Northern Cape,531
581063,Ekudubekeni,Ulundi,KwaZulu-Natal,299
580006,Ekujabuleni,Nongoma,KwaZulu-Natal,917
562039,Ekukhanyeni,uMshwathi,KwaZulu-Natal,241
292281,Ekukhwezeni,Nyandeni,Eastern Cape,42
292170,Ekulambeni,Nyandeni,Eastern Cape,519
860017,Ekulindeni,Albert Luthuli,Mpumalanga,4521
542048,Ekuphiweni,Nkandla,KwaZulu-Natal,602
168005,Ekupumeleni,Breede Valley,Western Cape,173
271222,Ekupumleni,Mnquma,Eastern Cape,25
797002,Ekurhuleni NU,Ekurhuleni,Gauteng,19110
587031,Ekusayeni,Mfolozi,KwaZulu-Natal,1250
542097,Ekuthokozen,Nkandla,KwaZulu-Natal,912
590028,Ekuthuleni,Mthonjaneni,KwaZulu-Natal,1778
581129,Ekuthuthukeni,Ulundi,KwaZulu-Natal,1251
569012,Ekuvukeni,Indaka,KwaZulu-Natal,11018
576077,Ekuvukeni,Msinga,KwaZulu-Natal,1144
282009,Ekuxeni,Intsika Yethu,Eastern Cape,123
599136,Ekwandeni,eThekwini,KwaZulu-Natal,4892
284055,Elabafazi,Engcobo,Eastern Cape,196
281061,Elalini,Lukanji,Eastern Cape,144
293239,Elalini,Mhlontlo,Eastern Cape,495
294021,Elalini,King Sabata Dalindyebo,Eastern Cape,541
161006,Elands Bay,Cederberg,Western Cape,1525
984069,Elandsdoorn,Elias Motsoaledi,Limpopo,14
984065,Elandsdoring,Elias Motsoaledi,Limpopo,12941
662006,Elandsfontein,Rustenburg,North West,632
766020,Elandsfontein,Merafong City,Gauteng,2892
874068,Elandshoek,Mbombela,Mpumalanga,1175
983005,Elandskraal,Ephraim Mogale,Limpopo,6361
766021,Elandsrand,Merafong City,Gauteng,2191
766019,Elandsridge,Merafong City,Gauteng,2490
504036,Elangeni,UMuziwabantu,KwaZulu-Natal,889
379011,Eldansrus,//Khara Hais,Northern Cape,52
969018,Eldorado,Blouberg,Limpopo,2246
598046,Elengwe,Umzimkhulu,KwaZulu-Natal,75
171008,Elgin,Theewaterskloof,Western Cape,953
290006,Elhibini,Ngquza Hill,Eastern Cape,153
984002,Elias Motsoaledi NU,Elias Motsoaledi,Limpopo,15714
173004,Elim,Cape Agulhas,Western Cape,1412
968094,Elim,Makhado,Limpopo,16538
284084,Elithuthu,Engcobo,Eastern Cape,371
285029,Elithuthu,Sakhisizwe,Eastern Cape,243
285001,Elliot,Sakhisizwe,Eastern Cape,14376
270050,Elliotdale,Mbhashe,Eastern Cape,2267
974107,Elmadal,Polokwane,Limpopo,825
867008,Eloff,Victor Khanye,Mpumalanga,3968
589050,Elomoya,uMlalazi,KwaZulu-Natal,915
765013,Elsburg Gold Mine,Westonaria,Gauteng,1787
167003,Elsenburg,Stellenbosch,Western Cape,744
199025,Elsies Rivier,City of Cape Town,Western Cape,42479
360078,Elston,Joe Morolong,Northern Cape,157
598021,Elucingweni,Umzimkhulu,KwaZulu-Natal,312
276100,Elugudwini,Nkonkobe,Eastern Cape,263
598011,Elukhashini,Umzimkhulu,KwaZulu-Natal,705
297152,Elumayeni,Mbizana,Eastern Cape,136
276019,Elundini,Nkonkobe,Eastern Cape,715
286207,Elundini,Elundini,Eastern Cape,149
286002,Elundini NU,Elundini,Eastern Cape,4187
503023,Elupepeni,Umzumbe,KwaZulu-Natal,2170
273123,Eluphendweni,Amahlathi,Eastern Cape,846
281062,Eluqolweni,Lukanji,Eastern Cape,209
284145,Eluqolweni,Engcobo,Eastern Cape,523
293011,Eluqolweni,Mhlontlo,Eastern Cape,1198
294306,Elusheni,King Sabata Dalindyebo,Eastern Cape,615
291088,Elusibeni,Port St Johns,Eastern Cape,147
282272,Elutshabeni,Intsika Yethu,Eastern Cape,183
260062,Eluxolweni,Buffalo City,Eastern Cape,15300
290241,Eluxolweni,Ngquza Hill,Eastern Cape,1175
561020,Elysium,Umdoni,KwaZulu-Natal,189
546041,Emabhedwini,Maphumulo,KwaZulu-Natal,1090
297347,Emabhekuteni,Mbizana,Eastern Cape,601
291031,Emabheleni,Port St Johns,Eastern Cape,372
546046,Emabomvini A,Maphumulo,KwaZulu-Natal,459
546035,Emabomvini B,Maphumulo,KwaZulu-Natal,662
291047,Emachibini,Port St Johns,Eastern Cape,312
599057,Emachobeni,eThekwini,KwaZulu-Natal,8321
576089,Emachunwini,Msinga,KwaZulu-Natal,1489
293059,Emacwereni,Mhlontlo,Eastern Cape,358
525002,Emadlangeni NU,Emadlangeni,KwaZulu-Natal,25500
573015,Emadolobwe,Imbabazane,KwaZulu-Natal,2669
291052,Emadrayini,Port St Johns,Eastern Cape,451
529023,Emadresini,Abaqulusi,KwaZulu-Natal,16110
290016,Emafusini,Ngquza Hill,Eastern Cape,85
526055,Emafusini,Dannhauser,KwaZulu-Natal,2247
599140,Emagezeni,eThekwini,KwaZulu-Natal,1192
286053,Emagonyaweni,Elundini,Eastern Cape,658
573042,Emahendeni,Imbabazane,KwaZulu-Natal,510
590017,Emahlabathini,Mthonjaneni,KwaZulu-Natal,865
282007,Emahlathini,Intsika Yethu,Eastern Cape,471
560050,Emahlathini,Vulamehlo,KwaZulu-Natal,3421
293321,Emahlubini,Mhlontlo,Eastern Cape,372
573036,Emahlutshini,Imbabazane,KwaZulu-Natal,1913
282122,Emahodini,Intsika Yethu,Eastern Cape,763
577005,Emakhabeleni,Umvoti,KwaZulu-Natal,536
581065,Emakhalathini,Ulundi,KwaZulu-Natal,56
581082,Emakhalathini A,Ulundi,KwaZulu-Natal,357
581064,Emakhalathini B,Ulundi,KwaZulu-Natal,1537
290319,Emakhalini,Ngquza Hill,Eastern Cape,279
573014,Emakhekheni,Imbabazane,KwaZulu-Natal,3324
571042,Emakhosaneni,Okhahlamba,KwaZulu-Natal,1938
291107,Emakhumsubeni,Port St Johns,Eastern Cape,401
292116,Emakhuzeni,Nyandeni,Eastern Cape,94
587016,Emakwezini,Mfolozi,KwaZulu-Natal,2474
294170,Emalangeni,King Sabata Dalindyebo,Eastern Cape,302
599126,Emalangeni,eThekwini,KwaZulu-Natal,7009
285066,Emamfengwini,Sakhisizwe,Eastern Cape,174
291008,Emamfengwini,Port St Johns,Eastern Cape,1453
297237,Emampingeni,Mbizana,Eastern Cape,110
298124,Emampondweni,Ntabankulu,Eastern Cape,1588
291083,Emanaleni,Port St Johns,Eastern Cape,572
573012,Emandabeni,Imbabazane,KwaZulu-Natal,4174
294154,Emandlaneni,King Sabata Dalindyebo,Eastern Cape,391
599146,Emangabazini,eThekwini,KwaZulu-Natal,1988
273099,Emangcumeni,Amahlathi,Eastern Cape,306
542017,Emangidini,Nkandla,KwaZulu-Natal,984
273116,Emangweni,Amahlathi,Eastern Cape,218
294342,Emangweni,King Sabata Dalindyebo,Eastern Cape,727
293005,Emankuleni,Mhlontlo,Eastern Cape,499
291116,Emanqondeni,Port St Johns,Eastern Cape,320
270406,Emantshilbeni,Mbhashe,Eastern Cape,94
581004,Emantungwini,Ulundi,KwaZulu-Natal,1768
583011,Emanyiseni,Jozini,KwaZulu-Natal,1033
297304,Emanzamnyama,Mbizana,Eastern Cape,798
588008,Emaphikaqala,Ntambanana,KwaZulu-Natal,256
282170,Emaqamini,Intsika Yethu,Eastern Cape,270
589047,Emaqeleni,uMlalazi,KwaZulu-Natal,6675
270206,Emaqungwini,Mbhashe,Eastern Cape,278
295053,Emaromeni,Matatiele,Eastern Cape,275
588035,Emasangweni,Ntambanana,KwaZulu-Natal,1974
563017,Emashingeni,uMngeni,KwaZulu-Natal,720
546085,Emasomini A,Maphumulo,KwaZulu-Natal,1284
546053,Emasomini B,Maphumulo,KwaZulu-Natal,128
291085,Emasunguzaneni,Port St Johns,Eastern Cape,499
566023,Emaswazini,The Msunduzi,KwaZulu-Natal,3669
273036,Ematanjeni,Amahlathi,Eastern Cape,214
592034,Ematendeni,KwaDukuza,KwaZulu-Natal,7813
587010,Ematholeni,Mfolozi,KwaZulu-Natal,2733
273098,Ematoleni,Amahlathi,Eastern Cape,415
276164,Ematsamraleni B,Nkonkobe,Eastern Cape,245
295034,Ematshanganeni,Matatiele,Eastern Cape,170
298079,Ematyeni,Ntabankulu,Eastern Cape,973
573035,Emawuza,Imbabazane,KwaZulu-Natal,1959
270615,Emaxixibeni,Mbhashe,Eastern Cape,215
283005,Emayaluleni,Emalahleni,Eastern Cape,265
291032,Emazizini,Port St Johns,Eastern Cape,1052
866011,Embalenhle,Govan Mbeki,Mpumalanga,118889
293111,Embalwini,Mhlontlo,Eastern Cape,655
273083,Embandezweleni,Amahlathi,Eastern Cape,165
583015,Embandleni,Jozini,KwaZulu-Natal,1594
297106,Embane,Mbizana,Eastern Cape,255
576067,Embangweni,Msinga,KwaZulu-Natal,2786
594061,Embantini,Ingwe,KwaZulu-Natal,1419
281083,Embekweni,Lukanji,Eastern Cape,1343
876021,Embhojeni,Nkomazi,Mpumalanga,12589
860011,Embhuleni,Albert Luthuli,Mpumalanga,595
576003,Embidlini,Msinga,KwaZulu-Natal,429
297228,Embileni,Mbizana,Eastern Cape,133
546079,Embizeni,Maphumulo,KwaZulu-Natal,293
284266,Embo,Engcobo,Eastern Cape,194
290302,Emboleni,Ngquza Hill,Eastern Cape,5
568015,Embuthweni,Richmond,KwaZulu-Natal,578
281065,Emcambalaleni,Lukanji,Eastern Cape,304
580103,Emcebo,Nongoma,KwaZulu-Natal,779
297271,Emcetheni,Mbizana,Eastern Cape,390
270515,Emdeni,Mbhashe,Eastern Cape,185
297234,Emdikisweni,Mbizana,Eastern Cape,1351
291062,Emdlankala,Port St Johns,Eastern Cape,250
297060,Emdozingana,Mbizana,Eastern Cape,580
529026,Emdundubezini,Abaqulusi,KwaZulu-Natal,1484
573025,Emdwebu,Imbabazane,KwaZulu-Natal,3672
594024,Ememela,Ingwe,KwaZulu-Natal,891
588022,Emfeceni,Ntambanana,KwaZulu-Natal,269
297143,Emfinizweni,Mbizana,Eastern Cape,398
297136,Emfolozi,Mbizana,Eastern Cape,153
760006,Emfuleni NU,Emfuleni,Gauteng,3188
560017,Emgangeni,Vulamehlo,KwaZulu-Natal,1210
589014,Emgoswaneni,uMlalazi,KwaZulu-Natal,765
870004,Emgwenya,Emakhazeni,Mpumalanga,6178
573039,Emhlabathini,Imbabazane,KwaZulu-Natal,3277
529030,Emhlangeni,Abaqulusi,KwaZulu-Natal,1467
587027,Emhlanzini,Mfolozi,KwaZulu-Natal,865
573024,Emhubeni,Imbabazane,KwaZulu-Natal,2515
876006,Emjejane,Nkomazi,Mpumalanga,3096
296174,Emjelweni,Umzimvubu,Eastern Cape,97
285070,Emjikelweni,Sakhisizwe,Eastern Cape,186
875007,Emjindini,Umjindi,Mpumalanga,33241
581100,Emkhalaqude,Ulundi,KwaZulu-Natal,1215
985062,Emkhondweni,Makhuduthamaga,Limpopo,291
546075,Emkhovini,Maphumulo,KwaZulu-Natal,426
597030,Emkhubane,Ubuhlebezwe,KwaZulu-Natal,459
571065,Emmaus,Okhahlamba,KwaZulu-Natal,1238
593051,Emnamane,Ndwedwe,KwaZulu-Natal,1297
514002,Emnambithi/Ladysmith NU,Emnambithi/Ladysmith,KwaZulu-Natal,10451
589083,Emncongweni,uMlalazi,KwaZulu-Natal,2053
282318,Emndeni,Intsika Yethu,Eastern Cape,193
282025,Emntla,Intsika Yethu,Eastern Cape,170
292100,Emnyameni,Nyandeni,Eastern Cape,640
546036,Emnyameni,Maphumulo,KwaZulu-Natal,1689
589060,Emnyameni,uMlalazi,KwaZulu-Natal,1556
573013,Emnyangweni,Imbabazane,KwaZulu-Natal,2933
594052,Emnywaneni,Ingwe,KwaZulu-Natal,609
573010,Emoyeni,Imbabazane,KwaZulu-Natal,6161
874055,Emoyeni,Mbombela,Mpumalanga,152
294279,Empa,King Sabata Dalindyebo,Eastern Cape,421
538015,Empangeni,uMhlathuze,KwaZulu-Natal,110340
588036,Empangeni,Ntambanana,KwaZulu-Natal,3678
573007,Empangweni,Imbabazane,KwaZulu-Natal,2774
538023,Empembeni,uMhlathuze,KwaZulu-Natal,3399
571067,Empimbe,Okhahlamba,KwaZulu-Natal,1511
273041,Empindweni,Amahlathi,Eastern Cape,240
542006,Empotholo,Nkandla,KwaZulu-Natal,769
291057,Emsindweni,Port St Johns,Eastern Cape,1641
294297,Emsukweni,King Sabata Dalindyebo,Eastern Cape,915
546066,Emtanjeni,Maphumulo,KwaZulu-Natal,707
294156,Emtebe,King Sabata Dalindyebo,Eastern Cape,306
876031,Emtfuntini,Nkomazi,Mpumalanga,11323
281070,Emtha,Lukanji,Eastern Cape,248
294459,Emthaleni,King Sabata Dalindyebo,Eastern Cape,750
576007,Emthaleni,Msinga,KwaZulu-Natal,3185
371003,Emthanjeni NU,Emthanjeni,Northern Cape,2625
546030,Emthombeni,Maphumulo,KwaZulu-Natal,4969
273087,Emthonjini,Amahlathi,Eastern Cape,161
593014,Emtwandle,Ndwedwe,KwaZulu-Natal,2844
590019,Emukhindini,Mthonjaneni,KwaZulu-Natal,2669
599023,Emvini,eThekwini,KwaZulu-Natal,2905
291114,Emvubini,Port St Johns,Eastern Cape,319
594001,Emvuleni,Ingwe,KwaZulu-Natal,161
529032,Emvunyane,Abaqulusi,KwaZulu-Natal,2549
282026,Emzantsi,Intsika Yethu,Eastern Cape,221
964018,Enable,Maruleng,Limpopo,2416
562044,Enbuyeni,uMshwathi,KwaZulu-Natal,705
762003,Endicott,Lesedi,Gauteng,1527
591011,Endlondlweni,Mandeni,KwaZulu-Natal,16362
581113,Endlovana,Ulundi,KwaZulu-Natal,376
284289,Enduku,Engcobo,Eastern Cape,263
574002,Endumeni NU,Endumeni,KwaZulu-Natal,6650
283161,Endwe,Emalahleni,Eastern Cape,385
580102,Enengeni,Nongoma,KwaZulu-Natal,437
284409,Engasa,Engcobo,Eastern Cape,73
284179,Engcobo,Engcobo,Eastern Cape,9835
284004,Engcobo NU,Engcobo,Eastern Cape,1265
293036,Engcoti,Mhlontlo,Eastern Cape,142
284414,Engcotyeni,Engcobo,Eastern Cape,261
573021,Engodini,Imbabazane,KwaZulu-Natal,1645
281079,Engojini,Lukanji,Eastern Cape,379
562030,Engoleleni,uMshwathi,KwaZulu-Natal,1318
860015,Engonini,Albert Luthuli,Mpumalanga,427
573004,Engonyameni,Imbabazane,KwaZulu-Natal,6064
290115,Engqosa,Ngquza Hill,Eastern Cape,593
565013,Enguga,Impendle,KwaZulu-Natal,2155
598128,Engunjini,Umzimkhulu,KwaZulu-Natal,935
291066,Engweni,Port St Johns,Eastern Cape,75
282087,Engxingweni,Intsika Yethu,Eastern Cape,67
284195,Engxogi,Engcobo,Eastern Cape,605
587008,Enhlabosini,Mfolozi,KwaZulu-Natal,6997
577025,Enhlalakahle,Umvoti,KwaZulu-Natal,9094
582054,Enhlambeni,Umhlabuyalingana,KwaZulu-Natal,1171
503013,Enhlangwini,Umzumbe,KwaZulu-Natal,4666
291120,Enhlanjeni,Port St Johns,Eastern Cape,372
580118,Enkananeni,Nongoma,KwaZulu-Natal,1408
565010,Enkangala,Impendle,KwaZulu-Natal,51
506043,Enkanyisweni,Hibiscus Coast,KwaZulu-Natal,2235
582030,Enkathweni,Umhlabuyalingana,KwaZulu-Natal,2052
871012,Enkeldoornoog,Thembisile,Mpumalanga,27554
860022,Enkhaba,Albert Luthuli,Mpumalanga,525
503089,Enkulu,Umzumbe,KwaZulu-Natal,3791
505013,Enkulu,Ezingoleni,KwaZulu-Natal,1903
590025,Enkwenkwe,Mthonjaneni,KwaZulu-Natal,249
588034,Enkwenkwe A,Ntambanana,KwaZulu-Natal,884
588003,Enkwenkwe B,Ntambanana,KwaZulu-Natal,716
291076,Enkweza,Port St Johns,Eastern Cape,165
798033,Ennerdale,City of Johannesburg,Gauteng,71815
266003,Enon,Sundays River Valley,Eastern Cape,1165
297127,Enqabeni,Mbizana,Eastern Cape,21
297157,Enqabeni A,Mbizana,Eastern Cape,308
297061,Enqabeni B,Mbizana,Eastern Cape,777
281063,Enqobokeni 1,Lukanji,Eastern Cape,157
281064,Enqobokeni 2,Lukanji,Eastern Cape,264
586026,Enqupheni,Mtubatuba,KwaZulu-Natal,4637
667079,Enselsrust,Mafikeng,North West,883
594048,Ensimbini,Ingwe,KwaZulu-Natal,1548
503006,Ensiyameni,Umzumbe,KwaZulu-Natal,461
586011,Ensolweni,Mtubatuba,KwaZulu-Natal,2306
505026,Entaba,Ezingoleni,KwaZulu-Natal,587
569007,Entabeni,Indaka,KwaZulu-Natal,4112
260139,Ententeni,Buffalo City,Eastern Cape,2731
294134,Entilini,King Sabata Dalindyebo,Eastern Cape,542
587011,Entobozi,Mfolozi,KwaZulu-Natal,2038
874062,Entokozweni,Mbombela,Mpumalanga,1342
291059,Entsengeni,Port St Johns,Eastern Cape,225
567035,Entsongeni,Mkhambathini,KwaZulu-Natal,577
580035,Entweni,Nongoma,KwaZulu-Natal,805
297130,Envis,Mbizana,Eastern Cape,60
587035,Enxebeni,Mfolozi,KwaZulu-Natal,2761
274068,Enxuba,Ngqushwa,Eastern Cape,1
297111,Enyaka,Mbizana,Eastern Cape,132
576035,Enyandu,Msinga,KwaZulu-Natal,2648
293041,Enyanga,Mhlontlo,Eastern Cape,109
293153,Enyango,Mhlontlo,Eastern Cape,375
293138,Enyanisweni,Mhlontlo,Eastern Cape,988
598037,Enyanisweni,Umzimkhulu,KwaZulu-Natal,2126
542132,Enyawoshana,Nkandla,KwaZulu-Natal,444
573040,Enyokeni,Imbabazane,KwaZulu-Natal,1485
571053,Enyonyane,Okhahlamba,KwaZulu-Natal,1098
291130,Enyosana,Port St Johns,Eastern Cape,309
293200,Enzebe,Mhlontlo,Eastern Cape,741
295283,Epiphany,Matatiele,Eastern Cape,748
199027,Epping Industria,City of Cape Town,Western Cape,50
290051,Eqhoqhweni,Ngquza Hill,Eastern Cape,693
285046,Eqolombeni,Sakhisizwe,Eastern Cape,221
273095,Eqolweni,Amahlathi,Eastern Cape,1028
284092,Equtubeni,Engcobo,Eastern Cape,103
287054,Era,Senqu,Eastern Cape,452
592018,Eradamishini,KwaDukuza,KwaZulu-Natal,6384
273085,Ereyini,Amahlathi,Eastern Cape,438
861008,Ermelo,Msukaligwa,Mpumalanga,83865
297133,Esankuthwana,Mbizana,Eastern Cape,493
295040,Esehlabeni,Matatiele,Eastern Cape,765
276147,Esgangeni,Nkonkobe,Eastern Cape,256
860029,Esgwili,Albert Luthuli,Mpumalanga,2504
577027,Eshane,Umvoti,KwaZulu-Natal,4903
589080,Eshowe,uMlalazi,KwaZulu-Natal,14744
282295,Eshweni Village,Intsika Yethu,Eastern Cape,299
293308,Esibhalweni,Mhlontlo,Eastern Cape,614
582077,Esibhoweni,Umhlabuyalingana,KwaZulu-Natal,1385
297212,Esibomvini,Mbizana,Eastern Cape,161
542021,Esibomvu,Nkandla,KwaZulu-Natal,647
571040,Esibomvu,Okhahlamba,KwaZulu-Natal,1732
598102,Esibovini,Umzimkhulu,KwaZulu-Natal,278
582035,Esicabaziri,Umhlabuyalingana,KwaZulu-Natal,156
588031,Esichothweni,Ntambanana,KwaZulu-Natal,822
598174,Esicwecweni,Umzimkhulu,KwaZulu-Natal,514
296038,Esidakeni,Umzimvubu,Eastern Cape,862
529027,Esidakeni,Abaqulusi,KwaZulu-Natal,427
588013,Esidakeni,Ntambanana,KwaZulu-Natal,2073
594065,Esidangeni,Ingwe,KwaZulu-Natal,396
290282,Esidwadweni,Ngquza Hill,Eastern Cape,347
599164,Esidweni,eThekwini,KwaZulu-Natal,1240
576015,Esifuleni,Msinga,KwaZulu-Natal,725
593041,Esigedleni,Ndwedwe,KwaZulu-Natal,2460
529038,Esigodini,Abaqulusi,KwaZulu-Natal,2711
567028,Esigodini,Mkhambathini,KwaZulu-Natal,953
297352,Esigodlweni,Mbizana,Eastern Cape,917
597059,Esigubudwini,Ubuhlebezwe,KwaZulu-Natal,389
580097,Esigwegweni,Nongoma,KwaZulu-Natal,1439
291026,Esihlitho,Port St Johns,Eastern Cape,1462
576047,Esijozini,Msinga,KwaZulu-Natal,2506
291006,Esijungqwini,Port St Johns,Eastern Cape,848
598044,Esikawini,Umzimkhulu,KwaZulu-Natal,177
538028,Esikhawini H,uMhlathuze,KwaZulu-Natal,18835
538029,Esikhawini J,uMhlathuze,KwaZulu-Natal,12087
599081,Esikhelekehleni,eThekwini,KwaZulu-Natal,3629
290190,Esikhulu,Ngquza Hill,Eastern Cape,104
291098,Esikhulu,Port St Johns,Eastern Cape,2231
297028,Esikhulu,Mbizana,Eastern Cape,277
504011,Esikhulu,UMuziwabantu,KwaZulu-Natal,5261
581003,Esikhwebezane,Ulundi,KwaZulu-Natal,994
284337,Esikolweni,Engcobo,Eastern Cape,522
598012,Esikolweni,Umzimkhulu,KwaZulu-Natal,574
287030,Esilindini,Senqu,Eastern Cape,3026
567014,Esinyameni,Mkhambathini,KwaZulu-Natal,1367
273120,Esinyanduleni,Amahlathi,Eastern Cape,98
566034,Esinyaneni,The Msunduzi,KwaZulu-Natal,3215
582097,Esiphahleni,Umhlabuyalingana,KwaZulu-Natal,367
580108,Esiphambanweni,Nongoma,KwaZulu-Natal,911
291122,Esiphathe A,Port St Johns,Eastern Cape,79
291117,Esiphathe B,Port St Johns,Eastern Cape,1315
580008,Esiphethwini,Nongoma,KwaZulu-Natal,272
291079,Esiqhumeni,Port St Johns,Eastern Cape,354
292009,Esiqikini,Nyandeni,Eastern Cape,1103
293050,Esithaleni,Mhlontlo,Eastern Cape,332
297112,Esitholeni,Mbizana,Eastern Cape,443
588057,Esithombeni,Ntambanana,KwaZulu-Natal,1574
567004,Esitingini,Mkhambathini,KwaZulu-Natal,2848
589090,Esiwane,uMlalazi,KwaZulu-Natal,477
546013,Esiweni/Amambulwa,Maphumulo,KwaZulu-Natal,1531
589088,Esiwolweni,uMlalazi,KwaZulu-Natal,768
260002,Esixekweni A,Buffalo City,Eastern Cape,374
276161,Esixekweni A,Nkonkobe,Eastern Cape,195
260005,Esixekweni B,Buffalo City,Eastern Cape,555
276104,Esixekweni B,Nkonkobe,Eastern Cape,446
586022,Esiyembeni,Mtubatuba,KwaZulu-Natal,1024
292292,Eskweleni,Nyandeni,Eastern Cape,289
360077,Esperanza,Joe Morolong,Northern Cape,383
561007,Esperanza,Umdoni,KwaZulu-Natal,356
296220,Essek,Umzimvubu,Eastern Cape,757
969020,Essoubinca,Blouberg,Limpopo,1431
570010,Estcourt,Umtshezi,KwaZulu-Natal,22071
164012,Esterhof,Swartland,Western Cape,3617
562034,Esthezi,uMshwathi,KwaZulu-Natal,92
284170,Estishini,Engcobo,Eastern Cape,660
573005,Etatane,Imbabazane,KwaZulu-Natal,4944
592033,Etete,KwaDukuza,KwaZulu-Natal,5193
592035,Ethafeni,KwaDukuza,KwaZulu-Natal,3633
599187,Ethekwini,eThekwini,KwaZulu-Natal,1803
599004,Ethekwini NU,eThekwini,KwaZulu-Natal,11200
599004,Ethekwini NU,eThekwini,KwaZulu-Natal,11200
599004,Ethekwini NU,eThekwini,KwaZulu-Natal,11200
599004,Ethekwini NU,eThekwini,KwaZulu-Natal,11200
599004,Ethekwini NU East,eThekwini,KwaZulu-Natal,1200
295104,Etheldale,Matatiele,Eastern Cape,412
273112,Ethembeni,Amahlathi,Eastern Cape,5530
291038,Ethonsini,Port St Johns,Eastern Cape,408
571069,Ethunzini,Okhahlamba,KwaZulu-Natal,526
860031,Etjelembube,Albert Luthuli,Mpumalanga,2165
562018,Etsheni,uMshwathi,KwaZulu-Natal,1646
597055,Etshenilenduna,Ubuhlebezwe,KwaZulu-Natal,1815
291048,Etshiweni,Port St Johns,Eastern Cape,405
293006,Etwa,Mhlontlo,Eastern Cape,285
797012,Etwatwa,Ekurhuleni,Gauteng,151866
499037,Eureka,Mangaung,Free State,13
674051,Eureka,Kagisano/Molopo,North West,177
866005,Evander,Govan Mbeki,Mpumalanga,10166
760002,Evaton,Emfuleni,Gauteng,132851
761008,Evaton,Midvaal,Gauteng,9234
360093,Everton,Joe Morolong,Northern Cape,21
599101,Everton,eThekwini,KwaZulu-Natal,870
546003,Ewosi,Maphumulo,KwaZulu-Natal,1920
474001,Excelsior,Mantsopa,Free State,748
575068,Excelsior,Nqutu,KwaZulu-Natal,1037
276131,Exesi,Nkonkobe,Eastern Cape,234
590027,Eyingwenya,Mthonjaneni,KwaZulu-Natal,2993
573043,Eyosini,Imbabazane,KwaZulu-Natal,439
573031,EzInyosini,Imbabazane,KwaZulu-Natal,2436
514019,Ezakheni,Emnambithi/Ladysmith,KwaZulu-Natal,70809
599147,Ezakhiweni,eThekwini,KwaZulu-Natal,1274
546080,Ezibandleni,Maphumulo,KwaZulu-Natal,1102
281015,Ezibeleni,Lukanji,Eastern Cape,30113
542002,Ezibhembeni,Nkandla,KwaZulu-Natal,294
594013,Ezibomvini,Ingwe,KwaZulu-Natal,265
529036,Ezibomvu,Abaqulusi,KwaZulu-Natal,2415
573037,Ezidongeni,Imbabazane,KwaZulu-Natal,1186
587005,Ezidonini,Mfolozi,KwaZulu-Natal,1913
529025,Ezidulini,Abaqulusi,KwaZulu-Natal,4080
581006,Ezidwadweni,Ulundi,KwaZulu-Natal,3248
293244,Ezifama,Mhlontlo,Eastern Cape,301
297153,Ezifama,Mbizana,Eastern Cape,77
598014,Ezifletini,Umzimkhulu,KwaZulu-Natal,445
293149,Ezigeni,Mhlontlo,Eastern Cape,590
260131,Ezigodlweni,Buffalo City,Eastern Cape,875
298004,Ezihewuleni,Ntabankulu,Eastern Cape,463
569009,Ezihlabathini,Indaka,KwaZulu-Natal,1471
581115,Ezihlabeni,Ulundi,KwaZulu-Natal,3563
599159,Ezihyathini,eThekwini,KwaZulu-Natal,729
538008,Ezikhaleni,uMhlathuze,KwaZulu-Natal,4628
581133,Ezikhumbeni,Ulundi,KwaZulu-Natal,460
593013,Ezikotshini,Ndwedwe,KwaZulu-Natal,1461
580095,Ezilonyeni,Nongoma,KwaZulu-Natal,1688
542136,Ezilozini,Nkandla,KwaZulu-Natal,933
542055,Ezimambeni,Nkandla,KwaZulu-Natal,1077
599183,Ezimangweni,eThekwini,KwaZulu-Natal,4107
542109,Ezimbidla,Nkandla,KwaZulu-Natal,1443
293222,Ezimbileni,Mhlontlo,Eastern Cape,290
599180,Ezimbokodweni,eThekwini,KwaZulu-Natal,12882
584006,Ezimbondweni,The Big 5 False Bay,KwaZulu-Natal,1696
599155,Ezimpisini,eThekwini,KwaZulu-Natal,788
589067,Ezimpongo,uMlalazi,KwaZulu-Natal,1321
567021,Ezimwini,Mkhambathini,KwaZulu-Natal,1965
542047,Ezindundumeni,Nkandla,KwaZulu-Natal,647
587023,Ezindzbeni,Mfolozi,KwaZulu-Natal,847
592009,Ezingaganeni,KwaDukuza,KwaZulu-Natal,782
505008,Ezingoleni NU,Ezingoleni,KwaZulu-Natal,2778
581023,Ezingqaqeni,Ulundi,KwaZulu-Natal,255
576043,Ezingulubeni,Msinga,KwaZulu-Natal,3184
590010,Ezinkawini,Mthonjaneni,KwaZulu-Natal,414
282010,Ezinkomeni,Intsika Yethu,Eastern Cape,118
292106,Ezinkozweni,Nyandeni,Eastern Cape,1118
290306,Ezinkumbini,Ngquza Hill,Eastern Cape,1127
583078,Ezinkunini,Jozini,KwaZulu-Natal,1457
582087,Ezinqeni,Umhlabuyalingana,KwaZulu-Natal,579
294339,Ezintulweni,King Sabata Dalindyebo,Eastern Cape,451
293120,Ezintutyaneni,Mhlontlo,Eastern Cape,503
599165,Ezinyathini,eThekwini,KwaZulu-Natal,1497
594016,Eziphahleni,Ingwe,KwaZulu-Natal,623
567024,Eziphambathini,Mkhambathini,KwaZulu-Natal,1612
598008,Eziqalabeni,Umzimkhulu,KwaZulu-Natal,744
589054,Eziqaqweni,uMlalazi,KwaZulu-Natal,4686
570003,Ezitendeni,Umtshezi,KwaZulu-Natal,3704
594028,Ezitendeni,Ingwe,KwaZulu-Natal,1431
599125,Ezitendeni,eThekwini,KwaZulu-Natal,1542
297124,Ezizityaneni A,Mbizana,Eastern Cape,1797
297126,Ezizityaneni B,Mbizana,Eastern Cape,926
677001,Faan Meintjies Nature Reserve,City of Matlosana,North West,7
661004,Fafung,Madibeng,North West,2086
575108,Fahlaza,Nqutu,KwaZulu-Natal,599
274084,Fair View,Ngqushwa,Eastern Cape,365
276009,Fairbairn,Nkonkobe,Eastern Cape,362
526019,Fairbreeze,Dannhauser,KwaZulu-Natal,3806
580062,Fakude,Nongoma,KwaZulu-Natal,482
583097,Fakude,Jozini,KwaZulu-Natal,4053
293293,Faladeyi,Mhlontlo,Eastern Cape,145
270309,Falakahla,Mbhashe,Eastern Cape,141
274130,Fallodan,Ngqushwa,Eastern Cape,31
282038,Fama,Intsika Yethu,Eastern Cape,27
284326,Fama,Engcobo,Eastern Cape,426
290040,Fama Loc,Ngquza Hill,Eastern Cape,912
286130,Fameni,Elundini,Eastern Cape,93
294124,Fameni,King Sabata Dalindyebo,Eastern Cape,1769
283019,Famini,Emalahleni,Eastern Cape,264
798017,Farmall,City of Johannesburg,Gauteng,1051
470008,Fateng Tse Ntsho,Dihlabeng,Free State,5715
295195,Fatima,Matatiele,Eastern Cape,416
291054,Fatyini,Port St Johns,Eastern Cape,118
461007,Fauresmith,Kopanong,Free State,1430
286032,Faview,Elundini,Eastern Cape,744
562004,Faya,uMshwathi,KwaZulu-Natal,1262
877127,Fayini,Bushbuckridge,Mpumalanga,1722
965108,Fefe,Mutale,Limpopo,371
295110,Felleng,Matatiele,Eastern Cape,760
499021,Feloane Trust,Mangaung,Free State,451
860050,Fernie,Albert Luthuli,Mpumalanga,15693
172015,Fernkloof,Overstrand,Western Cape,0
276044,Fernvilla,Nkonkobe,Eastern Cape,527
291157,Ferry Point,Port St Johns,Eastern Cape,57
976001,Fertilis,Lepele-Nkumpi,Limpopo,198
986002,Fetakgomo NU,Fetakgomo,Limpopo,1557
469007,Ficksburg,Setsoto,Free State,5400
565034,Fikesuthi,Impendle,KwaZulu-Natal,861
964029,Finale,Maruleng,Limpopo,2793
199052,Fish Hoek,City of Cape Town,Western Cape,11890
172011,Fisherhaven,Overstrand,Western Cape,723
199011,Fistantekraal,City of Cape Town,Western Cape,12369
984054,Five Morgan,Elias Motsoaledi,Limpopo,687
290038,Flagstaff,Ngquza Hill,Eastern Cape,2584
985093,Flaka,Makhuduthamaga,Limpopo,1087
286054,Fletcherville,Elundini,Eastern Cape,443
290174,Fleyi,Ngquza Hill,Eastern Cape,77
526031,Flint,Dannhauser,KwaZulu-Natal,980
295218,Fobane,Matatiele,Eastern Cape,717
962038,Fobeni,Greater Tzaneen,Limpopo,1565
766024,Fochville,Merafong City,Gauteng,9497
581110,Folose,Ulundi,KwaZulu-Natal,999
297147,Foloti,Mbizana,Eastern Cape,145
965044,Folovhodwe,Mutale,Limpopo,2806
599178,Folweni,eThekwini,KwaZulu-Natal,30402
966105,Fondwe,Thulamela,Limpopo,1798
281043,Fordyce,Lukanji,Eastern Cape,193
177003,Formosa State Forest,George,Western Cape,0
986034,Forong,Fetakgomo,Limpopo,143
874034,Forsicht,Mbombela,Mpumalanga,208
276071,Fort Beaufort,Nkonkobe,Eastern Cape,25668
273117,Fort Cox,Amahlathi,Eastern Cape,43
287102,Fort Hook,Senqu,Eastern Cape,1128
260099,Fort Murray,Buffalo City,Eastern Cape,728
563006,Fort Nottingham,uMngeni,KwaZulu-Natal,38
271072,Forty five,Mnquma,Eastern Cape,247
470014,Fouriesburg,Dihlabeng,Free State,664
273091,Frankfort,Amahlathi,Eastern Cape,2043
479007,Frankfort,Mafube,Free State,5840
596003,Franklin,Greater Kokstad,KwaZulu-Natal,2018
167007,Franschhoek,Stellenbosch,Western Cape,17556
172023,Franskraalstrand,Overstrand,Western Cape,1165
367003,Frasersburg,Karoo Hoogland,Northern Cape,3029
662027,Freedom Park,Rustenburg,North West,23156
286027,Freistad,Elundini,Eastern Cape,103
562011,Frenchay West,uMshwathi,KwaZulu-Natal,2925
570008,Frere,Umtshezi,KwaZulu-Natal,1215
271038,Frerestat,Mnquma,Eastern Cape,9
176004,Friemersheim,Mossel Bay,Western Cape,1235
575079,Frischgewaagd,Nqutu,KwaZulu-Natal,426
578013,Frischgewaagd,eDumbe,KwaZulu-Natal,13089
662007,Frischgewaagd,Rustenburg,North West,1738
983016,Frischgewaagd,Ephraim Mogale,Limpopo,118
984010,Frischgewaagd,Elias Motsoaledi,Limpopo,5941
270542,Fubesi,Mbhashe,Eastern Cape,275
273028,Fubu,Amahlathi,Eastern Cape,109
270514,Fukula,Mbhashe,Eastern Cape,233
524019,Fulathela North,Newcastle,KwaZulu-Natal,1493
526002,Fulathela Sorth,Dannhauser,KwaZulu-Natal,2458
587001,Fuleni Reserve,Mfolozi,KwaZulu-Natal,2576
588018,Fuyeni A,Ntambanana,KwaZulu-Natal,141
588015,Fuyeni B,Ntambanana,KwaZulu-Natal,534
961052,Ga-Abele,Greater Letaba,Limpopo,1808
974141,Ga-Chuene,Polokwane,Limpopo,5488
969008,Ga-Dankie,Blouberg,Limpopo,446
360052,Ga-Diboye,Joe Morolong,Northern Cape,574
970066,Ga-Dietane,Aganang,Limpopo,318
970001,Ga-Dikgale,Aganang,Limpopo,430
982044,Ga-Dukakgomo,Mogalakwena,Limpopo,606
961056,Ga-Femane,Greater Letaba,Limpopo,1831
660025,Ga-Habedi,Moretele,North West,597
974003,Ga-Hlahla,Polokwane,Limpopo,4873
982013,Ga-Hlako,Mogalakwena,Limpopo,1733
969090,Ga-Hlako A,Blouberg,Limpopo,286
969084,Ga-Hlako B,Blouberg,Limpopo,1215
877042,Ga-Josepha,Bushbuckridge,Mpumalanga,4329
970003,Ga-Keetse,Aganang,Limpopo,329
565027,Ga-Keta,Impendle,KwaZulu-Natal,2908
961097,Ga-Kgapane,Greater Letaba,Limpopo,9879
973021,Ga-Kgara,Molemole,Limpopo,406
987028,Ga-Kgoete,Greater Tubatse,Limpopo,995
970053,Ga-Kgoroshi,Aganang,Limpopo,698
982116,Ga-Kgubudi,Mogalakwena,Limpopo,5029
969009,Ga-Kibi,Blouberg,Limpopo,2436
969069,Ga-Kobe,Blouberg,Limpopo,2209
970010,Ga-Kolopo,Aganang,Limpopo,1166
974023,Ga-Komape,Polokwane,Limpopo,2739
962032,Ga-Kubjana,Greater Tzaneen,Limpopo,2353
667061,Ga-Kubu,Mafikeng,North West,1289
970013,Ga-Lamola,Aganang,Limpopo,533
982045,Ga-Lebelo,Mogalakwena,Limpopo,567
974128,Ga-Lekgothoane,Polokwane,Limpopo,1156
970026,Ga-Lepadima,Aganang,Limpopo,1231
982115,Ga-Letwaba,Mogalakwena,Limpopo,3855
360065,Ga-Lotlhare,Joe Morolong,Northern Cape,795
361008,Ga-Lotolo,Ga-Segonyana,Northern Cape,355
360029,Ga-Mabe,Joe Morolong,Northern Cape,968
969022,Ga-Mabelebele,Blouberg,Limpopo,2406
970021,Ga-Mabitsela,Aganang,Limpopo,1421
974009,Ga-Mabitsela,Polokwane,Limpopo,1905
969105,Ga-Mabotha,Blouberg,Limpopo,2246
973011,Ga-Mabotha,Molemole,Limpopo,114
974020,Ga-Mabotha,Polokwane,Limpopo,4047
982094,Ga-Mabuela,Mogalakwena,Limpopo,2081
982074,Ga-Mabusela,Mogalakwena,Limpopo,1246
969067,Ga-Machaba,Blouberg,Limpopo,3992
985021,Ga-Machacha,Makhuduthamaga,Limpopo,2023
978021,Ga-Machoko,Lephalale,Limpopo,663
970078,Ga-Madiba,Aganang,Limpopo,662
969077,Ga-Madibeng,Blouberg,Limpopo,785
970070,Ga-Madietane,Aganang,Limpopo,895
976066,Ga-Madisaleolo,Lepele-Nkumpi,Limpopo,2282
360032,Ga-Madudu,Joe Morolong,Northern Cape,3598
987155,Ga-Maepa,Greater Tubatse,Limpopo,2676
976009,Ga-Mafefe,Lepele-Nkumpi,Limpopo,3028
987106,Ga-Mahlokwane,Greater Tubatse,Limpopo,541
970050,Ga-Mahoai,Aganang,Limpopo,2058
974137,Ga-Maja,Polokwane,Limpopo,8053
360038,Ga-Makgatle,Joe Morolong,Northern Cape,476
973034,Ga-Makgato,Molemole,Limpopo,3160
963012,Ga-Makhushane,Ba-Phalaborwa,Limpopo,12499
974004,Ga-Makibelo,Polokwane,Limpopo,3017
987056,Ga-Makofane,Greater Tubatse,Limpopo,3771
987022,Ga-Makopa,Greater Tubatse,Limpopo,1011
987119,Ga-Makubane,Greater Tubatse,Limpopo,1852
987084,Ga-Makwa,Greater Tubatse,Limpopo,809
987158,Ga-Malekana,Greater Tubatse,Limpopo,3775
987036,Ga-Malepe,Greater Tubatse,Limpopo,404
982084,Ga-Maloka,Mogalakwena,Limpopo,2149
976003,Ga-Mampa,Lepele-Nkumpi,Limpopo,868
987151,Ga-Mampuru,Greater Tubatse,Limpopo,7449
970081,Ga-Mangou,Aganang,Limpopo,973
970005,Ga-Mankodi,Aganang,Limpopo,475
987030,Ga-Manyaka,Greater Tubatse,Limpopo,4095
970082,Ga-Manyapje,Aganang,Limpopo,1338
987107,Ga-Mapea A,Greater Tubatse,Limpopo,510
987033,Ga-Mapea B,Greater Tubatse,Limpopo,973
973003,Ga-Maponto,Molemole,Limpopo,4530
970016,Ga-Maribana,Aganang,Limpopo,1594
987082,Ga-Maroga,Greater Tubatse,Limpopo,3049
970012,Ga-Masehlong,Aganang,Limpopo,1083
360117,Ga-Masepa,Joe Morolong,Northern Cape,840
987157,Ga-Masha,Greater Tubatse,Limpopo,12772
987102,Ga-Mashamptane,Greater Tubatse,Limpopo,10071
970086,Ga-Mashashane,Aganang,Limpopo,5395
987029,Ga-Mashishi,Greater Tubatse,Limpopo,4149
963014,Ga-Mashishimale,Ba-Phalaborwa,Limpopo,13920
987081,Ga-Mashukwane,Greater Tubatse,Limpopo,2225
974007,Ga-Matabanyane,Polokwane,Limpopo,2591
962002,Ga-Matipane,Greater Tzaneen,Limpopo,6440
970090,Ga-Matlapa,Aganang,Limpopo,1787
970011,Ga-Matlhodi,Aganang,Limpopo,1524
970029,Ga-Mmabatho,Aganang,Limpopo,2230
970037,Ga-Mmathongwana,Aganang,Limpopo,1371
970038,Ga-Modikana,Aganang,Limpopo,1520
674032,Ga-Modikwe,Kagisano/Molopo,North West,98
962010,Ga-Modjadji,Greater Tzaneen,Limpopo,1118
662019,Ga-Mogajane,Rustenburg,North West,1235
360050,Ga-Moheele,Joe Morolong,Northern Cape,139
976004,Ga-Moila,Lepele-Nkumpi,Limpopo,131
973016,Ga-Mokgehle,Molemole,Limpopo,555
970025,Ga-Mokobodi,Aganang,Limpopo,1103
360094,Ga-Mokomela,Joe Morolong,Northern Cape,79
973010,Ga-Mokwele,Molemole,Limpopo,174
973006,Ga-Moleele,Molemole,Limpopo,596
660063,Ga-Monama,Moretele,North West,589
987026,Ga-Mongatone,Greater Tubatse,Limpopo,939
978035,Ga-Monyeki,Lephalale,Limpopo,4087
962014,Ga-Mookgo,Greater Tzaneen,Limpopo,2303
987043,Ga-Moraba A,Greater Tubatse,Limpopo,271
987047,Ga-Moraba B,Greater Tubatse,Limpopo,1795
360026,Ga-Morona,Joe Morolong,Northern Cape,612
872024,Ga-Morwe,Dr JS Moroka,Mpumalanga,9021
985104,Ga-Mosehla,Makhuduthamaga,Limpopo,12543
360075,Ga-Moseki,Joe Morolong,Northern Cape,756
986019,Ga-Motene,Fetakgomo,Limpopo,271
961051,Ga-Mothele,Greater Letaba,Limpopo,1224
974079,Ga-Mothiba,Polokwane,Limpopo,11511
360109,Ga-Mothibi,Joe Morolong,Northern Cape,291
974083,Ga-Motholo,Polokwane,Limpopo,6031
961080,Ga-Mothombeki,Greater Letaba,Limpopo,1254
661010,Ga-Moti,Madibeng,North West,5
970006,Ga-Motlagomo,Aganang,Limpopo,512
969035,Ga-Motlana,Blouberg,Limpopo,669
987091,Ga-Motodi,Greater Tubatse,Limpopo,4131
361003,Ga-Motsamai,Ga-Segonyana,Northern Cape,533
987053,Ga-Motshana,Greater Tubatse,Limpopo,1403
969080,Ga-Motshemi,Blouberg,Limpopo,1011
361032,Ga-Motshwaedi,Ga-Segonyana,Northern Cape,0
969029,Ga-Moyaga,Blouberg,Limpopo,87
987032,Ga-Mphethi,Greater Tubatse,Limpopo,1837
987085,Ga-Mpuru,Greater Tubatse,Limpopo,1402
982025,Ga-Mushi,Mogalakwena,Limpopo,1379
868025,Ga-Nala,Emalahleni,Mpumalanga,15237
970045,Ga-Ngwetsana,Aganang,Limpopo,2003
970034,Ga-Nonyane,Aganang,Limpopo,1434
361014,Ga-Ntatelang,Ga-Segonyana,Northern Cape,1614
970014,Ga-Phagodi,Aganang,Limpopo,1426
987010,Ga-Phala,Greater Tubatse,Limpopo,1188
973023,Ga-Phasha,Molemole,Limpopo,1897
987149,Ga-Phasha,Greater Tubatse,Limpopo,3227
970030,Ga-Piet,Aganang,Limpopo,1470
360013,Ga-Pitiela,Joe Morolong,Northern Cape,941
987052,Ga-Podele,Greater Tubatse,Limpopo,1984
973013,Ga-Poopedi,Molemole,Limpopo,343
987072,Ga-Ragopola,Greater Tubatse,Limpopo,4934
970056,Ga-Ramakara,Aganang,Limpopo,653
970036,Ga-Rametlwana,Aganang,Limpopo,2348
969083,Ga-Rammutla A,Blouberg,Limpopo,740
969087,Ga-Rammutla B,Blouberg,Limpopo,386
970046,Ga-Ramokadi-Kadi,Aganang,Limpopo,2136
970035,Ga-Ramoshwane,Aganang,Limpopo,3469
664025,Ga-Ramosidi,Moses Kotane,North West,812
970023,Ga-Ramotlokana,Aganang,Limpopo,1192
969100,Ga-Rampuru,Blouberg,Limpopo,548
970044,Ga-Rampuru,Aganang,Limpopo,1765
799034,Ga-Rankuwa,City of Tshwane,Gauteng,90945
970028,Ga-Rankuwa,Aganang,Limpopo,1663
661011,Ga-Rantlapane,Madibeng,North West,22
661003,Ga-Rasai,Madibeng,North West,469
987088,Ga-Riba,Greater Tubatse,Limpopo,3073
973022,Ga-Sako,Molemole,Limpopo,520
361010,Ga-Sebolao,Ga-Segonyana,Northern Cape,150
970020,Ga-Sebotse,Aganang,Limpopo,1702
970054,Ga-Sechaba,Aganang,Limpopo,1386
361002,Ga-Segonyana NU,Ga-Segonyana,Northern Cape,3000
361002,Ga-Segonyana NU North,Ga-Segonyana,Northern Cape,200
361009,Ga-Sehubane,Ga-Segonyana,Northern Cape,404
987031,Ga-Selala,Greater Tubatse,Limpopo,4589
978033,Ga-Seleka,Lephalale,Limpopo,1105
963003,Ga-Selwana,Ba-Phalaborwa,Limpopo,5263
360059,Ga-Sese,Joe Morolong,Northern Cape,1148
974005,Ga-Setati,Polokwane,Limpopo,1773
667060,Ga-Tau,Mafikeng,North West,1026
985075,Ga-Tisana,Makhuduthamaga,Limpopo,1159
974058,Ga-Tjale,Polokwane,Limpopo,467
361029,Ga-Tlhose,Ga-Segonyana,Northern Cape,47
969061,Ga-Tshabalala,Blouberg,Limpopo,963
661009,Ga-Tshefoqe,Madibeng,North West,1112
874024,Ga-Tshwene,Mbombela,Mpumalanga,3354
661015,Ga-Tsogwe,Madibeng,North West,1122
974066,Ga-kgole,Polokwane,Limpopo,1101
360041,Ga-sehunelo,Joe Morolong,Northern Cape,116
877011,GaBoelang,Bushbuckridge,Mpumalanga,3696
662021,GaLuka,Rustenburg,North West,15350
969107,GaMabeba,Blouberg,Limpopo,395
982112,GaMagongwa,Mogalakwena,Limpopo,2107
974099,GaMagowa,Polokwane,Limpopo,5160
974090,GaMahlahle,Polokwane,Limpopo,364
974057,GaMailula,Polokwane,Limpopo,77
986043,GaMaisela,Fetakgomo,Limpopo,1189
974113,GaMakanye,Polokwane,Limpopo,138
983060,GaMakena,Ephraim Mogale,Limpopo,432
983057,GaMakgatle,Ephraim Mogale,Limpopo,361
974071,GaMakgoba,Polokwane,Limpopo,1849
976016,GaMakgoba A,Lepele-Nkumpi,Limpopo,2048
976033,GaMakgoba B,Lepele-Nkumpi,Limpopo,349
974063,GaMakgobathe,Polokwane,Limpopo,137
976034,GaMakgotho,Lepele-Nkumpi,Limpopo,787
969092,GaMakgwata,Blouberg,Limpopo,250
983030,GaMakharankana,Ephraim Mogale,Limpopo,1922
974052,GaMakweya,Polokwane,Limpopo,1222
982059,GaMalapile,Mogalakwena,Limpopo,592
969062,GaMalokela,Blouberg,Limpopo,1429
985118,GaMaloma,Makhuduthamaga,Limpopo,526
982054,GaMalope,Mogalakwena,Limpopo,981
969011,GaMamadi,Blouberg,Limpopo,5349
974048,GaMamadila,Polokwane,Limpopo,1295
961061,GaMamanyoha,Greater Letaba,Limpopo,1162
969056,GaMamokhwibidu,Blouberg,Limpopo,713
969050,GaMamoleka,Blouberg,Limpopo,889
986032,GaMampa,Fetakgomo,Limpopo,197
985094,GaMampana,Makhuduthamaga,Limpopo,1640
974064,GaMamphaka,Polokwane,Limpopo,1125
974011,GaManamela,Polokwane,Limpopo,1355
974076,GaMapangula,Polokwane,Limpopo,1335
982107,GaMapela,Mogalakwena,Limpopo,11254
961045,GaMaphale,Greater Letaba,Limpopo,4641
969028,GaMaphoto,Blouberg,Limpopo,90
985010,GaMaroshi,Makhuduthamaga,Limpopo,1305
969103,GaMasealele,Blouberg,Limpopo,669
969115,GaMasekwa,Blouberg,Limpopo,195
982106,GaMasenya,Mogalakwena,Limpopo,907
983019,GaMasha,Ephraim Mogale,Limpopo,709
985044,GaMashabela,Makhuduthamaga,Limpopo,1602
982030,GaMashiane,Mogalakwena,Limpopo,904
982066,GaMasipa,Mogalakwena,Limpopo,391
982020,GaMathapo,Mogalakwena,Limpopo,1272
982042,GaMathekga,Mogalakwena,Limpopo,688
974132,GaMathiba,Polokwane,Limpopo,1869
984042,GaMatlala,Elias Motsoaledi,Limpopo,822
961094,GaMatlou,Greater Letaba,Limpopo,1398
961031,GaMaupa,Greater Letaba,Limpopo,1366
974112,GaMboi,Polokwane,Limpopo,2469
974119,GaMmamatsha,Polokwane,Limpopo,3399
976068,GaMmamogwasa,Lepele-Nkumpi,Limpopo,2550
969081,GaMmatemana,Blouberg,Limpopo,840
983027,GaMmela,Ephraim Mogale,Limpopo,46
986107,GaMmela,Fetakgomo,Limpopo,593
982088,GaModipana,Mogalakwena,Limpopo,1151
974127,GaMogano,Polokwane,Limpopo,1881
675001,GaMogopa,Ventersdorp,North West,2856
985099,GaMohlala,Makhuduthamaga,Limpopo,5825
969006,GaMoisimane Arie,Blouberg,Limpopo,620
969108,GaMojela,Blouberg,Limpopo,782
982110,GaMokaba,Mogalakwena,Limpopo,2146
974027,GaMokgopo,Polokwane,Limpopo,2727
962006,GaMokgwathi,Greater Tzaneen,Limpopo,4599
674008,GaMokonyane,Kagisano/Molopo,North West,417
974110,GaMokwane,Polokwane,Limpopo,2887
961103,GaMokwasela,Greater Letaba,Limpopo,2377
982060,GaMokwena,Mogalakwena,Limpopo,400
976080,GaMolapo,Lepele-Nkumpi,Limpopo,4640
982105,GaMolekana,Mogalakwena,Limpopo,4651
982061,GaMolekwa,Mogalakwena,Limpopo,1117
974123,GaMolepo,Polokwane,Limpopo,4048
985137,GaMoloi,Makhuduthamaga,Limpopo,6373
962004,GaMoloko,Greater Tzaneen,Limpopo,388
985140,GaMolopane,Makhuduthamaga,Limpopo,1581
982033,GaMonare,Mogalakwena,Limpopo,1323
982058,GaMonene,Mogalakwena,Limpopo,967
674010,GaMontshonyana,Kagisano/Molopo,North West,655
969099,GaMonyebodi,Blouberg,Limpopo,447
969095,GaMoreise,Blouberg,Limpopo,4796
985107,GaMoretsela,Makhuduthamaga,Limpopo,2464
961079,GaMoroko,Greater Letaba,Limpopo,1007
974069,GaMoropo,Polokwane,Limpopo,409
982090,GaMosege,Mogalakwena,Limpopo,555
974124,GaMothapo,Polokwane,Limpopo,1604
674030,GaMotsage,Kagisano/Molopo,North West,82
969110,GaNgwepe,Blouberg,Limpopo,823
982027,GaNkidikitlane,Mogalakwena,Limpopo,1340
986046,GaNkoana,Fetakgomo,Limpopo,1614
961047,GaNtata,Greater Letaba,Limpopo,1778
984011,GaPamadi,Elias Motsoaledi,Limpopo,2488
961003,GaPhooko,Greater Letaba,Limpopo,2093
982111,GaPila,Mogalakwena,Limpopo,3353
974037,GaPotse,Polokwane,Limpopo,1404
986106,GaRadingwana,Fetakgomo,Limpopo,3553
976030,GaRakgoatha,Lepele-Nkumpi,Limpopo,6179
962083,GaRakoma,Greater Tzaneen,Limpopo,2005
969012,GaRakwele,Blouberg,Limpopo,455
982065,GaRalenkwane,Mogalakwena,Limpopo,356
961058,GaRamaroka,Greater Letaba,Limpopo,1737
969003,GaRamaswikana,Blouberg,Limpopo,1297
982021,GaRamela,Mogalakwena,Limpopo,1938
961048,GaRamodumo,Greater Letaba,Limpopo,942
974015,GaRamongwana,Polokwane,Limpopo,9376
969010,GaRamotsho,Blouberg,Limpopo,304
974120,GaRamphere,Polokwane,Limpopo,2298
982093,GaRamurulane,Mogalakwena,Limpopo,1185
969053,GaRamutla,Blouberg,Limpopo,1235
982037,GaRapadi,Mogalakwena,Limpopo,998
674020,GaRapipa,Kagisano/Molopo,North West,369
969121,GaRaweshe,Blouberg,Limpopo,630
969119,GaRawesi,Blouberg,Limpopo,607
669012,GaSeane,Ramotshere Moiloa,North West,478
974125,GaSebati,Polokwane,Limpopo,2363
969076,GaSebotlane,Blouberg,Limpopo,940
985090,GaSekale,Makhuduthamaga,Limpopo,517
982092,GaSekhaolelo,Mogalakwena,Limpopo,2028
978008,GaSeleka,Lephalale,Limpopo,5867
985056,GaSelepe,Makhuduthamaga,Limpopo,349
986024,GaSelepe,Fetakgomo,Limpopo,4721
974012,GaSemenya,Polokwane,Limpopo,3579
985082,GaSeopela,Makhuduthamaga,Limpopo,2367
986087,GaSeroka,Fetakgomo,Limpopo,338
969088,GaTefu,Blouberg,Limpopo,428
974136,GaThaba,Polokwane,Limpopo,3042
974085,GaThoka,Polokwane,Limpopo,11258
982098,GaTshaba,Mogalakwena,Limpopo,830
969044,GaTshabalala,Blouberg,Limpopo,298
985165,GaTshehla,Makhuduthamaga,Limpopo,370
982036,GaTshipana,Mogalakwena,Limpopo,933
982022,GaTshokwe,Mogalakwena,Limpopo,977
974138,GaTshwene A,Polokwane,Limpopo,2117
974130,GaTshwene B,Polokwane,Limpopo,831
962017,GaWally,Greater Tzaneen,Limpopo,3676
968003,Gaarside,Makhado,Limpopo,267
966018,Gaba,Thulamela,Limpopo,6340
290045,Gabajana,Ngquza Hill,Eastern Cape,3099
962080,Gabaza,Greater Tzaneen,Limpopo,2413
293161,Gabazi,Mhlontlo,Eastern Cape,1561
576020,Gabela,Msinga,KwaZulu-Natal,1489
291118,Gabelana,Port St Johns,Eastern Cape,1538
298099,Gabheni,Ntabankulu,Eastern Cape,260
542009,Gada,Nkandla,KwaZulu-Natal,1562
360082,Gadisane,Joe Morolong,Northern Cape,560
283028,Gadlume,Emalahleni,Eastern Cape,243
276077,Gaga,Nkonkobe,Eastern Cape,588
580023,Gagasini,Nongoma,KwaZulu-Natal,321
282130,Gageni,Intsika Yethu,Eastern Cape,263
360061,Gahuhuwe,Joe Morolong,Northern Cape,609
594040,Gala,Ingwe,KwaZulu-Natal,702
982008,Galakwena,Mogalakwena,Limpopo,598
296204,Galali,Umzimvubu,Eastern Cape,446
982034,Galalia,Mogalakwena,Limpopo,695
290204,Galatyeni,Ngquza Hill,Eastern Cape,728
291104,Galatyeni,Port St Johns,Eastern Cape,605
297283,Galatyeni A,Mbizana,Eastern Cape,206
297161,Galatyeni B,Mbizana,Eastern Cape,782
283033,Galax,Emalahleni,Eastern Cape,1040
383005,Galeshewe,Sol Plaatjie,Northern Cape,107920
984001,Galgoloko,Elias Motsoaledi,Limpopo,96
285009,Galili 1,Sakhisizwe,Eastern Cape,285
285010,Galili 2,Sakhisizwe,Eastern Cape,246
281085,Gallawater,Lukanji,Eastern Cape,183
362002,Gamagara NU,Gamagara,Northern Cape,992
293071,Gamakhulu,Mhlontlo,Eastern Cape,119
974068,Gamalahlela,Polokwane,Limpopo,344
506029,Gamalakhe,Hibiscus Coast,KwaZulu-Natal,14098
969098,Gamalebogo,Blouberg,Limpopo,403
672038,Gamokuane,Greater Taung,North West,2056
361005,Gamopedi,Ga-Segonyana,Northern Cape,1399
506038,Gamthilini,Hibiscus Coast,KwaZulu-Natal,2951
268006,Gamtoos Mouth,Kouga,Eastern Cape,153
666014,Ganalaagte,Tswaing,North West,2830
360011,Ganap,Joe Morolong,Northern Cape,569
966160,Gandlanani,Thulamela,Limpopo,3445
590004,Gandolo,Mthonjaneni,KwaZulu-Natal,582
282234,Gandu,Intsika Yethu,Eastern Cape,434
283194,Gandu,Emalahleni,Eastern Cape,243
571041,Gangadweni,Okhahlamba,KwaZulu-Natal,534
504046,Gangala,UMuziwabantu,KwaZulu-Natal,4466
291061,Gangatha,Port St Johns,Eastern Cape,133
290158,Gangeni,Ngquza Hill,Eastern Cape,639
292291,Gangeni,Nyandeni,Eastern Cape,527
360105,Ganghae,Joe Morolong,Northern Cape,120
380003,Gannaput,!Kheis,Northern Cape,1398
283051,Gans,Emalahleni,Eastern Cape,129
172020,Gans Bay,Overstrand,Western Cape,11598
504023,Gansa,UMuziwabantu,KwaZulu-Natal,922
386006,Ganspan,Phokwane,Northern Cape,2301
674043,Ganyesa,Kagisano/Molopo,North West,19290
297206,Ganyile,Mbizana,Eastern Cape,944
360040,Gapopo,Joe Morolong,Northern Cape,66
271514,Gaqa,Mnquma,Eastern Cape,173
276129,Gaqa,Nkonkobe,Eastern Cape,391
360069,Garamatale,Joe Morolong,Northern Cape,54
360016,Garaphoane,Joe Morolong,Northern Cape,137
595008,Garden Castle,Kwa Sani,KwaZulu-Natal,90
361007,Gariele,Ga-Segonyana,Northern Cape,397
461020,Gariep Dam Nature Reserve,Kopanong,Free State,0
289004,Gariep NU,Gariep,Eastern Cape,4826
461021,Gariepdam,Kopanong,Free State,1568
365016,Garies,Kamiesberg,Northern Cape,2105
563012,Garlington,uMngeni,KwaZulu-Natal,186
599086,Gasa Section,eThekwini,KwaZulu-Natal,1442
273069,Gasela,Amahlathi,Eastern Cape,275
672063,Gataote,Greater Taung,North West,1189
360068,Gatshekedi,Joe Morolong,Northern Cape,183
271357,Gatyana,Mnquma,Eastern Cape,154
589100,Gawula,uMlalazi,KwaZulu-Natal,806
598185,Gaybrook,Umzimkhulu,KwaZulu-Natal,793
292326,Gazini,Nyandeni,Eastern Cape,1405
581007,Gazini,Ulundi,KwaZulu-Natal,6052
582008,Gazini,Umhlabuyalingana,KwaZulu-Natal,1217
589111,Gazu-Mngwenya,uMlalazi,KwaZulu-Natal,521
283027,Gbini,Emalahleni,Eastern Cape,347
284299,Gcabhalata,Engcobo,Eastern Cape,178
276023,Gcado,Nkonkobe,Eastern Cape,53
293233,Gcaka,Mhlontlo,Eastern Cape,265
282359,Gcibala,Intsika Yethu,Eastern Cape,221
283106,Gcibala,Emalahleni,Eastern Cape,150
282352,Gcibaloma,Intsika Yethu,Eastern Cape,47
506047,Gcilima,Hibiscus Coast,KwaZulu-Natal,6078
271421,Gcina,Mnquma,Eastern Cape,919
282022,Gcina,Intsika Yethu,Eastern Cape,1229
287018,Gcina,Senqu,Eastern Cape,555
281008,Gcina-AA,Lukanji,Eastern Cape,273
281004,Gcina-L,Lukanji,Eastern Cape,234
281006,Gcina-M,Lukanji,Eastern Cape,160
281009,Gcina-N,Lukanji,Eastern Cape,251
281007,Gcina-O,Lukanji,Eastern Cape,277
281005,Gcina-P,Lukanji,Eastern Cape,225
282214,Gcingca,Intsika Yethu,Eastern Cape,303
274029,Gcinisa,Ngqushwa,Eastern Cape,143
291071,Gcobana,Port St Johns,Eastern Cape,525
503069,Gcwalemini,Umzumbe,KwaZulu-Natal,1617
526042,Geduld,Dannhauser,KwaZulu-Natal,766
378009,Geelkop,Kai !Garib,Northern Cape,155
666012,Geluk,Tswaing,North West,353
974097,Geluk,Polokwane,Limpopo,0
571005,Geluksburg,Okhahlamba,KwaZulu-Natal,171
797025,Geluksdal,Ekurhuleni,Gauteng,14489
673007,Geluksoord,Lekwa-Teemane,North West,3142
667075,Gelukspan,Mafikeng,North West,680
976008,Gemini,Lepele-Nkumpi,Limpopo,726
871015,Gemsbokspruit,Thembisile,Mpumalanga,6793
291099,Gemvale,Port St Johns,Eastern Cape,977
171004,Genadendal,Theewaterskloof,Western Cape,5663
599013,Genazzano,eThekwini,KwaZulu-Natal,2585
976023,Geneva,Lepele-Nkumpi,Limpopo,290
987139,Genokakop,Greater Tubatse,Limpopo,314
177006,George,George,Western Cape,114291
177002,George NU,George,Western Cape,22360
599120,Georgedale,eThekwini,KwaZulu-Natal,10354
983018,Gereagopola,Ephraim Mogale,Limpopo,270
276133,Gerfield,Nkonkobe,Eastern Cape,226
598033,Germiston,Umzimkhulu,KwaZulu-Natal,714
797008,Germiston,Ekurhuleni,Gauteng,255863
292110,Gesi,Nyandeni,Eastern Cape,163
282093,Gesini,Intsika Yethu,Eastern Cape,338
666022,Geysdorp,Tswaing,North West,1365
566031,Gezubuso,The Msunduzi,KwaZulu-Natal,5656
294327,Ggubeni,King Sabata Dalindyebo,Eastern Cape,1307
960039,Ghandlanani,Greater Giyani,Limpopo,2279
576029,Ghobo,Msinga,KwaZulu-Natal,1150
584004,Giba,The Big 5 False Bay,KwaZulu-Natal,6473
969021,Gideon,Blouberg,Limpopo,680
966189,Gidjana,Thulamela,Limpopo,2198
966187,Gijamhandzeni,Thulamela,Limpopo,1153
599117,Gillitts,eThekwini,KwaZulu-Natal,8661
291070,Gimqi A,Port St Johns,Eastern Cape,1860
589137,Gingindlovu,uMlalazi,KwaZulu-Natal,1109
297235,Giniswayo,Mbizana,Eastern Cape,685
291213,Ginqi B,Port St Johns,Eastern Cape,202
260073,Ginsberg,Buffalo City,Eastern Cape,10766
270234,Ginyintsimbi,Mbhashe,Eastern Cape,1730
960029,Giyani,Greater Giyani,Limpopo,25954
503075,Glabhane,Umzumbe,KwaZulu-Natal,1099
499038,Gladstone,Mangaung,Free State,770
671003,Glaudina,Mamusa,North West,2368
283140,Glen Adelaide,Emalahleni,Eastern Cape,914
560065,Glen Albyn,Vulamehlo,KwaZulu-Natal,339
985138,Glen Cowie,Makhuduthamaga,Limpopo,7966
765012,Glen Harvie,Westonaria,Gauteng,9818
472004,Glen Lenie,Maluti a Phofung,Free State,3590
593022,Glen Mill,Ndwedwe,KwaZulu-Natal,1758
970083,Glen-Roy,Aganang,Limpopo,574
276001,Glencairn,Nkonkobe,Eastern Cape,502
281030,Glencoe,Lukanji,Eastern Cape,94
569001,Glencoe,Indaka,KwaZulu-Natal,573
574004,Glencoe,Endumeni,KwaZulu-Natal,17548
593024,Glendale,Ndwedwe,KwaZulu-Natal,438
969037,Glenfernes,Blouberg,Limpopo,531
272038,Glengariff,Great Kei,Eastern Cape,119
565009,Glenmile,Impendle,KwaZulu-Natal,373
274066,Glenmore,Ngqushwa,Eastern Cape,1244
276004,Glenmore,Nkonkobe,Eastern Cape,166
860037,Glenmore,Albert Luthuli,Mpumalanga,7180
875003,Glenthorpe,Umjindi,Mpumalanga,667
381002,Glosam,Tsantsabane,Northern Cape,119
598077,Gloveester,Umzimkhulu,KwaZulu-Natal,861
503038,Goba,Umzumbe,KwaZulu-Natal,860
876048,Goba,Nkomazi,Mpumalanga,1666
538020,Gobandlovu,uMhlathuze,KwaZulu-Natal,5271
271410,Gobe,Mnquma,Eastern Cape,338
270318,Gobene,Mbhashe,Eastern Cape,222
503008,Gobhamehlo,Umzumbe,KwaZulu-Natal,1638
284303,Gobhoti,Engcobo,Eastern Cape,1216
588009,Gobihlahla,Ntambanana,KwaZulu-Natal,1283
562019,Gobinsimbi,uMshwathi,KwaZulu-Natal,3267
270403,Gobisandla,Mbhashe,Eastern Cape,113
295107,Gobizela,Matatiele,Eastern Cape,217
295138,Gobizembe,Matatiele,Eastern Cape,599
297384,Gobodweni,Mbizana,Eastern Cape,111
290304,Gobozana,Ngquza Hill,Eastern Cape,268
296098,Gobozi,Umzimvubu,Eastern Cape,184
877070,Godide,Bushbuckridge,Mpumalanga,6291
260105,Godidi,Buffalo City,Eastern Cape,677
271432,Godidi,Mnquma,Eastern Cape,801
292222,Godini,Nyandeni,Eastern Cape,599
293185,Godini,Mhlontlo,Eastern Cape,195
581008,Godlankomo,Ulundi,KwaZulu-Natal,1744
505015,Godloza,Ezingoleni,KwaZulu-Natal,2611
579005,Godlwayo,UPhongolo,KwaZulu-Natal,2259
296126,Godola,Umzimvubu,Eastern Cape,138
982064,Goede Hoop,Mogalakwena,Limpopo,337
664006,Goedehoop,Moses Kotane,North West,331
462008,Goedemoed,Mohokare,Free State,537
381003,Goedgedacht,Tsantsabane,Northern Cape,746
579027,Goedgeloof A,UPhongolo,KwaZulu-Natal,1586
590036,Goedgeloof A,Mthonjaneni,KwaZulu-Natal,653
970040,Goedgevonden,Aganang,Limpopo,1013
675004,Goedgevonden A,Ventersdorp,North West,4934
667078,Goedgevonden B,Mafikeng,North West,635
162007,Goedverwacht,Bergrivier,Western Cape,1979
968138,Goedverwacht,Makhado,Limpopo,242
296009,Gogela,Umzimvubu,Eastern Cape,334
291202,Gogogo,Port St Johns,Eastern Cape,951
965110,Gogogo,Mutale,Limpopo,808
270366,Gogote,Mbhashe,Eastern Cape,232
291206,Gogqozo,Port St Johns,Eastern Cape,525
581087,Goje,Ulundi,KwaZulu-Natal,1190
286155,Goji,Elundini,Eastern Cape,315
760007,Golden Gardens,Emfuleni,Gauteng,484
292277,Goli,Nyandeni,Eastern Cape,208
271527,Golisile,Mnquma,Eastern Cape,147
599177,Golokodo,eThekwini,KwaZulu-Natal,35055
286151,Golomane,Elundini,Eastern Cape,547
965104,Goma,Mutale,Limpopo,43
565026,Gomane,Impendle,KwaZulu-Natal,4627
965087,Gombani,Mutale,Limpopo,228
293220,Gomeni,Mhlontlo,Eastern Cape,843
569036,Gominakadani,Indaka,KwaZulu-Natal,306
291193,Gomolo,Port St Johns,Eastern Cape,369
283110,Gomora,Emalahleni,Eastern Cape,536
260133,Gompo Town,Buffalo City,Eastern Cape,2254
966048,Gonani,Thulamela,Limpopo,372
270079,Gonco,Mbhashe,Eastern Cape,735
966135,Gondeni A,Thulamela,Limpopo,5391
966114,Gondeni B,Thulamela,Limpopo,1471
384012,Gong-Gong,Dikgatlong,Northern Cape,1045
292030,Gongo,Nyandeni,Eastern Cape,138
293280,Gongo 2,Mhlontlo,Eastern Cape,628
271120,Gongota,Mnquma,Eastern Cape,151
960023,Gonono,Greater Giyani,Limpopo,1140
292262,Gonothi,Nyandeni,Eastern Cape,1693
578024,Gontshi,eDumbe,KwaZulu-Natal,1227
260106,Gonubie,Buffalo City,Eastern Cape,11471
573022,Good Home,Imbabazane,KwaZulu-Natal,5133
295248,Good Hope,Matatiele,Eastern Cape,355
360072,Good Hope,Joe Morolong,Northern Cape,247
575058,Good Hope,Nqutu,KwaZulu-Natal,1870
260137,Goodhope,Buffalo City,Eastern Cape,2127
364004,Goodhouse,Nama Khoi,Northern Cape,171
199026,Goodwood,City of Cape Town,Western Cape,50285
674038,Goodwood,Kagisano/Molopo,North West,573
669020,Gopane,Ramotshere Moiloa,North West,10035
581049,Goqo,Ulundi,KwaZulu-Natal,1416
286022,Goqwana,Elundini,Eastern Cape,172
293295,Goqwana,Mhlontlo,Eastern Cape,566
199055,Gordons Bay,City of Cape Town,Western Cape,16776
983029,Goru,Ephraim Mogale,Limpopo,265
273037,Goshen,Amahlathi,Eastern Cape,411
571046,Gosheni,Okhahlamba,KwaZulu-Natal,927
284377,Goso,Engcobo,Eastern Cape,239
290330,Goso,Ngquza Hill,Eastern Cape,41
296163,Goso,Umzimvubu,Eastern Cape,1039
290310,Goso Forest,Ngquza Hill,Eastern Cape,2821
542034,Gosweni,Nkandla,KwaZulu-Natal,706
293283,Gotsi,Mhlontlo,Eastern Cape,935
877031,Gottenburg,Bushbuckridge,Mpumalanga,400
271486,Gotyibeni,Mnquma,Eastern Cape,572
284396,Gotyibeni,Engcobo,Eastern Cape,179
293181,Gotyibeni,Mhlontlo,Eastern Cape,266
294333,Gotyibeni,King Sabata Dalindyebo,Eastern Cape,713
270519,Gotyibeni A,Mbhashe,Eastern Cape,93
270372,Gotyibeni B,Mbhashe,Eastern Cape,202
166003,Gouda,Drakenstein,Western Cape,3441
969015,Goudmyn,Blouberg,Limpopo,1249
766001,Goudvlakte West,Merafong City,Gauteng,222
180010,Goukamma Nature Reserve,Knysna,Western Cape,13
175007,Gouritsmond,Hessequa,Western Cape,515
866003,Govan Mbeki NU,Govan Mbeki,Mpumalanga,10560
966191,Govu,Thulamela,Limpopo,1486
295029,Goxa,Matatiele,Eastern Cape,541
295047,Goxe,Matatiele,Eastern Cape,91
296131,Goxe,Umzimvubu,Eastern Cape,433
598133,Goxe,Umzimkhulu,KwaZulu-Natal,624
297001,Goxe A,Mbizana,Eastern Cape,230
297006,Goxe B,Mbizana,Eastern Cape,302
297003,Goxe C,Mbizana,Eastern Cape,121
283157,Gqadu,Emalahleni,Eastern Cape,1169
276142,Gqadushe,Nkonkobe,Eastern Cape,286
286223,Gqaghala,Elundini,Eastern Cape,155
284079,Gqaka,Engcobo,Eastern Cape,428
260169,Gqala,Buffalo City,Eastern Cape,651
581027,Gqalabeni,Ulundi,KwaZulu-Natal,302
286217,Gqaqala,Elundini,Eastern Cape,201
294169,Gqaqhala,King Sabata Dalindyebo,Eastern Cape,453
296211,Gqatsa,Umzimvubu,Eastern Cape,333
503077,Gqayinyanga,Umzumbe,KwaZulu-Natal,1396
293231,Gqeyane,Mhlontlo,Eastern Cape,109
292037,Gqeza,Nyandeni,Eastern Cape,493
290008,Gqina,Ngquza Hill,Eastern Cape,256
270635,Gqogqa,Mbhashe,Eastern Cape,181
282232,Gqogqora,Intsika Yethu,Eastern Cape,479
576019,Gqohi,Msinga,KwaZulu-Natal,2838
270477,Gqola,Mbhashe,Eastern Cape,206
271518,Gqola,Mnquma,Eastern Cape,313
271089,Gqoloma,Mnquma,Eastern Cape,253
270587,Gqubeni,Mbhashe,Eastern Cape,66
294408,Gqubeni,King Sabata Dalindyebo,Eastern Cape,244
297155,Gqubeni,Mbizana,Eastern Cape,532
271103,Gqukesi,Mnquma,Eastern Cape,584
293037,Gqukunqa,Mhlontlo,Eastern Cape,60
276090,Gqumashe,Nkonkobe,Eastern Cape,562
597016,Gqumeni,Ubuhlebezwe,KwaZulu-Natal,984
271418,Gqunge A,Mnquma,Eastern Cape,1924
270590,Gqunqe,Mbhashe,Eastern Cape,175
270461,Gqupu,Mbhashe,Eastern Cape,1245
284173,Gqutyini A,Engcobo,Eastern Cape,612
284174,Gqutyini B,Engcobo,Eastern Cape,137
284137,Gqutyini C,Engcobo,Eastern Cape,228
284081,Gqutyini D,Engcobo,Eastern Cape,78
284082,Gqutyini E,Engcobo,Eastern Cape,0
284123,Gqutyini F,Engcobo,Eastern Cape,104
292057,Gqwarhu,Nyandeni,Eastern Cape,175
298091,Gqwarhu,Ntabankulu,Eastern Cape,219
293004,Gqwesa,Mhlontlo,Eastern Cape,466
297353,Gqweza Mzenge,Mbizana,Eastern Cape,80
261003,Graaff Reinet,Camdeboo,Eastern Cape,26585
161003,Graafwater,Cederberg,Western Cape,2261
171009,Grabouw,Theewaterskloof,Western Cape,30337
264004,Grahamstown,Makana,Eastern Cape,50217
877043,Graigieburn,Bushbuckridge,Mpumalanga,1394
668004,Grasfontein,Ditsobotla,North West,1352
873007,Graskop,Thaba Chweu,Mpumalanga,3996
672048,Graspan,Greater Taung,North West,704
274121,Grassridge,Ngqushwa,Eastern Cape,79
199040,Grassy Park,City of Cape Town,Western Cape,82199
963013,Gravelotte,Ba-Phalaborwa,Limpopo,1098
514023,Graythorne,Emnambithi/Ladysmith,KwaZulu-Natal,115
575077,Grazing A,Nqutu,KwaZulu-Natal,797
575063,Grazing B,Nqutu,KwaZulu-Natal,701
575075,Grazing C,Nqutu,KwaZulu-Natal,947
271511,Great Kei Bridge,Mnquma,Eastern Cape,85
272002,Great Kei NU,Great Kei,Eastern Cape,6468
164020,Greater Chatsworth,Swartland,Western Cape,1726
960002,Greater Giyani NU,Greater Giyani,Limpopo,1801
596002,Greater Kokstad NU,Greater Kokstad,KwaZulu-Natal,9926
961010,Greater Letaba NU,Greater Letaba,Limpopo,10926
672002,Greater Taung NU,Greater Taung,North West,5267
987002,Greater Tubatse NU,Greater Tubatse,Limpopo,8731
966158,Green Farm,Thulamela,Limpopo,3930
766025,Green Park,Merafong City,Gauteng,2587
571006,Green Point,Okhahlamba,KwaZulu-Natal,1902
660042,Green Side,Moretele,North West,5920
526013,Greenock,Dannhauser,KwaZulu-Natal,304
868009,Greenside Colliery,Emalahleni,Mpumalanga,1029
287044,Greensiden Terminus,Senqu,Eastern Cape,392
297175,Greenville,Mbizana,Eastern Cape,3121
599001,Greylands,eThekwini,KwaZulu-Natal,2185
865004,Greylingstad,Dipaleseng,Mpumalanga,839
283112,Greyspan,Emalahleni,Eastern Cape,880
171006,Greyton,Theewaterskloof,Western Cape,2780
577023,Greytown,Umvoti,KwaZulu-Natal,9090
274137,Gribaltar Rock,Ngqushwa,Eastern Cape,127
294012,Griebdale,King Sabata Dalindyebo,Eastern Cape,105
376004,Griekwastad,Siyancuma,Northern Cape,6428
984045,Groblersdal,Elias Motsoaledi,Limpopo,4329
380005,Groblershoop,!Kheis,Northern Cape,4938
525001,Groenvlei,Emadlangeni,KwaZulu-Natal,193
381004,Groenwater,Tsantsabane,Northern Cape,739
176006,Groot Brakrivier,Mossel Bay,Western Cape,10619
175011,Groot Jongensfontein,Hessequa,Western Cape,355
669035,Groot Marico,Ramotshere Moiloa,North West,3384
598217,Groot Verlangen,Umzimkhulu,KwaZulu-Natal,543
499040,Grootdam,Mangaung,Free State,133
363006,Grootderm,Richtersveld,Northern Cape,80
380001,Grootdrink,!Kheis,Northern Cape,2645
799071,Grootfontein,City of Tshwane,Gauteng,1460
526006,Grootgeluk,Dannhauser,KwaZulu-Natal,1507
571014,Grootgluk,Okhahlamba,KwaZulu-Natal,1378
499033,Groothoek,Mangaung,Free State,23
799015,Grootvlei,City of Tshwane,Gauteng,1786
865006,Grootvlei,Dipaleseng,Mpumalanga,5415
164019,Grotto Bay,Swartland,Western Cape,220
592021,Groutville,KwaDukuza,KwaZulu-Natal,12638
270641,Gshiphondo,Mbhashe,Eastern Cape,239
283048,Guba,Emalahleni,Eastern Cape,254
285045,Guba,Sakhisizwe,Eastern Cape,100
283034,Gubahoek,Emalahleni,Eastern Cape,186
272020,Gubeni KwaSilatsha,Great Kei,Eastern Cape,801
284006,Gubenxa,Engcobo,Eastern Cape,255
270333,Gubevu,Mbhashe,Eastern Cape,708
271036,Gubevu,Mnquma,Eastern Cape,158
290301,Gubevu,Ngquza Hill,Eastern Cape,418
294107,Gubevu,King Sabata Dalindyebo,Eastern Cape,624
297020,Gubhethuka,Mbizana,Eastern Cape,224
538012,Gubhethuka,uMhlathuze,KwaZulu-Natal,3233
503052,Gubhugubhu,Umzumbe,KwaZulu-Natal,7682
503018,Gubhuza,Umzumbe,KwaZulu-Natal,2446
296177,Gubhuzi,Umzimvubu,Eastern Cape,209
293167,Gubini,Mhlontlo,Eastern Cape,237
298134,Gudeka,Ntabankulu,Eastern Cape,346
271061,Gudla,Mnquma,Eastern Cape,640
295082,Gudlintaba,Matatiele,Eastern Cape,399
598082,Gudlintaba,Umzimkhulu,KwaZulu-Natal,1020
296100,Gudlintaba A,Umzimvubu,Eastern Cape,121
296011,Gudlintaba B,Umzimvubu,Eastern Cape,318
504003,Gudlucingo,UMuziwabantu,KwaZulu-Natal,850
580136,Gudu,Nongoma,KwaZulu-Natal,231
503007,Gugha,Umzumbe,KwaZulu-Natal,807
199030,Gugulethu,City of Cape Town,Western Cape,98468
283065,Gugulethu,Emalahleni,Eastern Cape,204
283094,Gugulethu A,Emalahleni,Eastern Cape,229
283067,Gugulethu B,Emalahleni,Eastern Cape,123
589071,Gugushe,uMlalazi,KwaZulu-Natal,771
282364,Gugwana,Intsika Yethu,Eastern Cape,83
282066,Gugwini,Intsika Yethu,Eastern Cape,96
293114,Gugwini,Mhlontlo,Eastern Cape,182
295287,Gugwini,Matatiele,Eastern Cape,355
296090,Gugwini,Umzimvubu,Eastern Cape,1412
598211,Gugwini,Umzimkhulu,KwaZulu-Natal,1517
598034,Gujedlini,Umzimkhulu,KwaZulu-Natal,1461
576076,Gujini,Msinga,KwaZulu-Natal,3051
284133,Gulandoda,Engcobo,Eastern Cape,265
503084,Gumatane,Umzumbe,KwaZulu-Natal,1473
287021,Gumba-Gumba,Senqu,Eastern Cape,377
966213,Gumbani,Thulamela,Limpopo,2229
965001,Gumbu,Mutale,Limpopo,913
965063,Gumela,Mutale,Limpopo,383
297275,Gumzana,Mbizana,Eastern Cape,1225
965067,Gundani,Mutale,Limpopo,306
293076,Gungqwane,Mhlontlo,Eastern Cape,530
282120,Gungubele,Intsika Yethu,Eastern Cape,232
270096,Gungululu,Mbhashe,Eastern Cape,146
576031,Gunjana,Msinga,KwaZulu-Natal,838
586013,Gunjaneni,Mtubatuba,KwaZulu-Natal,2550
599011,Gunjini,eThekwini,KwaZulu-Natal,8031
293223,Gunqwana,Mhlontlo,Eastern Cape,411
578004,Gunstelling,eDumbe,KwaZulu-Natal,598
291141,Gunuza,Port St Johns,Eastern Cape,43
290268,Gunyeni,Ngquza Hill,Eastern Cape,1566
292052,Gunyeni,Nyandeni,Eastern Cape,553
290108,Guqa,Ngquza Hill,Eastern Cape,660
292186,Guqa,Nyandeni,Eastern Cape,773
297067,Guqa,Mbizana,Eastern Cape,299
576073,Guqa,Msinga,KwaZulu-Natal,2944
580147,Guqe,Nongoma,KwaZulu-Natal,563
282070,Guse,Intsika Yethu,Eastern Cape,514
580198,Gusenzamo,Nongoma,KwaZulu-Natal,520
874028,Gutshwa,Mbombela,Mpumalanga,14643
874029,Gutshwakop,Mbombela,Mpumalanga,7318
294365,Gutyubeni,King Sabata Dalindyebo,Eastern Cape,650
270520,Guxuxu,Mbhashe,Eastern Cape,118
965071,Guyuni,Mutale,Limpopo,906
260084,Gwaba,Buffalo City,Eastern Cape,874
272025,Gwaba,Great Kei,Eastern Cape,1997
506010,Gwababeni,Hibiscus Coast,KwaZulu-Natal,2669
587017,Gwabalanda Hlawi,Mfolozi,KwaZulu-Natal,2281
274047,Gwabeni,Ngqushwa,Eastern Cape,379
297191,Gwabeni,Mbizana,Eastern Cape,1527
271133,Gwadana,Mnquma,Eastern Cape,671
293019,Gwadane,Mhlontlo,Eastern Cape,328
270480,Gwadu,Mbhashe,Eastern Cape,129
965085,Gwagwathini,Mutale,Limpopo,128
965042,Gwakwani,Mutale,Limpopo,47
297032,Gwala,Mbizana,Eastern Cape,761
276035,Gwali,Nkonkobe,Eastern Cape,276
292011,Gwali,Nyandeni,Eastern Cape,196
293286,Gwali,Mhlontlo,Eastern Cape,398
274063,Gwangwa,Ngqushwa,Eastern Cape,46
298105,Gwangxu,Ntabankulu,Eastern Cape,629
565011,Gwanovuga,Impendle,KwaZulu-Natal,1103
580132,Gwebu,Nongoma,KwaZulu-Natal,837
293125,Gwedani,Mhlontlo,Eastern Cape,491
271439,Gwelane,Mnquma,Eastern Cape,327
284190,Gwetyubeni,Engcobo,Eastern Cape,489
293100,Gwexa,Mhlontlo,Eastern Cape,364
260146,Gwili-Gwili,Buffalo City,Eastern Cape,365
273081,Gwiligwili,Amahlathi,Eastern Cape,1686
260063,Gwiqi,Buffalo City,Eastern Cape,809
296063,Gxaku,Umzimvubu,Eastern Cape,86
296059,Gxaku B,Umzimvubu,Eastern Cape,63
594067,Gxalingene,Ingwe,KwaZulu-Natal,0
271327,Gxara,Mnquma,Eastern Cape,204
290169,Gxelesha,Ngquza Hill,Eastern Cape,586
292212,Gxeni,Nyandeni,Eastern Cape,257
298112,Gxeni,Ntabankulu,Eastern Cape,140
295227,Gxenilikulu,Matatiele,Eastern Cape,437
576038,Gxobanyawo,Msinga,KwaZulu-Natal,1955
271197,Gxojana,Mnquma,Eastern Cape,453
283047,Gxojeni,Emalahleni,Eastern Cape,550
284140,Gxojeni,Engcobo,Eastern Cape,668
292091,Gxulu,Nyandeni,Eastern Cape,4060
576017,Gxushaneni,Msinga,KwaZulu-Natal,1082
282261,Gxwalibomvu,Intsika Yethu,Eastern Cape,434
966007,Ha-Lambani,Thulamela,Limpopo,3450
965090,Ha-Mabila,Mutale,Limpopo,436
973001,Ha-Madikana,Molemole,Limpopo,3668
295202,Ha-Majono,Matatiele,Eastern Cape,344
965057,Ha-Makuya,Mutale,Limpopo,1179
968136,Ha-Mamphagi,Makhado,Limpopo,945
968049,Ha-Mapila,Makhado,Limpopo,862
968069,Ha-Mashau,Makhado,Limpopo,15210
295134,Ha-Masupha,Matatiele,Eastern Cape,281
968035,Ha-Matidza,Makhado,Limpopo,2081
968023,Ha-Matsa,Makhado,Limpopo,2670
966081,Ha-Matsika,Thulamela,Limpopo,1120
295166,Ha-Moeketsi,Matatiele,Eastern Cape,500
295129,Ha-Mohapi,Matatiele,Eastern Cape,1615
968051,Ha-Mphaila,Makhado,Limpopo,806
968140,Ha-Muila A,Makhado,Limpopo,2285
968144,Ha-Muila B,Makhado,Limpopo,673
965009,Ha-Nkotswi,Mutale,Limpopo,114
968120,Ha-Nthabalala,Makhado,Limpopo,1672
968039,Ha-Rabali,Makhado,Limpopo,8774
966079,Ha-Radali,Thulamela,Limpopo,2052
472014,Ha-Rankopane,Maluti a Phofung,Free State,2505
461005,Ha-Rasebei,Kopanong,Free State,5051
472038,Ha-Sethunya,Maluti a Phofung,Free State,6678
472064,Ha-Taudi,Maluti a Phofung,Free State,815
295113,Ha-Tlakanelo,Matatiele,Eastern Cape,246
968107,HaDavhana,Makhado,Limpopo,6686
968112,HaMashamba,Makhado,Limpopo,6349
968100,HaMashau,Makhado,Limpopo,1598
968106,HaMatsila,Makhado,Limpopo,767
968084,HaNesengani,Makhado,Limpopo,13951
286066,HaNokhohloko,Elundini,Eastern Cape,70
286056,HaQhadi,Elundini,Eastern Cape,946
286001,HaSefoko,Elundini,Eastern Cape,638
799020,Haakdoornboom,City of Tshwane,Gauteng,4309
177005,Haarlem,George,Western Cape,2376
589013,Habeni,uMlalazi,KwaZulu-Natal,1767
295125,Hadiaho,Matatiele,Eastern Cape,1188
962068,Haenertsburg,Greater Tzaneen,Limpopo,282
272023,Haga-Haga,Great Kei,Eastern Cape,134
582090,Hagaza,Umhlabuyalingana,KwaZulu-Natal,2050
295124,Haisaka,Matatiele,Eastern Cape,388
968081,Hakutama,Makhado,Limpopo,1871
276017,Hala,Nkonkobe,Eastern Cape,588
283073,Hala,Emalahleni,Eastern Cape,620
575007,Haladu A,Nqutu,KwaZulu-Natal,2203
575008,Haladu B,Nqutu,KwaZulu-Natal,710
282102,Halane,Intsika Yethu,Eastern Cape,308
283090,Hali No 1,Emalahleni,Eastern Cape,642
283077,Hali No 2,Emalahleni,Eastern Cape,1150
762011,Hallgate,Lesedi,Gauteng,909
599003,Hambanathi,eThekwini,KwaZulu-Natal,10755
571012,Hambrook,Okhahlamba,KwaZulu-Natal,2152
274109,Hamburg,Ngqushwa,Eastern Cape,1348
799012,Hammanskraal,City of Tshwane,Gauteng,21345
292260,Hamsini,Nyandeni,Eastern Cape,1502
968099,Hanani,Makhado,Limpopo,1137
592028,Hanguza,KwaDukuza,KwaZulu-Natal,291
467008,Hani Park,Matjhabeng,Free State,9600
660043,Hani View,Moretele,North West,6726
268003,Hankey,Kouga,Eastern Cape,11761
371006,Hanover,Emthanjeni,Northern Cape,4594
366002,Hantam NU,Hantam,Northern Cape,4175
546022,Haqaza,Maphumulo,KwaZulu-Natal,1179
599087,Harare A,eThekwini,KwaZulu-Natal,1021
599088,Harare B,eThekwini,KwaZulu-Natal,1652
286127,Hardale,Elundini,Eastern Cape,640
295075,Hardenburg,Matatiele,Eastern Cape,381
504016,Harding,UMuziwabantu,KwaZulu-Natal,9544
964021,Harmony,Maruleng,Limpopo,23
472001,Harrismith,Maluti a Phofung,Free State,27869
797020,Harry Gwala,Ekurhuleni,Gauteng,1845
662015,Hartbeestfontein A,Rustenburg,North West,26337
677004,Hartbeestfontein B,City of Matlosana,North West,1467
761009,Hartebeesfontein,Midvaal,Gauteng,162
661047,Hartebeespoort,Madibeng,North West,22374
176011,Hartenbos,Mossel Bay,Western Cape,4196
386003,Hartswater,Phokwane,Northern Cape,10465
966214,Hasane,Thulamela,Limpopo,2710
295211,Hasetati,Matatiele,Eastern Cape,190
168004,Hassie Square,Breede Valley,Western Cape,522
966151,Hatshisele,Thulamela,Limpopo,4382
526057,Hattingspruit,Dannhauser,KwaZulu-Natal,951
361026,Havard,Ga-Segonyana,Northern Cape,2295
580127,Hawini,Nongoma,KwaZulu-Natal,1156
172012,Hawston,Overstrand,Western Cape,8214
590023,Hawule,Mthonjaneni,KwaZulu-Natal,796
589144,Hayinyama,uMlalazi,KwaZulu-Natal,995
566012,Haza,The Msunduzi,KwaZulu-Natal,333
599019,Hazelmere,eThekwini,KwaZulu-Natal,6751
874006,Hazyview,Mbombela,Mpumalanga,4236
295127,Hebron,Matatiele,Eastern Cape,990
661031,Hebron,Madibeng,North West,34694
799033,Hebron,City of Tshwane,Gauteng,2321
877050,Hebron State Forest,Bushbuckridge,Mpumalanga,13
273054,Heckel,Amahlathi,Eastern Cape,609
175003,Heidelberg,Hessequa,Western Cape,8259
762014,Heidelberg,Lesedi,Gauteng,35563
477011,Heilbron,Ngwathe,Free State,5486
360088,Heiso,Joe Morolong,Northern Cape,1182
199044,Helderberg Nature Reserve,City of Cape Town,Western Cape,4
970055,Helena,Aganang,Limpopo,219
578039,Helpmekaar A,eDumbe,KwaZulu-Natal,246
578021,Helpmekaar B,eDumbe,KwaZulu-Natal,216
965089,Helula A,Mutale,Limpopo,189
965072,Helula B,Mutale,Limpopo,60
283032,Helushe,Emalahleni,Eastern Cape,302
589098,Hemfane,uMlalazi,KwaZulu-Natal,2342
869013,Hendrina,Steve Tshwete,Mpumalanga,2359
287023,Henge,Senqu,Eastern Cape,588
566017,Henley,The Msunduzi,KwaZulu-Natal,180
467012,Hennenman,Matjhabeng,Free State,3793
176005,Herbertsdale,Mossel Bay,Western Cape,666
860040,Hereford,Albert Luthuli,Mpumalanga,1400
982075,Hermansdaal,Mogalakwena,Limpopo,1051
172014,Hermanus,Overstrand,Western Cape,10457
177010,Herolds Bay,George,Western Cape,704
287126,Herschel,Senqu,Eastern Cape,2189
360067,Hertzog,Joe Morolong,Northern Cape,601
465002,Hertzogville,Tokologo,Free State,978
175002,Hessequa NU,Hessequa,Western Cape,11586
360001,Heuningvlei,Joe Morolong,Northern Cape,2656
281068,Hewu,Lukanji,Eastern Cape,2193
292059,Hhakaneni,Nyandeni,Eastern Cape,238
546062,Hholweni,Maphumulo,KwaZulu-Natal,409
506002,Hibberdene,Hibiscus Coast,KwaZulu-Natal,4037
506003,Hibiscus Coast NU,Hibiscus Coast,KwaZulu-Natal,9400
271219,High Hill,Mnquma,Eastern Cape,333
294020,Highbury,King Sabata Dalindyebo,Eastern Cape,916
597060,Highflats,Ubuhlebezwe,KwaZulu-Natal,542
172002,Highlands,Overstrand,Western Cape,75
579002,Highlands,UPhongolo,KwaZulu-Natal,5353
598136,Highlands,Umzimkhulu,KwaZulu-Natal,632
564010,Highmoor,Mpofana,KwaZulu-Natal,11
565001,Highmoor,Impendle,KwaZulu-Natal,0
271130,Hili Hili,Mnquma,Eastern Cape,214
260148,Hill,Buffalo City,Eastern Cape,216
260094,Hillcrest,Buffalo City,Eastern Cape,290
599100,Hillcrest,eThekwini,KwaZulu-Natal,13329
281047,Hillisdale,Lukanji,Eastern Cape,35
765011,Hillshaven,Westonaria,Gauteng,2561
295010,Hillside,Matatiele,Eastern Cape,625
526039,Hilltop,Dannhauser,KwaZulu-Natal,1239
563013,Hilton,uMngeni,KwaZulu-Natal,9340
595007,Himeville,Kwa Sani,KwaZulu-Natal,1697
983006,Hinlopen,Ephraim Mogale,Limpopo,942
575076,HlabaNkhosi,Nqutu,KwaZulu-Natal,1043
290134,Hlabati,Ngquza Hill,Eastern Cape,107
293168,Hlabati,Mhlontlo,Eastern Cape,357
294171,Hlabatshane A,King Sabata Dalindyebo,Eastern Cape,323
294178,Hlabatshane B,King Sabata Dalindyebo,Eastern Cape,403
594045,Hlabeni,Ingwe,KwaZulu-Natal,1323
582045,Hlabezinhlohe,Umhlabuyalingana,KwaZulu-Natal,160
584016,Hlabisa,The Big 5 False Bay,KwaZulu-Natal,188
585032,Hlabisa,Hlabisa,KwaZulu-Natal,2469
585036,Hlabisa NU,Hlabisa,KwaZulu-Natal,759
594023,Hlafuna,Ingwe,KwaZulu-Natal,634
978027,Hlagalakwena,Lephalale,Limpopo,514
295054,Hlahlweni,Matatiele,Eastern Cape,132
270456,Hlakoti,Mbhashe,Eastern Cape,283
877025,Hlalakahle,Bushbuckridge,Mpumalanga,992
583062,Hlalanathi,Jozini,KwaZulu-Natal,1070
868001,Hlalanikahle,Emalahleni,Mpumalanga,35108
985167,Hlalanikahle,Makhuduthamaga,Limpopo,3467
585038,Hlambanyathi,Hlabisa,KwaZulu-Natal,1114
296181,Hlane,Umzimvubu,Eastern Cape,285
589120,Hlangana,uMlalazi,KwaZulu-Natal,2030
594019,Hlanganani,Ingwe,KwaZulu-Natal,883
877120,Hlanganani,Bushbuckridge,Mpumalanga,21506
968105,Hlanganani,Makhado,Limpopo,7816
293309,Hlangani,Mhlontlo,Eastern Cape,130
298044,Hlankomo,Ntabankulu,Eastern Cape,1111
287108,Hlantjwa,Senqu,Eastern Cape,144
503080,Hlanzeni,Umzumbe,KwaZulu-Natal,2659
580060,Hlanzeni,Nongoma,KwaZulu-Natal,158
587018,Hlanzeni,Mfolozi,KwaZulu-Natal,1297
575053,HlathiDlamini,Nqutu,KwaZulu-Natal,3428
575052,HlathiNgudulwane,Nqutu,KwaZulu-Natal,5530
580188,Hlathidumayo,Nongoma,KwaZulu-Natal,259
562020,Hlathikhulu,uMshwathi,KwaZulu-Natal,6216
874043,Hlauhlau,Mbombela,Mpumalanga,9590
291175,Hlavana,Port St Johns,Eastern Cape,353
877028,Hlavekisa,Bushbuckridge,Mpumalanga,2563
575114,Hlazakazi A,Nqutu,KwaZulu-Natal,436
575129,Hlazakazi B,Nqutu,KwaZulu-Natal,1126
575122,Hlazakazi C,Nqutu,KwaZulu-Natal,530
582062,Hlazane,Umhlabuyalingana,KwaZulu-Natal,1531
876040,Hlengesha,Nkomazi,Mpumalanga,3966
575112,Hlengile,Nqutu,KwaZulu-Natal,893
581135,Hlengile,Ulundi,KwaZulu-Natal,149
529009,Hlobane,Abaqulusi,KwaZulu-Natal,7628
589039,Hlobane,uMlalazi,KwaZulu-Natal,759
984020,Hlogotlou,Elias Motsoaledi,Limpopo,2177
961081,Hlohlokwe,Greater Letaba,Limpopo,1105
964007,Hlohlokwe,Maruleng,Limpopo,8472
469009,Hlohlolwane,Setsoto,Free State,16253
582053,Hlokohloko,Umhlabuyalingana,KwaZulu-Natal,3
597038,Hlokozi,Ubuhlebezwe,KwaZulu-Natal,8415
297238,Hlolweni,Mbizana,Eastern Cape,229
593029,Hlomantethe,Ndwedwe,KwaZulu-Natal,11655
960058,Hlomela,Greater Giyani,Limpopo,896
505018,Hlomendlini,Ezingoleni,KwaZulu-Natal,1846
598169,Hlontlweni,Umzimkhulu,KwaZulu-Natal,1283
273047,Hlontsheni,Amahlathi,Eastern Cape,173
960030,Hlopekani,Greater Giyani,Limpopo,5643
581128,Hlophenkulu,Ulundi,KwaZulu-Natal,780
274055,Hlosini,Ngqushwa,Eastern Cape,675
584020,Hluhluwe,The Big 5 False Bay,KwaZulu-Natal,3830
585013,Hluhluwe,Hlabisa,KwaZulu-Natal,107
292309,Hluleka,Nyandeni,Eastern Cape,332
589139,Hlungwini,uMlalazi,KwaZulu-Natal,851
960031,Hluphekani,Greater Giyani,Limpopo,574
597032,Hlutankungu,Ubuhlebezwe,KwaZulu-Natal,2809
877036,Hluvukani,Bushbuckridge,Mpumalanga,9631
290074,Hlwahlwazi,Ngquza Hill,Eastern Cape,3896
542114,Hlwehlewe,Nkandla,KwaZulu-Natal,1106
287047,Hobeng,Senqu,Eastern Cape,746
270450,Hobeni,Mbhashe,Eastern Cape,232
474010,Hobhouse,Mantsopa,Free State,244
514013,Hobsland,Emnambithi/Ladysmith,KwaZulu-Natal,2259
964033,Hoedspruit,Maruleng,Limpopo,3157
296166,Hofese,Umzimvubu,Eastern Cape,412
279001,Hofmeyr,Tsolwana,Eastern Cape,326
276016,Hogsback,Nkonkobe,Eastern Cape,1029
586029,Hoho,Mtubatuba,KwaZulu-Natal,2529
273110,Hokwana,Amahlathi,Eastern Cape,360
283181,Holani,Emalahleni,Eastern Cape,572
860038,Holeka,Albert Luthuli,Mpumalanga,2520
797013,Holfontein,Ekurhuleni,Gauteng,6
587021,Holinyoka,Mfolozi,KwaZulu-Natal,2566
598103,Holland,Umzimkhulu,KwaZulu-Natal,305
478017,Holly Country,Metsimaholo,Free State,586
589086,Hologo,uMlalazi,KwaZulu-Natal,377
384007,Holpan,Dikgatlong,Northern Cape,646
578034,Holspruit A,eDumbe,KwaZulu-Natal,1006
578001,Holspruit B,eDumbe,KwaZulu-Natal,415
271127,Hom,Mnquma,Eastern Cape,199
290299,Hombe,Ngquza Hill,Eastern Cape,1478
365009,Hondeklipbaai,Kamiesberg,Northern Cape,543
978011,Honey,Lephalale,Limpopo,394
968075,Honingfontein,Makhado,Limpopo,1056
592032,Honolulu,KwaDukuza,KwaZulu-Natal,7738
284344,Honti,Engcobo,Eastern Cape,327
466002,Hoopstad,Tswelopele,Free State,1295
869010,Hope,Steve Tshwete,Mpumalanga,471
286126,Hopedale,Elundini,Eastern Cape,193
163010,Hopefield,Saldanha Bay,Western Cape,6460
276027,Hopefield,Nkonkobe,Eastern Cape,329
279004,Hopefield,Tsolwana,Eastern Cape,1597
987094,Hopekraals,Greater Tubatse,Limpopo,4106
374001,Hopetown,Thembelihle,Northern Cape,10259
568003,Hopewell,Richmond,KwaZulu-Natal,11119
598134,Hopewell,Umzimkhulu,KwaZulu-Natal,1914
297041,Horeni,Mbizana,Eastern Cape,1205
274048,Horton,Ngqushwa,Eastern Cape,465
360079,Hotazel,Joe Morolong,Northern Cape,1756
295284,Hotolo,Matatiele,Eastern Cape,284
171003,Hottentots Holland Nature Reserve,Theewaterskloof,Western Cape,0
199049,Hottentots Holland Nature Reserve,City of Cape Town,Western Cape,0
199042,Hout Bay,City of Cape Town,Western Cape,17900
860032,Houtbos,Albert Luthuli,Mpumalanga,1215
499010,Houtnek,Mangaung,Free State,93
962099,Hoveni,Greater Tzaneen,Limpopo,1518
571002,Howe,Okhahlamba,KwaZulu-Natal,559
563009,Howick,uMngeni,KwaZulu-Natal,21639
877139,Hoxani,Bushbuckridge,Mpumalanga,86
876044,Hoyi,Nkomazi,Mpumalanga,855
298127,Huhu,Ntabankulu,Eastern Cape,362
670005,Huhudi,Naledi,North West,25457
293034,Hukwini,Mhlontlo,Eastern Cape,118
268007,Humansdorp,Kouga,Eastern Cape,20123
877065,Humulani,Bushbuckridge,Mpumalanga,2694
877125,Hundzukani,Bushbuckridge,Mpumalanga,2947
369007,Hutchinson,Ubuntu,Northern Cape,367
987138,Hwashi,Greater Tubatse,Limpopo,165
569020,Hwebede,Indaka,KwaZulu-Natal,1633
976054,Hwelereng,Lepele-Nkumpi,Limpopo,1533
976024,Hwelesaneng,Lepele-Nkumpi,Limpopo,2135
970042,Hwibi,Aganang,Limpopo,1539
598165,Ibisikululwa,Umzimkhulu,KwaZulu-Natal,2967
597049,Icabazi,Ubuhlebezwe,KwaZulu-Natal,1084
546069,Icubhu,Maphumulo,KwaZulu-Natal,651
546086,Idakadaka,Maphumulo,KwaZulu-Natal,578
167017,Idasvallei,Stellenbosch,Western Cape,8762
270302,Idutywa,Mbhashe,Eastern Cape,11076
561017,Ifafa Beach,Umdoni,KwaZulu-Natal,133
561019,Ifafa marine,Umdoni,KwaZulu-Natal,187
276116,Igudweni A,Nkonkobe,Eastern Cape,267
276114,Igudweni B,Nkonkobe,Eastern Cape,77
669037,Ikageleng,Ramotshere Moiloa,North West,6894
676005,Ikageng,Tlokwe City Council,North West,87701
868012,Ikageng,Emalahleni,Mpumalanga,65
961001,Iketleng,Greater Letaba,Limpopo,771
464008,Ikgomotseng,Masilonyana,Free State,3253
546081,Ikhabane,Maphumulo,KwaZulu-Natal,1483
385001,Ikhutseng,Magareng,Northern Cape,16683
667003,Ikopeleng,Mafikeng,North West,1861
263003,Ikwezi NU,Ikwezi,Eastern Cape,1919
281029,Ilinge,Lukanji,Eastern Cape,10689
164017,Ilinge Lethu,Swartland,Western Cape,13671
260061,Ilitha,Buffalo City,Eastern Cape,8145
599186,Illovo North,eThekwini,KwaZulu-Natal,24728
573008,Imbabazane NU,Imbabazane,KwaZulu-Natal,2275
566037,Imbali,The Msunduzi,KwaZulu-Natal,30157
569014,Imbangi,Indaka,KwaZulu-Natal,678
599025,Imbozamo,eThekwini,KwaZulu-Natal,3217
598224,Imbulumbu,Umzimkhulu,KwaZulu-Natal,589
590013,Imfuli Mission,Mthonjaneni,KwaZulu-Natal,1151
276111,Imincangathelo,Nkonkobe,Eastern Cape,853
199043,Imizamo Yethu,City of Cape Town,Western Cape,15538
297329,Imizizi,Mbizana,Eastern Cape,1297
570001,Impembeni,Umtshezi,KwaZulu-Natal,754
565021,Impendle,Impendle,KwaZulu-Natal,230
762005,Impumelelo,Lesedi,Gauteng,8223
281027,Imvani,Lukanji,Eastern Cape,460
599036,Inanda,eThekwini,KwaZulu-Natal,10032
599037,Inanda A,eThekwini,KwaZulu-Natal,158619
599077,Inanda B,eThekwini,KwaZulu-Natal,9767
597045,Incalu,Ubuhlebezwe,KwaZulu-Natal,323
599096,Inchanga,eThekwini,KwaZulu-Natal,1008
569021,Indaka,Indaka,KwaZulu-Natal,5683
569010,Indaka NU,Indaka,KwaZulu-Natal,249
571026,Indanyana,Okhahlamba,KwaZulu-Natal,1308
598015,Indawana,Umzimkhulu,KwaZulu-Natal,641
969047,Indermark,Blouberg,Limpopo,8434
580057,Indimhlane,Nongoma,KwaZulu-Natal,614
588043,Indodwane,Ntambanana,KwaZulu-Natal,952
283016,Indwe,Emalahleni,Eastern Cape,3075
283012,Indwe A,Emalahleni,Eastern Cape,2
283014,Indwe B,Emalahleni,Eastern Cape,2541
283015,Indwe C,Emalahleni,Eastern Cape,1285
170007,Infanta,Swellendam,Western Cape,90
503024,Infomfo,Umzumbe,KwaZulu-Natal,451
569022,Ingedlengedle,Indaka,KwaZulu-Natal,465
504029,Ingele,UMuziwabantu,KwaZulu-Natal,3063
260147,Inglewood,Buffalo City,Eastern Cape,868
291185,Ingoje,Port St Johns,Eastern Cape,481
565036,Ingqiya,Impendle,KwaZulu-Natal,244
594079,Ingwangwane,Ingwe,KwaZulu-Natal,2683
583036,Ingwavuma,Jozini,KwaZulu-Natal,1303
569019,Ingwe,Indaka,KwaZulu-Natal,5511
594009,Ingwe NU,Ingwe,KwaZulu-Natal,6820
506044,Ingwemabala,Hibiscus Coast,KwaZulu-Natal,1156
590038,Ingwenya,Mthonjaneni,KwaZulu-Natal,259
546068,Inhlanomfula,Maphumulo,KwaZulu-Natal,2517
576091,Inhlonze,Msinga,KwaZulu-Natal,273
593056,Inkangala,Ndwedwe,KwaZulu-Natal,261
599007,Inkangala,eThekwini,KwaZulu-Natal,745
503042,Inkulu,Umzumbe,KwaZulu-Natal,7124
568014,Inkumane,Richmond,KwaZulu-Natal,317
280002,Inkwanca NU,Inkwanca,Eastern Cape,3253
581020,Insukaze,Ulundi,KwaZulu-Natal,593
593045,Intaphuka,Ndwedwe,KwaZulu-Natal,6825
599066,Inthuthuko,eThekwini,KwaZulu-Natal,710
282020,Intsika Yethu,Intsika Yethu,Eastern Cape,10
282002,Intsika Yethu NU,Intsika Yethu,Eastern Cape,1617
969042,Inveraan,Blouberg,Limpopo,1613
524020,Inverness,Newcastle,KwaZulu-Natal,1413
526001,Inverness,Dannhauser,KwaZulu-Natal,606
599156,Inwabi,eThekwini,KwaZulu-Natal,9030
278002,Inxuba Yethemba NU,Inxuba Yethemba,Eastern Cape,10208
546056,Inyamazane,Maphumulo,KwaZulu-Natal,3812
546059,Inyezini,Maphumulo,KwaZulu-Natal,148
503049,Inyonyana,Umzumbe,KwaZulu-Natal,1014
461006,Ipopeng,Kopanong,Free State,2198
599040,Iqadi B,eThekwini,KwaZulu-Natal,1029
571060,Isandlwana,Okhahlamba,KwaZulu-Natal,1093
503045,Isangqu,Umzumbe,KwaZulu-Natal,756
546057,Ishowe,Maphumulo,KwaZulu-Natal,472
590029,Isibaya Esikhulu,Mthonjaneni,KwaZulu-Natal,1065
594073,Isibizane,Ingwe,KwaZulu-Natal,2047
589108,Isidibha,uMlalazi,KwaZulu-Natal,1815
542026,Isigcalaba,Nkandla,KwaZulu-Natal,1275
583043,Isihlangwini,Jozini,KwaZulu-Natal,2895
297029,Isilangwe,Mbizana,Eastern Cape,379
176015,Isinyoka,Mossel Bay,Western Cape,811
599134,Isiqhoqhoqho,eThekwini,KwaZulu-Natal,1725
503058,Isiqunga,Umzumbe,KwaZulu-Natal,6939
297051,Isisele A,Mbizana,Eastern Cape,63
297071,Isisele B,Mbizana,Eastern Cape,2801
291119,Isizilo,Port St Johns,Eastern Cape,484
580187,Isizinda,Nongoma,KwaZulu-Natal,746
877026,Islington,Bushbuckridge,Mpumalanga,4560
546078,Isthundu,Maphumulo,KwaZulu-Natal,239
862004,Iswepe,Mkhondo,Mpumalanga,2833
987041,Itabaleng,Greater Tubatse,Limpopo,305
529004,Itala,Abaqulusi,KwaZulu-Natal,0
668016,Itekeng,Ditsobotla,North West,5626
674057,Itireleng,Kagisano/Molopo,North West,786
966170,Itsani,Thulamela,Limpopo,11473
560004,Itshehlophe,Vulamehlo,KwaZulu-Natal,1960
589040,Itshempemvu,uMlalazi,KwaZulu-Natal,754
668008,Itsoseng,Ditsobotla,North West,19959
798021,Itsoseng,City of Johannesburg,Gauteng,5243
461009,Itumeleng,Kopanong,Free State,3910
798006,Ivory Park,City of Johannesburg,Gauteng,184383
580157,Ivuna,Nongoma,KwaZulu-Natal,2076
503065,Ixopo,Umzumbe,KwaZulu-Natal,216
597029,Ixopo,Ubuhlebezwe,KwaZulu-Natal,12461
546083,Izagqaya,Maphumulo,KwaZulu-Natal,951
260098,Izeleni,Buffalo City,Eastern Cape,1187
860047,Izidonga,Albert Luthuli,Mpumalanga,694
581050,Izihlalo A,Ulundi,KwaZulu-Natal,0
599182,Iziko,eThekwini,KwaZulu-Natal,4369
589087,Izikoshi,uMlalazi,KwaZulu-Natal,590
297021,Izilangwe,Mbizana,Eastern Cape,5124
589099,Izimpongo,uMlalazi,KwaZulu-Natal,329
542111,Izindlozi,Nkandla,KwaZulu-Natal,541
589103,Izingeni,uMlalazi,KwaZulu-Natal,375
505012,Izingolweni,Ezingoleni,KwaZulu-Natal,5294
589134,Izingwenya A,uMlalazi,KwaZulu-Natal,2121
589089,Izingwenya B,uMlalazi,KwaZulu-Natal,1043
297017,Izinini A,Mbizana,Eastern Cape,308
297076,Izinini B,Mbizana,Eastern Cape,936
589053,Izinkiliji,uMlalazi,KwaZulu-Natal,411
589024,Izinsundu,uMlalazi,KwaZulu-Natal,352
589030,Izinyathi,uMlalazi,KwaZulu-Natal,949
297194,Izwelethu,Mbizana,Eastern Cape,1095
290053,J.B.,Ngquza Hill,Eastern Cape,653
562021,Jaagbaan,uMshwathi,KwaZulu-Natal,200
295126,Jabavu,Matatiele,Eastern Cape,681
575074,Jabavu,Nqutu,KwaZulu-Natal,1217
598132,Jabula,Umzimkhulu,KwaZulu-Natal,287
662055,Jabula,Rustenburg,North West,2903
295102,Jabulani,Matatiele,Eastern Cape,1842
598164,Jabulani,Umzimkhulu,KwaZulu-Natal,80
290009,Jaca,Ngquza Hill,Eastern Cape,545
163006,Jacobs Bay,Saldanha Bay,Western Cape,416
460002,Jacobsdal,Letsemeng,Free State,3504
260023,Jaftas,Buffalo City,Eastern Cape,442
461008,Jagersfontein,Kopanong,Free State,1819
571009,Jagersrust,Okhahlamba,KwaZulu-Natal,209
297180,Jakada,Mbizana,Eastern Cape,498
270365,Jakadu,Mbhashe,Eastern Cape,245
524014,Jakkalspan,Newcastle,KwaZulu-Natal,9636
270069,Jalamba,Mbhashe,Eastern Cape,593
598229,Jalimeka,Umzimkhulu,KwaZulu-Natal,226
284044,Jalisa,Engcobo,Eastern Cape,278
271154,Jama,Mnquma,Eastern Cape,136
292083,Jamani,Nyandeni,Eastern Cape,1697
291014,Jambeni,Port St Johns,Eastern Cape,3538
291025,Jambeni A,Port St Johns,Eastern Cape,1258
660001,Jambo,Moretele,North West,174
961064,Jamela,Greater Letaba,Limpopo,1228
598173,James,Umzimkhulu,KwaZulu-Natal,418
167026,Jamestown,Stellenbosch,Western Cape,2840
288004,Jamestown,Maletswai,Eastern Cape,4666
386005,Jan Kempdorp,Phokwane,Northern Cape,24220
985106,Jane Furse,Makhuduthamaga,Limpopo,6533
263001,Jansenville,Ikwezi,Eastern Cape,1134
361033,Januariestat,Ga-Segonyana,Northern Cape,0
274125,Javu,Ngqushwa,Eastern Cape,43
268009,Jeffrey's Bay,Kouga,Eastern Cape,27107
273017,Jeke,Amahlathi,Eastern Cape,109
271266,Jekete,Mnquma,Eastern Cape,405
270077,Jeleveni,Mbhashe,Eastern Cape,147
661013,Jericho,Madibeng,North West,8612
861011,Jericho,Msukaligwa,Mpumalanga,197
861010,Jerico Dam Nature Reserve,Msukaligwa,Mpumalanga,0
966161,Jerome,Thulamela,Limpopo,3413
297048,Jerusalem,Mbizana,Eastern Cape,314
874018,Jerusalem,Mbombela,Mpumalanga,8813
964005,Jerusalem,Maruleng,Limpopo,837
984014,Jerusalem,Elias Motsoaledi,Limpopo,3115
504012,Jijintaba,UMuziwabantu,KwaZulu-Natal,1289
581054,Jikaza,Ulundi,KwaZulu-Natal,2511
567034,Jilafohla,Mkhambathini,KwaZulu-Natal,1730
877137,Jim Brown,Bushbuckridge,Mpumalanga,2552
966196,Jimmy Jones,Thulamela,Limpopo,3371
284405,Jinginja,Engcobo,Eastern Cape,324
271153,Jingqi,Mnquma,Eastern Cape,124
292267,Jizweni 5,Nyandeni,Eastern Cape,1521
582071,Jobe,Umhlabuyalingana,KwaZulu-Natal,4170
524006,Jobstown,Newcastle,KwaZulu-Natal,62
290263,Joe Slovo,Ngquza Hill,Eastern Cape,2797
294037,Joe Slovo,King Sabata Dalindyebo,Eastern Cape,12209
760005,Johandeo,Emfuleni,Gauteng,9878
798015,Johannesburg,City of Johannesburg,Gauteng,957441
524016,Johnstown,Newcastle,KwaZulu-Natal,9568
546010,Jojingwenya,Maphumulo,KwaZulu-Natal,929
283197,Jojo,Emalahleni,Eastern Cape,334
286178,Jojweni,Elundini,Eastern Cape,133
293279,Jojweni,Mhlontlo,Eastern Cape,599
294159,Jojweni,King Sabata Dalindyebo,Eastern Cape,985
271303,Jojweni A,Mnquma,Eastern Cape,657
282067,Jojweni A,Intsika Yethu,Eastern Cape,428
271314,Jojweni B,Mnquma,Eastern Cape,320
282350,Jojweni B,Intsika Yethu,Eastern Cape,273
271384,Jojweni D,Mnquma,Eastern Cape,519
271262,Jojweni F,Mnquma,Eastern Cape,632
526014,Jokis,Dannhauser,KwaZulu-Natal,688
961033,Jokong,Greater Letaba,Limpopo,1930
962024,Jokong,Greater Tzaneen,Limpopo,2659
293045,Jokweni,Mhlontlo,Eastern Cape,548
597033,Jolivet,Ubuhlebezwe,KwaZulu-Natal,2351
576051,Jolwayo,Msinga,KwaZulu-Natal,1030
276033,Jomlo,Nkonkobe,Eastern Cape,455
660032,Jonathan,Moretele,North West,127
260035,Jongamsabomvu,Buffalo City,Eastern Cape,0
877129,Jongilanga,Bushbuckridge,Mpumalanga,235
276075,Jonini,Nkonkobe,Eastern Cape,190
176002,Jonkersberg State Forest,Mossel Bay,Western Cape,114
962036,Joppie,Greater Tzaneen,Limpopo,2753
269005,Joubertina,Kou-Kamma,Eastern Cape,5752
292162,Jovu,Nyandeni,Eastern Cape,319
287117,Jozana's Hoek,Senqu,Eastern Cape,283
287122,Jozana's Nek,Senqu,Eastern Cape,701
583069,Jozini,Jozini,KwaZulu-Natal,2267
583008,Jozini NU,Jozini,KwaZulu-Natal,1777
580033,Juba,Nongoma,KwaZulu-Natal,36
594011,Jubane,Ingwe,KwaZulu-Natal,287
270600,Jujura,Mbhashe,Eastern Cape,158
294232,Julukuqu,King Sabata Dalindyebo,Eastern Cape,664
284128,Jumba,Engcobo,Eastern Cape,486
970032,Juno,Aganang,Limpopo,1301
970075,Jupiter,Aganang,Limpopo,2275
270046,Jusaya,Mbhashe,Eastern Cape,271
598153,Juta,Umzimkhulu,KwaZulu-Natal,96
163013,Jutteneiland,Saldanha Bay,Western Cape,0
472049,Jwala Boholo,Maluti a Phofung,Free State,474
282259,Jwayi,Intsika Yethu,Eastern Cape,483
282288,KK Village/Mawuleni,Intsika Yethu,Eastern Cape,140
966203,Ka-Bazela SP,Thulamela,Limpopo,1252
966194,Ka-Dinga,Thulamela,Limpopo,2122
966219,Ka-Hasane,Thulamela,Limpopo,1927
966212,Ka-Jilongo,Thulamela,Limpopo,3117
966208,Ka-Mabayeni,Thulamela,Limpopo,1361
966199,Ka-Mahonisi,Thulamela,Limpopo,3748
966200,Ka-Mapapila,Thulamela,Limpopo,1730
966009,Ka-Matiani,Thulamela,Limpopo,3073
966197,Ka-Matsakali,Thulamela,Limpopo,1505
966182,Ka-Mchipise,Thulamela,Limpopo,3203
966222,Ka-Mdabula,Thulamela,Limpopo,808
966013,Ka-Mhinga,Thulamela,Limpopo,2733
966209,Ka-Mphambo,Thulamela,Limpopo,3714
966216,Ka-Mulamula,Thulamela,Limpopo,3068
966226,Ka-Muswane,Thulamela,Limpopo,2165
966119,Ka-Nghezimani,Thulamela,Limpopo,2170
966093,Ka-Nyavani,Thulamela,Limpopo,305
876015,Ka-Sibhejane,Nkomazi,Mpumalanga,14353
966024,Ka-Sunduza,Thulamela,Limpopo,3774
966109,Ka-Vhele,Thulamela,Limpopo,2483
966211,Ka-Xigamani,Thulamela,Limpopo,2055
962034,Ka-Xihoko,Greater Tzaneen,Limpopo,4634
966227,Ka-Xihosana,Thulamela,Limpopo,2546
966050,Ka-Xikundu,Thulamela,Limpopo,4452
966049,Ka-Xikundu B,Thulamela,Limpopo,1412
966185,Ka-Xitlhelani,Thulamela,Limpopo,4629
968104,KaBungeni,Makhado,Limpopo,10297
960037,KaDizingidzingi,Greater Giyani,Limpopo,3490
560052,KaDlangezwa,Vulamehlo,KwaZulu-Natal,1385
960070,KaDzumeri,Greater Giyani,Limpopo,6436
960032,KaGaula,Greater Giyani,Limpopo,2478
960066,KaGidya,Greater Giyani,Limpopo,1340
294273,KaGunjana,King Sabata Dalindyebo,Eastern Cape,635
960027,KaHhlaneki,Greater Giyani,Limpopo,3942
960034,KaHomu,Greater Giyani,Limpopo,8059
960083,KaKhaxani,Greater Giyani,Limpopo,2104
960073,KaKheyi,Greater Giyani,Limpopo,1418
504005,KaMagwashu,UMuziwabantu,KwaZulu-Natal,758
968109,KaMajosi,Makhado,Limpopo,3679
960074,KaMakhuva,Greater Giyani,Limpopo,3602
960017,KaMakoxa,Greater Giyani,Limpopo,4457
960044,KaMapayeni,Greater Giyani,Limpopo,3662
986047,KaMapolaneng,Fetakgomo,Limpopo,535
960026,KaMapuva,Greater Giyani,Limpopo,4061
960033,KaMaswanganyi,Greater Giyani,Limpopo,2318
876020,KaMatsamo,Nkomazi,Mpumalanga,23257
960078,KaMatsotsosela,Greater Giyani,Limpopo,1051
960008,KaMavalani,Greater Giyani,Limpopo,5129
960075,KaMayephu,Greater Giyani,Limpopo,737
962052,KaMayomela,Greater Tzaneen,Limpopo,2555
960067,KaMbedlhe,Greater Giyani,Limpopo,999
960004,KaMininginisi,Greater Giyani,Limpopo,6021
960080,KaMpakani,Greater Giyani,Limpopo,5062
960065,KaMunghonghoma,Greater Giyani,Limpopo,1242
960077,KaMushiyani,Greater Giyani,Limpopo,1390
960076,KaMzilela,Greater Giyani,Limpopo,851
960020,KaNdengeza,Greater Giyani,Limpopo,4637
960011,KaNghalalume,Greater Giyani,Limpopo,2855
960045,KaNgove,Greater Giyani,Limpopo,6376
960055,KaNkomo,Greater Giyani,Limpopo,6816
960016,KaNkuri,Greater Giyani,Limpopo,2030
960001,KaNwadzekudzeku,Greater Giyani,Limpopo,3606
960046,KaNwamakena,Greater Giyani,Limpopo,3044
960064,KaSabulane,Greater Giyani,Limpopo,2014
960028,KaSiandana,Greater Giyani,Limpopo,6418
960052,KaSikhunyane,Greater Giyani,Limpopo,3561
960006,KaTomu,Greater Giyani,Limpopo,2472
960061,KaXikhumba,Greater Giyani,Limpopo,2716
960012,KaXikukwani,Greater Giyani,Limpopo,5437
960082,KaXitlakati,Greater Giyani,Limpopo,1959
283008,Kaalfontein,Emalahleni,Eastern Cape,621
798005,Kaalfontein,City of Johannesburg,Gauteng,46147
667077,Kaalpan,Mafikeng,North West,871
876010,Kaapmuiden,Nkomazi,Mpumalanga,270
295133,Kabaka,Matatiele,Eastern Cape,564
271375,Kabakasi,Mnquma,Eastern Cape,1009
674036,Kabayatlhose,Kagisano/Molopo,North West,25
667014,Kabe,Mafikeng,North West,1135
982071,Kabeane,Mogalakwena,Limpopo,410
874031,Kabokweni,Mbombela,Mpumalanga,21189
597014,Kadeda,Ubuhlebezwe,KwaZulu-Natal,617
982082,Kaditshwene,Mogalakwena,Limpopo,1285
674002,Kagisano NU,Kagisano/Molopo,North West,17147
674035,Kagiso,Kagisano/Molopo,North West,54
763010,Kagiso,Mogale City,Gauteng,115802
798024,Kagiso,City of Johannesburg,Gauteng,5182
378004,Kai !Garib NU North,Kai !Garib,Northern Cape,20000
378004,Kai !Garib NU South,Kai !Garib,Northern Cape,2275
378020,Kakamas,Kai !Garib,Northern Cape,9538
360049,Kakoje,Joe Morolong,Northern Cape,135
286069,Kakudi,Elundini,Eastern Cape,253
294179,Kala,King Sabata Dalindyebo,Eastern Cape,152
377001,Kalahari Gemsbok National Park,Mier,Northern Cape,354
270051,Kalalo Nobhula,Mbhashe,Eastern Cape,411
274040,Kalana,Ngqushwa,Eastern Cape,791
164022,Kalbaskraal,Swartland,Western Cape,2411
284219,Kalinyanga,Engcobo,Eastern Cape,528
970061,Kalkspruit A,Aganang,Limpopo,6012
860026,Kalwerskraal,Albert Luthuli,Mpumalanga,91
877114,Kamalamule,Bushbuckridge,Mpumalanga,8766
297193,Kamaqele,Mbizana,Eastern Cape,25
876017,Kamaqhekeza,Nkomazi,Mpumalanga,21192
365001,Kamassies,Kamiesberg,Northern Cape,341
281040,Kamastone,Lukanji,Eastern Cape,785
293026,Kamastone,Mhlontlo,Eastern Cape,322
599118,Kamba,eThekwini,KwaZulu-Natal,266
564011,Kamberg,Mpofana,KwaZulu-Natal,28
294006,Kambi,King Sabata Dalindyebo,Eastern Cape,791
360103,Kamden,Joe Morolong,Northern Cape,1616
664017,Kameelboom,Moses Kotane,North West,545
799043,Kameeldrift,City of Tshwane,Gauteng,6727
664086,Kameelfontein,Moses Kotane,North West,23
799040,Kameelfontein,City of Tshwane,Gauteng,212
970007,Kameelkop,Aganang,Limpopo,1174
799077,Kameelkraal,City of Tshwane,Gauteng,1222
872049,Kameelpoort,Dr JS Moroka,Mpumalanga,1535
871011,Kameelpoortnek,Thembisile,Mpumalanga,29716
672064,Kameelputs,Greater Taung,North West,1508
565029,Kamensi,Impendle,KwaZulu-Natal,415
876012,Kamhlushwa,Nkomazi,Mpumalanga,21832
365002,Kamiesberg NU,Kamiesberg,Northern Cape,709
365007,Kamieskroon,Kamiesberg,Northern Cape,893
964034,Kampersrus,Maruleng,Limpopo,465
271139,Kampetha,Mnquma,Eastern Cape,189
662034,Kana,Rustenburg,North West,10907
290261,Kanana,Ngquza Hill,Eastern Cape,1910
677007,Kanana,City of Matlosana,North West,78419
797034,Kanana,Ekurhuleni,Gauteng,2046
964006,Kanana,Maruleng,Limpopo,1201
970009,Kanana,Aganang,Limpopo,1473
798039,Kanana Park,City of Johannesburg,Gauteng,21005
529019,Kandaspunt,Abaqulusi,KwaZulu-Natal,2119
360098,Kangkuru,Joe Morolong,Northern Cape,264
174003,Kannaland NU,Kannaland,Western Cape,7864
378008,Kanoneiland,Kai !Garib,Northern Cape,174
596001,Kansdraai,Greater Kokstad,KwaZulu-Natal,429
874060,Kanyamazane,Mbombela,Mpumalanga,34593
297348,Kanyayo,Mbizana,Eastern Cape,218
284256,Kanyi,Engcobo,Eastern Cape,289
566020,Kanzakana,The Msunduzi,KwaZulu-Natal,2393
294071,Kaplan,King Sabata Dalindyebo,Eastern Cape,1934
180001,Karatara,Knysna,Western Cape,880
372002,Kareeberg NU,Kareeberg,Northern Cape,2081
269006,Kareedouw,Kou-Kamma,Eastern Cape,4985
874064,Karino,Mbombela,Mpumalanga,559
365011,Karkams,Kamiesberg,Northern Cape,1439
563001,Karkloof,uMngeni,KwaZulu-Natal,0
367002,Karoo Hoogland NU,Karoo Hoogland,Northern Cape,3356
379005,Karos,//Khara Hais,Northern Cape,1249
270193,Kasa A,Mbhashe,Eastern Cape,833
270263,Kasa B,Mbhashe,Eastern Cape,646
265010,Kasouga,Ndlambe,Eastern Cape,39
282345,Katana,Intsika Yethu,Eastern Cape,123
292221,Kateni,Nyandeni,Eastern Cape,389
273107,Kathcart Hemish Kamega,Amahlathi,Eastern Cape,151
362003,Kathu,Gamagara,Northern Cape,11510
273042,Katikati,Amahlathi,Eastern Cape,2888
286115,Katkop,Elundini,Eastern Cape,577
985162,Katlegong,Makhuduthamaga,Limpopo,1574
797031,Katlehong,Ekurhuleni,Gauteng,407294
978010,Kauletsi,Lephalale,Limpopo,2234
598013,Kayeka,Umzimkhulu,KwaZulu-Natal,518
271055,Kayelitsha A,Mnquma,Eastern Cape,240
271041,Kayelitsha B,Mnquma,Eastern Cape,83
260178,Kayser's Beach,Buffalo City,Eastern Cape,697
297163,Kdayeni,Mbizana,Eastern Cape,324
983046,Keerom,Ephraim Mogale,Limpopo,9
984034,Keerom,Elias Motsoaledi,Limpopo,2657
272004,Kei Mouth,Great Kei,Eastern Cape,291
273086,Kei Road,Amahlathi,Eastern Cape,1179
378013,Keimoes,Kai !Garib,Northern Cape,12000
799069,Keinfontein,City of Tshwane,Gauteng,121
273065,Keiskammahoek,Amahlathi,Eastern Cape,4429
799010,Kekana Garden,City of Tshwane,Gauteng,15709
360020,Kelokilwe,Joe Morolong,Northern Cape,329
526040,Kempshoek,Dannhauser,KwaZulu-Natal,1263
797006,Kempton Park,Ekurhuleni,Gauteng,171575
261007,Kendrew,Camdeboo,Eastern Cape,57
286028,Kenegha Poort,Elundini,Eastern Cape,612
529008,Kengolana,Abaqulusi,KwaZulu-Natal,436
378021,Kenhardt,Kai !Garib,Northern Cape,4843
273021,Kensington,Amahlathi,Eastern Cape,577
271488,Kentani,Mnquma,Eastern Cape,1456
560056,Kenterton,Vulamehlo,KwaZulu-Natal,2220
265012,Kenton on Sea,Ndlambe,Eastern Cape,5154
292273,Kepe,Nyandeni,Eastern Cape,1120
472005,Kestell,Maluti a Phofung,Free State,1109
270258,Keti,Mbhashe,Eastern Cape,481
179004,Keurboomstrand,Bitou,Western Cape,475
661030,Kgabalatsane,Madibeng,North West,9037
678007,Kgakala,Maquassi Hills,North West,8336
499005,Kgalala,Mangaung,Free State,378
360083,Kganong,Joe Morolong,Northern Cape,265
360025,Kganwane,Joe Morolong,Northern Cape,2297
877020,Kgapamadi,Bushbuckridge,Mpumalanga,5049
984039,Kgapamadi,Elias Motsoaledi,Limpopo,267
287114,Kgapamasi,Senqu,Eastern Cape,571
382002,Kgatelopele NU,Kgatelopele,Northern Cape,566
664087,Kgatleng,Moses Kotane,North West,56
969117,Kgatu,Blouberg,Limpopo,207
987117,Kgautswana,Greater Tubatse,Limpopo,651
663002,Kgetlengrivier NU,Kgetlengrivier,North West,17105
472066,Kgibiditing,Maluti a Phofung,Free State,343
978015,Kgobagadimo,Lephalale,Limpopo,1283
872028,Kgobokwane,Dr JS Moroka,Mpumalanga,1901
984038,Kgobokwane,Elias Motsoaledi,Limpopo,9030
974039,Kgohlwane,Polokwane,Limpopo,5888
674053,Kgokgojane,Kagisano/Molopo,North West,947
674050,Kgokgole,Kagisano/Molopo,North West,878
974067,Kgokong,Polokwane,Limpopo,492
969114,Kgokonyane,Blouberg,Limpopo,563
985039,Kgolane,Makhuduthamaga,Limpopo,4476
660024,Kgomo-Kgomo,Moretele,North West,1932
360064,Kgomohute,Joe Morolong,Northern Cape,231
672060,Kgomotso,Greater Taung,North West,3591
985122,Kgopane,Makhuduthamaga,Limpopo,307
987012,Kgopaneng,Greater Tubatse,Limpopo,1610
982052,Kgopeng,Mogalakwena,Limpopo,488
974010,Kgoroshi,Polokwane,Limpopo,3723
987108,Kgotlopong,Greater Tubatse,Limpopo,1644
468002,Kgotsong,Nala,Free State,41878
295094,Kgubetsoana,Matatiele,Eastern Cape,3761
470012,Kgubetswana,Dihlabeng,Free State,5628
974062,Kgwara,Polokwane,Limpopo,1249
974018,Kgwareng,Polokwane,Limpopo,413
985003,Kgwarip,Makhuduthamaga,Limpopo,459
976086,Kgwaripe,Lepele-Nkumpi,Limpopo,95
987129,Kgwedi,Greater Tubatse,Limpopo,504
962012,Kgwekgwe,Greater Tzaneen,Limpopo,135
542044,Khabela,Nkandla,KwaZulu-Natal,204
290066,Khabingele,Ngquza Hill,Eastern Cape,541
589007,Khabingwe,uMlalazi,KwaZulu-Natal,2645
960022,Khakhala,Greater Giyani,Limpopo,2024
966188,Khakhanwa,Thulamela,Limpopo,1355
965125,Khakhu,Mutale,Limpopo,3105
966066,Khakhu,Thulamela,Limpopo,142
982004,Khala,Mogalakwena,Limpopo,236
290187,Khalamfazi,Ngquza Hill,Eastern Cape,76
284402,Khalankomo,Engcobo,Eastern Cape,97
966106,Khalavha,Thulamela,Limpopo,3237
297091,Khaleni A,Mbizana,Eastern Cape,442
297096,Khaleni B,Mbizana,Eastern Cape,645
297156,Khaleni C,Mbizana,Eastern Cape,793
297073,Khaleni D,Mbizana,Eastern Cape,742
966095,Khambela,Thulamela,Limpopo,65
583064,Khandane,Jozini,KwaZulu-Natal,222
270180,Khanya,Mbhashe,Eastern Cape,239
290147,Khanyayo A,Ngquza Hill,Eastern Cape,91
290103,Khanyayo B,Ngquza Hill,Eastern Cape,61
262002,Khanyiso,Blue Crane Route,Eastern Cape,1081
379001,Khara Hais NU,//Khara Hais,Northern Cape,4495
968006,Kharivhe,Makhado,Limpopo,276
295056,Khashole,Matatiele,Eastern Cape,587
672005,Khaukhwe,Greater Taung,North West,530
965065,Khavhambe,Mutale,Limpopo,355
294363,Khawula,King Sabata Dalindyebo,Eastern Cape,963
664043,Khayakhulu,Moses Kotane,North West,951
271265,Khayalethemba,Mnquma,Eastern Cape,797
504015,Khayalilhe,UMuziwabantu,KwaZulu-Natal,2047
167012,Khayamandi,Stellenbosch,Western Cape,24645
276123,Khayamnandi,Nkonkobe,Eastern Cape,1342
289008,Khayamnandi,Gariep,Eastern Cape,4724
199038,Khayelitsha,City of Cape Town,Western Cape,391749
260163,Khayelitsha,Buffalo City,Eastern Cape,649
365014,Kheis,Kamiesberg,Northern Cape,488
580128,Khenana,Nongoma,KwaZulu-Natal,1158
598202,Khetheni,Umzimkhulu,KwaZulu-Natal,497
571057,Khethwani,Okhahlamba,KwaZulu-Natal,5754
287088,Khiba,Senqu,Eastern Cape,1397
877019,Khielang,Bushbuckridge,Mpumalanga,1178
290058,Khimbile,Ngquza Hill,Eastern Cape,170
293070,Khimbili,Mhlontlo,Eastern Cape,793
270621,Khimqashe,Mbhashe,Eastern Cape,306
575054,Khiphinkunzi A,Nqutu,KwaZulu-Natal,678
575057,Khiphinkunzi B,Nqutu,KwaZulu-Natal,1237
295149,Khoapa,Matatiele,Eastern Cape,2338
271460,Khobodi,Mnquma,Eastern Cape,221
566026,Khobongwaneni,The Msunduzi,KwaZulu-Natal,796
291125,Khohlo,Port St Johns,Eastern Cape,947
294384,Khohlo,King Sabata Dalindyebo,Eastern Cape,272
294168,Khohlo A,King Sabata Dalindyebo,Eastern Cape,582
294244,Khohlo B,King Sabata Dalindyebo,Eastern Cape,697
294053,Khohlo D,King Sabata Dalindyebo,Eastern Cape,1818
295156,Khohlong,Matatiele,Eastern Cape,836
286177,Khohlopong,Elundini,Eastern Cape,553
293196,Khohlwe,Mhlontlo,Eastern Cape,268
295151,Khohlweni,Matatiele,Eastern Cape,424
877134,Khokhamoya,Bushbuckridge,Mpumalanga,9466
566047,Khokwane,The Msunduzi,KwaZulu-Natal,4441
877102,Khomanani,Bushbuckridge,Mpumalanga,3276
960019,Khomanani,Greater Giyani,Limpopo,1197
968108,Khomanani,Makhado,Limpopo,9977
968005,Khomela,Makhado,Limpopo,1018
292289,Khonjwayo,Nyandeni,Eastern Cape,958
290272,Khonjwayo A,Ngquza Hill,Eastern Cape,47
290269,Khonjwayo B,Ngquza Hill,Eastern Cape,667
978012,Khopanong,Lephalale,Limpopo,758
542130,Khothongwe,Nkandla,KwaZulu-Natal,132
297208,Khotsho,Mbizana,Eastern Cape,152
294319,Khovothi,King Sabata Dalindyebo,Eastern Cape,149
984022,Khubetswane,Elias Motsoaledi,Limpopo,141
363005,Khubus,Richtersveld,Northern Cape,948
293003,Khubusi,Mhlontlo,Eastern Cape,299
966051,Khubvi,Thulamela,Limpopo,10271
672047,Khudutlou,Greater Taung,North West,1166
962063,Khujwana,Greater Tzaneen,Limpopo,11237
292156,Khukwini,Nyandeni,Eastern Cape,250
292131,Khuleka,Nyandeni,Eastern Cape,938
270182,Khulo Khamisa,Mbhashe,Eastern Cape,468
987120,Khulwane,Greater Tubatse,Limpopo,48
677008,Khuma,City of Matlosana,North West,45895
874027,Khumbula,Mbombela,Mpumalanga,6717
583007,Khume,Jozini,KwaZulu-Natal,538
968063,Khunda,Makhado,Limpopo,231
965098,Khunguni,Mutale,Limpopo,139
674023,Khunkwi,Kagisano/Molopo,North West,355
669038,Khunotswana,Ramotshere Moiloa,North West,4619
666004,Khunwana,Tswaing,North West,7651
976084,Khureng,Lepele-Nkumpi,Limpopo,4497
766003,Khutsong,Merafong City,Gauteng,62458
964020,Khutsong,Maruleng,Limpopo,249
295169,Khwarai,Matatiele,Eastern Cape,382
286122,Khwatsha,Elundini,Eastern Cape,430
271155,Khwayi-Khwayi,Mnquma,Eastern Cape,352
294424,Khwenxurha,King Sabata Dalindyebo,Eastern Cape,430
291217,Khwethu,Port St Johns,Eastern Cape,257
271241,Khwetsha,Mnquma,Eastern Cape,278
368002,Khâi-Ma NU,Khâi-Ma,Northern Cape,2148
674015,Kibitwe,Kagisano/Molopo,North West,315
260160,Kidd's Beach,Buffalo City,Eastern Cape,499
360108,Kikahela,Joe Morolong,Northern Cape,323
984061,Kikvorschfontein,Elias Motsoaledi,Limpopo,5518
526024,Kilegethe,Dannhauser,KwaZulu-Natal,5055
293305,Kilili,Mhlontlo,Eastern Cape,399
598215,Kiliver,Umzimkhulu,KwaZulu-Natal,785
297366,Kimberley,Mbizana,Eastern Cape,1291
383006,Kimberley,Sol Plaatjie,Northern Cape,96977
294003,King Sabata Dalindyebo NU,King Sabata Dalindyebo,Eastern Cape,2069
260044,King William's Town,Buffalo City,Eastern Cape,34019
599172,Kingsburgh,eThekwini,KwaZulu-Natal,16368
274064,Kingslynn,Ngqushwa,Eastern Cape,200
525006,Kingstown,Emadlangeni,KwaZulu-Natal,268
296004,Kinira,Umzimvubu,Eastern Cape,208
286019,Kinira Poort,Elundini,Eastern Cape,463
866004,Kinross,Govan Mbeki,Mpumalanga,15246
514010,Kirkintulloch,Emnambithi/Ladysmith,KwaZulu-Natal,3554
266001,Kirkwood,Sundays River Valley,Eastern Cape,5371
978026,Kitty,Lephalale,Limpopo,614
360092,Klaarkom,Joe Morolong,Northern Cape,476
182005,Klaarstroom,Prince Albert,Western Cape,584
599158,Klaarwater,eThekwini,KwaZulu-Natal,26157
271499,Klanisi,Mnquma,Eastern Cape,152
167001,Klapmuts,Stellenbosch,Western Cape,7703
877002,Klaserie Private Nature Reserve,Bushbuckridge,Mpumalanga,314
160012,Klawer,Matzikama,Western Cape,6234
176009,Klein Brakrivier,Mossel Bay,Western Cape,2037
163016,Klein Eiland,Saldanha Bay,Western Cape,0
377005,Klein Mier,Mier,Northern Cape,449
360091,Klein Tsamaros,Joe Morolong,Northern Cape,205
265005,Kleinemonde,Ndlambe,Eastern Cape,2
514006,Kleinfontein,Emnambithi/Ladysmith,KwaZulu-Natal,3595
578033,Kleinfontein,eDumbe,KwaZulu-Natal,1164
799068,Kleinfontein,City of Tshwane,Gauteng,347
167023,Kleingeluk,Stellenbosch,Western Cape,226
172009,Kleinmond,Overstrand,Western Cape,6634
364009,Kleinzee,Nama Khoi,Northern Cape,728
364008,Kleinzee Mine,Nama Khoi,Northern Cape,3
677006,Klerksdorp,City of Matlosana,North West,186515
984037,Klipbank,Elias Motsoaledi,Limpopo,1618
365015,Klipfontein,Kamiesberg,Northern Cape,466
499046,Klipfontein,Mangaung,Free State,181
514015,Klipfontein,Emnambithi/Ladysmith,KwaZulu-Natal,729
164003,Klipfontyn,Swartland,Western Cape,146
661028,Klipgat,Madibeng,North West,38671
976087,Klipheuvel,Lepele-Nkumpi,Limpopo,1996
199008,Klipheuwel,City of Cape Town,Western Cape,2294
263004,Klipplaat,Ikwezi,Eastern Cape,2215
379009,Klippunt,//Khara Hais,Northern Cape,3473
160001,Kliprand,Matzikama,Western Cape,205
526051,Kliprand,Dannhauser,KwaZulu-Natal,314
569027,Kliprivier,Indaka,KwaZulu-Natal,1514
576014,Kliprivier,Msinga,KwaZulu-Natal,772
578012,Klipspruit,eDumbe,KwaZulu-Natal,1770
598221,Klipspruit,Umzimkhulu,KwaZulu-Natal,190
983017,Klipspruit,Ephraim Mogale,Limpopo,149
579025,Klipwal,UPhongolo,KwaZulu-Natal,1589
599102,Kloof,eThekwini,KwaZulu-Natal,29704
285060,Klufini,Sakhisizwe,Eastern Cape,435
180009,Knysna,Knysna,Western Cape,51078
180002,Knysna NU,Knysna,Western Cape,4222
295187,Koaring,Matatiele,Eastern Cape,538
284182,Kobe,Engcobo,Eastern Cape,455
985053,Kobe,Makhuduthamaga,Limpopo,219
294068,Kobololo,King Sabata Dalindyebo,Eastern Cape,474
271553,Kobonqaba A,Mnquma,Eastern Cape,0
271397,Kobonqaba B,Mnquma,Eastern Cape,219
286003,Koebung,Elundini,Eastern Cape,466
872011,Koedoespoort,Dr JS Moroka,Mpumalanga,3407
664047,Koedoespruit,Moses Kotane,North West,2938
160006,Koekenaap,Matzikama,Western Cape,1551
973009,Koekoek,Molemole,Limpopo,420
167005,Koelenhof,Stellenbosch,Western Cape,302
460007,Koffiefontein,Letsemeng,Free State,10402
664082,Koffiekraal,Moses Kotane,North West,4282
172003,Kogelberg,Overstrand,Western Cape,3
270081,Kohlo,Mbhashe,Eastern Cape,237
580151,Kohlokolo,Nongoma,KwaZulu-Natal,745
667056,Koikoi,Mafikeng,North West,4550
365005,Koingnaas,Kamiesberg,Northern Cape,105
672043,Kokomeng,Greater Taung,North West,1893
766026,Kokosi,Merafong City,Gauteng,26407
596004,Kokstad,Greater Kokstad,KwaZulu-Natal,51561
571059,Kokwane,Okhahlamba,KwaZulu-Natal,1320
674013,Kokwane,Kagisano/Molopo,North West,809
361031,Kollie,Ga-Segonyana,Northern Cape,68
985086,Kolokotela,Makhuduthamaga,Limpopo,2472
276155,Koloni,Nkonkobe,Eastern Cape,209
286113,Koloni,Elundini,Eastern Cape,614
297278,Kolora,Mbizana,Eastern Cape,106
974024,Koloti,Polokwane,Limpopo,9953
364014,Komaggas,Nama Khoi,Northern Cape,3116
291045,Komane,Port St Johns,Eastern Cape,290
985049,Komane,Makhuduthamaga,Limpopo,144
974089,Komaneng,Polokwane,Limpopo,1662
869009,Komati,Steve Tshwete,Mpumalanga,1821
876004,Komatipoort,Nkomazi,Mpumalanga,4683
985108,Kome,Makhuduthamaga,Limpopo,756
272001,Komga,Great Kei,Eastern Cape,8090
271541,Komkhulu,Mnquma,Eastern Cape,675
273011,Komkhulu,Amahlathi,Eastern Cape,301
276039,Komkhulu,Nkonkobe,Eastern Cape,82
282340,Komkhulu,Intsika Yethu,Eastern Cape,74
285055,Komkhulu,Sakhisizwe,Eastern Cape,662
287068,Komkhulu,Senqu,Eastern Cape,382
293092,Komkhulu,Mhlontlo,Eastern Cape,205
270581,Komkhulu A,Mbhashe,Eastern Cape,225
271355,Komkhulu A,Mnquma,Eastern Cape,354
294217,Komkhulu A,King Sabata Dalindyebo,Eastern Cape,923
270226,Komkhulu B,Mbhashe,Eastern Cape,131
271043,Komkhulu B,Mnquma,Eastern Cape,840
294073,Komkhulu B,King Sabata Dalindyebo,Eastern Cape,1645
270131,Komkhulu C,Mbhashe,Eastern Cape,462
271106,Komkhulu C,Mnquma,Eastern Cape,607
294054,Komkhulu C,King Sabata Dalindyebo,Eastern Cape,979
270589,Komkhulu D,Mbhashe,Eastern Cape,231
271028,Komkhulu D,Mnquma,Eastern Cape,62
270573,Komkhulu E,Mbhashe,Eastern Cape,316
271359,Komkhulu E,Mnquma,Eastern Cape,235
270103,Komkhulu F,Mbhashe,Eastern Cape,217
271441,Komkhulu F,Mnquma,Eastern Cape,429
271234,Komkhulu G,Mnquma,Eastern Cape,568
270391,Komkhulu H,Mbhashe,Eastern Cape,248
274007,Komkulu,Ngqushwa,Eastern Cape,614
282228,Komkulu,Intsika Yethu,Eastern Cape,212
286119,Komkulu,Elundini,Eastern Cape,431
292208,Komkulu,Nyandeni,Eastern Cape,463
295021,Komkulu,Matatiele,Eastern Cape,338
276159,Komkulu A,Nkonkobe,Eastern Cape,230
282191,Komkulu A,Intsika Yethu,Eastern Cape,404
284070,Komkulu A,Engcobo,Eastern Cape,346
276063,Komkulu B,Nkonkobe,Eastern Cape,61
282186,Komkulu B,Intsika Yethu,Eastern Cape,258
284095,Komkulu B,Engcobo,Eastern Cape,188
282264,Komkulu C,Intsika Yethu,Eastern Cape,384
282158,Komkulu D,Intsika Yethu,Eastern Cape,557
199054,Kommetjie,City of Cape Town,Western Cape,16911
499035,Kommissiedrif,Mangaung,Free State,252
293186,Konkabi,Mhlontlo,Eastern Cape,895
674007,Konke,Kagisano/Molopo,North West,96
284345,Kono,Engcobo,Eastern Cape,762
294167,Konqeni,King Sabata Dalindyebo,Eastern Cape,961
660027,Kontante,Moretele,North West,269
599142,Kontinga,eThekwini,KwaZulu-Natal,796
291160,Konxeni,Port St Johns,Eastern Cape,620
281042,Koonoona,Lukanji,Eastern Cape,672
297361,Kopane A,Mbizana,Eastern Cape,198
297344,Kopane B,Mbizana,Eastern Cape,3945
297166,Kopane C,Mbizana,Eastern Cape,250
297209,Kopane D,Mbizana,Eastern Cape,826
297309,Kopane E,Mbizana,Eastern Cape,3194
461003,Kopanong NU,Kopanong,Free State,7715
666009,Kopela,Tswaing,North West,5187
961072,Kopje,Greater Letaba,Limpopo,812
662003,Kopman,Rustenburg,North West,616
281019,Koppies,Lukanji,Eastern Cape,626
477008,Koppies,Ngwathe,Free State,1136
585001,Koqhoqhoqho,Hlabisa,KwaZulu-Natal,2434
164001,Koringberg,Swartland,Western Cape,1214
598027,Korinte,Umzimkhulu,KwaZulu-Natal,2407
579024,Kortnek,UPhongolo,KwaZulu-Natal,810
597012,Koshange,Ubuhlebezwe,KwaZulu-Natal,553
582020,Kosimeer,Umhlabuyalingana,KwaZulu-Natal,0
663006,Koster,Kgetlengrivier,North West,2342
974051,Kotishing,Polokwane,Limpopo,978
985085,Kotsiri,Makhuduthamaga,Limpopo,1545
270236,Kotyana,Mbhashe,Eastern Cape,489
364001,Kotzehoop,Nama Khoi,Northern Cape,467
269002,Kou-Kamma NU,Kou-Kamma,Eastern Cape,12201
268002,Kouga NU,Kouga,Eastern Cape,14043
597010,Kozondi,Ubuhlebezwe,KwaZulu-Natal,451
199018,Kraaifontein,City of Cape Town,Western Cape,154615
665018,Kraaipan,Ratlou,North West,9933
664007,Kraalhoek,Moses Kotane,North West,1553
270141,Krafa,Mbhashe,Eastern Cape,193
478016,Kragbron,Metsimaholo,Free State,1059
269004,Krakeel River,Kou-Kamma,Eastern Cape,1931
294235,Krancola,King Sabata Dalindyebo,Eastern Cape,854
293065,Krancolo,Mhlontlo,Eastern Cape,292
179010,Kranshoek,Bitou,Western Cape,5597
579008,Kranskloof,UPhongolo,KwaZulu-Natal,8891
593027,Kranskloof,Ndwedwe,KwaZulu-Natal,284
577021,Kranskop,Umvoti,KwaZulu-Natal,1514
869001,Kranspoort,Steve Tshwete,Mpumalanga,389
293124,Kratyela,Mhlontlo,Eastern Cape,281
598156,Kromdraai,Umzimkhulu,KwaZulu-Natal,925
529043,Kromellenboog,Abaqulusi,KwaZulu-Natal,1309
598070,Kromhoek,Umzimkhulu,KwaZulu-Natal,1098
969024,Kromhoek,Blouberg,Limpopo,4255
982062,Kromkloof,Mogalakwena,Limpopo,1141
660064,Kromkuil,Moretele,North West,3164
578005,Krommellenboog,eDumbe,KwaZulu-Natal,69
268010,Kromrivier,Kouga,Eastern Cape,41
287081,Kromspruit,Senqu,Eastern Cape,1143
475005,Kroonstad,Moqhaka,Free State,24723
874022,Kruger National Park,Mbombela,Mpumalanga,2349
876001,Kruger National Park,Nkomazi,Mpumalanga,418
877005,Kruger National Park,Bushbuckridge,Mpumalanga,385
960024,Kruger National Park,Greater Giyani,Limpopo,279
963006,Kruger National Park,Ba-Phalaborwa,Limpopo,1499
965039,Kruger National Park,Mutale,Limpopo,229
966155,Kruger National Park,Thulamela,Limpopo,55
763004,Krugersdorp,Mogale City,Gauteng,140643
593037,Krusfontein,Ndwedwe,KwaZulu-Natal,279
562014,Ksikotho,uMshwathi,KwaZulu-Natal,135
282035,Ku-Bhanti,Intsika Yethu,Eastern Cape,274
283118,Ku-Fani,Emalahleni,Eastern Cape,169
283050,Ku-Helushe,Emalahleni,Eastern Cape,378
282285,Ku-Nxaybisa,Intsika Yethu,Eastern Cape,480
270326,KuAmanzimnyama,Mbhashe,Eastern Cape,599
270157,KuBafazi,Mbhashe,Eastern Cape,590
270583,KuBangqo,Mbhashe,Eastern Cape,332
283062,KuBatembu,Emalahleni,Eastern Cape,336
294111,KuBeke,King Sabata Dalindyebo,Eastern Cape,291
298107,KuBhonga,Ntabankulu,Eastern Cape,398
271170,KuBhongithole,Mnquma,Eastern Cape,127
294299,KuBomvu,King Sabata Dalindyebo,Eastern Cape,220
283024,KuBoniswa,Emalahleni,Eastern Cape,255
294436,KuBuka,King Sabata Dalindyebo,Eastern Cape,631
270145,KuCamandashe,Mbhashe,Eastern Cape,401
270067,KuCawe,Mbhashe,Eastern Cape,275
270138,KuChachazele,Mbhashe,Eastern Cape,389
294284,KuChanti,King Sabata Dalindyebo,Eastern Cape,977
284097,KuCibi,Engcobo,Eastern Cape,351
294474,KuCqangushe,King Sabata Dalindyebo,Eastern Cape,434
298103,KuDebeza,Ntabankulu,Eastern Cape,1178
298043,KuDeke,Ntabankulu,Eastern Cape,30
294030,KuDikiDiki,King Sabata Dalindyebo,Eastern Cape,504
294452,KuDingata,King Sabata Dalindyebo,Eastern Cape,306
294075,KuDuka,King Sabata Dalindyebo,Eastern Cape,267
271403,KuDunjana,Mnquma,Eastern Cape,183
283064,KuDyobhudaka,Emalahleni,Eastern Cape,269
286203,KuFela,Elundini,Eastern Cape,49
270329,KuFolokhwe,Mbhashe,Eastern Cape,631
270367,KuFundakubi,Mbhashe,Eastern Cape,301
294344,KuGangxu,King Sabata Dalindyebo,Eastern Cape,533
298054,KuGaqeleni,Ntabankulu,Eastern Cape,129
270585,KuGatyana,Mbhashe,Eastern Cape,396
270023,KuGilandoda,Mbhashe,Eastern Cape,463
284090,KuGilandoda,Engcobo,Eastern Cape,299
282041,KuGongqo,Intsika Yethu,Eastern Cape,715
270601,KuGroxo,Mbhashe,Eastern Cape,112
270268,KuGwelane,Mbhashe,Eastern Cape,354
290324,KuGwexindaba,Ngquza Hill,Eastern Cape,469
294004,KuGwitya,King Sabata Dalindyebo,Eastern Cape,577
294283,KuGxagxa,King Sabata Dalindyebo,Eastern Cape,443
270113,KuGxara,Mbhashe,Eastern Cape,214
294223,KuGxwalibomvu,King Sabata Dalindyebo,Eastern Cape,1119
284099,KuGxwalibomvu A,Engcobo,Eastern Cape,764
284328,KuGxwalibomvu B,Engcobo,Eastern Cape,286
294254,KuGxwalibomvu B,King Sabata Dalindyebo,Eastern Cape,342
290118,KuHala,Ngquza Hill,Eastern Cape,440
282247,KuHange A,Intsika Yethu,Eastern Cape,622
282243,KuHange B,Intsika Yethu,Eastern Cape,229
284056,KuHlaba A,Engcobo,Eastern Cape,290
284046,KuHlaba B,Engcobo,Eastern Cape,147
284309,KuHleke,Engcobo,Eastern Cape,284
284034,KuHlopekazi,Engcobo,Eastern Cape,269
294303,KuHlophe,King Sabata Dalindyebo,Eastern Cape,270
298149,KuHokwane,Ntabankulu,Eastern Cape,175
271236,KuHolela,Mnquma,Eastern Cape,441
294332,KuHombani,King Sabata Dalindyebo,Eastern Cape,641
285083,KuHota,Sakhisizwe,Eastern Cape,597
283031,KuJaho,Emalahleni,Eastern Cape,268
294388,KuJonga,King Sabata Dalindyebo,Eastern Cape,525
294110,KuJungqe,King Sabata Dalindyebo,Eastern Cape,314
284251,KuKanyi,Engcobo,Eastern Cape,318
283155,KuKavara,Emalahleni,Eastern Cape,674
283145,KuLiweni,Emalahleni,Eastern Cape,778
270624,KuLofumbata,Mbhashe,Eastern Cape,210
270235,KuLogabu,Mbhashe,Eastern Cape,711
260101,KuLogaxa,Buffalo City,Eastern Cape,834
270355,KuLogqogqa A,Mbhashe,Eastern Cape,63
270634,KuLogqogqa B,Mbhashe,Eastern Cape,128
270224,KuLogqweta,Mbhashe,Eastern Cape,592
270653,KuLojingqi,Mbhashe,Eastern Cape,126
270603,KuLokamisa,Mbhashe,Eastern Cape,317
270622,KuLolanga,Mbhashe,Eastern Cape,627
270636,KuLomali,Mbhashe,Eastern Cape,265
270165,KuLombete,Mbhashe,Eastern Cape,742
271323,KuLotshazi,Mnquma,Eastern Cape,151
270390,KuLozulu,Mbhashe,Eastern Cape,240
294322,KuLozulu,King Sabata Dalindyebo,Eastern Cape,689
294321,KuLubisana,King Sabata Dalindyebo,Eastern Cape,123
284096,KuLubisi,Engcobo,Eastern Cape,432
270057,KuLudondolo,Mbhashe,Eastern Cape,268
282218,KuLuqolo,Intsika Yethu,Eastern Cape,324
282028,KuMabangula,Intsika Yethu,Eastern Cape,501
270371,KuMadakane A,Mbhashe,Eastern Cape,325
270221,KuMadakane B,Mbhashe,Eastern Cape,319
284342,KuMageza,Engcobo,Eastern Cape,431
286153,KuMagwaca,Elundini,Eastern Cape,367
270598,KuMahasana,Mbhashe,Eastern Cape,249
282012,KuMahlungulu,Intsika Yethu,Eastern Cape,176
285091,KuMahlungulu,Sakhisizwe,Eastern Cape,261
298021,KuMakhola,Ntabankulu,Eastern Cape,213
284310,KuMalangazana,Engcobo,Eastern Cape,493
284319,KuMandebe,Engcobo,Eastern Cape,96
292241,KuMandeni,Nyandeni,Eastern Cape,2439
270087,KuMandluntsha,Mbhashe,Eastern Cape,28
282135,KuMangobomvu,Intsika Yethu,Eastern Cape,742
286236,KuMangunkone,Elundini,Eastern Cape,300
294404,KuMankazana,King Sabata Dalindyebo,Eastern Cape,369
270143,KuManxiweni,Mbhashe,Eastern Cape,414
284156,KuManyisana,Engcobo,Eastern Cape,386
285047,KuManzana,Sakhisizwe,Eastern Cape,392
284009,KuManzimdaka,Engcobo,Eastern Cape,338
284010,KuManzimdaka A,Engcobo,Eastern Cape,214
284013,KuManzimdaka B,Engcobo,Eastern Cape,391
294227,KuMapotyi,King Sabata Dalindyebo,Eastern Cape,85
284231,KuMaqanda,Engcobo,Eastern Cape,141
283142,KuMaqashu,Emalahleni,Eastern Cape,717
290007,KuMathe,Ngquza Hill,Eastern Cape,2176
270222,KuMatokazi,Mbhashe,Eastern Cape,268
285036,KuMatyeabomvu,Sakhisizwe,Eastern Cape,386
282095,KuMaya A,Intsika Yethu,Eastern Cape,360
282236,KuMaya B,Intsika Yethu,Eastern Cape,583
294032,KuMayibe,King Sabata Dalindyebo,Eastern Cape,717
284215,KuMazikanyi,Engcobo,Eastern Cape,196
270003,KuMbanga A,Mbhashe,Eastern Cape,348
270595,KuMbanga B,Mbhashe,Eastern Cape,208
282040,KuMbaxa,Intsika Yethu,Eastern Cape,604
270518,KuMbelo,Mbhashe,Eastern Cape,0
270107,KuMbembesi,Mbhashe,Eastern Cape,141
294434,KuMbidlane,King Sabata Dalindyebo,Eastern Cape,234
270279,KuMbonda,Mbhashe,Eastern Cape,357
286191,KuMbonxa,Elundini,Eastern Cape,249
286156,KuMbulunga,Elundini,Eastern Cape,100
284057,KuMchayi,Engcobo,Eastern Cape,220
270001,KuMcuba,Mbhashe,Eastern Cape,60
284356,KuMcuba,Engcobo,Eastern Cape,111
282341,KuMdange,Intsika Yethu,Eastern Cape,368
294080,KuMgawuli,King Sabata Dalindyebo,Eastern Cape,372
294348,KuMhlabubomvu,King Sabata Dalindyebo,Eastern Cape,555
270089,KuMjelo,Mbhashe,Eastern Cape,291
270559,KuMkhulu,Mbhashe,Eastern Cape,267
294228,KuMlambo,King Sabata Dalindyebo,Eastern Cape,108
270137,KuMngcitha,Mbhashe,Eastern Cape,284
282177,KuMngqanga,Intsika Yethu,Eastern Cape,298
296216,KuMnxekazi,Umzimvubu,Eastern Cape,574
270325,KuMpame,Mbhashe,Eastern Cape,1016
294100,KuMpolose,King Sabata Dalindyebo,Eastern Cape,95
597025,KuMpondo,Ubuhlebezwe,KwaZulu-Natal,928
597023,KuMpotshosi,Ubuhlebezwe,KwaZulu-Natal,433
284176,KuMtala,Engcobo,Eastern Cape,169
282112,KuMtyamde,Intsika Yethu,Eastern Cape,467
294430,KuMvezo,King Sabata Dalindyebo,Eastern Cape,810
284436,KuNabileyo,Engcobo,Eastern Cape,317
293039,KuNdabasigogo,Mhlontlo,Eastern Cape,74
284169,KuNdaca,Engcobo,Eastern Cape,201
298144,KuNdile,Ntabankulu,Eastern Cape,927
294205,KuNdlunkulu,King Sabata Dalindyebo,Eastern Cape,842
286224,KuNdoda,Elundini,Eastern Cape,355
283128,KuNdonga,Emalahleni,Eastern Cape,1088
282099,KuNdungwana,Intsika Yethu,Eastern Cape,484
270533,KuNene,Mbhashe,Eastern Cape,675
284437,KuNgcataru,Engcobo,Eastern Cape,220
284274,KuNgcebengwana,Engcobo,Eastern Cape,122
284360,KuNgcelelo,Engcobo,Eastern Cape,346
298051,KuNgqane,Ntabankulu,Eastern Cape,446
294076,KuNgqovu,King Sabata Dalindyebo,Eastern Cape,396
270447,KuNgqungqumbe,Mbhashe,Eastern Cape,496
282060,KuNgqwaru,Intsika Yethu,Eastern Cape,573
284076,KuNgubo,Engcobo,Eastern Cape,299
284424,KuNgwevane,Engcobo,Eastern Cape,452
270429,KuNgwidli,Mbhashe,Eastern Cape,414
270205,KuNgxobongwana,Mbhashe,Eastern Cape,95
290290,KuNikwe,Ngquza Hill,Eastern Cape,1621
270018,KuNjemane,Mbhashe,Eastern Cape,249
294198,KuNkalane,King Sabata Dalindyebo,Eastern Cape,262
284417,KuNkani,Engcobo,Eastern Cape,205
294246,KuNkompa,King Sabata Dalindyebo,Eastern Cape,888
290110,KuNkongolo,Ngquza Hill,Eastern Cape,684
282047,KuNobopa,Intsika Yethu,Eastern Cape,186
270599,KuNocekedwa,Mbhashe,Eastern Cape,371
284065,KuNogqogqowana,Engcobo,Eastern Cape,239
285056,KuNomadambe,Sakhisizwe,Eastern Cape,152
270120,KuNombete,Mbhashe,Eastern Cape,334
294005,KuNongcwengana,King Sabata Dalindyebo,Eastern Cape,1177
282079,KuNongqodi,Intsika Yethu,Eastern Cape,161
284132,KuNonyentu,Engcobo,Eastern Cape,257
298088,KuNonyokotho,Ntabankulu,Eastern Cape,158
298066,KuNoxhungutshe,Ntabankulu,Eastern Cape,863
271369,KuNqambeli,Mnquma,Eastern Cape,326
270183,KuNqayiya,Mbhashe,Eastern Cape,430
284230,KuNqezantsi,Engcobo,Eastern Cape,175
284260,KuNqumakala,Engcobo,Eastern Cape,245
286010,KuNtabankulu,Elundini,Eastern Cape,452
284206,KuNtaka A,Engcobo,Eastern Cape,210
284049,KuNtaka B,Engcobo,Eastern Cape,151
270562,KuNtingana,Mbhashe,Eastern Cape,271
294261,KuNtlangaza,King Sabata Dalindyebo,Eastern Cape,342
284115,KuNtlanzi,Engcobo,Eastern Cape,391
270240,KuNtshwame,Mbhashe,Eastern Cape,145
294401,KuNtsilekane,King Sabata Dalindyebo,Eastern Cape,486
286175,KuNuntuza,Elundini,Eastern Cape,42
270579,KuNxankzashe,Mbhashe,Eastern Cape,481
294113,KuNyokinala,King Sabata Dalindyebo,Eastern Cape,526
282164,KuNyongwane A,Intsika Yethu,Eastern Cape,39
282154,KuNyongwane B,Intsika Yethu,Eastern Cape,669
284204,KuPahla,Engcobo,Eastern Cape,502
282094,KuPungutya,Intsika Yethu,Eastern Cape,574
270397,KuQangqalala,Mbhashe,Eastern Cape,1157
270045,KuQeqe,Mbhashe,Eastern Cape,327
286184,KuQulungashe,Elundini,Eastern Cape,272
284064,KuQunduvane,Engcobo,Eastern Cape,443
282096,KuQwebeqwebe,Intsika Yethu,Eastern Cape,940
294406,KuRwela,King Sabata Dalindyebo,Eastern Cape,603
285065,KuSawuti,Sakhisizwe,Eastern Cape,255
582028,KuShengesa,Umhlabuyalingana,KwaZulu-Natal,384
294230,KuSigiba,King Sabata Dalindyebo,Eastern Cape,600
294479,KuSikhulume,King Sabata Dalindyebo,Eastern Cape,239
270026,KuSilityiwa,Mbhashe,Eastern Cape,517
270504,KuSiphunzi,Mbhashe,Eastern Cape,326
286211,KuSitana,Elundini,Eastern Cape,416
286215,KuStimela,Elundini,Eastern Cape,498
270421,KuSunduza,Mbhashe,Eastern Cape,315
294301,KuTantseka,King Sabata Dalindyebo,Eastern Cape,500
294051,KuThala,King Sabata Dalindyebo,Eastern Cape,878
294438,KuTongwane,King Sabata Dalindyebo,Eastern Cape,729
283061,KuTsembeyi A,Emalahleni,Eastern Cape,136
283059,KuTsembeyi B,Emalahleni,Eastern Cape,1053
290256,KuTshandatshe,Ngquza Hill,Eastern Cape,1632
282100,KuTshatshu,Intsika Yethu,Eastern Cape,442
294097,KuTshiyani,King Sabata Dalindyebo,Eastern Cape,1375
270225,KuTshwathi,Mbhashe,Eastern Cape,218
285061,KuVayile,Sakhisizwe,Eastern Cape,259
270062,KuVinindwa,Mbhashe,Eastern Cape,504
282128,KuWohlo A,Intsika Yethu,Eastern Cape,550
282140,KuWohlo B,Intsika Yethu,Eastern Cape,75
270270,KuXamu,Mbhashe,Eastern Cape,607
270466,KuXanase,Mbhashe,Eastern Cape,271
270097,KuXholo,Mbhashe,Eastern Cape,192
285003,KuZikhonkwane,Sakhisizwe,Eastern Cape,333
284050,KuZilitole,Engcobo,Eastern Cape,147
294218,Kubeka,King Sabata Dalindyebo,Eastern Cape,413
297131,Kubha,Mbizana,Eastern Cape,741
270124,Kubiyashe,Mbhashe,Eastern Cape,206
297322,Kublekwana,Mbizana,Eastern Cape,433
283153,Kudubeni,Emalahleni,Eastern Cape,655
271402,Kudubevu,Mnquma,Eastern Cape,527
361017,Kudumane,Ga-Segonyana,Northern Cape,894
472021,Kudumane,Maluti a Phofung,Free State,2876
674037,Kudunkwane,Kagisano/Molopo,North West,3064
291170,Kugade,Port St Johns,Eastern Cape,258
293243,Kugandana,Mhlontlo,Eastern Cape,414
282147,Kuholi,Intsika Yethu,Eastern Cape,165
199020,Kuils River,City of Cape Town,Western Cape,46686
294059,Kukani,King Sabata Dalindyebo,Eastern Cape,840
297319,Kukhanya,Mbizana,Eastern Cape,379
293257,Kukumehlo,Mhlontlo,Eastern Cape,281
292181,Kulambeni,Nyandeni,Eastern Cape,539
282030,Kulo-Ngqayi,Intsika Yethu,Eastern Cape,317
270200,Kulobhonga,Mbhashe,Eastern Cape,553
270388,Kulobombo,Mbhashe,Eastern Cape,296
270078,Kulocheba,Mbhashe,Eastern Cape,110
270209,Kulodingata,Mbhashe,Eastern Cape,423
270084,Kuloganya,Mbhashe,Eastern Cape,142
270353,Kulogaxa,Mbhashe,Eastern Cape,624
270271,Kuloguelane,Mbhashe,Eastern Cape,146
270068,Kulohetsha,Mbhashe,Eastern Cape,307
270487,Kulojika,Mbhashe,Eastern Cape,390
270352,Kulokhamiso,Mbhashe,Eastern Cape,301
270082,Kulombola,Mbhashe,Eastern Cape,417
271322,Kulomiza,Mnquma,Eastern Cape,97
270210,Kulorada,Mbhashe,Eastern Cape,777
270347,Kulorhini,Mbhashe,Eastern Cape,235
270602,Kulovulandi,Mbhashe,Eastern Cape,207
282107,Kulufini,Intsika Yethu,Eastern Cape,717
294287,KumPensheya,King Sabata Dalindyebo,Eastern Cape,497
877071,Kumana,Bushbuckridge,Mpumalanga,5235
297277,Kumbanzo,Mbizana,Eastern Cape,156
588002,Kumhlosheni,Ntambanana,KwaZulu-Natal,142
270413,Kundlumbini,Mbhashe,Eastern Cape,324
271024,Kunene,Mnquma,Eastern Cape,403
293043,Kunene,Mhlontlo,Eastern Cape,209
294131,Kunene,King Sabata Dalindyebo,Eastern Cape,805
799065,Kungwini Part 2,City of Tshwane,Gauteng,8738
260136,Kuni,Buffalo City,Eastern Cape,2179
282150,Kuntlonze,Intsika Yethu,Eastern Cape,439
296224,Kupapane,Umzimvubu,Eastern Cape,178
568008,Kupholeni,Richmond,KwaZulu-Natal,4316
961042,Kuranta,Greater Letaba,Limpopo,1329
968097,Kurhuleni,Makhado,Limpopo,2166
179002,Kurland,Bitou,Western Cape,4033
361021,Kuruman,Ga-Segonyana,Northern Cape,13057
974108,Kuschke,Polokwane,Limpopo,474
968080,Kutama,Makhado,Limpopo,23011
271286,Kutanyanga,Mnquma,Eastern Cape,199
467005,Kutloanong,Matjhabeng,Free State,54350
384003,Kutlwano,Dikgatlong,Northern Cape,3959
985159,Kutupu,Makhuduthamaga,Limpopo,3917
580154,Kuvukeni,Nongoma,KwaZulu-Natal,2148
291060,Kuxhaka,Port St Johns,Eastern Cape,668
504020,Kuzameni,UMuziwabantu,KwaZulu-Natal,247
283043,Kuzani A,Emalahleni,Eastern Cape,672
283060,Kuzani B,Emalahleni,Eastern Cape,78
273024,Kuze,Amahlathi,Eastern Cape,73
504004,Kuze,UMuziwabantu,KwaZulu-Natal,472
542086,Kwa Gugu,Nkandla,KwaZulu-Natal,1058
297294,Kwa Madiba,Mbizana,Eastern Cape,92
282330,Kwa Ntshintshi,Intsika Yethu,Eastern Cape,178
595003,Kwa Sani NU,Kwa Sani,KwaZulu-Natal,4733
565031,Kwa Thunzi,Impendle,KwaZulu-Natal,227
283151,Kwa-Blangwe,Emalahleni,Eastern Cape,208
283053,Kwa-Dukatole,Emalahleni,Eastern Cape,713
282215,Kwa-Fourty,Intsika Yethu,Eastern Cape,362
283113,Kwa-Gova,Emalahleni,Eastern Cape,303
283200,Kwa-Hala,Emalahleni,Eastern Cape,154
283057,Kwa-Hala A,Emalahleni,Eastern Cape,646
283120,Kwa-Hala B,Emalahleni,Eastern Cape,220
589105,Kwa-Jazi,uMlalazi,KwaZulu-Natal,2903
183007,Kwa-Mandlenkosi,Beaufort West,Western Cape,5249
283081,Kwa-Mbhali,Emalahleni,Eastern Cape,342
589077,Kwa-Mfana,uMlalazi,KwaZulu-Natal,1626
589044,Kwa-Mpofu,uMlalazi,KwaZulu-Natal,707
283117,Kwa-Ntaka,Emalahleni,Eastern Cape,396
283119,Kwa-Nzolo,Emalahleni,Eastern Cape,384
283135,Kwa-Percy,Emalahleni,Eastern Cape,863
283082,Kwa-Raqo,Emalahleni,Eastern Cape,650
560006,Kwa-Rwayi,Vulamehlo,KwaZulu-Natal,774
282292,Kwa-Shweme,Intsika Yethu,Eastern Cape,233
797023,Kwa-Thema,Ekurhuleni,Gauteng,103727
283185,Kwa-Tshatshu,Emalahleni,Eastern Cape,267
283080,Kwa-Xusha,Emalahleni,Eastern Cape,554
260152,KwaAltile,Buffalo City,Eastern Cape,313
270267,KwaBango,Mbhashe,Eastern Cape,544
270278,KwaBanqo,Mbhashe,Eastern Cape,242
270316,KwaBawu,Mbhashe,Eastern Cape,648
542053,KwaBedala,Nkandla,KwaZulu-Natal,791
260024,KwaBelekile,Buffalo City,Eastern Cape,367
273018,KwaBengu,Amahlathi,Eastern Cape,313
270490,KwaBhala,Mbhashe,Eastern Cape,285
298055,KwaBhala,Ntabankulu,Eastern Cape,432
290232,KwaBhala A,Ngquza Hill,Eastern Cape,2375
290148,KwaBhala B,Ngquza Hill,Eastern Cape,727
290032,KwaBhala C,Ngquza Hill,Eastern Cape,129
597062,KwaBhidla,Ubuhlebezwe,KwaZulu-Natal,3251
580166,KwaBhidli,Nongoma,KwaZulu-Natal,74
260091,KwaBhonke,Buffalo City,Eastern Cape,1174
504028,KwaBhubesi,UMuziwabantu,KwaZulu-Natal,1709
284421,KwaBinase,Engcobo,Eastern Cape,462
294236,KwaBitya,King Sabata Dalindyebo,Eastern Cape,755
284286,KwaBlaai,Engcobo,Eastern Cape,775
284105,KwaBlangwe,Engcobo,Eastern Cape,127
290117,KwaBodweni,Ngquza Hill,Eastern Cape,2160
272024,KwaBola,Great Kei,Eastern Cape,237
503043,KwaBombo,Umzumbe,KwaZulu-Natal,2258
270358,KwaBomela,Mbhashe,Eastern Cape,508
273050,KwaBomvana,Amahlathi,Eastern Cape,253
292288,KwaBomvana,Nyandeni,Eastern Cape,245
270066,KwaBomvane,Mbhashe,Eastern Cape,311
294367,KwaBomvane,King Sabata Dalindyebo,Eastern Cape,78
271293,KwaBongoza,Mnquma,Eastern Cape,470
583031,KwaBoniswayo,Jozini,KwaZulu-Natal,186
295231,KwaBubesi,Matatiele,Eastern Cape,693
292044,KwaBungu,Nyandeni,Eastern Cape,1168
290231,KwaBushula,Ngquza Hill,Eastern Cape,1939
260025,KwaBuso,Buffalo City,Eastern Cape,771
270552,KwaCamemnango,Mbhashe,Eastern Cape,200
598126,KwaCebe,Umzimkhulu,KwaZulu-Natal,760
568006,KwaCebelele,Richmond,KwaZulu-Natal,4747
284114,KwaCekwe,Engcobo,Eastern Cape,275
599089,KwaCele,eThekwini,KwaZulu-Natal,2543
271519,KwaCengani,Mnquma,Eastern Cape,53
542004,KwaChwezi,Nkandla,KwaZulu-Natal,2158
291024,KwaCibadi,Port St Johns,Eastern Cape,206
290094,KwaCoka,Ngquza Hill,Eastern Cape,1365
599113,KwaDabeka,eThekwini,KwaZulu-Natal,54953
284416,KwaDabula,Engcobo,Eastern Cape,173
271148,KwaDadiyane,Mnquma,Eastern Cape,219
293082,KwaDam,Mhlontlo,Eastern Cape,356
295258,KwaDane,Matatiele,Eastern Cape,977
582021,KwaDapha,Umhlabuyalingana,KwaZulu-Natal,242
292243,KwaDarana,Nyandeni,Eastern Cape,1233
580177,KwaDayeni,Nongoma,KwaZulu-Natal,1629
271400,KwaDayi,Mnquma,Eastern Cape,452
593010,KwaDeda,Ndwedwe,KwaZulu-Natal,144
861007,KwaDela,Msukaligwa,Mpumalanga,3781
290274,KwaDick,Ngquza Hill,Eastern Cape,1405
260046,KwaDikidikana,Buffalo City,Eastern Cape,930
583032,KwaDinabanye,Jozini,KwaZulu-Natal,699
270493,KwaDingata,Mbhashe,Eastern Cape,304
276069,KwaDish,Nkonkobe,Eastern Cape,93
580091,KwaDlabe,Nongoma,KwaZulu-Natal,686
580001,KwaDlakuse,Nongoma,KwaZulu-Natal,921
599128,KwaDlembe,eThekwini,KwaZulu-Natal,1632
271494,KwaDlephu,Mnquma,Eastern Cape,141
282057,KwaDlomo,Intsika Yethu,Eastern Cape,216
284389,KwaDlomo,Engcobo,Eastern Cape,77
294060,KwaDlomo,King Sabata Dalindyebo,Eastern Cape,1063
284263,KwaDlomo A,Engcobo,Eastern Cape,270
284349,KwaDlomo B,Engcobo,Eastern Cape,237
284390,KwaDlomo C,Engcobo,Eastern Cape,213
274020,KwaDlova,Ngqushwa,Eastern Cape,394
590033,KwaDloziyana,Mthonjaneni,KwaZulu-Natal,335
598079,KwaDluni,Umzimkhulu,KwaZulu-Natal,338
560019,KwaDonsa,Vulamehlo,KwaZulu-Natal,511
292313,KwaDontsa,Nyandeni,Eastern Cape,485
272010,KwaDubulekwele,Great Kei,Eastern Cape,411
282119,KwaDudumashe,Intsika Yethu,Eastern Cape,150
282333,KwaDukatole,Intsika Yethu,Eastern Cape,116
294343,KwaDukatole,King Sabata Dalindyebo,Eastern Cape,732
592002,KwaDukuza NU,KwaDukuza,KwaZulu-Natal,13330
598050,KwaDulathi,Umzimkhulu,KwaZulu-Natal,1037
566009,KwaDulela,The Msunduzi,KwaZulu-Natal,1766
560033,KwaDumisa,Vulamehlo,KwaZulu-Natal,1115
567029,KwaDwengu,Mkhambathini,KwaZulu-Natal,620
503068,KwaDweshula,Umzumbe,KwaZulu-Natal,635
294092,KwaEntaba,King Sabata Dalindyebo,Eastern Cape,825
560012,KwaFakazi,Vulamehlo,KwaZulu-Natal,1945
284112,KwaFane A,Engcobo,Eastern Cape,633
284152,KwaFane B,Engcobo,Eastern Cape,521
282286,KwaFanti,Intsika Yethu,Eastern Cape,1072
271374,KwaFestile,Mnquma,Eastern Cape,329
271443,KwaFihlani,Mnquma,Eastern Cape,853
270628,KwaFolokwe,Mbhashe,Eastern Cape,276
270374,KwaFundakubi,Mbhashe,Eastern Cape,192
271237,KwaGaba,Mnquma,Eastern Cape,309
294096,KwaGabu,King Sabata Dalindyebo,Eastern Cape,468
565024,KwaGade,Impendle,KwaZulu-Natal,720
282311,KwaGajaza,Intsika Yethu,Eastern Cape,78
588030,KwaGama,Ntambanana,KwaZulu-Natal,878
284378,KwaGandu,Engcobo,Eastern Cape,134
271447,KwaGaqa,Mnquma,Eastern Cape,523
580061,KwaGasela,Nongoma,KwaZulu-Natal,605
294007,KwaGcaleka,King Sabata Dalindyebo,Eastern Cape,1374
282103,KwaGcina,Intsika Yethu,Eastern Cape,573
284211,KwaGcina,Engcobo,Eastern Cape,266
285093,KwaGcina,Sakhisizwe,Eastern Cape,567
282072,KwaGcina A,Intsika Yethu,Eastern Cape,329
283147,KwaGcina A,Emalahleni,Eastern Cape,168
283052,KwaGcina B,Emalahleni,Eastern Cape,317
283192,KwaGcine,Emalahleni,Eastern Cape,231
587002,KwaGcoba,Mfolozi,KwaZulu-Natal,2252
580169,KwaGcobamadolo,Nongoma,KwaZulu-Natal,343
290208,KwaGcuda,Ngquza Hill,Eastern Cape,1533
286116,KwaGcwabe,Elundini,Eastern Cape,263
546025,KwaGcwensa,Maphumulo,KwaZulu-Natal,150
578030,KwaGedlase,eDumbe,KwaZulu-Natal,966
583061,KwaGedle,Jozini,KwaZulu-Natal,2534
582019,KwaGeorge,Umhlabuyalingana,KwaZulu-Natal,3630
271538,KwaGeza,Mnquma,Eastern Cape,92
271136,KwaGisi,Mnquma,Eastern Cape,327
270242,KwaGobene,Mbhashe,Eastern Cape,188
581009,KwaGodlankomo,Ulundi,KwaZulu-Natal,0
270619,KwaGoqo A,Mbhashe,Eastern Cape,433
270633,KwaGoqo B,Mbhashe,Eastern Cape,172
273092,KwaGubevu,Amahlathi,Eastern Cape,1304
282278,KwaGubevu,Intsika Yethu,Eastern Cape,407
580005,KwaGudlintaba,Nongoma,KwaZulu-Natal,302
285021,KwaGugwini,Sakhisizwe,Eastern Cape,291
585007,KwaGula,Hlabisa,KwaZulu-Natal,1191
868003,KwaGuqa,Emalahleni,Mpumalanga,130920
274113,KwaGwalani,Ngqushwa,Eastern Cape,349
270650,KwaHadi,Mbhashe,Eastern Cape,270
294412,KwaHaji,King Sabata Dalindyebo,Eastern Cape,326
282011,KwaHala,Intsika Yethu,Eastern Cape,300
284391,KwaHala,Engcobo,Eastern Cape,941
270432,KwaHayi,Mbhashe,Eastern Cape,302
585023,KwaHlabisa,Hlabisa,KwaZulu-Natal,1574
562029,KwaHlwemini,uMshwathi,KwaZulu-Natal,4349
580096,KwaHolinyoka,Nongoma,KwaZulu-Natal,6277
274092,KwaHoyi,Ngqushwa,Eastern Cape,260
270010,KwaJadezweni,Mbhashe,Eastern Cape,134
271107,KwaJama,Mnquma,Eastern Cape,322
292302,KwaJange,Nyandeni,Eastern Cape,435
282303,KwaJara,Intsika Yethu,Eastern Cape,133
273005,KwaJimi,Amahlathi,Eastern Cape,311
583087,KwaJobe,Jozini,KwaZulu-Natal,7450
272031,KwaJongilanga,Great Kei,Eastern Cape,241
286230,KwaJosefu,Elundini,Eastern Cape,294
286143,KwaJozana,Elundini,Eastern Cape,113
274015,KwaJubisa,Ngqushwa,Eastern Cape,868
271329,KwaJuliwe,Mnquma,Eastern Cape,253
297018,KwaK,Mbizana,Eastern Cape,212
271417,KwaKabakazi,Mnquma,Eastern Cape,632
260154,KwaKalkeni,Buffalo City,Eastern Cape,129
271489,KwaKantolo,Mnquma,Eastern Cape,922
284398,KwaKasura,Engcobo,Eastern Cape,624
580125,KwaKati,Nongoma,KwaZulu-Natal,804
276018,KwaKayaletu,Nkonkobe,Eastern Cape,1060
295274,KwaKeswa,Matatiele,Eastern Cape,204
270245,KwaKhawula A,Mbhashe,Eastern Cape,318
270345,KwaKhawula B,Mbhashe,Eastern Cape,286
294125,KwaKhonongwane,King Sabata Dalindyebo,Eastern Cape,248
271336,KwaKhumalo,Mnquma,Eastern Cape,321
271226,KwaKhwatsha,Mnquma,Eastern Cape,249
546019,KwaKing,Maphumulo,KwaZulu-Natal,519
260097,KwaKlifu,Buffalo City,Eastern Cape,748
271068,KwaKotana,Mnquma,Eastern Cape,566
276172,KwaKulile,Nkonkobe,Eastern Cape,140
504024,KwaKuseni,UMuziwabantu,KwaZulu-Natal,1114
982089,KwaKwalata,Mogalakwena,Limpopo,1761
271073,KwaKwayimani,Mnquma,Eastern Cape,194
282254,KwaKwebulana,Intsika Yethu,Eastern Cape,490
599124,KwaLandeza,eThekwini,KwaZulu-Natal,1947
284262,KwaLandu,Engcobo,Eastern Cape,472
284158,KwaLanga,Engcobo,Eastern Cape,435
273020,KwaLantolo,Amahlathi,Eastern Cape,170
560024,KwaLembe,Vulamehlo,KwaZulu-Natal,757
580092,KwaLindizwe,Nongoma,KwaZulu-Natal,2302
260074,KwaLini,Buffalo City,Eastern Cape,1696
581021,KwaLiphondo,Ulundi,KwaZulu-Natal,130
583063,KwaLiweni,Jozini,KwaZulu-Natal,1408
598230,KwaLori,Umzimkhulu,KwaZulu-Natal,1465
271240,KwaLubobo,Mnquma,Eastern Cape,236
292048,KwaLukuni,Nyandeni,Eastern Cape,753
295163,KwaLunda,Matatiele,Eastern Cape,1673
295206,KwaLupindo,Matatiele,Eastern Cape,560
270104,KwaLuvundu,Mbhashe,Eastern Cape,387
282325,KwaLuxomo,Intsika Yethu,Eastern Cape,474
529021,KwaMabona,Abaqulusi,KwaZulu-Natal,1698
583009,KwaMabona,Jozini,KwaZulu-Natal,259
271469,KwaMaciba,Mnquma,Eastern Cape,594
270151,KwaMadi,Mbhashe,Eastern Cape,211
293199,KwaMadiba,Mhlontlo,Eastern Cape,452
282185,KwaMadikana,Intsika Yethu,Eastern Cape,912
506008,KwaMadlala,Hibiscus Coast,KwaZulu-Natal,910
274034,KwaMadliki,Ngqushwa,Eastern Cape,679
273033,KwaMadolo,Amahlathi,Eastern Cape,245
593065,KwaMadonsula,Ndwedwe,KwaZulu-Natal,56
580064,KwaMaduma,Nongoma,KwaZulu-Natal,461
292296,KwaMadwatyana,Nyandeni,Eastern Cape,354
295164,KwaMagadla,Matatiele,Eastern Cape,1140
597004,KwaMagidigidi,Ubuhlebezwe,KwaZulu-Natal,1849
568009,KwaMagoda,Richmond,KwaZulu-Natal,3850
271287,KwaMagodla,Mnquma,Eastern Cape,354
271350,KwaMagogo,Mnquma,Eastern Cape,233
274071,KwaMagosha,Ngqushwa,Eastern Cape,96
503027,KwaMagugu,Umzumbe,KwaZulu-Natal,676
590016,KwaMagwaza,Mthonjaneni,KwaZulu-Natal,2029
580174,KwaMahezu,Nongoma,KwaZulu-Natal,787
580156,KwaMahlombe,Nongoma,KwaZulu-Natal,1162
582006,KwaMahlungula,Umhlabuyalingana,KwaZulu-Natal,889
272012,KwaMahomba,Great Kei,Eastern Cape,703
580054,KwaMajomela,Nongoma,KwaZulu-Natal,5855
294102,KwaMakawula,King Sabata Dalindyebo,Eastern Cape,1254
282322,KwaMakaya,Intsika Yethu,Eastern Cape,222
598055,KwaMakhanya,Umzimkhulu,KwaZulu-Natal,493
580196,KwaMakhehla,Nongoma,KwaZulu-Natal,469
583074,KwaMakhonyeni,Jozini,KwaZulu-Natal,5383
282098,KwaMalindi,Intsika Yethu,Eastern Cape,297
260051,KwaMamata,Buffalo City,Eastern Cape,887
580171,KwaMandlakazi,Nongoma,KwaZulu-Natal,655
270566,KwaMandluma,Mbhashe,Eastern Cape,313
876046,KwaMandulu,Nkomazi,Mpumalanga,8688
273111,KwaMangati,Amahlathi,Eastern Cape,1260
294362,KwaMangqobe,King Sabata Dalindyebo,Eastern Cape,286
583053,KwaMangqwashu,Jozini,KwaZulu-Natal,1310
270246,KwaMangweni,Mbhashe,Eastern Cape,665
271060,KwaMankihlana,Mnquma,Eastern Cape,136
271407,KwaMantetyana,Mnquma,Eastern Cape,270
529005,KwaManyinyi,Abaqulusi,KwaZulu-Natal,657
282273,KwaManzi,Intsika Yethu,Eastern Cape,638
295001,KwaManzi,Matatiele,Eastern Cape,233
281051,KwaManzikrakra,Lukanji,Eastern Cape,125
580134,KwaManzimakhulu,Nongoma,KwaZulu-Natal,623
284316,KwaMaqanda,Engcobo,Eastern Cape,512
503001,KwaMaqikizane,Umzumbe,KwaZulu-Natal,1272
294209,KwaMaradebe,King Sabata Dalindyebo,Eastern Cape,522
271144,KwaMasele,Mnquma,Eastern Cape,589
274005,KwaMasele,Ngqushwa,Eastern Cape,1052
270295,KwaMasentse,Mbhashe,Eastern Cape,181
599055,KwaMashu,eThekwini,KwaZulu-Natal,175663
260045,KwaMasingata,Buffalo City,Eastern Cape,1204
292247,KwaMatati,Nyandeni,Eastern Cape,397
580141,KwaMateni,Nongoma,KwaZulu-Natal,509
270168,KwaMathanzima,Mbhashe,Eastern Cape,605
292261,KwaMathayi,Nyandeni,Eastern Cape,458
576072,KwaMathonsi,Msinga,KwaZulu-Natal,2168
295019,KwaMatias,Matatiele,Eastern Cape,1278
292327,KwaMatumbu,Nyandeni,Eastern Cape,373
588006,KwaMawanda,Ntambanana,KwaZulu-Natal,827
271543,KwaMaxhama,Mnquma,Eastern Cape,805
274135,KwaMaxwayana,Ngqushwa,Eastern Cape,97
282134,KwaMaya,Intsika Yethu,Eastern Cape,990
284272,KwaMaya,Engcobo,Eastern Cape,601
582005,KwaMazambane,Umhlabuyalingana,KwaZulu-Natal,3084
271562,KwaMazinyo,Mnquma,Eastern Cape,79
590037,KwaMazulu,Mthonjaneni,KwaZulu-Natal,150
284410,KwaMazwayi,Engcobo,Eastern Cape,198
581114,KwaMbambo A,Ulundi,KwaZulu-Natal,395
581125,KwaMbambo B,Ulundi,KwaZulu-Natal,1139
294001,KwaMbango,King Sabata Dalindyebo,Eastern Cape,678
284329,KwaMbekeni,Engcobo,Eastern Cape,491
290243,KwaMbhayi,Ngquza Hill,Eastern Cape,1231
599133,KwaMbiza,eThekwini,KwaZulu-Natal,2377
295099,KwaMbobo,Matatiele,Eastern Cape,1489
582038,KwaMbokodo,Umhlabuyalingana,KwaZulu-Natal,1406
282162,KwaMbombela,Intsika Yethu,Eastern Cape,440
295028,KwaMbombo,Matatiele,Eastern Cape,94
504034,KwaMbona,UMuziwabantu,KwaZulu-Natal,1121
504017,KwaMboto,UMuziwabantu,KwaZulu-Natal,344
294120,KwaMbozwana,King Sabata Dalindyebo,Eastern Cape,503
575001,KwaMbunda A,Nqutu,KwaZulu-Natal,2445
580028,KwaMbuzi,Nongoma,KwaZulu-Natal,1997
583040,KwaMbuzi,Jozini,KwaZulu-Natal,4331
292223,KwaMcapati,Nyandeni,Eastern Cape,407
271501,KwaMdange,Mnquma,Eastern Cape,478
260041,KwaMdingi,Buffalo City,Eastern Cape,648
276107,KwaMemela,Nkonkobe,Eastern Cape,339
580031,KwaMememe,Nongoma,KwaZulu-Natal,1521
563010,KwaMevana,uMngeni,KwaZulu-Natal,5102
575134,KwaMfeka A,Nqutu,KwaZulu-Natal,766
270527,KwaMfincane,Mbhashe,Eastern Cape,199
285022,KwaMgcodo 1,Sakhisizwe,Eastern Cape,92
285018,KwaMgcodo 2,Sakhisizwe,Eastern Cape,461
290284,KwaMgezwa,Ngquza Hill,Eastern Cape,1698
270512,KwaMgojo,Mbhashe,Eastern Cape,888
284059,KwaMgqondo,Engcobo,Eastern Cape,219
295201,KwaMgubo,Matatiele,Eastern Cape,512
566013,KwaMgwagwa,The Msunduzi,KwaZulu-Natal,2135
282337,KwaMgwenyane,Intsika Yethu,Eastern Cape,152
284302,KwaMhaga,Engcobo,Eastern Cape,275
294147,KwaMhaqa A,King Sabata Dalindyebo,Eastern Cape,562
294090,KwaMhaqa B,King Sabata Dalindyebo,Eastern Cape,893
871018,KwaMhlanga,Thembisile,Mpumalanga,7123
871016,KwaMhlanga Crossroads,Thembisile,Mpumalanga,18604
270169,KwaMhlati,Mbhashe,Eastern Cape,133
292230,KwaMhlongwana,Nyandeni,Eastern Cape,579
284201,KwaMhlontlo,Engcobo,Eastern Cape,262
270430,KwaMhlote,Mbhashe,Eastern Cape,195
282175,KwaMhluzi,Intsika Yethu,Eastern Cape,548
284411,KwaMiya,Engcobo,Eastern Cape,498
294089,KwaMiya A,King Sabata Dalindyebo,Eastern Cape,784
294277,KwaMiya B,King Sabata Dalindyebo,Eastern Cape,674
271048,KwaMjayezi,Mnquma,Eastern Cape,252
582060,KwaMjiji,Umhlabuyalingana,KwaZulu-Natal,428
271544,KwaMjo,Mnquma,Eastern Cape,678
585015,KwaMkenkethe,Hlabisa,KwaZulu-Natal,1437
271183,KwaMkhiva,Mnquma,Eastern Cape,122
573038,KwaMkhize,Imbabazane,KwaZulu-Natal,2670
271463,KwaMkhulu,Mnquma,Eastern Cape,281
292317,KwaMkwamde,Nyandeni,Eastern Cape,348
260108,KwaMlakalaka,Buffalo City,Eastern Cape,1279
276072,KwaMlalandle,Nkonkobe,Eastern Cape,522
294095,KwaMlawu,King Sabata Dalindyebo,Eastern Cape,534
286013,KwaMleko,Elundini,Eastern Cape,320
297343,KwaMlindazwe,Mbizana,Eastern Cape,33
270127,KwaMlindeli,Mbhashe,Eastern Cape,422
271299,KwaMlisa,Mnquma,Eastern Cape,116
271083,KwaMlonyeni,Mnquma,Eastern Cape,682
282305,KwaMmangonkone,Intsika Yethu,Eastern Cape,389
566024,KwaMncane,The Msunduzi,KwaZulu-Natal,10229
580025,KwaMngamude,Nongoma,KwaZulu-Natal,1880
270629,KwaMngxabakazi,Mbhashe,Eastern Cape,120
270438,KwaMnunu,Mbhashe,Eastern Cape,301
594015,KwaMnyamana,Ingwe,KwaZulu-Natal,875
566028,KwaMnyandu,The Msunduzi,KwaZulu-Natal,884
529015,KwaMnyathi,Abaqulusi,KwaZulu-Natal,1075
562035,KwaMophumula,uMshwathi,KwaZulu-Natal,882
566027,KwaMpande,The Msunduzi,KwaZulu-Natal,6710
297296,KwaMpisi,Mbizana,Eastern Cape,144
282282,KwaMpotulo,Intsika Yethu,Eastern Cape,255
260055,KwaMpundu,Buffalo City,Eastern Cape,1544
271145,KwaMpundu,Mnquma,Eastern Cape,231
276034,KwaMpundu,Nkonkobe,Eastern Cape,335
276049,KwaMqayisa,Nkonkobe,Eastern Cape,221
580042,KwaMqhakanyeki,Nongoma,KwaZulu-Natal,686
284107,KwaMqokoqo,Engcobo,Eastern Cape,286
270080,KwaMrabi,Mbhashe,Eastern Cape,198
586032,KwaMsane,Mtubatuba,KwaZulu-Natal,21141
580050,KwaMshanelo,Nongoma,KwaZulu-Natal,1641
546044,KwaMshibe,Maphumulo,KwaZulu-Natal,673
505005,KwaMshiwa,Ezingoleni,KwaZulu-Natal,1221
295013,KwaMshudu,Matatiele,Eastern Cape,200
582007,KwaMshudu,Umhlabuyalingana,KwaZulu-Natal,2525
286202,KwaMsobomvu,Elundini,Eastern Cape,189
580113,KwaMsushwana,Nongoma,KwaZulu-Natal,668
599166,KwaMtamtengayo,eThekwini,KwaZulu-Natal,1443
270618,KwaMtetha,Mbhashe,Eastern Cape,227
586005,KwaMthole,Mtubatuba,KwaZulu-Natal,1926
580052,KwaMthwathube,Nongoma,KwaZulu-Natal,568
566006,KwaMtoqotho,The Msunduzi,KwaZulu-Natal,6699
282116,KwaMtshabe,Intsika Yethu,Eastern Cape,177
287090,KwaMundu,Senqu,Eastern Cape,191
580186,KwaMusi,Nongoma,KwaZulu-Natal,1382
271389,KwaMvemve,Mnquma,Eastern Cape,206
274090,KwaMvemve,Ngqushwa,Eastern Cape,729
295141,KwaMvemve,Matatiele,Eastern Cape,615
270547,KwaMvulo,Mbhashe,Eastern Cape,244
273103,KwaMxhalanga,Amahlathi,Eastern Cape,1330
292151,KwaMxhosa,Nyandeni,Eastern Cape,704
282048,KwaMxonywa,Intsika Yethu,Eastern Cape,0
270412,KwaMyataze,Mbhashe,Eastern Cape,254
582011,KwaMzimba,Umhlabuyalingana,KwaZulu-Natal,2858
271347,KwaMzintsilana,Mnquma,Eastern Cape,214
282049,KwaMzola,Intsika Yethu,Eastern Cape,2408
260067,KwaMzonkeshe,Buffalo City,Eastern Cape,875
276055,KwaNacelwane,Nkonkobe,Eastern Cape,174
273007,KwaNcekemfu,Amahlathi,Eastern Cape,377
580037,KwaNcongoma,Nongoma,KwaZulu-Natal,534
274050,KwaNcwane,Ngqushwa,Eastern Cape,54
581075,KwaNcwane,Ulundi,KwaZulu-Natal,671
274104,KwaNdaba,Ngqushwa,Eastern Cape,332
276080,KwaNdaba,Nkonkobe,Eastern Cape,288
294255,KwaNdaba,King Sabata Dalindyebo,Eastern Cape,231
573033,KwaNdaba,Imbabazane,KwaZulu-Natal,1582
582031,KwaNdaba,Umhlabuyalingana,KwaZulu-Natal,3141
260009,KwaNdayi,Buffalo City,Eastern Cape,661
297221,KwaNdela,Mbizana,Eastern Cape,2249
270521,KwaNdenga,Mbhashe,Eastern Cape,816
290280,KwaNdengane,Ngquza Hill,Eastern Cape,328
297379,KwaNdengane,Mbizana,Eastern Cape,27
599139,KwaNdengezi,eThekwini,KwaZulu-Natal,53843
273025,KwaNdenxa,Amahlathi,Eastern Cape,180
282152,KwaNdibaniso,Intsika Yethu,Eastern Cape,433
284154,KwaNdima,Engcobo,Eastern Cape,763
294311,KwaNdinja,King Sabata Dalindyebo,Eastern Cape,918
270187,KwaNditya A,Mbhashe,Eastern Cape,120
270317,KwaNditya B,Mbhashe,Eastern Cape,460
270153,KwaNdiya,Mbhashe,Eastern Cape,373
270091,KwaNdlambe,Mbhashe,Eastern Cape,298
284399,KwaNdlangisa,Engcobo,Eastern Cape,151
276040,KwaNdlankomo,Nkonkobe,Eastern Cape,141
284131,KwaNdobe,Engcobo,Eastern Cape,199
582085,KwaNdongeni,Umhlabuyalingana,KwaZulu-Natal,1543
594010,KwaNdonyela,Ingwe,KwaZulu-Natal,341
271345,KwaNdotshanga,Mnquma,Eastern Cape,215
290323,KwaNdovelana,Ngquza Hill,Eastern Cape,2
260110,KwaNdubungela,Buffalo City,Eastern Cape,568
284434,KwaNdungwane,Engcobo,Eastern Cape,386
294064,KwaNdungwane,King Sabata Dalindyebo,Eastern Cape,960
274077,KwaNdwanyana,Ngqushwa,Eastern Cape,706
271366,KwaNgako,Mnquma,Eastern Cape,96
282123,KwaNgali,Intsika Yethu,Eastern Cape,453
270396,KwaNganda,Mbhashe,Eastern Cape,1137
260176,KwaNgcamama,Buffalo City,Eastern Cape,486
599064,KwaNgcolosi,eThekwini,KwaZulu-Natal,918
593012,KwaNgcongangconga,Ndwedwe,KwaZulu-Natal,1168
270510,KwaNgculu,Mbhashe,Eastern Cape,529
862006,KwaNgema,Mkhondo,Mpumalanga,1006
529011,KwaNgenetsheni,Abaqulusi,KwaZulu-Natal,7741
270201,KwaNgezana,Mbhashe,Eastern Cape,257
276076,KwaNgobe,Nkonkobe,Eastern Cape,662
276031,KwaNgodloza,Nkonkobe,Eastern Cape,169
292021,KwaNgolo,Nyandeni,Eastern Cape,476
271169,KwaNgunikazi,Mnquma,Eastern Cape,120
297308,KwaNgutyana A,Mbizana,Eastern Cape,0
297222,KwaNgutyana C,Mbizana,Eastern Cape,658
271051,KwaNgwanya,Mnquma,Eastern Cape,137
271090,KwaNgwazi,Mnquma,Eastern Cape,380
276067,KwaNgwevu,Nkonkobe,Eastern Cape,332
284279,KwaNgxabane,Engcobo,Eastern Cape,100
293055,KwaNgxabane,Mhlontlo,Eastern Cape,329
297389,KwaNikhwe,Mbizana,Eastern Cape,239
270320,KwaNjamatafa,Mbhashe,Eastern Cape,111
270608,KwaNjana,Mbhashe,Eastern Cape,62
290033,KwaNjiyela,Ngquza Hill,Eastern Cape,18
580039,KwaNjoko,Nongoma,KwaZulu-Natal,2542
575104,KwaNjoko A,Nqutu,KwaZulu-Natal,245
575101,KwaNjoko B,Nqutu,KwaZulu-Natal,492
271395,KwaNjokwana,Mnquma,Eastern Cape,64
503029,KwaNjongoma,Umzumbe,KwaZulu-Natal,273
295092,KwaNkau,Matatiele,Eastern Cape,1160
580163,KwaNkawu,Nongoma,KwaZulu-Natal,597
281021,KwaNkcwa,Lukanji,Eastern Cape,1219
293176,KwaNkese,Mhlontlo,Eastern Cape,508
271108,KwaNkohla,Mnquma,Eastern Cape,372
260042,KwaNkola,Buffalo City,Eastern Cape,398
571044,KwaNkosana,Okhahlamba,KwaZulu-Natal,813
271025,KwaNkqayi,Mnquma,Eastern Cape,510
568011,KwaNkukhu,Richmond,KwaZulu-Natal,2904
580173,KwaNkulu,Nongoma,KwaZulu-Natal,763
270152,KwaNkumba,Mbhashe,Eastern Cape,351
276061,KwaNobanda,Nkonkobe,Eastern Cape,142
299009,KwaNobuhle,Nelson Mandela Bay,Eastern Cape,107474
271416,KwaNobuswana,Mnquma,Eastern Cape,1189
271259,KwaNofodosi,Mnquma,Eastern Cape,253
286205,KwaNogemani,Elundini,Eastern Cape,201
262004,KwaNojoli,Blue Crane Route,Eastern Cape,5206
270428,KwaNokatana,Mbhashe,Eastern Cape,372
272033,KwaNokhala,Great Kei,Eastern Cape,553
597048,KwaNokweja,Ubuhlebezwe,KwaZulu-Natal,2457
276026,KwaNomadolo,Nkonkobe,Eastern Cape,248
594053,KwaNomandlovu,Ingwe,KwaZulu-Natal,1065
594034,KwaNombulula,Ingwe,KwaZulu-Natal,227
566050,KwaNomo,The Msunduzi,KwaZulu-Natal,2250
268008,KwaNomzamo,Kouga,Eastern Cape,8867
260077,KwaNoncampa,Buffalo City,Eastern Cape,1552
598183,KwaNongidi,Umzimkhulu,KwaZulu-Natal,530
282055,KwaNongqongqwana,Intsika Yethu,Eastern Cape,997
270382,KwaNongxeke,Mbhashe,Eastern Cape,262
506035,KwaNonhlanga,Hibiscus Coast,KwaZulu-Natal,834
583027,KwaNonjinjikazi,Jozini,KwaZulu-Natal,1927
265009,KwaNonkqubela,Ndlambe,Eastern Cape,6710
176013,KwaNonqaba,Mossel Bay,Western Cape,27561
564001,KwaNontshilwane,Mpofana,KwaZulu-Natal,1961
271552,KwaNontshinga A,Mnquma,Eastern Cape,828
271342,KwaNontshinga B,Mnquma,Eastern Cape,342
264006,KwaNonzwakazi,Makana,Eastern Cape,1940
276021,KwaNotenga,Nkonkobe,Eastern Cape,145
270126,KwaNotyekeza,Mbhashe,Eastern Cape,477
582039,KwaNovunya,Umhlabuyalingana,KwaZulu-Natal,137
270020,KwaNoxabani,Mbhashe,Eastern Cape,217
273113,KwaNoxolo,Amahlathi,Eastern Cape,458
599078,KwaNqetho,eThekwini,KwaZulu-Natal,3977
282199,KwaNqinwayo,Intsika Yethu,Eastern Cape,226
284235,KwaNqinwayo,Engcobo,Eastern Cape,611
580158,KwaNsele,Nongoma,KwaZulu-Natal,1683
582059,KwaNsukumbili,Umhlabuyalingana,KwaZulu-Natal,1264
576078,KwaNtabadini,Msinga,KwaZulu-Natal,870
294410,KwaNtabezulu,King Sabata Dalindyebo,Eastern Cape,349
284166,KwaNtaka,Engcobo,Eastern Cape,349
270524,KwaNtakamnyame,Mbhashe,Eastern Cape,255
271088,KwaNtibane,Mnquma,Eastern Cape,559
276074,KwaNtola,Nkonkobe,Eastern Cape,724
284232,KwaNtondo,Engcobo,Eastern Cape,530
576037,KwaNtonga,Msinga,KwaZulu-Natal,1442
287029,KwaNtoyi,Senqu,Eastern Cape,387
282328,KwaNtsele,Intsika Yethu,Eastern Cape,325
292045,KwaNtshele,Nyandeni,Eastern Cape,652
294300,KwaNtshoma,King Sabata Dalindyebo,Eastern Cape,240
260028,KwaNtsipho,Buffalo City,Eastern Cape,5
669002,KwaNtsweng,Ramotshere Moiloa,North West,671
546072,KwaNtuli A,Maphumulo,KwaZulu-Natal,418
546070,KwaNtuli B,Maphumulo,KwaZulu-Natal,312
503022,KwaNtumeni,Umzumbe,KwaZulu-Natal,1017
270184,KwaNtxentse,Mbhashe,Eastern Cape,380
271309,KwaNumanto,Mnquma,Eastern Cape,346
294153,KwaNxura,King Sabata Dalindyebo,Eastern Cape,214
582056,KwaNyamazane,Umhlabuyalingana,KwaZulu-Natal,600
297140,KwaNyana,Mbizana,Eastern Cape,198
260027,KwaNyande,Buffalo City,Eastern Cape,341
575096,KwaNyezi,Nqutu,KwaZulu-Natal,348
282308,KwaNyoka,Intsika Yethu,Eastern Cape,538
575099,KwaNyoni,Nqutu,KwaZulu-Natal,1037
282300,KwaNyumane,Intsika Yethu,Eastern Cape,317
290294,KwaNyuswa,Ngquza Hill,Eastern Cape,1352
505004,KwaNyuswa,Ezingoleni,KwaZulu-Natal,815
593018,KwaNyuswa,Ndwedwe,KwaZulu-Natal,3211
599071,KwaNyuswa,eThekwini,KwaZulu-Natal,3890
506060,KwaNzimakwe,Hibiscus Coast,KwaZulu-Natal,6218
284167,KwaNzolo A,Engcobo,Eastern Cape,341
284117,KwaNzolo B,Engcobo,Eastern Cape,309
294216,KwaPahla,King Sabata Dalindyebo,Eastern Cape,613
292283,KwaPalo,Nyandeni,Eastern Cape,222
580190,KwaPangode,Nongoma,KwaZulu-Natal,159
274031,KwaPelisile,Ngqushwa,Eastern Cape,286
546088,KwaPetezi,Maphumulo,KwaZulu-Natal,644
270269,KwaPewula,Mbhashe,Eastern Cape,189
271431,KwaPhalo,Mnquma,Eastern Cape,48
274081,KwaPikoli,Ngqushwa,Eastern Cape,315
598187,KwaPile,Umzimkhulu,KwaZulu-Natal,226
294268,KwaPingilili,King Sabata Dalindyebo,Eastern Cape,297
595004,KwaPitela,Kwa Sani,KwaZulu-Natal,443
286193,KwaQala,Elundini,Eastern Cape,281
295253,KwaQili,Matatiele,Eastern Cape,159
284301,KwaQithi,Engcobo,Eastern Cape,463
260118,KwaQongqotha,Buffalo City,Eastern Cape,1425
585030,KwaQonsa,Hlabisa,KwaZulu-Natal,584
560008,KwaQumbu,Vulamehlo,KwaZulu-Natal,205
585018,KwaQunwane,Hlabisa,KwaZulu-Natal,1775
286099,KwaQutsuma,Elundini,Eastern Cape,114
271387,KwaRadebe,Mnquma,Eastern Cape,126
287125,KwaRadebe,Senqu,Eastern Cape,153
294222,KwaRamcwana,King Sabata Dalindyebo,Eastern Cape,408
290184,KwaRamzi,Ngquza Hill,Eastern Cape,250
271352,KwaRarase,Mnquma,Eastern Cape,158
270463,KwaRasi,Mbhashe,Eastern Cape,197
260072,KwaRayi,Buffalo City,Eastern Cape,1144
293178,KwaRhombe,Mhlontlo,Eastern Cape,128
287112,KwaRob,Senqu,Eastern Cape,149
270197,KwaRonose,Mbhashe,Eastern Cape,594
294139,KwaSaba,King Sabata Dalindyebo,Eastern Cape,382
594002,KwaSambane,Ingwe,KwaZulu-Natal,342
594033,KwaSandanezwe,Ingwe,KwaZulu-Natal,2856
585029,KwaSeme,Hlabisa,KwaZulu-Natal,660
284142,KwaSese,Engcobo,Eastern Cape,151
271504,KwaSeyisi,Mnquma,Eastern Cape,316
271550,KwaSezela,Mnquma,Eastern Cape,288
566018,KwaShange,The Msunduzi,KwaZulu-Natal,4803
580182,KwaSheleza,Nongoma,KwaZulu-Natal,682
505021,KwaShoba,Ezingoleni,KwaZulu-Natal,1993
271031,KwaShosha,Mnquma,Eastern Cape,137
582063,KwaShukela,Umhlabuyalingana,KwaZulu-Natal,0
594072,KwaShusha,Ingwe,KwaZulu-Natal,809
274025,KwaShushu,Ngqushwa,Eastern Cape,456
270219,KwaSibonda,Mbhashe,Eastern Cape,189
284438,KwaSibonda,Engcobo,Eastern Cape,356
294329,KwaSidumo,King Sabata Dalindyebo,Eastern Cape,517
284365,KwaSigubudo,Engcobo,Eastern Cape,588
282280,KwaSijula,Intsika Yethu,Eastern Cape,298
293173,KwaSikhulu,Mhlontlo,Eastern Cape,55
295088,KwaSikulumi,Matatiele,Eastern Cape,499
579031,KwaSilevu,UPhongolo,KwaZulu-Natal,432
271067,KwaSimeliyana,Mnquma,Eastern Cape,311
876047,KwaSipunu,Nkomazi,Mpumalanga,2145
281084,KwaSisilane,Lukanji,Eastern Cape,160
284233,KwaSitelo,Engcobo,Eastern Cape,399
504049,KwaSitezi,UMuziwabantu,KwaZulu-Natal,3119
586012,KwaSithole,Mtubatuba,KwaZulu-Natal,2384
272022,KwaSithungu,Great Kei,Eastern Cape,226
276126,KwaSityi,Nkonkobe,Eastern Cape,657
573019,KwaSobabili,Imbabazane,KwaZulu-Natal,2958
270259,KwaSogula,Mbhashe,Eastern Cape,60
271122,KwaSokapase,Mnquma,Eastern Cape,54
562032,KwaSokesimbone,uMshwathi,KwaZulu-Natal,4356
290017,KwaSomkhetho,Ngquza Hill,Eastern Cape,274
292019,KwaSompa,Nyandeni,Eastern Cape,554
599074,KwaSondela,eThekwini,KwaZulu-Natal,7660
271509,KwaSonkana,Mnquma,Eastern Cape,365
582058,KwaSonto,Umhlabuyalingana,KwaZulu-Natal,1332
580094,KwaSoshamase,Nongoma,KwaZulu-Natal,1897
560005,KwaSunduzwayo,Vulamehlo,KwaZulu-Natal,835
290075,KwaTauka,Ngquza Hill,Eastern Cape,291
290063,KwaTawuka,Ngquza Hill,Eastern Cape,756
574006,KwaTelapi,Endumeni,KwaZulu-Natal,275
270631,KwaTenza A,Mbhashe,Eastern Cape,249
270229,KwaTenza B,Mbhashe,Eastern Cape,150
290211,KwaThahle,Ngquza Hill,Eastern Cape,2054
271485,KwaThala,Mnquma,Eastern Cape,206
862002,KwaThandeka,Mkhondo,Mpumalanga,7289
582001,KwaThelizolo,Umhlabuyalingana,KwaZulu-Natal,259
585022,KwaThembeka,Hlabisa,KwaZulu-Natal,746
270192,KwaThembu,Mbhashe,Eastern Cape,192
271533,KwaThinga,Mnquma,Eastern Cape,203
298065,KwaThsita,Ntabankulu,Eastern Cape,327
272035,KwaThuba,Great Kei,Eastern Cape,2278
274120,KwaThuba,Ngqushwa,Eastern Cape,353
581105,KwaThulwane,Ulundi,KwaZulu-Natal,1699
575106,KwaThusi,Nqutu,KwaZulu-Natal,313
260085,KwaTshatshu,Buffalo City,Eastern Cape,4719
282015,KwaTshatshu,Intsika Yethu,Eastern Cape,779
294091,KwaTshatshu,King Sabata Dalindyebo,Eastern Cape,843
284430,KwaTshatshu A,Engcobo,Eastern Cape,367
284242,KwaTshatshu B,Engcobo,Eastern Cape,421
270327,KwaTshezi,Mbhashe,Eastern Cape,558
271505,KwaTsotsi,Mnquma,Eastern Cape,626
270196,KwaTuwa,Mbhashe,Eastern Cape,351
273100,KwaTwenty,Amahlathi,Eastern Cape,61
276106,KwaTyutyuza,Nkonkobe,Eastern Cape,333
270591,KwaVelelo,Mbhashe,Eastern Cape,420
284281,KwaVetyu,Engcobo,Eastern Cape,392
271423,KwaVika,Mnquma,Eastern Cape,140
295043,KwaVikinduku,Matatiele,Eastern Cape,663
271563,KwaVuka,Mnquma,Eastern Cape,138
575081,KwaVuma,Nqutu,KwaZulu-Natal,388
271540,KwaVuso,Mnquma,Eastern Cape,289
276056,KwaWezo,Nkonkobe,Eastern Cape,236
270427,KwaXaso,Mbhashe,Eastern Cape,144
273015,KwaXelihagu,Amahlathi,Eastern Cape,215
282344,KwaXelihagu,Intsika Yethu,Eastern Cape,39
271424,KwaXhobane,Mnquma,Eastern Cape,338
284226,KwaXoxo,Engcobo,Eastern Cape,238
292310,KwaXutidwele,Nyandeni,Eastern Cape,975
270498,KwaYaphi,Mbhashe,Eastern Cape,199
284113,KwaYawa,Engcobo,Eastern Cape,106
562005,KwaYibusele,uMshwathi,KwaZulu-Natal,2955
580093,KwaYiphethe,Nongoma,KwaZulu-Natal,4202
582050,KwaZamaZama,Umhlabuyalingana,KwaZulu-Natal,6006
869012,KwaZamokuhle,Steve Tshwete,Mpumalanga,20427
263002,KwaZamukucinga,Ikwezi,Eastern Cape,4478
271386,KwaZangwa,Mnquma,Eastern Cape,185
292098,KwaZele,Nyandeni,Eastern Cape,377
266007,KwaZenzele,Sundays River Valley,Eastern Cape,5352
577030,KwaZiba,Umvoti,KwaZulu-Natal,5235
582041,KwaZibi,Umhlabuyalingana,KwaZulu-Natal,1144
270640,KwaZibonda,Mbhashe,Eastern Cape,250
876028,KwaZibukwane,Nkomazi,Mpumalanga,5293
295162,KwaZicwalile,Matatiele,Eastern Cape,1569
270095,KwaZihlehleni,Mbhashe,Eastern Cape,186
271412,KwaZingxala,Mnquma,Eastern Cape,1492
292269,KwaZinja,Nyandeni,Eastern Cape,510
290102,KwaZitha,Ngquza Hill,Eastern Cape,593
271483,KwaZithombe,Mnquma,Eastern Cape,110
271332,KwaZizane,Mnquma,Eastern Cape,661
270064,KwaZulu,Mbhashe,Eastern Cape,179
290235,KwaZulu,Ngquza Hill,Eastern Cape,49
291056,KwaZulu,Port St Johns,Eastern Cape,910
292225,KwaZulu,Nyandeni,Eastern Cape,2218
298084,KwaZulu,Ntabankulu,Eastern Cape,1079
590007,KwaZululiyaduma,Mthonjaneni,KwaZulu-Natal,655
284159,KwaZwelinzima,Engcobo,Eastern Cape,451
270630,KwaZwelitsha,Mbhashe,Eastern Cape,178
588024,Kwabhadaza,Ntambanana,KwaZulu-Natal,384
284163,Kwabhinca,Engcobo,Eastern Cape,70
292141,Kwachum,Nyandeni,Eastern Cape,671
871006,Kwaggafontein,Thembisile,Mpumalanga,45104
291012,Kwagqweza,Port St Johns,Eastern Cape,162
588046,Kwahlaza,Ntambanana,KwaZulu-Natal,12
295165,Kwahlomendlwini,Matatiele,Eastern Cape,1273
291029,Kwajola,Port St Johns,Eastern Cape,1578
294376,Kwakakana,King Sabata Dalindyebo,Eastern Cape,758
292286,Kwakombe,Nyandeni,Eastern Cape,1611
477007,Kwakwatsi,Ngwathe,Free State,12667
293264,Kwam,Mhlontlo,Eastern Cape,606
282329,Kwamayi,Intsika Yethu,Eastern Cape,445
270616,Kwamdibaniso,Mbhashe,Eastern Cape,183
587013,Kwamendo,Mfolozi,KwaZulu-Natal,1197
571027,Kwamiya,Okhahlamba,KwaZulu-Natal,1326
291004,Kwamlaza,Port St Johns,Eastern Cape,1670
297303,Kwamundazwe,Mbizana,Eastern Cape,474
293103,Kwandaya,Mhlontlo,Eastern Cape,270
291011,Kwandayini,Port St Johns,Eastern Cape,775
270507,Kwanduna,Mbhashe,Eastern Cape,226
274075,Kwandwane,Ngqushwa,Eastern Cape,218
271560,Kwane,Mnquma,Eastern Cape,176
295190,Kwangwe,Matatiele,Eastern Cape,826
571052,Kwanokopela,Okhahlamba,KwaZulu-Natal,2094
179008,Kwanokuthula,Bitou,Western Cape,14016
599167,Kwantamnteng,eThekwini,KwaZulu-Natal,240
282181,Kwanyewe,Intsika Yethu,Eastern Cape,792
291005,Kwaphephu,Port St Johns,Eastern Cape,653
583075,Kwaqondile,Jozini,KwaZulu-Natal,1330
674028,Kwareyathlose,Kagisano/Molopo,North West,17
661001,Kwarriekraal,Madibeng,North West,1115
961002,Kwatane,Greater Letaba,Limpopo,800
282183,Kwathendeshe,Intsika Yethu,Eastern Cape,267
580045,Kwatweyisa,Nongoma,KwaZulu-Natal,736
370006,Kwazamuxolo,Umsobomvu,Northern Cape,3334
593046,Kwazini,Ndwedwe,KwaZulu-Natal,3539
542007,Kwazondi,Nkandla,KwaZulu-Natal,328
598207,KweLemtini,Umzimkhulu,KwaZulu-Natal,701
295172,KweQana,Matatiele,Eastern Cape,603
294240,KweSikhulu,King Sabata Dalindyebo,Eastern Cape,466
581118,KweYezulu C,Ulundi,KwaZulu-Natal,497
581085,KweZibomvu,Ulundi,KwaZulu-Natal,992
286021,Kwebung,Elundini,Eastern Cape,210
270053,Kweleda,Mbhashe,Eastern Cape,140
270117,Kweleni,Mbhashe,Eastern Cape,374
260090,Kwelera,Buffalo City,Eastern Cape,82
272032,Kwelera,Great Kei,Eastern Cape,630
260015,Kwelerana,Buffalo City,Eastern Cape,325
284346,Kwelesha,Engcobo,Eastern Cape,207
597017,Kweletsheni,Ubuhlebezwe,KwaZulu-Natal,2077
270452,Kwelomthombe Kwamganu,Mbhashe,Eastern Cape,66
272018,Kwenxura,Great Kei,Eastern Cape,181
282169,Kwenxuva,Intsika Yethu,Eastern Cape,92
260054,Kwetyana,Buffalo City,Eastern Cape,5863
581131,Kweyezulu A,Ulundi,KwaZulu-Natal,977
581120,Kweyezulu B,Ulundi,KwaZulu-Natal,613
276045,Kwezana A,Nkonkobe,Eastern Cape,298
276109,Kwezana B,Nkonkobe,Eastern Cape,452
279015,Kwezi,Tsolwana,Eastern Cape,766
287133,Kwezinaledi,Senqu,Eastern Cape,2581
270529,Kwilini,Mbhashe,Eastern Cape,396
291181,Kwilini,Port St Johns,Eastern Cape,378
167016,Kylemore,Stellenbosch,Western Cape,4328
167014,La Colline,Stellenbosch,Western Cape,1497
599016,La Mercy,eThekwini,KwaZulu-Natal,2779
974117,Laaste  Hoop,Polokwane,Limpopo,6670
974118,Laaste Hoop,Polokwane,Limpopo,532
293292,Labry,Mhlontlo,Eastern Cape,152
174001,Ladismith,Kannaland,Western Cape,3742
283130,Lady Frere,Emalahleni,Eastern Cape,2510
287132,Lady Grey,Senqu,Eastern Cape,1395
474005,Ladybrand,Mantsopa,Free State,4218
514018,Ladysmith,Emnambithi/Ladysmith,KwaZulu-Natal,64855
984075,Laersdrift,Elias Motsoaledi,Limpopo,2218
282050,Lahlamlenze,Intsika Yethu,Eastern Cape,304
282168,Lahlangubo,Intsika Yethu,Eastern Cape,615
181002,Laingsburg,Laingsburg,Western Cape,5667
181001,Laingsburg NU,Laingsburg,Western Cape,2200
583023,Lake View,Jozini,KwaZulu-Natal,3905
760003,Lakeside,Emfuleni,Gauteng,7843
798037,Lakeside,City of Johannesburg,Gauteng,23503
298128,Lalashe,Ntabankulu,Eastern Cape,113
282092,Laleni,Intsika Yethu,Eastern Cape,30
290199,Laleni,Ngquza Hill,Eastern Cape,525
297290,Laleni,Mbizana,Eastern Cape,129
273048,Lalini,Amahlathi,Eastern Cape,245
282226,Lalini,Intsika Yethu,Eastern Cape,657
283126,Lalini,Emalahleni,Eastern Cape,428
284161,Lalini,Engcobo,Eastern Cape,271
293261,Lalini,Mhlontlo,Eastern Cape,1051
598092,Lalini,Umzimkhulu,KwaZulu-Natal,461
276110,Lalini A,Nkonkobe,Eastern Cape,502
294142,Lalini A,King Sabata Dalindyebo,Eastern Cape,944
276117,Lalini B,Nkonkobe,Eastern Cape,280
294093,Lalini B,King Sabata Dalindyebo,Eastern Cape,777
282166,Laljitini,Intsika Yethu,Eastern Cape,322
271442,Lalo,Mnquma,Eastern Cape,252
966012,Lambani,Thulamela,Limpopo,2733
290279,Lambasi,Ngquza Hill,Eastern Cape,4630
161001,Lamberts Bay,Cederberg,Western Cape,6120
379007,Lambrechtsdrif,//Khara Hais,Northern Cape,817
965062,Lamvi,Mutale,Limpopo,712
966001,Lamvi,Thulamela,Limpopo,1530
276064,Lamyeni,Nkonkobe,Eastern Cape,419
284098,Lancede,Engcobo,Eastern Cape,190
868008,Landau Colliery,Emalahleni,Mpumalanga,764
877048,Landela A,Bushbuckridge,Mpumalanga,2743
877066,Landela B,Bushbuckridge,Mpumalanga,1080
270167,Landlandla,Mbhashe,Eastern Cape,149
199028,Langa,City of Cape Town,Western Cape,52401
292035,Langakazi,Nyandeni,Eastern Cape,85
581044,Langakazi A,Ulundi,KwaZulu-Natal,565
581051,Langakazi B,Ulundi,KwaZulu-Natal,345
297241,Langalethu,Mbizana,Eastern Cape,566
285088,Langanci,Sakhisizwe,Eastern Cape,366
797024,Langaville,Ekurhuleni,Gauteng,54710
163012,Langebaan,Saldanha Bay,Western Cape,8297
163007,Langebaanweg,Saldanha Bay,Western Cape,952
169002,Langeberg NU,Langeberg,Western Cape,29292
270164,Langeni,Mbhashe,Eastern Cape,126
271370,Langeni,Mnquma,Eastern Cape,235
292095,Langeni,Nyandeni,Eastern Cape,1075
293098,Langeni,Mhlontlo,Eastern Cape,1581
581137,Langfontein,Ulundi,KwaZulu-Natal,932
598186,Langgewacht Forest Reserve,Umzimkhulu,KwaZulu-Natal,450
571011,Langkloof,Okhahlamba,KwaZulu-Natal,1437
167008,Languedoc,Stellenbosch,Western Cape,4289
866010,Langverwag,Govan Mbeki,Mpumalanga,50
798019,Lanseria,City of Johannesburg,Gauteng,4788
283084,Lapesini A,Emalahleni,Eastern Cape,224
283136,Lapesini B,Emalahleni,Eastern Cape,242
285038,Lapezi,Sakhisizwe,Eastern Cape,306
576081,Latha,Msinga,KwaZulu-Natal,2338
286235,Lathuthu,Elundini,Eastern Cape,612
799058,Laudium,City of Tshwane,Gauteng,19102
798038,Lawley,City of Johannesburg,Gauteng,33136
360012,Laxey,Joe Morolong,Northern Cape,1590
270381,Laza,Mbhashe,Eastern Cape,627
866001,Leandra,Govan Mbeki,Mpumalanga,2023
961040,Lebaka,Greater Letaba,Limpopo,1898
660055,Lebalangwe,Moretele,North West,295
987130,Lebalelo,Greater Tubatse,Limpopo,1258
172001,Lebanon,Overstrand,Western Cape,74
276118,Lebanon,Nkonkobe,Eastern Cape,483
985101,Lebejane,Makhuduthamaga,Limpopo,1124
987048,Leboeng,Greater Tubatse,Limpopo,4595
981004,Lebogang,Bela-Bela,Limpopo,0
866002,Lebohang,Govan Mbeki,Mpumalanga,31553
876005,Lebombo,Nkomazi,Mpumalanga,174
360033,Lebonkeng,Joe Morolong,Northern Cape,310
660008,Lebotlwane,Moretele,North West,7214
976042,Lebowakgomo,Lepele-Nkumpi,Limpopo,35087
978004,Lebu,Lephalale,Limpopo,461
664095,Ledig,Moses Kotane,North West,20729
986014,Ledingwe,Fetakgomo,Limpopo,345
379004,Leerkrans,//Khara Hais,Northern Cape,1383
182002,Leeu Gamka,Prince Albert,Western Cape,604
674016,Leeublaar,Kagisano/Molopo,North West,153
678008,Leeudoringstad,Maquassi Hills,North West,5054
799042,Leeufontein,City of Tshwane,Gauteng,1788
872045,Leeufontein,Dr JS Moroka,Mpumalanga,8158
983055,Leeufontein,Ephraim Mogale,Limpopo,8238
974105,Leeukuil,Polokwane,Limpopo,1482
977009,Leeupoort,Thabazimbi,Limpopo,1014
766012,Leeuport,Merafong City,Gauteng,5494
962073,Lefara,Greater Tzaneen,Limpopo,1004
872001,Lefiso,Dr JS Moroka,Mpumalanga,3614
872002,Lefiswane,Dr JS Moroka,Mpumalanga,4847
664051,Legkraal,Moses Kotane,North West,1432
874020,Legogote,Mbombela,Mpumalanga,6207
877117,Legokgwe,Bushbuckridge,Mpumalanga,12064
984003,Legolaneng,Elias Motsoaledi,Limpopo,1760
661008,Legonyane,Madibeng,North West,1739
985111,Legotong,Makhuduthamaga,Limpopo,168
961083,Legwareng,Greater Letaba,Limpopo,1294
986040,Legwareng,Fetakgomo,Limpopo,100
987004,Legwareng,Greater Tubatse,Limpopo,1063
987062,Lehabeng,Greater Tubatse,Limpopo,126
798029,Lehae,City of Johannesburg,Gauteng,13380
295077,Lehata,Matatiele,Eastern Cape,217
986110,Lehlabile,Fetakgomo,Limpopo,256
286011,Lehlakaneng,Elundini,Eastern Cape,466
985158,Lehlakong,Makhuduthamaga,Limpopo,1572
961085,Lehlareng,Greater Letaba,Limpopo,1707
986092,Lehlokong,Fetakgomo,Limpopo,26
976045,Lehlokwaneng,Lepele-Nkumpi,Limpopo,478
669030,Lehurutshe,Ramotshere Moiloa,North West,6888
984041,Lehwelere,Elias Motsoaledi,Limpopo,2690
161005,Leipoldtville,Cederberg,Western Cape,298
472071,Lejwaneng,Maluti a Phofung,Free State,1472
982118,Lekalakala,Mogalakwena,Limpopo,17250
986072,Lekazang,Fetakgomo,Limpopo,821
295115,Lekgalong,Matatiele,Eastern Cape,392
662038,Lekgalong,Rustenburg,North West,786
969058,Lekgokgonoku,Blouberg,Limpopo,1141
660026,Lekgolo,Moretele,North West,118
669003,Lekgophung,Ramotshere Moiloa,North West,712
987113,Lekgwabeng,Greater Tubatse,Limpopo,1641
985031,Lekgwareng,Makhuduthamaga,Limpopo,1596
986030,Lekgwareng,Fetakgomo,Limpopo,883
987059,Lekgwareng,Greater Tubatse,Limpopo,872
986009,Lekgwareng A,Fetakgomo,Limpopo,841
986101,Lekgwareng B,Fetakgomo,Limpopo,37
982010,Lekgweng,Mogalakwena,Limpopo,733
295209,Lekhalaneng,Matatiele,Eastern Cape,64
295183,Lekhalong,Matatiele,Eastern Cape,681
982032,Lekhureng,Mogalakwena,Limpopo,2074
969122,Lekiting,Blouberg,Limpopo,232
363009,Lekkersing,Richtersveld,Northern Cape,363
526003,Lekkerwater,Dannhauser,KwaZulu-Natal,1331
662041,Lekojaneng,Rustenburg,North West,166
667053,Lekoko,Mafikeng,North West,1651
985005,Lekorong,Makhuduthamaga,Limpopo,623
669025,Lekubung,Ramotshere Moiloa,North West,6239
667010,Lekung,Mafikeng,North West,302
976059,Lekurung,Lepele-Nkumpi,Limpopo,3047
864003,Lekwa NU,Lekwa,Mpumalanga,20901
673001,Lekwa-Teemane NU,Lekwa-Teemane,North West,4462
985132,Lekwageng,Makhuduthamaga,Limpopo,1914
365008,Leliefontein,Kamiesberg,Northern Cape,616
961029,Lemondokop,Greater Letaba,Limpopo,4099
987078,Lenareng,Greater Tubatse,Limpopo,694
798028,Lenasia,City of Johannesburg,Gauteng,89714
798032,Lenasia South,City of Johannesburg,Gauteng,37110
270395,Lencane,Mbhashe,Eastern Cape,579
270394,Lencani,Mbhashe,Eastern Cape,634
276092,Lenge,Nkonkobe,Eastern Cape,322
286076,Lenge,Elundini,Eastern Cape,400
961071,Lenokwe,Greater Letaba,Limpopo,989
976073,Lenting,Lepele-Nkumpi,Limpopo,2590
273109,Lenye,Amahlathi,Eastern Cape,542
962054,Lenyenye,Greater Tzaneen,Limpopo,12099
974033,Lenyenye,Polokwane,Limpopo,755
765006,Lenz,Westonaria,Gauteng,395
970019,Leokanong,Aganang,Limpopo,1436
962037,Leokwe,Greater Tzaneen,Limpopo,661
667024,Leopard,Mafikeng,North West,415
976002,Lepele-Nkumpi NU,Lepele-Nkumpi,Limpopo,2452
986088,Lepellane,Fetakgomo,Limpopo,36
365017,Lepelsfontein,Kamiesberg,Northern Cape,233
978038,Lephalale,Lephalale,Limpopo,17639
978002,Lephalale NU,Lephalale,Limpopo,17745
461019,Lephoi,Kopanong,Free State,4397
970063,Lepotlako,Aganang,Limpopo,924
274087,Leqeni,Ngqushwa,Eastern Cape,228
871017,Leratong,Thembisile,Mpumalanga,14032
471008,Leratswana,Nketoana,Free State,3743
664064,Lerome,Moses Kotane,North West,11358
873001,Leroro,Thaba Chweu,Mpumalanga,4165
661029,Lerulaneng,Madibeng,North West,3633
982103,Leruleng,Mogalakwena,Limpopo,427
978020,Lerupurung,Lephalale,Limpopo,0
667036,Lerwaneng,Mafikeng,North West,720
762004,Lesedi NU,Lesedi,Gauteng,8822
980001,Leseding,Modimolle,Limpopo,12499
872010,Leseleseleng,Dr JS Moroka,Mpumalanga,1763
664057,Lesetlheng,Moses Kotane,North West,2627
986036,Lesetse,Fetakgomo,Limpopo,1020
976052,Lesetsi,Lepele-Nkumpi,Limpopo,447
672009,Leshobo,Greater Taung,North West,2069
524007,Leslie,Newcastle,KwaZulu-Natal,5621
866009,Leslie Gold Mines,Govan Mbeki,Mpumalanga,456
664030,Lesobe,Moses Kotane,North West,19
982101,Lesodi Mmotlana,Mogalakwena,Limpopo,2264
281013,Lesseyton,Lukanji,Eastern Cape,2715
662028,Lesung,Rustenburg,North West,552
983021,Letebejane,Ephraim Mogale,Limpopo,1503
295174,Letlapeng,Matatiele,Eastern Cape,822
661024,Letlhabile,Madibeng,North West,41334
360036,Letlhakajaneng,Joe Morolong,Northern Cape,1065
664099,Letlhakane,Moses Kotane,North West,1297
667065,Letlhakane,Mafikeng,North West,7436
661021,Letlhakaneng,Madibeng,North West,3472
664056,Letlhakeng,Moses Kotane,North West,1756
978018,Letlora,Lephalale,Limpopo,1400
986098,Letolong,Fetakgomo,Limpopo,118
766006,Letsatsing,Merafong City,Gauteng,1160
460004,Letsemeng NU,Letsemeng,Free State,6461
472015,Letshalemaduke,Maluti a Phofung,Free State,8389
969039,Letshwatla,Blouberg,Limpopo,1954
962057,Letsitele,Greater Tzaneen,Limpopo,406
666025,Letsopa,Tswaing,North West,17488
968088,Levubu,Makhado,Limpopo,207
274103,Lewuswood,Ngqushwa,Eastern Cape,256
963017,Leydsdorp,Ba-Phalaborwa,Limpopo,6
292117,Libode,Nyandeni,Eastern Cape,4560
668011,Lichtenburg,Ditsobotla,North West,26338
563007,Lidgetton West,uMngeni,KwaZulu-Natal,4521
295173,Lihetlane,Matatiele,Eastern Cape,1398
295131,Likamoreng,Matatiele,Eastern Cape,936
295059,Likhohlong,Matatiele,Eastern Cape,447
478011,Liliandale,Metsimaholo,Free State,179
877111,Lillydale,Bushbuckridge,Mpumalanga,6799
876025,Lilydale,Nkomazi,Mpumalanga,306
292051,Limdaka,Nyandeni,Eastern Cape,426
382004,Lime Acres,Kgatelopele,Northern Cape,4408
577024,Lindelani,Umvoti,KwaZulu-Natal,1129
797019,Lindelani Village,Ekurhuleni,Gauteng,11932
676010,Lindequesdrif,Tlokwe City Council,North West,1147
294081,Lindini,King Sabata Dalindyebo,Eastern Cape,1908
583033,Lindizwe,Jozini,KwaZulu-Natal,584
471007,Lindley,Nketoana,Free State,1010
297197,Lindokuhle A,Mbizana,Eastern Cape,219
297184,Lindokuhle B,Mbizana,Eastern Cape,573
277006,Lingelethu,Nxuba,Eastern Cape,6065
563008,Lions River,uMngeni,KwaZulu-Natal,970
294356,Lisani,King Sabata Dalindyebo,Eastern Cape,487
873014,Lisbon,Thaba Chweu,Mpumalanga,67
270455,Lisizi,Mbhashe,Eastern Cape,488
871010,LithuliVillage,Thembisile,Mpumalanga,2557
974129,Lithupaneng,Polokwane,Limpopo,1980
290112,Litlaphele,Ngquza Hill,Eastern Cape,3085
660011,Little,Moretele,North West,2175
297252,Lityeni,Mbizana,Eastern Cape,1000
284007,Lixeni A,Engcobo,Eastern Cape,212
284038,Lixeni B,Engcobo,Eastern Cape,299
592014,Lloyd,KwaDukuza,KwaZulu-Natal,7603
669011,Lobatleng,Ramotshere Moiloa,North West,1320
573020,Lochsloy A,Imbabazane,KwaZulu-Natal,1085
872022,Loding,Dr JS Moroka,Mpumalanga,4363
268004,Loerieheuwel,Kouga,Eastern Cape,2787
366003,Loeriesfontein,Hantam,Northern Cape,2744
665006,Logagane,Ratlou,North West,623
360101,Logaganeng,Joe Morolong,Northern Cape,520
665014,Logageng,Ratlou,North West,3481
360073,Logobate,Joe Morolong,Northern Cape,547
667019,Lokaleng,Mafikeng,North West,2661
667007,Lokgalong,Mafikeng,North West,233
674006,Lokgeng,Kagisano/Molopo,North West,1240
298019,Lokhwe,Ntabankulu,Eastern Cape,581
271453,Lokishi,Mnquma,Eastern Cape,135
270523,Lokishini,Mbhashe,Eastern Cape,134
282196,Lokishini,Intsika Yethu,Eastern Cape,56
285099,Lokishini,Sakhisizwe,Eastern Cape,121
286139,Lokishini,Elundini,Eastern Cape,722
276149,Lolini,Nkonkobe,Eastern Cape,515
960068,Loloka,Greater Giyani,Limpopo,994
667039,Lomanyaneng,Mafikeng,North West,14479
667083,Lombaardslaagte,Mafikeng,North West,796
667021,Lonely Park,Mafikeng,North West,9511
598175,Long Clove,Umzimkhulu,KwaZulu-Natal,830
361027,Longaneng,Ga-Segonyana,Northern Cape,0
672042,Longaneng,Greater Taung,North West,1900
360017,Longhirst,Joe Morolong,Northern Cape,216
384010,Longlands,Dikgatlong,Northern Cape,2933
499014,Longridge,Mangaung,Free State,42
962064,Longvalley,Greater Tzaneen,Limpopo,5692
577016,Lootshoek,Umvoti,KwaZulu-Natal,418
361011,Lophala-phala,Ga-Segonyana,Northern Cape,17
665003,Loporung,Ratlou,North West,590
964003,Loraine,Maruleng,Limpopo,5430
672062,Losasaneng,Greater Taung,North West,1484
672016,Loselong,Greater Taung,North West,799
664012,Losmytjerrie,Moses Kotane,North West,582
529039,Loss,Abaqulusi,KwaZulu-Natal,1823
292003,Lotana,Nyandeni,Eastern Cape,604
293256,Lotana,Mhlontlo,Eastern Cape,1727
565003,Loteni,Impendle,KwaZulu-Natal,18
861005,Lothair,Msukaligwa,Mpumalanga,6099
674060,Lotlapakgoro,Kagisano/Molopo,North West,586
360076,Lotlhakane,Joe Morolong,Northern Cape,881
667064,Lotlhogori,Mafikeng,North West,824
598195,Lotvan,Umzimkhulu,KwaZulu-Natal,49
377004,Loubos,Mier,Northern Cape,641
876024,Louieville,Nkomazi,Mpumalanga,1364
506031,Louisiana,Hibiscus Coast,KwaZulu-Natal,607
379010,Louisvale,//Khara Hais,Northern Cape,1585
269003,Louterwater,Kou-Kamma,Eastern Cape,4829
674064,Louwna,Kagisano/Molopo,North West,305
529003,Louwsburg,Abaqulusi,KwaZulu-Natal,4061
260128,Lovedale SP,Buffalo City,Eastern Cape,81
969030,Lovely,Blouberg,Limpopo,97
274091,Lovers Twist,Ngqushwa,Eastern Cape,638
282334,Lower Cardiff,Intsika Yethu,Eastern Cape,409
294229,Lower Cezu,King Sabata Dalindyebo,Eastern Cape,525
281050,Lower Didimana,Lukanji,Eastern Cape,1288
276086,Lower Endwell,Nkonkobe,Eastern Cape,2
292239,Lower Godini,Nyandeni,Eastern Cape,472
284146,Lower Gqobonco,Engcobo,Eastern Cape,584
293327,Lower Gungululu,Mhlontlo,Eastern Cape,1256
290155,Lower Gwadu,Ngquza Hill,Eastern Cape,0
273077,Lower Gxulu,Amahlathi,Eastern Cape,1400
281087,Lower Hackney,Lukanji,Eastern Cape,209
276028,Lower Hopefield,Nkonkobe,Eastern Cape,527
281054,Lower Hukuwa 1-A,Lukanji,Eastern Cape,39
281053,Lower Hukuwa 1-B,Lukanji,Eastern Cape,136
287084,Lower Joveleni,Senqu,Eastern Cape,363
282326,Lower KuSabalele,Intsika Yethu,Eastern Cape,332
281075,Lower Lahlangubo,Lukanji,Eastern Cape,243
672052,Lower Majeakgoro,Greater Taung,North West,5076
284254,Lower Mangxongweni,Engcobo,Eastern Cape,204
284171,Lower Manyisana,Engcobo,Eastern Cape,460
270473,Lower Mbhangcolo,Mbhashe,Eastern Cape,481
271163,Lower Mcubakazi,Mnquma,Eastern Cape,452
281036,Lower Merino Walk,Lukanji,Eastern Cape,516
274111,Lower Mgwalana,Ngqushwa,Eastern Cape,587
273067,Lower Mnyameni,Amahlathi,Eastern Cape,715
599106,Lower Molweni,eThekwini,KwaZulu-Natal,1729
282018,Lower Mtingwevu,Intsika Yethu,Eastern Cape,340
271221,Lower Ndakana,Mnquma,Eastern Cape,331
284222,Lower Ndungunyeni,Engcobo,Eastern Cape,150
273094,Lower Ngqumeya,Amahlathi,Eastern Cape,229
294241,Lower Ngqwarha,King Sabata Dalindyebo,Eastern Cape,1772
291069,Lower Ntafufu,Port St Johns,Eastern Cape,745
286042,Lower Nxotshana,Elundini,Eastern Cape,474
284257,Lower Nzolo,Engcobo,Eastern Cape,275
290060,Lower Qoqo,Ngquza Hill,Eastern Cape,88
276163,Lower Sheshengu,Nkonkobe,Eastern Cape,144
287024,Lower Telle,Senqu,Eastern Cape,424
286083,Lower Tokwana,Elundini,Eastern Cape,910
284094,Lower Tsalaba,Engcobo,Eastern Cape,175
281081,Lower Tsitsikama B,Lukanji,Eastern Cape,194
282125,Lower Tsojana Village,Intsika Yethu,Eastern Cape,502
294478,Lower Tyholo,King Sabata Dalindyebo,Eastern Cape,356
293150,Lower Tyirha,Mhlontlo,Eastern Cape,202
285071,Lower Voyizana,Sakhisizwe,Eastern Cape,160
284283,Lower Xuka,Engcobo,Eastern Cape,183
281039,Lower Zangqokwe,Lukanji,Eastern Cape,98
273121,Lower eNgqeqe,Amahlathi,Eastern Cape,408
369006,Loxton,Ubuntu,Northern Cape,1053
378015,Loxtonberg,Kai !Garib,Northern Cape,706
290084,Lubala,Ngquza Hill,Eastern Cape,1955
298068,Lubala,Ntabankulu,Eastern Cape,338
296151,Lubalasi,Umzimvubu,Eastern Cape,825
295042,Lubaleko,Matatiele,Eastern Cape,592
296039,Lubaleko,Umzimvubu,Eastern Cape,1864
286158,Lubalweni,Elundini,Eastern Cape,256
270532,Lubangweni,Mbhashe,Eastern Cape,470
270286,Lubanzi,Mbhashe,Eastern Cape,346
292042,Lubanzi,Nyandeni,Eastern Cape,293
291018,Lubende,Port St Johns,Eastern Cape,400
296183,Lubhacweni,Umzimvubu,Eastern Cape,835
296203,Lubhacweni A,Umzimvubu,Eastern Cape,508
296182,Lubhacweni B,Umzimvubu,Eastern Cape,7640
284104,Lubisi,Engcobo,Eastern Cape,107
286030,Lubisini,Elundini,Eastern Cape,1071
284384,Lubiza,Engcobo,Eastern Cape,623
270475,Lubomvini,Mbhashe,Eastern Cape,580
273049,Lubomvini,Amahlathi,Eastern Cape,252
594021,Lubovana,Ingwe,KwaZulu-Natal,352
297115,Lubunde,Mbizana,Eastern Cape,653
282046,Lubusi Dam Gate,Intsika Yethu,Eastern Cape,13
270462,Lucingweni,Mbhashe,Eastern Cape,164
292308,Lucingweni,Nyandeni,Eastern Cape,344
598190,Lucingweni,Umzimkhulu,KwaZulu-Natal,820
296238,Lucingweni C,Umzimvubu,Eastern Cape,281
984009,Luckau,Elias Motsoaledi,Limpopo,6850
460008,Luckhoff,Letsemeng,Free State,3699
798020,Lucky 7,City of Johannesburg,Gauteng,0
284264,Lucwecwe A,Engcobo,Eastern Cape,371
284268,Lucwecwe B,Engcobo,Eastern Cape,326
270073,Lucwecwe Mdovi,Mbhashe,Eastern Cape,24
284037,Ludadeni,Engcobo,Eastern Cape,170
290325,Ludaka,Ngquza Hill,Eastern Cape,150
292197,Ludaka,Nyandeni,Eastern Cape,685
294441,Ludaka,King Sabata Dalindyebo,Eastern Cape,664
291184,Ludalasi,Port St Johns,Eastern Cape,1793
292055,Ludeke,Nyandeni,Eastern Cape,296
298106,Ludeke,Ntabankulu,Eastern Cape,440
297183,Ludeke A,Mbizana,Eastern Cape,294
297110,Ludeke B,Mbizana,Eastern Cape,545
297070,Ludeke C,Mbizana,Eastern Cape,2622
297109,Ludeke Halt,Mbizana,Eastern Cape,2404
297108,Ludeke Mission,Mbizana,Eastern Cape,578
290070,Ludiwane,Ngquza Hill,Eastern Cape,486
270443,Ludiza,Mbhashe,Eastern Cape,102
294419,Ludizini,King Sabata Dalindyebo,Eastern Cape,417
877047,Ludlow,Bushbuckridge,Mpumalanga,5766
291139,Ludumi,Port St Johns,Eastern Cape,1489
965112,Ludzie,Mutale,Limpopo,45
298025,Lufafa,Ntabankulu,Eastern Cape,676
597005,Lufafa,Ubuhlebezwe,KwaZulu-Natal,1224
290157,Lufankomo,Ngquza Hill,Eastern Cape,196
295023,Lufefeni,Matatiele,Eastern Cape,773
966142,Lufule,Thulamela,Limpopo,1617
285073,Lufuta,Sakhisizwe,Eastern Cape,575
295191,Lugada,Matatiele,Eastern Cape,1228
298123,Lugadu,Ntabankulu,Eastern Cape,29
298082,Lugalakaxa,Ntabankulu,Eastern Cape,7
599157,Luganda,eThekwini,KwaZulu-Natal,6165
296142,Lugangeni A,Umzimvubu,Eastern Cape,87
291182,Lugasweni,Port St Johns,Eastern Cape,433
296139,Lugelweni,Umzimvubu,Eastern Cape,1798
290156,Lugongqozo,Ngquza Hill,Eastern Cape,30
968030,Lugungulo,Makhado,Limpopo,262
297259,Lugwijini,Mbizana,Eastern Cape,1793
294057,Lugxogxo,King Sabata Dalindyebo,Eastern Cape,1333
965121,Luheni,Mutale,Limpopo,503
284280,Luhewini,Engcobo,Eastern Cape,304
284106,Luhlalweni,Engcobo,Eastern Cape,173
285062,Luhlawini,Sakhisizwe,Eastern Cape,126
291111,Lujazo,Port St Johns,Eastern Cape,89
290034,Lujecweni,Ngquza Hill,Eastern Cape,342
292171,Lujecweni,Nyandeni,Eastern Cape,1835
274123,Lujiko,Ngqushwa,Eastern Cape,1418
260183,Lujiza,Buffalo City,Eastern Cape,354
297377,Lujizo,Mbizana,Eastern Cape,340
292249,Lujizweni,Nyandeni,Eastern Cape,1180
578028,Lujojwana,eDumbe,KwaZulu-Natal,486
966016,Lukalo,Thulamela,Limpopo,1532
598041,Lukalweni,Umzimkhulu,KwaZulu-Natal,504
297382,Lukhalo,Mbizana,Eastern Cape,214
297233,Lukhalweni,Mbizana,Eastern Cape,147
281002,Lukhanji NU,Lukanji,Eastern Cape,6233
281002,Lukhanji NU North,Lukanji,Eastern Cape,1233
598024,Lukhanyeni,Umzimkhulu,KwaZulu-Natal,821
292077,Lukhanyisweni,Nyandeni,Eastern Cape,1280
297246,Lukholo,Mbizana,Eastern Cape,4405
295281,Lukholweni,Matatiele,Eastern Cape,1408
270441,Lukolweni,Mbhashe,Eastern Cape,344
860019,Lukwatini,Albert Luthuli,Mpumalanga,13149
294191,Lukwethu,King Sabata Dalindyebo,Eastern Cape,725
294475,Lulala,King Sabata Dalindyebo,Eastern Cape,458
294458,Lulaleni,King Sabata Dalindyebo,Eastern Cape,384
966210,Lulamani,Thulamela,Limpopo,61
294210,Lulwalweni,King Sabata Dalindyebo,Eastern Cape,707
582032,Lulwane,Umhlabuyalingana,KwaZulu-Natal,7058
282324,Lulwaneni,Intsika Yethu,Eastern Cape,215
290186,Lumayeni,Ngquza Hill,Eastern Cape,716
588001,Lumbi,Ntambanana,KwaZulu-Natal,1079
590005,Lumbi,Mthonjaneni,KwaZulu-Natal,1246
283159,Lumko,Emalahleni,Eastern Cape,85
282293,Luncwini,Intsika Yethu,Eastern Cape,817
271008,Lunda,Mnquma,Eastern Cape,305
295212,Lunda,Matatiele,Eastern Cape,1
874019,Lundi,Mbombela,Mpumalanga,4514
583045,Lundini,Jozini,KwaZulu-Natal,715
298016,Lundzwana,Ntabankulu,Eastern Cape,1527
296157,Lungangeni B,Umzimvubu,Eastern Cape,155
290177,Lunikela,Ngquza Hill,Eastern Cape,185
291196,Lunjacweni,Port St Johns,Eastern Cape,936
270434,Lunyoti,Mbhashe,Eastern Cape,408
270541,Luphaphasi,Mbhashe,Eastern Cape,325
291126,Luphaphasi,Port St Johns,Eastern Cape,1056
297065,Luphilisweni,Mbizana,Eastern Cape,675
272029,Luphindweni,Great Kei,Eastern Cape,518
874058,Luphisi,Mbombela,Mpumalanga,2911
297374,Luphithini A,Mbizana,Eastern Cape,826
297364,Luphithini B,Mbizana,Eastern Cape,1164
291142,Luphoko,Port St Johns,Eastern Cape,218
598028,Luphongolo,Umzimkhulu,KwaZulu-Natal,1130
283058,Lupindweni,Emalahleni,Eastern Cape,414
297321,Lupondweni,Mbizana,Eastern Cape,49
295037,Luqaqeni,Matatiele,Eastern Cape,208
291046,Luqhoqhweni,Port St Johns,Eastern Cape,1715
290059,Luqhoqweni,Ngquza Hill,Eastern Cape,200
271449,Luqolweni,Mnquma,Eastern Cape,482
282062,Luqolweni,Intsika Yethu,Eastern Cape,67
293227,Luqolweni,Mhlontlo,Eastern Cape,425
290242,Luqumbeni,Ngquza Hill,Eastern Cape,661
965077,Lurangwe,Mutale,Limpopo,549
292054,Lurasini,Nyandeni,Eastern Cape,794
293318,Lurasini,Mhlontlo,Eastern Cape,413
297328,Lurholweni A,Mbizana,Eastern Cape,929
297335,Lurholweni B,Mbizana,Eastern Cape,5944
270501,Lurwayizo,Mbhashe,Eastern Cape,453
294052,Lusaka,King Sabata Dalindyebo,Eastern Cape,566
984053,Lusaka,Elias Motsoaledi,Limpopo,790
272007,Lusasa,Great Kei,Eastern Cape,228
290266,Lusikisiki,Ngquza Hill,Eastern Cape,4028
297220,Lusikisiki,Mbizana,Eastern Cape,128
514001,Lusitania,Emnambithi/Ladysmith,KwaZulu-Natal,535
271440,Lusizi,Mnquma,Eastern Cape,821
282231,Lusizini,Intsika Yethu,Eastern Cape,831
598118,Lusizini,Umzimkhulu,KwaZulu-Natal,728
297128,Lusukeni,Mbizana,Eastern Cape,204
296130,Lusuthu,Umzimvubu,Eastern Cape,1815
598003,Lusutu,Umzimkhulu,KwaZulu-Natal,1281
298148,Lutambeko,Ntabankulu,Eastern Cape,840
296109,Lutateni,Umzimvubu,Eastern Cape,1850
291096,Lutatweni,Port St Johns,Eastern Cape,565
599059,Luthele,eThekwini,KwaZulu-Natal,864
291090,Luthengele,Port St Johns,Eastern Cape,1333
294361,Luthubeni,King Sabata Dalindyebo,Eastern Cape,1248
593020,Luthuli,Ndwedwe,KwaZulu-Natal,3255
599129,Luthuli,eThekwini,KwaZulu-Natal,1222
290021,Luthulini,Ngquza Hill,Eastern Cape,2044
297317,Luthulini,Mbizana,Eastern Cape,93
290223,Luthuthu,Ngquza Hill,Eastern Cape,803
294123,Luthuthu,King Sabata Dalindyebo,Eastern Cape,776
966085,Lutomboni,Thulamela,Limpopo,529
292180,Lutsheko,Nyandeni,Eastern Cape,1056
296119,Lutshikini,Umzimvubu,Eastern Cape,298
271233,Lutsholo,Mnquma,Eastern Cape,147
292032,Lutubeni,Nyandeni,Eastern Cape,1399
283178,Lututu,Emalahleni,Eastern Cape,610
286190,Lututu,Elundini,Eastern Cape,908
270115,Lututu A,Mbhashe,Eastern Cape,172
270332,Lututu B,Mbhashe,Eastern Cape,542
378018,Lutzburg,Kai !Garib,Northern Cape,1415
160007,Lutzville,Matzikama,Western Cape,5232
968053,Luvhalani,Makhado,Limpopo,836
966035,Luvhimbi,Thulamela,Limpopo,2296
575022,Luvisi,Nqutu,KwaZulu-Natal,9878
274078,Luvuyo,Ngqushwa,Eastern Cape,787
588052,Luwamba,Ntambanana,KwaZulu-Natal,930
594056,Luwambeni,Ingwe,KwaZulu-Natal,4176
283201,Luxeni,Emalahleni,Eastern Cape,113
285013,Luxeni,Sakhisizwe,Eastern Cape,368
286160,Luxeni,Elundini,Eastern Cape,241
293187,Luxeni,Mhlontlo,Eastern Cape,654
294126,Luxeni,King Sabata Dalindyebo,Eastern Cape,146
295197,Luxeni,Matatiele,Eastern Cape,1148
283063,Luxeni A,Emalahleni,Eastern Cape,175
283088,Luxeni B,Emalahleni,Eastern Cape,553
260100,Luxhomo,Buffalo City,Eastern Cape,492
282239,Luxhomo,Intsika Yethu,Eastern Cape,369
294225,Luxhomo,King Sabata Dalindyebo,Eastern Cape,126
279002,Luxolweni,Tsolwana,Eastern Cape,3354
273030,Luxomo,Amahlathi,Eastern Cape,251
294008,Luxweni,King Sabata Dalindyebo,Eastern Cape,955
284023,Luxwesweni,Engcobo,Eastern Cape,56
291162,Luyengweni,Port St Johns,Eastern Cape,625
296017,Luyengweni,Umzimvubu,Eastern Cape,1125
276065,Luzini,Nkonkobe,Eastern Cape,100
291013,Luzupho,Port St Johns,Eastern Cape,1539
987001,Lwaleng,Greater Tubatse,Limpopo,256
294197,Lwalweni,King Sabata Dalindyebo,Eastern Cape,1136
966171,Lwamondo,Thulamela,Limpopo,20218
292323,Lwandile,Nyandeni,Eastern Cape,1204
962044,Lwandlamuni,Greater Tzaneen,Limpopo,504
284074,Lwandlana,Engcobo,Eastern Cape,491
291084,Lwandlana,Port St Johns,Eastern Cape,65
294011,Lwandlana,King Sabata Dalindyebo,Eastern Cape,1656
296186,Lwandlana,Umzimvubu,Eastern Cape,1130
290002,Lwandlana A,Ngquza Hill,Eastern Cape,844
294315,Lwandlana A,King Sabata Dalindyebo,Eastern Cape,335
290098,Lwandlana B,Ngquza Hill,Eastern Cape,382
294317,Lwandlana B,King Sabata Dalindyebo,Eastern Cape,547
292027,Lwandlane,Nyandeni,Eastern Cape,304
982086,Lyden,Mogalakwena,Limpopo,2513
873011,Lydenburg,Thaba Chweu,Mpumalanga,863
294085,Lyndale,King Sabata Dalindyebo,Eastern Cape,1474
167027,Lynedoch,Stellenbosch,Western Cape,108
876008,M'hati,Nkomazi,Mpumalanga,472
960063,MaPhata,Greater Giyani,Limpopo,2138
588041,MaQedipuleti,Ntambanana,KwaZulu-Natal,713
987083,Maahlashe,Greater Tubatse,Limpopo,1295
962090,Maake,Greater Tzaneen,Limpopo,3583
987037,Maakgake,Greater Tubatse,Limpopo,436
987109,Maakubu,Greater Tubatse,Limpopo,244
987086,Maandagshoek,Greater Tubatse,Limpopo,1698
968019,Maangani,Makhado,Limpopo,692
664085,Mabaalstad,Moses Kotane,North West,3540
271213,Mabala,Mnquma,Eastern Cape,611
287002,Mabalana,Senqu,Eastern Cape,246
286137,Mabalane,Elundini,Eastern Cape,200
260116,Mabaleni,Buffalo City,Eastern Cape,506
293251,Mabaleni,Mhlontlo,Eastern Cape,667
966058,Mabaligwe,Thulamela,Limpopo,2382
294086,Mabambeni,King Sabata Dalindyebo,Eastern Cape,475
569023,Mabaso,Indaka,KwaZulu-Natal,5007
582075,Mabaso,Umhlabuyalingana,KwaZulu-Natal,374
986099,Mabatho,Fetakgomo,Limpopo,416
581104,Mabedlana A,Ulundi,KwaZulu-Natal,971
581112,Mabedlana B,Ulundi,KwaZulu-Natal,887
599032,Mabedlane A,eThekwini,KwaZulu-Natal,380
599031,Mabedlane B,eThekwini,KwaZulu-Natal,2768
599067,Mabedlane C,eThekwini,KwaZulu-Natal,3168
599068,Mabedlane D,eThekwini,KwaZulu-Natal,1380
599070,Mabedlane E,eThekwini,KwaZulu-Natal,842
294352,Mabehana,King Sabata Dalindyebo,Eastern Cape,719
260157,Mabel's Rest,Buffalo City,Eastern Cape,837
664078,Mabele-a-Podi,Moses Kotane,North West,4523
664072,Mabeleleng,Moses Kotane,North West,605
276088,Mabeleni,Nkonkobe,Eastern Cape,110
281073,Mabeleni,Lukanji,Eastern Cape,227
542061,Mabengela,Nkandla,KwaZulu-Natal,1294
282270,Mabentseni,Intsika Yethu,Eastern Cape,612
664060,Mabeskraal,Moses Kotane,North West,9282
292234,Mabetshe,Nyandeni,Eastern Cape,146
294421,Mabhana,King Sabata Dalindyebo,Eastern Cape,355
877124,Mabharule,Bushbuckridge,Mpumalanga,2200
292163,Mabheleni,Nyandeni,Eastern Cape,1010
297031,Mabheleni,Mbizana,Eastern Cape,234
294117,Mabheleni A,King Sabata Dalindyebo,Eastern Cape,3977
294114,Mabheleni B,King Sabata Dalindyebo,Eastern Cape,516
588029,Mabhensa,Ntambanana,KwaZulu-Natal,1585
296192,Mabhobho,Umzimvubu,Eastern Cape,864
585035,Mabhokisini,Hlabisa,KwaZulu-Natal,2086
589136,Mabhokweni,uMlalazi,KwaZulu-Natal,2217
270220,Mabholobela,Mbhashe,Eastern Cape,570
589106,Mabhudle,uMlalazi,KwaZulu-Natal,4069
582049,Mabhudu,Umhlabuyalingana,KwaZulu-Natal,764
571050,Mabhulesini A,Okhahlamba,KwaZulu-Natal,622
571062,Mabhulesini B,Okhahlamba,KwaZulu-Natal,892
284147,Mabhulwini,Engcobo,Eastern Cape,211
587044,Mabhuyeni,Mfolozi,KwaZulu-Natal,872
582061,Mabibi,Umhlabuyalingana,KwaZulu-Natal,588
964028,Mabins,Maruleng,Limpopo,3507
985156,Mabintwane,Makhuduthamaga,Limpopo,2057
968043,Mabirimisa,Makhado,Limpopo,278
598193,Mabisane,Umzimkhulu,KwaZulu-Natal,253
662040,Mabitse,Rustenburg,North West,715
983044,Mabitsi A,Ephraim Mogale,Limpopo,1583
983041,Mabitsi B,Ephraim Mogale,Limpopo,488
298048,Mabofu,Ntabankulu,Eastern Cape,949
877059,Maboke,Bushbuckridge,Mpumalanga,12752
974025,Mabokelele,Polokwane,Limpopo,6012
966217,Mabokoro,Thulamela,Limpopo,545
985089,Mabole,Makhuduthamaga,Limpopo,395
472027,Mabolela,Maluti a Phofung,Free State,301
661023,Maboloka,Madibeng,North West,31113
293097,Mabolompa,Mhlontlo,Eastern Cape,570
579029,Mabomvu,UPhongolo,KwaZulu-Natal,30
674022,Mabone,Kagisano/Molopo,North West,561
274033,Mabongo,Ngqushwa,Eastern Cape,525
294296,Mabongweni,King Sabata Dalindyebo,Eastern Cape,279
799030,Mabopane,City of Tshwane,Gauteng,110972
985012,Mabopane,Makhuduthamaga,Limpopo,1145
986079,Mabotagale,Fetakgomo,Limpopo,804
987068,Mabotsha,Greater Tubatse,Limpopo,4198
588038,Mabukata,Ntambanana,KwaZulu-Natal,966
295063,Mabula,Matatiele,Eastern Cape,629
982076,Mabula,Mogalakwena,Limpopo,1668
665004,Mabule,Ratlou,North West,2796
965119,Mabulo,Mutale,Limpopo,332
575087,Mabululwane,Nqutu,KwaZulu-Natal,669
291173,Mabulwini,Port St Johns,Eastern Cape,318
961074,Mabumuleng,Greater Letaba,Limpopo,65
585024,Mabundeni,Hlabisa,KwaZulu-Natal,2784
590032,Mabungu,Mthonjaneni,KwaZulu-Natal,983
297119,Mabuya,Mbizana,Eastern Cape,210
598062,Mabuyana,Umzimkhulu,KwaZulu-Natal,1169
538022,Mabuyeni,uMhlathuze,KwaZulu-Natal,4309
576045,Mabuzela,Msinga,KwaZulu-Natal,1590
965019,Mabvete,Mutale,Limpopo,1260
968021,Mabvuka Jazz,Makhado,Limpopo,2877
962005,Mabyepelong,Greater Tzaneen,Limpopo,1373
594029,Macabazini,Ingwe,KwaZulu-Natal,452
591017,Macambini,Mandeni,KwaZulu-Natal,32322
576033,Macanco,Msinga,KwaZulu-Natal,1127
285011,Macangceni,Sakhisizwe,Eastern Cape,258
199037,Macassar,City of Cape Town,Western Cape,33225
589065,Macekane,uMlalazi,KwaZulu-Natal,1172
580191,Macekaneni,Nongoma,KwaZulu-Natal,501
542129,Macela,Nkandla,KwaZulu-Natal,599
294455,Macelweni,King Sabata Dalindyebo,Eastern Cape,817
870009,Machadodorp,Emakhazeni,Mpumalanga,106
296205,Machamsholo,Umzimvubu,Eastern Cape,332
529028,Machanca,Abaqulusi,KwaZulu-Natal,4218
589068,Machanca,uMlalazi,KwaZulu-Natal,1064
298089,Mache Mgxoboshane,Ntabankulu,Eastern Cape,253
295058,Machekong,Matatiele,Eastern Cape,16
966223,Machele,Thulamela,Limpopo,1192
271492,Machelesini,Mnquma,Eastern Cape,159
295268,Machi,Matatiele,Eastern Cape,47
290244,Machibi,Ngquza Hill,Eastern Cape,375
276048,Machibini,Nkonkobe,Eastern Cape,158
281014,Machibini,Lukanji,Eastern Cape,787
293080,Machibini,Mhlontlo,Eastern Cape,315
294192,Machibini,King Sabata Dalindyebo,Eastern Cape,418
296012,Machibini,Umzimvubu,Eastern Cape,1380
580018,Machibini,Nongoma,KwaZulu-Natal,559
586014,Machibini,Mtubatuba,KwaZulu-Natal,3771
284177,Machibini A,Engcobo,Eastern Cape,307
284241,Machibini B,Engcobo,Eastern Cape,148
982108,Machikiri,Mogalakwena,Limpopo,1459
598206,Machunwini,Umzimkhulu,KwaZulu-Natal,472
274023,Macibi,Ngqushwa,Eastern Cape,277
260016,Macleantown,Buffalo City,Eastern Cape,580
286181,Maclear,Elundini,Eastern Cape,8559
294014,Macombeni,King Sabata Dalindyebo,Eastern Cape,705
294269,Macosa,King Sabata Dalindyebo,Eastern Cape,422
284265,Macubeni,Engcobo,Eastern Cape,205
284209,Macwhereni,Engcobo,Eastern Cape,957
297357,Madada,Mbizana,Eastern Cape,503
297195,Madadana,Mbizana,Eastern Cape,1510
293217,Madadeni,Mhlontlo,Eastern Cape,1856
524009,Madadeni,Newcastle,KwaZulu-Natal,119497
296125,Madadiyela,Umzimvubu,Eastern Cape,313
542016,Madaka,Nkandla,KwaZulu-Natal,442
287075,Madakana,Senqu,Eastern Cape,1123
506022,Madakana,Hibiscus Coast,KwaZulu-Natal,4107
270467,Madakeni,Mbhashe,Eastern Cape,533
291190,Madakeni,Port St Johns,Eastern Cape,611
598140,Madakeni,Umzimkhulu,KwaZulu-Natal,2089
581062,Madakwadunuse,Ulundi,KwaZulu-Natal,483
589133,Madala,uMlalazi,KwaZulu-Natal,2211
876042,Madaneni,Nkomazi,Mpumalanga,4992
965006,Madangani,Mutale,Limpopo,708
968058,Madangani,Makhado,Limpopo,1329
965102,Madashishi,Mutale,Limpopo,289
968133,Madazhi,Makhado,Limpopo,724
964017,Madeira,Maruleng,Limpopo,3844
987074,Madetameng,Greater Tubatse,Limpopo,1307
290120,Madevana,Ngquza Hill,Eastern Cape,178
270154,Madi,Mbhashe,Eastern Cape,240
293136,Madiba,Mhlontlo,Eastern Cape,218
982119,Madiba,Mogalakwena,Limpopo,8523
297330,Madiba A,Mbizana,Eastern Cape,255
297301,Madiba B,Mbizana,Eastern Cape,179
297387,Madiba C,Mbizana,Eastern Cape,204
985030,Madibaneng,Makhuduthamaga,Limpopo,2135
667015,Madibe-Magelelo,Mafikeng,North West,184
360010,Madibeng,Joe Morolong,Northern Cape,1531
961077,Madibeng,Greater Letaba,Limpopo,821
987160,Madibeng,Greater Tubatse,Limpopo,1554
661002,Madibeng NU,Madibeng,North West,55711
665022,Madibogo,Ratlou,North West,22556
665023,Madibogo Pan,Ratlou,North West,7730
661027,Madidi,Madibeng,North West,7444
987159,Madidimola,Greater Tubatse,Limpopo,1820
970065,Madietane,Aganang,Limpopo,673
974104,Madiga,Polokwane,Limpopo,673
974050,Madiga A,Polokwane,Limpopo,2604
974049,Madiga B,Polokwane,Limpopo,567
294257,Madikaleni,King Sabata Dalindyebo,Eastern Cape,92
976015,Madikeleng,Lepele-Nkumpi,Limpopo,1166
461010,Madikgetla,Kopanong,Free State,3458
664092,Madikwe,Moses Kotane,North West,3623
967006,Madimbo,Musina,Limpopo,2739
295139,Madimong,Matatiele,Eastern Cape,318
295120,Madimonga,Matatiele,Eastern Cape,1612
360009,Madingwane,Joe Morolong,Northern Cape,831
674058,Madinonyane,Kagisano/Molopo,North West,833
661019,Madinyane,Madibeng,North West,358
672058,Madipelesa,Greater Taung,North West,2132
985059,Madisalane,Makhuduthamaga,Limpopo,241
987103,Madiseng,Greater Tubatse,Limpopo,15669
976065,Madisha-Ditoro,Lepele-Nkumpi,Limpopo,4036
672061,Madithamage,Greater Taung,North West,269
361028,Maditlhareng,Ga-Segonyana,Northern Cape,0
542051,Madiyane,Nkandla,KwaZulu-Natal,1567
284239,Madladleni,Engcobo,Eastern Cape,433
569005,Madlala,Indaka,KwaZulu-Natal,1375
295278,Madlangeni,Matatiele,Eastern Cape,198
296001,Madlangeni,Umzimvubu,Eastern Cape,122
538018,Madlanghala,uMhlathuze,KwaZulu-Natal,4465
598178,Madlatu,Umzimkhulu,KwaZulu-Natal,55
282237,Madlotsheni,Intsika Yethu,Eastern Cape,479
298114,Madokazana,Ntabankulu,Eastern Cape,890
292287,Madoloni,Nyandeni,Eastern Cape,273
582065,Madonela,Umhlabuyalingana,KwaZulu-Natal,7103
966181,Madonsi,Thulamela,Limpopo,3220
294194,Madontsi,King Sabata Dalindyebo,Eastern Cape,805
872033,Madubaduba,Dr JS Moroka,Mpumalanga,5206
273128,Madubela,Amahlathi,Eastern Cape,608
560040,Madudubala,Vulamehlo,KwaZulu-Natal,1042
599191,Madudubala,eThekwini,KwaZulu-Natal,3580
293094,Madukuda,Mhlontlo,Eastern Cape,105
575041,Maduladula A,Nqutu,KwaZulu-Natal,2344
575026,Maduladula B,Nqutu,KwaZulu-Natal,269
282291,Maduma,Intsika Yethu,Eastern Cape,104
295232,Maduna,Matatiele,Eastern Cape,235
593053,Maduna,Ndwedwe,KwaZulu-Natal,535
598091,Maduna,Umzimkhulu,KwaZulu-Natal,593
599169,Madundube,eThekwini,KwaZulu-Natal,13731
585014,Madunjini,Hlabisa,KwaZulu-Natal,649
669032,Madutle,Ramotshere Moiloa,North West,871
968126,Maduwa,Makhado,Limpopo,478
298141,Madwaba,Ntabankulu,Eastern Cape,625
298095,Madwakazana,Ntabankulu,Eastern Cape,1119
270336,Madwaleni,Mbhashe,Eastern Cape,404
286096,Madwaleni,Elundini,Eastern Cape,224
293314,Madwaleni,Mhlontlo,Eastern Cape,397
294208,Madwaleni,King Sabata Dalindyebo,Eastern Cape,166
562012,Madwaleni,uMshwathi,KwaZulu-Natal,151
580004,Madwaleni,Nongoma,KwaZulu-Natal,997
586018,Madwaleni,Mtubatuba,KwaZulu-Natal,3524
599085,Madwaleni,eThekwini,KwaZulu-Natal,1041
877077,Madyembeni,Bushbuckridge,Mpumalanga,7210
282339,Madyoze,Intsika Yethu,Eastern Cape,75
966045,Madzimu,Thulamela,Limpopo,5213
986082,Maebeng,Fetakgomo,Limpopo,630
976038,Maejane,Lepele-Nkumpi,Limpopo,3466
961054,Maekgwe,Greater Letaba,Limpopo,1076
674014,Maeng A,Kagisano/Molopo,North West,659
674019,Maeng B,Kagisano/Molopo,North West,117
987142,Maepa,Greater Tubatse,Limpopo,457
295207,Mafa's Halt,Matatiele,Eastern Cape,1502
479008,Mafahlaneng,Mafube,Free State,5644
526008,Mafahlawane,Dannhauser,KwaZulu-Natal,1935
294422,Mafakathini,King Sabata Dalindyebo,Eastern Cape,317
566022,Mafakathini,The Msunduzi,KwaZulu-Natal,8085
293221,Mafamini,Mhlontlo,Eastern Cape,120
987045,Mafarafara,Greater Tubatse,Limpopo,752
962070,Mafarana,Greater Tzaneen,Limpopo,2554
985128,Mafatle,Makhuduthamaga,Limpopo,63
877082,Mafemani,Bushbuckridge,Mpumalanga,20389
965106,Mafhohoni,Mutale,Limpopo,294
662032,Mafika,Rustenburg,North West,887
472052,Mafikeng,Maluti a Phofung,Free State,2069
667020,Mafikeng,Mafikeng,North West,15117
667002,Mafikeng NU,Mafikeng,North West,5970
983010,Mafisheng,Ephraim Mogale,Limpopo,919
561009,Mafithini,Umdoni,KwaZulu-Natal,4346
575020,Mafitleng,Nqutu,KwaZulu-Natal,1031
575045,Mafitleng A,Nqutu,KwaZulu-Natal,2009
575023,Mafitleng B,Nqutu,KwaZulu-Natal,318
295050,Mafube Mission,Matatiele,Eastern Cape,894
479003,Mafube NU,Mafube,Free State,4989
965080,Mafukani,Mutale,Limpopo,586
860041,Mafumulo,Albert Luthuli,Mpumalanga,1077
270474,Mafusini,Mbhashe,Eastern Cape,680
271461,Mafusini,Mnquma,Eastern Cape,245
286144,Mafusini,Elundini,Eastern Cape,142
291169,Mafusini,Port St Johns,Eastern Cape,278
292064,Mafusini,Nyandeni,Eastern Cape,437
293064,Mafusini,Mhlontlo,Eastern Cape,1482
298120,Mafusini,Ntabankulu,Eastern Cape,232
284141,Mafusini A,Engcobo,Eastern Cape,310
284188,Mafusini B,Engcobo,Eastern Cape,374
293118,Mafuta Nozamile,Mhlontlo,Eastern Cape,432
982056,Magabaneng,Mogalakwena,Limpopo,588
985028,Magabaneng,Makhuduthamaga,Limpopo,40
987058,Magabaneng,Greater Tubatse,Limpopo,906
599192,Magabeni,eThekwini,KwaZulu-Natal,4928
575024,Magabeni A,Nqutu,KwaZulu-Natal,610
575040,Magabeni B,Nqutu,KwaZulu-Natal,315
575031,Magabeni C,Nqutu,KwaZulu-Natal,292
978009,Magadimela,Lephalale,Limpopo,102
287121,Magadla A,Senqu,Eastern Cape,403
287086,Magadla B,Senqu,Eastern Cape,404
575095,Magaga,Nqutu,KwaZulu-Natal,533
982051,Magagamatala,Mogalakwena,Limpopo,1221
984052,Magakadimeng,Elias Motsoaledi,Limpopo,2703
986063,Magakala,Fetakgomo,Limpopo,598
987018,Magakala,Greater Tubatse,Limpopo,1789
575080,Magala,Nqutu,KwaZulu-Natal,426
287017,Magalagaleni,Senqu,Eastern Cape,2181
271159,Magalakangqa,Mnquma,Eastern Cape,1154
763006,Magaliesburg,Mogale City,Gauteng,6363
872027,Maganagobuswa,Dr JS Moroka,Mpumalanga,8586
672001,Maganeng,Greater Taung,North West,2549
297367,Magangane,Mbizana,Eastern Cape,101
571071,Maganganguzi,Okhahlamba,KwaZulu-Natal,2510
598032,Magangxosini,Umzimkhulu,KwaZulu-Natal,458
294445,Maganyeni,King Sabata Dalindyebo,Eastern Cape,391
385003,Magareng NU,Magareng,Northern Cape,1616
976075,Magatle,Lepele-Nkumpi,Limpopo,6758
295025,Magayazidlele,Matatiele,Eastern Cape,170
291191,Magcakeni,Port St Johns,Eastern Cape,628
292087,Magcakeni,Nyandeni,Eastern Cape,1424
293252,Magcakeni,Mhlontlo,Eastern Cape,956
293166,Magcaki,Mhlontlo,Eastern Cape,207
292191,Magcakini,Nyandeni,Eastern Cape,832
296221,Magcakini,Umzimvubu,Eastern Cape,1340
297081,Magcakini,Mbizana,Eastern Cape,291
598109,Magcakini,Umzimkhulu,KwaZulu-Natal,445
294390,Magcalekeni,King Sabata Dalindyebo,Eastern Cape,1382
284126,Magebeni,Engcobo,Eastern Cape,155
270560,Magebula,Mbhashe,Eastern Cape,215
295116,Magema,Matatiele,Eastern Cape,1510
295078,Mageme,Matatiele,Eastern Cape,822
283137,Magemfaneni,Emalahleni,Eastern Cape,1092
960069,Mageva,Greater Giyani,Limpopo,7324
292315,Mageza,Nyandeni,Eastern Cape,375
577012,Maghobe,Umvoti,KwaZulu-Natal,401
598180,Magikala,Umzimkhulu,KwaZulu-Natal,433
987073,Maglopi,Greater Tubatse,Limpopo,1542
985129,Magnetite,Makhuduthamaga,Limpopo,1844
598068,Magoagoeni,Umzimkhulu,KwaZulu-Natal,766
361019,Magobe,Ga-Segonyana,Northern Cape,9111
360081,Magobing,Joe Morolong,Northern Cape,493
968125,Magobo,Makhado,Limpopo,643
962065,Magoboya,Greater Tzaneen,Limpopo,5583
506004,Magog,Hibiscus Coast,KwaZulu-Natal,1609
876043,Magogeni,Nkomazi,Mpumalanga,7396
667033,Magogoe,Mafikeng,North West,22402
667040,Magogoe Tlhabologo,Mafikeng,North West,3595
672049,Magogong,Greater Taung,North West,8327
360074,Magojaneng,Joe Morolong,Northern Cape,742
872043,Magola,Dr JS Moroka,Mpumalanga,3219
985097,Magolaneng,Makhuduthamaga,Limpopo,666
542105,Magologolo,Nkandla,KwaZulu-Natal,739
966040,Magomani,Thulamela,Limpopo,2733
282058,Magomeni,Intsika Yethu,Eastern Cape,168
284380,Magomeni,Engcobo,Eastern Cape,17
294425,Magomeni,King Sabata Dalindyebo,Eastern Cape,397
664024,Magong,Moses Kotane,North West,1935
575043,Magongoloza,Nqutu,KwaZulu-Natal,2000
294103,Magontsini,King Sabata Dalindyebo,Eastern Cape,1086
296045,Magontsini,Umzimvubu,Eastern Cape,253
293306,Magoqoza,Mhlontlo,Eastern Cape,94
985073,Magoreng,Makhuduthamaga,Limpopo,1216
985131,Magorong,Makhuduthamaga,Limpopo,843
986064,Magotwaneng,Fetakgomo,Limpopo,864
582079,Magovini,Umhlabuyalingana,KwaZulu-Natal,430
287095,Magozeni,Senqu,Eastern Cape,545
292187,Magozeni,Nyandeni,Eastern Cape,952
297203,Magqabasini,Mbizana,Eastern Cape,1077
290004,Magqabesi,Ngquza Hill,Eastern Cape,200
293051,Magqagqeni,Mhlontlo,Eastern Cape,1064
298069,Magqagqeni,Ntabankulu,Eastern Cape,295
598048,Magqagqeni,Umzimkhulu,KwaZulu-Natal,110
284127,Magqaqaleni,Engcobo,Eastern Cape,132
274086,Magqazeni,Ngqushwa,Eastern Cape,2352
273105,Magqobhokeni,Amahlathi,Eastern Cape,531
284136,Magqoleni,Engcobo,Eastern Cape,644
293228,Magqubeni,Mhlontlo,Eastern Cape,614
579030,Magudu,UPhongolo,KwaZulu-Natal,400
876051,Magudu,Nkomazi,Mpumalanga,4002
583037,Magugu,Jozini,KwaZulu-Natal,3743
985071,Magukubu,Makhuduthamaga,Limpopo,414
291132,Magumbini,Port St Johns,Eastern Cape,642
297064,Magusheni,Mbizana,Eastern Cape,167
580153,Magutshwa,Nongoma,KwaZulu-Natal,90
293214,Magutwa,Mhlontlo,Eastern Cape,1217
286146,Magutyubeni,Elundini,Eastern Cape,241
294345,Maguzane,King Sabata Dalindyebo,Eastern Cape,666
295158,Maguzen,Matatiele,Eastern Cape,1853
575098,Maguzini,Nqutu,KwaZulu-Natal,705
290315,Magwa,Ngquza Hill,Eastern Cape,209
360111,Magwagwe,Joe Morolong,Northern Cape,740
276054,Magwalala,Nkonkobe,Eastern Cape,268
290196,Magwambu,Ngquza Hill,Eastern Cape,637
987115,Magwareng,Greater Tubatse,Limpopo,1247
560066,Magwaza,Vulamehlo,KwaZulu-Natal,386
588040,Magwetshana,Ntambanana,KwaZulu-Natal,753
287119,Magwiji,Senqu,Eastern Cape,646
294105,Magwongweni,King Sabata Dalindyebo,Eastern Cape,517
276022,Magxagxeni,Nkonkobe,Eastern Cape,277
293007,Magxeni,Mhlontlo,Eastern Cape,188
296208,Magxeni,Umzimvubu,Eastern Cape,209
295238,Magxeni A,Matatiele,Eastern Cape,273
295226,Magxeni B,Matatiele,Eastern Cape,140
985026,Mahabaneng,Makhuduthamaga,Limpopo,1403
297360,Mahaha,Mbizana,Eastern Cape,530
963004,Mahale,Ba-Phalaborwa,Limpopo,1825
295246,Mahaleng,Matatiele,Eastern Cape,884
292070,Mahane,Nyandeni,Eastern Cape,120
286014,Mahaneng,Elundini,Eastern Cape,564
295157,Mahangu A,Matatiele,Eastern Cape,371
295027,Mahangu B,Matatiele,Eastern Cape,179
295144,Mahareng,Matatiele,Eastern Cape,998
286209,Mahasana,Elundini,Eastern Cape,423
580072,Mahashem,Nongoma,KwaZulu-Natal,2268
598141,Mahawini,Umzimkhulu,KwaZulu-Natal,524
361015,Maheane,Ga-Segonyana,Northern Cape,1775
597027,Mahehle,Ubuhlebezwe,KwaZulu-Natal,5399
590009,Mahele,Mthonjaneni,KwaZulu-Natal,660
961006,Mahembeni,Greater Letaba,Limpopo,1970
286071,Mahemeng,Elundini,Eastern Cape,975
286070,Mahemeny,Elundini,Eastern Cape,1047
965096,Maheni,Mutale,Limpopo,605
542080,Maheze,Nkandla,KwaZulu-Natal,184
576005,Mahlaba,Msinga,KwaZulu-Natal,1802
287034,Mahlabaneng,Senqu,Eastern Cape,773
986054,Mahlabaphooko,Fetakgomo,Limpopo,640
505007,Mahlabathini,Ezingoleni,KwaZulu-Natal,1665
567007,Mahlabathini,Mkhambathini,KwaZulu-Natal,259
593040,Mahlabathini,Ndwedwe,KwaZulu-Natal,2035
599028,Mahlabathini,eThekwini,KwaZulu-Natal,4111
581055,Mahlabatini,Ulundi,KwaZulu-Natal,1511
986004,Mahlabeng,Fetakgomo,Limpopo,365
987161,Mahlagari,Greater Tubatse,Limpopo,1507
987126,Mahlageng,Greater Tubatse,Limpopo,178
986012,Mahlahlaneng,Fetakgomo,Limpopo,906
587014,Mahlahuva,Mfolozi,KwaZulu-Natal,3903
985043,Mahlakane Soleng,Makhuduthamaga,Limpopo,615
295280,Mahlake,Matatiele,Eastern Cape,419
985009,Mahlakole,Makhuduthamaga,Limpopo,1457
582092,Mahlakwe,Umhlabuyalingana,KwaZulu-Natal,2435
985020,Mahlalaneng,Makhuduthamaga,Limpopo,853
504050,Mahlangweni,UMuziwabantu,KwaZulu-Natal,1422
542065,Mahlathi,Nkandla,KwaZulu-Natal,909
960040,Mahlathi,Greater Giyani,Limpopo,2862
270373,Mahlathini,Mbhashe,Eastern Cape,83
291180,Mahlathini,Port St Johns,Eastern Cape,335
282111,Mahlatini A,Intsika Yethu,Eastern Cape,310
282051,Mahlatini B,Intsika Yethu,Eastern Cape,266
976006,Mahlatsani,Lepele-Nkumpi,Limpopo,531
474002,Mahlatswetsa,Mantsopa,Free State,5591
282073,Mahlengele,Intsika Yethu,Eastern Cape,1261
295193,Mahlobathini,Matatiele,Eastern Cape,587
877126,Mahlobyanini,Bushbuckridge,Mpumalanga,3908
578040,Mahloni,eDumbe,KwaZulu-Natal,778
578035,Mahlosani,eDumbe,KwaZulu-Natal,422
282192,Mahlubini,Intsika Yethu,Eastern Cape,83
287106,Mahlubini,Senqu,Eastern Cape,450
504043,Mahlubini,UMuziwabantu,KwaZulu-Natal,2699
505017,Mahlubini,Ezingoleni,KwaZulu-Natal,1704
282105,Mahlubini A,Intsika Yethu,Eastern Cape,522
293089,Mahlungulu,Mhlontlo,Eastern Cape,1542
582002,Mahlungulu,Umhlabuyalingana,KwaZulu-Natal,3324
565008,Mahlutshini,Impendle,KwaZulu-Natal,760
982007,Mahlwareng,Mogalakwena,Limpopo,372
296064,Mahobe,Umzimvubu,Eastern Cape,149
598199,Mahobe,Umzimkhulu,KwaZulu-Natal,370
292015,Mahobeni,Nyandeni,Eastern Cape,271
664089,Mahobieskraal,Moses Kotane,North West,773
594032,Mahoho,Ingwe,KwaZulu-Natal,278
295145,Maholoholo,Matatiele,Eastern Cape,377
968020,Maholoni,Makhado,Limpopo,276
584013,Mahongaza,The Big 5 False Bay,KwaZulu-Natal,844
292008,Mahoyana,Nyandeni,Eastern Cape,665
874036,Mahukube,Mbombela,Mpumalanga,424
360116,Mahukubung,Joe Morolong,Northern Cape,393
874002,Mahukule A,Mbombela,Mpumalanga,224
877138,Mahukule A,Bushbuckridge,Mpumalanga,6635
877140,Mahukule B,Bushbuckridge,Mpumalanga,2432
966025,Mahunguhwi,Thulamela,Limpopo,394
538032,Mahunu,uMhlathuze,KwaZulu-Natal,3543
874008,Mahushu,Mbombela,Mpumalanga,16947
589041,Mahuzu,uMlalazi,KwaZulu-Natal,442
982120,Mahwelereng,Mogalakwena,Limpopo,41072
974014,Mahwibitswane,Polokwane,Limpopo,888
968111,Maila,Makhado,Limpopo,6816
985066,Maila Modiketsi,Makhuduthamaga,Limpopo,2870
985046,Mailasegolo,Makhuduthamaga,Limpopo,2238
662013,Maile,Rustenburg,North West,852
276138,Maipase,Nkonkobe,Eastern Cape,1092
360066,Maipeng,Joe Morolong,Northern Cape,1061
665016,Maipeng,Ratlou,North West,3635
986068,Maisela,Fetakgomo,Limpopo,944
565004,Maitland,Impendle,KwaZulu-Natal,292
293260,Majaba,Mhlontlo,Eastern Cape,594
661045,Majakaneng,Madibeng,North West,22683
271269,Majamaneni,Mnquma,Eastern Cape,160
274009,Majamanini,Ngqushwa,Eastern Cape,477
666017,Majaneng,Tswaing,North West,709
799004,Majaneng,City of Tshwane,Gauteng,9972
360058,Majankeng,Joe Morolong,Northern Cape,244
297123,Majavu,Mbizana,Eastern Cape,833
963008,Majeje,Ba-Phalaborwa,Limpopo,40225
297289,Majela,Mbizana,Eastern Cape,839
667042,Majemantsho,Mafikeng,North West,8494
464006,Majemasweu,Masilonyana,Free State,9765
666013,Majeng,Tswaing,North West,1501
293081,Majodini,Mhlontlo,Eastern Cape,577
296006,Majojweni,Umzimvubu,Eastern Cape,70
270344,Majola,Mbhashe,Eastern Cape,112
576027,Majozi,Msinga,KwaZulu-Natal,251
583076,Majozini,Jozini,KwaZulu-Natal,874
296232,Majuba,Umzimvubu,Eastern Cape,50
863003,Majuba,Pixley Ka Seme,Mpumalanga,65
594071,Majukujukwini,Ingwe,KwaZulu-Natal,676
276046,Majwareni,Nkonkobe,Eastern Cape,343
294151,Majwarheni A,King Sabata Dalindyebo,Eastern Cape,819
294180,Majwarheni B,King Sabata Dalindyebo,Eastern Cape,553
360085,Makadibeng,Joe Morolong,Northern Cape,155
984017,Makaepea,Elias Motsoaledi,Limpopo,639
274083,Makahlane,Ngqushwa,Eastern Cape,228
966113,Makahlule,Thulamela,Limpopo,1865
674009,Makala a Thutlwa,Kagisano/Molopo,North West,218
360054,Makalaneng,Joe Morolong,Northern Cape,5358
270261,Makambi,Mbhashe,Eastern Cape,161
270453,Makamiso Dinata,Mbhashe,Eastern Cape,259
264002,Makana NU,Makana,Eastern Cape,8386
571070,Makanda,Okhahlamba,KwaZulu-Natal,1410
583021,Makane,Jozini,KwaZulu-Natal,6305
286052,Makanyaneng,Elundini,Eastern Cape,387
799031,Makanyaneng,City of Tshwane,Gauteng,1127
974086,Makanye,Polokwane,Limpopo,9536
985042,Makapa,Makhuduthamaga,Limpopo,1471
982124,Makapan Valley,Mogalakwena,Limpopo,358
660038,Makapanstad,Moretele,North West,15076
974135,Makatiane,Polokwane,Limpopo,721
968029,Makatu,Makhado,Limpopo,956
286045,Makautlane,Elundini,Eastern Cape,804
965014,Makavhini,Mutale,Limpopo,709
874072,Makawusi,Mbombela,Mpumalanga,2625
982081,Makekeng,Mogalakwena,Limpopo,1620
974081,Makeketela,Polokwane,Limpopo,3080
464005,Makeleketle,Masilonyana,Free State,12701
580185,Makeme,Nongoma,KwaZulu-Natal,899
472051,Makeneng,Maluti a Phofung,Free State,3246
286097,Makeng,Elundini,Eastern Cape,623
360100,Maketlele,Joe Morolong,Northern Cape,217
297285,Makewini A,Mbizana,Eastern Cape,78
297268,Makewini B,Mbizana,Eastern Cape,241
297260,Makewini C,Mbizana,Eastern Cape,137
667016,Makgabana  (Madibe),Mafikeng,North West,3556
969106,Makgabeng,Blouberg,Limpopo,538
661007,Makgabetlwane,Madibeng,North West,917
961038,Makgakabeng,Greater Letaba,Limpopo,2369
961014,Makgakgapatse,Greater Letaba,Limpopo,2021
973033,Makgalong,Molemole,Limpopo,373
969025,Makgari,Blouberg,Limpopo,564
964015,Makgaung,Maruleng,Limpopo,4648
987070,Makgelane,Greater Tubatse,Limpopo,597
472060,Makgemeng,Maluti a Phofung,Free State,1316
987124,Makgemeng,Greater Tubatse,Limpopo,1897
974109,Makgeng,Polokwane,Limpopo,448
974022,Makgoba,Polokwane,Limpopo,325
970057,Makgobane,Aganang,Limpopo,2349
974040,Makgofe,Polokwane,Limpopo,9085
667006,Makgokgwane,Mafikeng,North West,728
986050,Makgonyane,Fetakgomo,Limpopo,387
664052,Makgope,Moses Kotane,North West,988
984005,Makgophong,Elias Motsoaledi,Limpopo,571
665008,Makgori,Ratlou,North West,1066
984013,Makgukubjane,Elias Motsoaledi,Limpopo,1845
974101,Makgwaneng,Polokwane,Limpopo,721
669009,Makgwaphana,Ramotshere Moiloa,North West,1939
974035,Makgwareng,Polokwane,Limpopo,667
286082,Makgwaseng,Elundini,Eastern Cape,818
968079,Makhado,Makhado,Limpopo,25360
968002,Makhado NU,Makhado,Limpopo,20273
270368,Makhakha,Mbhashe,Eastern Cape,207
297093,Makhal Endlovu,Mbizana,Eastern Cape,821
472019,Makhalaneng,Maluti a Phofung,Free State,5085
598231,Makhaleni,Umzimkhulu,KwaZulu-Natal,837
586017,Makhambane,Mtubatuba,KwaZulu-Natal,4016
598035,Makhamleni,Umzimkhulu,KwaZulu-Natal,105
542101,Makhanyezi,Nkandla,KwaZulu-Natal,190
966144,Makhasa,Thulamela,Limpopo,1121
576008,Makhasana,Msinga,KwaZulu-Natal,1807
582027,Makhaya,Umhlabuyalingana,KwaZulu-Natal,2069
589006,Makhehle,uMlalazi,KwaZulu-Natal,4019
283205,Makhikhi,Emalahleni,Eastern Cape,737
286077,Makhoaseng,Elundini,Eastern Cape,998
295081,Makhoaseng,Matatiele,Eastern Cape,762
295044,Makhoba,Matatiele,Eastern Cape,1003
293147,Makhodi,Mhlontlo,Eastern Cape,836
589005,Makholokholo,uMlalazi,KwaZulu-Natal,2257
588042,Makholwase,Ntambanana,KwaZulu-Natal,2786
295014,Makholweni,Matatiele,Eastern Cape,152
567018,Makholweni,Mkhambathini,KwaZulu-Natal,2117
594069,Makholweni,Ingwe,KwaZulu-Natal,987
598087,Makholweni,Umzimkhulu,KwaZulu-Natal,267
271152,Makhomazini,Mnquma,Eastern Cape,157
589123,Makhoni,uMlalazi,KwaZulu-Natal,1324
590018,Makhosaneni,Mthonjaneni,KwaZulu-Natal,2285
581119,Makhosini,Ulundi,KwaZulu-Natal,2584
286065,Makhotlana,Elundini,Eastern Cape,51
667049,Makhubung,Mafikeng,North West,2482
985002,Makhuduthamaga NU,Makhuduthamaga,Limpopo,1834
966006,Makhumbe,Thulamela,Limpopo,56
284129,Makhumeni,Engcobo,Eastern Cape,426
283191,Makhumeni / Manga,Emalahleni,Eastern Cape,175
294298,Makhumsheni,King Sabata Dalindyebo,Eastern Cape,477
961104,Makhupe,Greater Letaba,Limpopo,338
976055,Makhushaneng,Lepele-Nkumpi,Limpopo,3356
983028,Makhutso,Ephraim Mogale,Limpopo,277
985095,Makhutso,Makhuduthamaga,Limpopo,1042
966148,Makhuvha A,Thulamela,Limpopo,1050
966073,Makhuvha B,Thulamela,Limpopo,5394
282088,Makhuzeni,Intsika Yethu,Eastern Cape,372
292124,Makhuzeni,Nyandeni,Eastern Cape,23
594041,Makhuzeni,Ingwe,KwaZulu-Natal,1105
290224,Makhwalweni,Ngquza Hill,Eastern Cape,2044
591018,Makhwanini,Mandeni,KwaZulu-Natal,2275
297368,Makhwantini,Mbizana,Eastern Cape,1163
974102,Makhwareng,Polokwane,Limpopo,1068
588055,Makhwela,Ntambanana,KwaZulu-Natal,1254
571048,Makhwelela A,Okhahlamba,KwaZulu-Natal,840
571058,Makhwelela B,Okhahlamba,KwaZulu-Natal,691
292132,Makhwethubeni,Nyandeni,Eastern Cape,1617
270028,Makinana,Mbhashe,Eastern Cape,75
982023,Makobe,Mogalakwena,Limpopo,1111
270013,Makobokeni,Mbhashe,Eastern Cape,465
976031,Makoeng,Lepele-Nkumpi,Limpopo,3424
287037,Makojong,Senqu,Eastern Cape,211
874023,Makoko,Mbombela,Mpumalanga,3026
675011,Makokskraal,Ventersdorp,North West,166
986078,Makola,Fetakgomo,Limpopo,603
662056,Makolokwe,Rustenburg,North West,1574
296114,Makolonini,Umzimvubu,Eastern Cape,1074
295052,Makomereng,Matatiele,Eastern Cape,339
872029,Makometsane,Dr JS Moroka,Mpumalanga,1735
966034,Makonde,Thulamela,Limpopo,6077
987065,Makopung,Greater Tubatse,Limpopo,769
664073,Makoshong,Moses Kotane,North West,848
974054,Makotopong,Polokwane,Limpopo,8163
976043,Makotse,Lepele-Nkumpi,Limpopo,2990
292047,Makotyana,Nyandeni,Eastern Cape,917
667071,Makouspan,Mafikeng,North West,1515
966195,Makovha,Thulamela,Limpopo,2083
286094,Makratlanyeni,Elundini,Eastern Cape,301
986081,Makua,Fetakgomo,Limpopo,643
286051,Makuatlana,Elundini,Eastern Cape,547
987034,Makubu,Greater Tubatse,Limpopo,2826
974122,Makubung,Polokwane,Limpopo,218
962088,Makudibung,Greater Tzaneen,Limpopo,7629
966083,Makuleke,Thulamela,Limpopo,4502
966167,Makumbane,Thulamela,Limpopo,2219
966174,Makumeke,Thulamela,Limpopo,1429
287070,Makumsha,Senqu,Eastern Cape,384
968056,Makungwi,Makhado,Limpopo,804
976049,Makurung,Lepele-Nkumpi,Limpopo,4911
968009,Makushu,Makhado,Limpopo,1508
287049,Makuyaze,Senqu,Eastern Cape,375
985022,Makwage,Makhuduthamaga,Limpopo,355
472036,Makwane,Maluti a Phofung,Free State,18550
966068,Makwarani,Thulamela,Limpopo,867
678009,Makwassie,Maquassi Hills,North West,13351
270323,Makwayini,Mbhashe,Eastern Cape,134
282323,Makwayini,Intsika Yethu,Eastern Cape,63
664059,Makweleng,Moses Kotane,North West,1573
961007,Makwidibung,Greater Letaba,Limpopo,1233
965095,Makwilidza,Mutale,Limpopo,346
293018,Maladini,Mhlontlo,Eastern Cape,219
984071,Malaeneng,Elias Motsoaledi,Limpopo,2039
985115,Malaeneng,Makhuduthamaga,Limpopo,214
986029,Malaeneng,Fetakgomo,Limpopo,1329
987042,Malaeneng,Greater Tubatse,Limpopo,669
599174,Malagazi,eThekwini,KwaZulu-Natal,29651
860012,Malahleka,Albert Luthuli,Mpumalanga,333
985151,Malaka,Makhuduthamaga,Limpopo,1618
575125,Malakatha,Nqutu,KwaZulu-Natal,2088
876009,Malalane,Nkomazi,Mpumalanga,3486
967005,Malale,Musina,Limpopo,1963
966115,Malamangwa,Thulamela,Limpopo,495
966204,Malamhala,Thulamela,Limpopo,1211
877113,Malamule,Bushbuckridge,Mpumalanga,813
966184,Malamulele,Thulamela,Limpopo,13070
582022,Malangeni,Umhlabuyalingana,KwaZulu-Natal,77
290252,Malangeni A,Ngquza Hill,Eastern Cape,2559
290093,Malangeni B,Ngquza Hill,Eastern Cape,0
976083,Malatane,Lepele-Nkumpi,Limpopo,1690
798001,Malatjie,City of Johannesburg,Gauteng,2321
966087,Malavuwe,Thulamela,Limpopo,2362
983035,Malebitsa,Ephraim Mogale,Limpopo,4041
465001,Malebogo,Tokologo,Free State,8445
571066,Malefetheni,Okhahlamba,KwaZulu-Natal,5232
976063,Malekapane,Lepele-Nkumpi,Limpopo,509
874026,Malekutu,Mbombela,Mpumalanga,7538
976021,Malemang,Lepele-Nkumpi,Limpopo,561
961095,Malematsa,Greater Letaba,Limpopo,1455
592031,Malende,KwaDukuza,KwaZulu-Natal,806
598054,Malenge,Umzimkhulu,KwaZulu-Natal,612
984058,Maleoskop,Elias Motsoaledi,Limpopo,115
293204,Malepelepe,Mhlontlo,Eastern Cape,268
986022,Malepeng,Fetakgomo,Limpopo,203
288003,Maletswai NU,Maletswai,Eastern Cape,3981
170006,Malgas,Swellendam,Western Cape,44
163011,Malgaseiland,Saldanha Bay,Western Cape,0
294286,Malindini,King Sabata Dalindyebo,Eastern Cape,376
290289,Malizole,Ngquza Hill,Eastern Cape,2818
164016,Malmesbury,Swartland,Western Cape,10299
582083,Malobeni,Umhlabuyalingana,KwaZulu-Natal,229
583085,Malobeni,Jozini,KwaZulu-Natal,1469
986033,Malogeng,Fetakgomo,Limpopo,1215
987011,Malokela,Greater Tubatse,Limpopo,1676
982069,Malokong,Mogalakwena,Limpopo,2735
290122,Malola,Ngquza Hill,Eastern Cape,218
986020,Malomanye,Fetakgomo,Limpopo,1018
576056,Malomeni,Msinga,KwaZulu-Natal,7039
580026,Malomeni,Nongoma,KwaZulu-Natal,385
291140,Malongana,Port St Johns,Eastern Cape,33
297280,Malongwana,Mbizana,Eastern Cape,2311
270363,Malongwe,Mbhashe,Eastern Cape,120
293225,Malongwe,Mhlontlo,Eastern Cape,168
296143,Malongwe,Umzimvubu,Eastern Cape,675
271098,Malongweni,Mnquma,Eastern Cape,329
985016,Malope,Makhuduthamaga,Limpopo,914
284333,Maloseni,Engcobo,Eastern Cape,71
295275,Maloseni,Matatiele,Eastern Cape,80
295111,Maloto,Matatiele,Eastern Cape,686
571007,Malottas Kraal,Okhahlamba,KwaZulu-Natal,943
546011,Malovana,Maphumulo,KwaZulu-Natal,171
281020,Malsoleni,Lukanji,Eastern Cape,271
295122,Malubalube,Matatiele,Eastern Cape,1476
599175,Malukazi,eThekwini,KwaZulu-Natal,19520
542039,Malunga,Nkandla,KwaZulu-Natal,983
292228,Malungeni,Nyandeni,Eastern Cape,610
588045,Malungwini,Ntambanana,KwaZulu-Natal,427
295117,Maluti,Matatiele,Eastern Cape,7223
472002,Maluti A Phofung NU,Maluti a Phofung,Free State,6360
295106,Maluti Part 2,Matatiele,Eastern Cape,86
471002,Mamafubedu,Nketoana,Free State,12297
961012,Mamaila,Greater Letaba,Limpopo,9632
961105,Mamakata,Greater Letaba,Limpopo,373
293040,Mamani,Mhlontlo,Eastern Cape,166
976041,Mamaolo,Lepele-Nkumpi,Limpopo,6546
672017,Mamashokwane,Greater Taung,North West,542
260052,Mamata,Buffalo City,Eastern Cape,459
976077,Mamatonya,Lepele-Nkumpi,Limpopo,436
985045,Mamatsikili,Makhuduthamaga,Limpopo,1028
576052,Mambeni,Msinga,KwaZulu-Natal,1494
292094,Mambethu,Nyandeni,Eastern Cape,1381
504013,Mambotho,UMuziwabantu,KwaZulu-Natal,571
297196,Mamcakweni,Mbizana,Eastern Cape,570
581039,Mame,Ulundi,KwaZulu-Natal,1162
970022,Mamehlabe,Aganang,Limpopo,1785
271053,Mamela,Mnquma,Eastern Cape,64
761010,Mamello,Midvaal,Gauteng,1175
799046,Mamelodi,City of Tshwane,Gauteng,334577
877016,Mamelodi,Bushbuckridge,Mpumalanga,3619
969082,Mamelodi,Blouberg,Limpopo,523
598191,Mameni,Umzimkhulu,KwaZulu-Natal,1103
662014,Mamerotse,Rustenburg,North West,1318
582067,Mamfene,Umhlabuyalingana,KwaZulu-Natal,0
281016,Mamfeneni,Lukanji,Eastern Cape,413
282219,Mamfeneni,Intsika Yethu,Eastern Cape,202
284122,Mamfeneni,Engcobo,Eastern Cape,19
271319,Mamfenesi,Mnquma,Eastern Cape,129
270072,Mamfengwini,Mbhashe,Eastern Cape,494
282044,Mamfengwini,Intsika Yethu,Eastern Cape,161
283040,Mamfengwini,Emalahleni,Eastern Cape,371
284155,Mamfengwini,Engcobo,Eastern Cape,576
286163,Mamfengwini,Elundini,Eastern Cape,134
292078,Mamfengwini,Nyandeni,Eastern Cape,1807
964027,Mamietja,Maruleng,Limpopo,1302
662046,Mamitloana,Rustenburg,North West,4320
672066,Mammutla,Greater Taung,North West,1634
987007,Mamogolo,Greater Tubatse,Limpopo,229
961035,Mamokgadi,Greater Letaba,Limpopo,1187
292316,Mamolweni,Nyandeni,Eastern Cape,888
361018,Mamoratwe,Ga-Segonyana,Northern Cape,2266
974082,Mamotintane,Polokwane,Limpopo,1885
985134,Mampane,Makhuduthamaga,Limpopo,670
987087,Mamphahlane,Greater Tubatse,Limpopo,1621
961110,Mamphakathi,Greater Letaba,Limpopo,856
983039,Mamphokgo,Ephraim Mogale,Limpopo,5489
270433,Mampingeni,Mbhashe,Eastern Cape,269
282137,Mampingeni,Intsika Yethu,Eastern Cape,394
284244,Mampingeni,Engcobo,Eastern Cape,313
293224,Mampingeni,Mhlontlo,Eastern Cape,951
294079,Mampingeni,King Sabata Dalindyebo,Eastern Cape,586
297257,Mampingeni,Mbizana,Eastern Cape,1112
294239,Mampingeni A,King Sabata Dalindyebo,Eastern Cape,671
294414,Mampingeni B,King Sabata Dalindyebo,Eastern Cape,398
295002,Mampola,Matatiele,Eastern Cape,0
292177,Mampondomiseni,Nyandeni,Eastern Cape,2768
296118,Mampondomiseni,Umzimvubu,Eastern Cape,1200
270213,Mampondweni,Mbhashe,Eastern Cape,82
282080,Mampondweni,Intsika Yethu,Eastern Cape,513
284237,Mampondweni,Engcobo,Eastern Cape,177
291136,Mampube,Port St Johns,Eastern Cape,706
199001,Mamre,City of Cape Town,Western Cape,9048
968024,Mamuhoyi,Makhado,Limpopo,1565
671002,Mamusa [Schweizer-Reneke]  NU,Mamusa,North West,7752
297345,Mamvunyelwa,Mbizana,Eastern Cape,114
860016,Manaar,Albert Luthuli,Mpumalanga,965
976064,Manaileng,Lepele-Nkumpi,Limpopo,2189
294016,Manaleni,King Sabata Dalindyebo,Eastern Cape,859
664046,Manamakhotheng,Moses Kotane,North West,10842
966193,Manamane,Thulamela,Limpopo,2897
966063,Maname,Thulamela,Limpopo,204
968050,Maname,Makhado,Limpopo,1903
664061,Manamela,Moses Kotane,North West,777
666021,Manamolele,Tswaing,North West,7695
876056,Mananga,Nkomazi,Mpumalanga,2440
270296,Manangeni,Mbhashe,Eastern Cape,128
983054,Manapsane,Ephraim Mogale,Limpopo,5543
295083,Manase,Matatiele,Eastern Cape,572
987121,Manawaneng,Greater Tubatse,Limpopo,536
294220,Mancam,King Sabata Dalindyebo,Eastern Cape,184
291203,Mancu,Port St Johns,Eastern Cape,370
293038,Mancuseni,Mhlontlo,Eastern Cape,426
542092,Mandaba,Nkandla,KwaZulu-Natal,1097
542064,Mandabe,Nkandla,KwaZulu-Natal,617
966104,Mandala,Thulamela,Limpopo,3078
589048,Mandawe,uMlalazi,KwaZulu-Natal,1804
272013,Mandela,Great Kei,Eastern Cape,563
272028,Mandela Park,Great Kei,Eastern Cape,671
294038,Mandela Park,King Sabata Dalindyebo,Eastern Cape,11463
666016,Mandela Park,Tswaing,North West,829
667070,Mandela Park,Mafikeng,North West,364
799011,Mandela Village,City of Tshwane,Gauteng,7305
591013,Mandeni,Mandeni,KwaZulu-Natal,3904
591014,Mandeni NU,Mandeni,KwaZulu-Natal,3138
295033,Manderstone,Matatiele,Eastern Cape,405
292220,Mandileni,Nyandeni,Eastern Cape,1718
294140,Mandileni,King Sabata Dalindyebo,Eastern Cape,223
295288,Mandileni,Matatiele,Eastern Cape,52
296102,Mandileni A,Umzimvubu,Eastern Cape,972
296083,Mandileni B,Umzimvubu,Eastern Cape,753
296101,Mandileni C,Umzimvubu,Eastern Cape,168
296149,Mandileni D,Umzimvubu,Eastern Cape,374
298137,Mandiliva,Ntabankulu,Eastern Cape,947
968025,Mandiwana,Makhado,Limpopo,3208
546040,Mandlakazi,Maphumulo,KwaZulu-Natal,437
599130,Mandlakazi B,eThekwini,KwaZulu-Natal,399
294351,Mandlakuveni,King Sabata Dalindyebo,Eastern Cape,378
282126,Mandlaneni,Intsika Yethu,Eastern Cape,725
283078,Mandlaneni,Emalahleni,Eastern Cape,182
284425,Mandlaneni A,Engcobo,Eastern Cape,453
294127,Mandlaneni A,King Sabata Dalindyebo,Eastern Cape,663
284318,Mandlaneni B,Engcobo,Eastern Cape,210
294195,Mandlaneni B,King Sabata Dalindyebo,Eastern Cape,767
294267,Mandlantsha,King Sabata Dalindyebo,Eastern Cape,373
588037,Mandlanzini,Ntambanana,KwaZulu-Natal,1402
597015,Mandlekazi,Ubuhlebezwe,KwaZulu-Natal,1686
292299,Mandleni,Nyandeni,Eastern Cape,872
294031,Mandleni,King Sabata Dalindyebo,Eastern Cape,1129
962045,Mandlhakazi,Greater Tzaneen,Limpopo,7555
297350,Mandlobe,Mbizana,Eastern Cape,1020
292195,Mandlovini,Nyandeni,Eastern Cape,721
294248,Mandlovini,King Sabata Dalindyebo,Eastern Cape,344
294143,Mandlovini B,King Sabata Dalindyebo,Eastern Cape,411
542072,Mandlozi,Nkandla,KwaZulu-Natal,1394
271371,Mandluntsha,Mnquma,Eastern Cape,157
576092,Mandulane,Msinga,KwaZulu-Natal,700
292126,Mandulwini,Nyandeni,Eastern Cape,420
293108,Mandyimba,Mhlontlo,Eastern Cape,303
581059,Manekwane,Ulundi,KwaZulu-Natal,300
966186,Manele,Thulamela,Limpopo,1658
587012,Manembeni,Mfolozi,KwaZulu-Natal,3089
294330,Manfengwini,King Sabata Dalindyebo,Eastern Cape,61
987125,Mangabane,Greater Tubatse,Limpopo,753
985038,Manganeng,Makhuduthamaga,Limpopo,2407
270513,Manganyela,Mbhashe,Eastern Cape,1480
973025,Mangate,Molemole,Limpopo,1508
270362,Mangathi,Mbhashe,Eastern Cape,1434
290126,Mangatini,Ngquza Hill,Eastern Cape,207
472031,Mangaung,Maluti a Phofung,Free State,9151
499024,Mangaung,Mangaung,Free State,209262
499002,Mangaung NU,Mangaung,Free State,17893
965094,Mangaya,Mutale,Limpopo,1252
292006,Mangcwanguleni,Nyandeni,Eastern Cape,355
281024,Mangena,Lukanji,Eastern Cape,249
294355,Mangeni,King Sabata Dalindyebo,Eastern Cape,325
598023,Mangeni,Umzimkhulu,KwaZulu-Natal,94
293188,Mangezimeni,Mhlontlo,Eastern Cape,637
271097,Mangobomvu A,Mnquma,Eastern Cape,988
271245,Mangobomvu B,Mnquma,Eastern Cape,480
286020,Mangoloaneg East,Elundini,Eastern Cape,299
286023,Mangoloaneng,Elundini,Eastern Cape,943
295255,Mangoloaneni,Matatiele,Eastern Cape,82
286018,Mangolong,Elundini,Eastern Cape,619
295221,Mangolong,Matatiele,Eastern Cape,1117
294309,Mangolotini,King Sabata Dalindyebo,Eastern Cape,923
293294,Mangolweni,Mhlontlo,Eastern Cape,312
297351,Mangomani,Mbizana,Eastern Cape,532
966147,Mangondi A,Thulamela,Limpopo,2373
966088,Mangondi B,Thulamela,Limpopo,1275
271142,Mangondini,Mnquma,Eastern Cape,930
293263,Mangonkone,Mhlontlo,Eastern Cape,581
591019,Mangqakaza,Mandeni,KwaZulu-Natal,1074
270086,Mangqamra,Mbhashe,Eastern Cape,209
296225,Mangqamzeni,Umzimvubu,Eastern Cape,1236
270189,Mangqileni,Mbhashe,Eastern Cape,824
290067,Mangquzu,Ngquza Hill,Eastern Cape,1482
582029,Manguzi,Umhlabuyalingana,KwaZulu-Natal,6875
292024,Mangwaneni,Nyandeni,Eastern Cape,2492
293095,Mangwaneni,Mhlontlo,Eastern Cape,309
571055,Mangwaneni,Okhahlamba,KwaZulu-Natal,879
985126,Mangwanyana,Makhuduthamaga,Limpopo,408
583081,Mangwazane,Jozini,KwaZulu-Natal,1105
877141,Mangwazi,Bushbuckridge,Mpumalanga,61
965114,Mangwele,Mutale,Limpopo,224
270199,Mangweni,Mbhashe,Eastern Cape,545
282313,Mangweni,Intsika Yethu,Eastern Cape,191
287123,Mangweni,Senqu,Eastern Cape,1375
290192,Mangweni,Ngquza Hill,Eastern Cape,288
876039,Mangweni,Nkomazi,Mpumalanga,22948
962079,Mangweni,Greater Tzaneen,Limpopo,1473
271271,Mangweni A,Mnquma,Eastern Cape,549
282155,Mangweni A,Intsika Yethu,Eastern Cape,641
283022,Mangweni A,Emalahleni,Eastern Cape,178
271358,Mangweni B,Mnquma,Eastern Cape,211
283199,Mangweni B,Emalahleni,Eastern Cape,168
270314,Mangweveni,Mbhashe,Eastern Cape,403
283196,Mangweveni,Emalahleni,Eastern Cape,204
294337,Mangwevini,King Sabata Dalindyebo,Eastern Cape,662
293144,Mangxamfu,Mhlontlo,Eastern Cape,659
282144,Mangxongweni,Intsika Yethu,Eastern Cape,649
284208,Mangxongweni,Engcobo,Eastern Cape,571
583044,Manhlali,Jozini,KwaZulu-Natal,586
580179,Manhlanhla,Nongoma,KwaZulu-Natal,0
573032,Manjokweni,Imbabazane,KwaZulu-Natal,1155
593007,Manjonjweni,Ndwedwe,KwaZulu-Natal,39
293236,Manka,Mhlontlo,Eastern Cape,424
664021,Mankaipaya,Moses Kotane,North West,502
589140,Mankayiyana,uMlalazi,KwaZulu-Natal,1493
589116,Mankentshaneni,uMlalazi,KwaZulu-Natal,665
974115,Mankgaile,Polokwane,Limpopo,1748
661005,Mankgekgetha,Madibeng,North West,643
292331,Mankozi,Nyandeni,Eastern Cape,454
589023,Mankumbu,uMlalazi,KwaZulu-Natal,1106
589063,Mankunzana,uMlalazi,KwaZulu-Natal,201
587025,Mankwathini,Mfolozi,KwaZulu-Natal,812
664032,Mankwe,Moses Kotane,North West,551
974084,Mankweng,Polokwane,Limpopo,33738
968044,Manngo,Makhado,Limpopo,708
986093,Manoge,Fetakgomo,Limpopo,327
987134,Manoke,Greater Tubatse,Limpopo,1672
672026,Manokwane,Greater Taung,North West,3722
666019,Manonyane,Tswaing,North West,573
983025,Manotolwaneng,Ephraim Mogale,Limpopo,424
986025,Manotwang,Fetakgomo,Limpopo,1356
580109,Manqashi,Nongoma,KwaZulu-Natal,3239
283182,Manqata,Emalahleni,Eastern Cape,18
290247,Manqilo A,Ngquza Hill,Eastern Cape,385
290106,Manqilo B,Ngquza Hill,Eastern Cape,695
281082,Manqondane,Lukanji,Eastern Cape,126
598188,Manqorholweni,Umzimkhulu,KwaZulu-Natal,608
284432,Manqoyi,Engcobo,Eastern Cape,193
272005,Manqukela,Great Kei,Eastern Cape,185
580083,Manqushana,Nongoma,KwaZulu-Natal,666
579016,Mantandeni,UPhongolo,KwaZulu-Natal,1152
292173,Mantanjeni,Nyandeni,Eastern Cape,436
270522,Mantashe,Mbhashe,Eastern Cape,77
973015,Manthata,Molemole,Limpopo,450
672025,Manthathabe,Greater Taung,North West,661
672029,Manthe,Greater Taung,North West,4090
974029,Mantheding A,Polokwane,Limpopo,2178
974019,Mantheding B,Polokwane,Limpopo,110
284197,Mantlaneni,Engcobo,Eastern Cape,250
290161,Mantlaneni,Ngquza Hill,Eastern Cape,2241
872038,Mantlole,Dr JS Moroka,Mpumalanga,683
285072,Mantlolufa,Sakhisizwe,Eastern Cape,261
667066,Mantsa,Mafikeng,North West,999
987050,Mantsakane,Greater Tubatse,Limpopo,396
664015,Mantserre,Moses Kotane,North West,4350
961093,Mantsha,Greater Letaba,Limpopo,2498
294281,Mantshaya,King Sabata Dalindyebo,Eastern Cape,710
294312,Mantshilibeni,King Sabata Dalindyebo,Eastern Cape,238
664039,Mantsho,Moses Kotane,North West,648
669023,Mantsie,Ramotshere Moiloa,North West,312
474003,Mantsopa NU,Mantsopa,Free State,8214
472034,Mantsubise,Maluti a Phofung,Free State,2685
597061,Mantulela,Ubuhlebezwe,KwaZulu-Natal,456
271125,Mantunzeleni,Mnquma,Eastern Cape,538
270465,Mantusini,Mbhashe,Eastern Cape,321
291145,Mantusini,Port St Johns,Eastern Cape,1582
598213,Mantuzeleni,Umzimkhulu,KwaZulu-Natal,878
284313,Manuneni,Engcobo,Eastern Cape,406
575133,Manxili,Nqutu,KwaZulu-Natal,1503
284238,Manxingweni,Engcobo,Eastern Cape,272
291137,Manxiweni,Port St Johns,Eastern Cape,828
292133,Manxiweni,Nyandeni,Eastern Cape,602
293056,Manxiweni,Mhlontlo,Eastern Cape,52
294035,Manxiweni,King Sabata Dalindyebo,Eastern Cape,645
877098,Manyakatana,Bushbuckridge,Mpumalanga,4532
297378,Manyala,Mbizana,Eastern Cape,307
582068,Manyampisi,Umhlabuyalingana,KwaZulu-Natal,848
285053,Manyandube,Sakhisizwe,Eastern Cape,339
542103,Manyane,Nkandla,KwaZulu-Natal,217
984028,Manyanga,Elias Motsoaledi,Limpopo,1095
598179,Manyanya,Umzimkhulu,KwaZulu-Natal,349
474004,Manyatseng,Mantsopa,Free State,21598
360115,Manyeding,Joe Morolong,Northern Cape,1583
985098,Manyeleti,Makhuduthamaga,Limpopo,2260
877006,Manyeleti Game reserve,Bushbuckridge,Mpumalanga,114
290090,Manyengele,Ngquza Hill,Eastern Cape,451
968022,Manyii,Makhado,Limpopo,1594
968124,Manyima,Makhado,Limpopo,541
583006,Manyiseni,Jozini,KwaZulu-Natal,2263
575015,Manyongazane,Nqutu,KwaZulu-Natal,717
271217,Manyontolweni,Mnquma,Eastern Cape,162
294028,Manyosi,King Sabata Dalindyebo,Eastern Cape,836
283056,Manyosini,Emalahleni,Eastern Cape,638
294407,Manyosini,King Sabata Dalindyebo,Eastern Cape,464
966156,Manyuwa,Thulamela,Limpopo,135
282188,Manzabelu,Intsika Yethu,Eastern Cape,336
270379,Manzamnyama,Mbhashe,Eastern Cape,642
293179,Manzamnyama,Mhlontlo,Eastern Cape,200
567009,Manzamnyama,Mkhambathini,KwaZulu-Natal,328
587019,Manzamnyama,Mfolozi,KwaZulu-Natal,1706
589062,Manzamnyama,uMlalazi,KwaZulu-Natal,835
271455,Manzana,Mnquma,Eastern Cape,445
284287,Manzana,Engcobo,Eastern Cape,304
293235,Manzana,Mhlontlo,Eastern Cape,902
296103,Manzana,Umzimvubu,Eastern Cape,374
524015,Manzana,Newcastle,KwaZulu-Natal,2866
860004,Manzana,Albert Luthuli,Mpumalanga,6922
298010,Manzane,Ntabankulu,Eastern Cape,454
597040,Manzayabila,Ubuhlebezwe,KwaZulu-Natal,3
966043,Manzemba,Thulamela,Limpopo,608
270356,Manzikanyi,Mbhashe,Eastern Cape,123
292012,Manzimabi,Nyandeni,Eastern Cape,307
292275,Manzimahle,Nyandeni,Eastern Cape,267
285067,Manzimahle SP,Sakhisizwe,Eastern Cape,343
285048,Manzimdaka,Sakhisizwe,Eastern Cape,1283
542027,Manzimnyama,Nkandla,KwaZulu-Natal,862
874016,Manzini,Mbombela,Mpumalanga,7992
276150,Maoibini,Nkonkobe,Eastern Cape,445
475006,Maokeng,Moqhaka,Free State,73057
594036,Maoleni,Ingwe,KwaZulu-Natal,1483
985054,Maololo,Makhuduthamaga,Limpopo,501
877013,Maotole,Bushbuckridge,Mpumalanga,3834
965017,Mapakoni,Mutale,Limpopo,880
968047,Mapakophele,Makhado,Limpopo,824
877017,Mapaleng A,Bushbuckridge,Mpumalanga,2206
877023,Mapaleng B,Bushbuckridge,Mpumalanga,836
292311,Mapalo,Nyandeni,Eastern Cape,383
292219,Mapapeli,Nyandeni,Eastern Cape,848
664023,Mapaputle,Moses Kotane,North West,671
987089,Mapareng,Greater Tubatse,Limpopo,880
965081,Mapate,Mutale,Limpopo,381
966177,Mapate,Thulamela,Limpopo,3608
295142,Mapateng,Matatiele,Eastern Cape,398
978032,Mapela,Lephalale,Limpopo,5752
982099,Mapela,Mogalakwena,Limpopo,3549
295109,Mapfontein,Matatiele,Eastern Cape,439
295276,Maphakatlaling,Matatiele,Eastern Cape,275
295161,Mapheelle,Matatiele,Eastern Cape,392
290182,Mapheleni,Ngquza Hill,Eastern Cape,429
586009,Mapheleni,Mtubatuba,KwaZulu-Natal,2485
297013,Mapheleni (Emapheleni),Mbizana,Eastern Cape,691
669014,Maphepane,Ramotshere Moiloa,North West,146
360042,Maphiniki,Joe Morolong,Northern Cape,657
461016,Maphodi,Kopanong,Free State,2522
672037,Maphoitsile,Greater Taung,North West,4602
987046,Maphoko,Greater Tubatse,Limpopo,616
295057,Maphokweni,Matatiele,Eastern Cape,515
987153,Maphopha,Greater Tubatse,Limpopo,3094
542074,Maphophoma,Nkandla,KwaZulu-Natal,265
580143,Maphophoma,Nongoma,KwaZulu-Natal,2073
546005,Maphumulo NU,Maphumulo,KwaZulu-Natal,0
860033,Maphundlwane,Albert Luthuli,Mpumalanga,1318
580022,Maphundu,Nongoma,KwaZulu-Natal,322
966221,Mapimele,Thulamela,Limpopo,467
674029,Mapitiki,Kagisano/Molopo,North West,103
962031,Mapitula,Greater Tzaneen,Limpopo,2084
598212,Maplazini,Umzimkhulu,KwaZulu-Natal,1303
286232,Maplotini,Elundini,Eastern Cape,138
296230,Maplotini,Umzimvubu,Eastern Cape,146
298118,Maplotini,Ntabankulu,Eastern Cape,739
872023,Mapoch,Dr JS Moroka,Mpumalanga,9169
986048,Mapodi,Fetakgomo,Limpopo,391
295189,Mapoleni,Matatiele,Eastern Cape,256
295188,Mapoleseng,Matatiele,Eastern Cape,1099
287041,Mapoliseng,Senqu,Eastern Cape,324
542100,Mapoloba,Nkandla,KwaZulu-Natal,937
877107,Mapulaneng View,Bushbuckridge,Mpumalanga,3840
292217,Mapulazini,Nyandeni,Eastern Cape,202
965117,Mapuloni,Mutale,Limpopo,1014
967001,Mapungubwe Nature Reserve,Musina,Limpopo,332
294383,Mapuzi,King Sabata Dalindyebo,Eastern Cape,537
573002,Maqabaqabeni,Imbabazane,KwaZulu-Natal,4649
292322,Maqabeni,Nyandeni,Eastern Cape,190
294136,Maqadini,King Sabata Dalindyebo,Eastern Cape,419
284395,Maqakamzini,Engcobo,Eastern Cape,513
286225,Maqangulweni,Elundini,Eastern Cape,208
270218,Maqanyeni,Mbhashe,Eastern Cape,103
290092,Maqanyeni,Ngquza Hill,Eastern Cape,496
292074,Maqanyeni,Nyandeni,Eastern Cape,1900
293119,Maqanyeni,Mhlontlo,Eastern Cape,697
294396,Maqanyeni,King Sabata Dalindyebo,Eastern Cape,986
283144,Maqashu,Emalahleni,Eastern Cape,371
292231,Maqebevu,Nyandeni,Eastern Cape,440
271238,Maqele,Mnquma,Eastern Cape,525
286040,Maqhatseng,Elundini,Eastern Cape,432
295242,Maqhatseni,Matatiele,Eastern Cape,393
294144,Maqhinebeni,King Sabata Dalindyebo,Eastern Cape,876
294174,Maqhingeni,King Sabata Dalindyebo,Eastern Cape,176
589029,Maqhogo,uMlalazi,KwaZulu-Natal,1031
580117,Maqhomfini,Nongoma,KwaZulu-Natal,397
293015,Maqhubini,Mhlontlo,Eastern Cape,475
589129,Maqhulu,uMlalazi,KwaZulu-Natal,1274
270166,Maqhunqu,Mbhashe,Eastern Cape,179
503004,Maqikizane,Umzumbe,KwaZulu-Natal,619
282023,Maqingeni,Intsika Yethu,Eastern Cape,137
292065,Maqingeni,Nyandeni,Eastern Cape,315
283146,Maqohqweni,Emalahleni,Eastern Cape,341
296024,Maqokolo,Umzimvubu,Eastern Cape,57
284403,Maqomeni,Engcobo,Eastern Cape,525
294245,Maqomeni A,King Sabata Dalindyebo,Eastern Cape,1149
294252,Maqomeni B,King Sabata Dalindyebo,Eastern Cape,1253
294415,Maqomeni C,King Sabata Dalindyebo,Eastern Cape,584
567001,Maqomgoo,Mkhambathini,KwaZulu-Natal,1307
297341,Maqongwana,Mbizana,Eastern Cape,1513
270085,Maqotongweni,Mbhashe,Eastern Cape,315
678003,Maquassi Hills,Maquassi Hills,North West,14590
270478,Maqunde,Mbhashe,Eastern Cape,138
282001,Maqwateni,Intsika Yethu,Eastern Cape,126
285087,Maqwateni,Sakhisizwe,Eastern Cape,549
581086,Maqwatha,Ulundi,KwaZulu-Natal,1220
271462,Maqwathini,Mnquma,Eastern Cape,585
284125,Maqwathini,Engcobo,Eastern Cape,53
282052,Maqwatini A,Intsika Yethu,Eastern Cape,612
283121,Maqwatini A,Emalahleni,Eastern Cape,865
282220,Maqwatini B,Intsika Yethu,Eastern Cape,210
283041,Maqwatini B,Emalahleni,Eastern Cape,156
970074,Maraba,Aganang,Limpopo,1626
472057,Marabeng,Maluti a Phofung,Free State,909
985057,Maraganeng,Makhuduthamaga,Limpopo,268
499016,Maraisdal,Mangaung,Free State,140
961101,Maraka,Greater Letaba,Limpopo,436
987080,Marakalala,Greater Tubatse,Limpopo,103
287097,Marakaneng,Senqu,Eastern Cape,1387
472037,Marakong,Maluti a Phofung,Free State,3658
976051,Maralaleng,Lepele-Nkumpi,Limpopo,1939
287035,Maralaneng,Senqu,Eastern Cape,376
669027,Maramage,Ramotshere Moiloa,North West,360
965012,Maramanzhi,Mutale,Limpopo,664
598080,Marambeni,Umzimkhulu,KwaZulu-Natal,258
290114,Maramza,Ngquza Hill,Eastern Cape,347
298030,Maramzini,Ntabankulu,Eastern Cape,990
968008,Maranikhwe,Makhado,Limpopo,389
295285,Maranjana,Matatiele,Eastern Cape,274
598052,Maranjana,Umzimkhulu,KwaZulu-Natal,1055
966125,Maranzhe,Thulamela,Limpopo,1764
664036,Marapalalo,Moses Kotane,North West,492
978037,Marapong,Lephalale,Limpopo,26227
984074,Marapong,Elias Motsoaledi,Limpopo,2642
872008,Marapyane,Dr JS Moroka,Mpumalanga,10886
986084,Marathameng,Fetakgomo,Limpopo,132
984025,Maratheng,Elias Motsoaledi,Limpopo,1944
282357,Marawuleni,Intsika Yethu,Eastern Cape,91
294196,Marawuleni,King Sabata Dalindyebo,Eastern Cape,474
966031,Maraxwe,Thulamela,Limpopo,943
983059,Marble Hall,Ephraim Mogale,Limpopo,2687
983002,Marble Hall NU,Ephraim Mogale,Limpopo,16311
360018,March,Joe Morolong,Northern Cape,321
378016,Marchand,Kai !Garib,Northern Cape,3222
163009,Marcus Island,Saldanha Bay,Western Cape,0
985164,Mare,Makhuduthamaga,Limpopo,834
297069,Marelane,Mbizana,Eastern Cape,945
983012,Mareleng,Ephraim Mogale,Limpopo,134
284108,Mareleni,Engcobo,Eastern Cape,166
287033,Mareteng,Senqu,Eastern Cape,5036
987008,Maretiwane,Greater Tubatse,Limpopo,2361
664044,Maretlwana,Moses Kotane,North West,823
985070,Maretlwaneng,Makhuduthamaga,Limpopo,1048
292118,Mareweni,Nyandeni,Eastern Cape,1772
506051,Margate,Hibiscus Coast,KwaZulu-Natal,26785
290113,Marhamzeni,Ngquza Hill,Eastern Cape,2834
297281,Marhamzini,Mbizana,Eastern Cape,216
598051,Marhewini,Umzimkhulu,KwaZulu-Natal,580
271381,Marhotshozweni,Mnquma,Eastern Cape,121
296105,Marhwaqa,Umzimvubu,Eastern Cape,715
597026,Mariathal,Ubuhlebezwe,KwaZulu-Natal,441
295159,Mariazell Mission,Matatiele,Eastern Cape,590
669034,Marico-Bosveld Nature Reserve,Ramotshere Moiloa,North West,181
877009,Mariepskop State Forest,Bushbuckridge,Mpumalanga,4
662063,Marikana,Rustenburg,North West,19522
297326,Marina,Mbizana,Eastern Cape,241
877067,Maripe,Bushbuckridge,Mpumalanga,2949
962027,Mariron,Greater Tzaneen,Limpopo,5119
987140,Marisileng,Greater Tubatse,Limpopo,983
877132,Marite,Bushbuckridge,Mpumalanga,8657
962058,Mariveni,Greater Tzaneen,Limpopo,6055
876002,Marloth Park,Nkomazi,Mpumalanga,1000
987016,Marobajin,Greater Tubatse,Limpopo,2007
974013,Marobala,Polokwane,Limpopo,4201
669008,Maroelakop,Ramotshere Moiloa,North West,168
799009,Marokolong,City of Tshwane,Gauteng,17455
286171,Marombe,Elundini,Eastern Cape,330
598130,Maromeni,Umzimkhulu,KwaZulu-Natal,997
599042,Maromeni,eThekwini,KwaZulu-Natal,1774
877121,Marongwane,Bushbuckridge,Mpumalanga,1982
986021,Maropeng,Fetakgomo,Limpopo,605
987090,Marota,Greater Tubatse,Limpopo,1312
987123,Marota A,Greater Tubatse,Limpopo,334
986077,Maroteng,Fetakgomo,Limpopo,1481
872041,Marothobolong,Dr JS Moroka,Mpumalanga,2956
961086,Marotholong,Greater Letaba,Limpopo,4111
469005,Marquard,Setsoto,Free State,1033
970080,Mars,Aganang,Limpopo,1
526016,Martha,Dannhauser,KwaZulu-Natal,575
292041,Marubeni,Nyandeni,Eastern Cape,2399
976076,Marulaneng,Lepele-Nkumpi,Limpopo,2229
982070,Marulaneng,Mogalakwena,Limpopo,3577
985078,Marulaneng,Makhuduthamaga,Limpopo,2699
964002,Maruleng NU,Maruleng,Limpopo,2330
964002,Maruleng NU West,Maruleng,Limpopo,5330
282021,Maruleni,Intsika Yethu,Eastern Cape,468
285054,Maruleni,Sakhisizwe,Eastern Cape,183
295137,Marulule,Matatiele,Eastern Cape,416
965049,Marulwe,Mutale,Limpopo,131
962076,Marumufase,Greater Tzaneen,Limpopo,2097
361012,Maruping,Ga-Segonyana,Northern Cape,22981
598090,Marwaqa,Umzimkhulu,KwaZulu-Natal,539
375004,Marydale,Siyathemba,Northern Cape,2623
860003,Maryvale,Albert Luthuli,Mpumalanga,112
561014,Maryville,Umdoni,KwaZulu-Natal,355
583056,Masabe,Jozini,KwaZulu-Natal,1756
295155,Masakala,Matatiele,Eastern Cape,507
877096,Masakeng,Bushbuckridge,Mpumalanga,1051
985120,Masakeng,Makhuduthamaga,Limpopo,137
987128,Masakeng,Greater Tubatse,Limpopo,939
868016,Masakhane,Emalahleni,Mpumalanga,3740
280004,Masakhe,Inkwanca,Eastern Cape,3277
968122,Masakona,Makhado,Limpopo,7288
271140,Masaleleni A,Mnquma,Eastern Cape,362
271134,Masaleleni B,Mnquma,Eastern Cape,330
287039,Masaleng,Senqu,Eastern Cape,809
472041,Masaleng,Maluti a Phofung,Free State,3050
665010,Masamane,Ratlou,North West,2041
292164,Masameni,Nyandeni,Eastern Cape,654
594062,Masameni,Ingwe,KwaZulu-Natal,1889
598047,Masameni,Umzimkhulu,KwaZulu-Natal,626
291215,Masameni A,Port St Johns,Eastern Cape,229
294463,Masameni A,King Sabata Dalindyebo,Eastern Cape,473
292142,Masameni B,Nyandeni,Eastern Cape,366
294465,Masameni B,King Sabata Dalindyebo,Eastern Cape,193
877104,Masana,Bushbuckridge,Mpumalanga,1616
360070,Masankong,Joe Morolong,Northern Cape,299
983049,Masanteng,Ephraim Mogale,Limpopo,73
985114,Masateng,Makhuduthamaga,Limpopo,1435
974061,Masealama,Polokwane,Limpopo,271
669007,Masebudule,Ramotshere Moiloa,North West,1232
965020,Maseha,Mutale,Limpopo,1008
985087,Masehlaneng,Makhuduthamaga,Limpopo,1033
986105,Masehleng,Fetakgomo,Limpopo,293
963015,Maseke,Ba-Phalaborwa,Limpopo,2752
287064,Masekeleng,Senqu,Eastern Cape,388
664067,Masekolane,Moses Kotane,North West,54
974070,Masekwameng,Polokwane,Limpopo,1033
271515,Masele,Mnquma,Eastern Cape,616
274006,Masele,Ngqushwa,Eastern Cape,314
976017,Maseleseleng,Lepele-Nkumpi,Limpopo,543
985055,Maseleseleng,Makhuduthamaga,Limpopo,358
282355,Maselu,Intsika Yethu,Eastern Cape,41
291197,Masemeni B,Port St Johns,Eastern Cape,909
985015,Masemola,Makhuduthamaga,Limpopo,17
974030,Masenya,Polokwane,Limpopo,348
987040,Masete,Greater Tubatse,Limpopo,1014
968116,Masethe,Makhado,Limpopo,516
270564,Maseti,Mbhashe,Eastern Cape,466
986070,Mashabela,Fetakgomo,Limpopo,1307
987025,Mashabela,Greater Tubatse,Limpopo,2264
986073,Mashabela A,Fetakgomo,Limpopo,622
986089,Mashabela B,Fetakgomo,Limpopo,162
986095,Mashabela C,Fetakgomo,Limpopo,23
470013,Mashaeng,Dihlabeng,Free State,12310
969094,Mashaleng,Blouberg,Limpopo,190
986061,Masharu,Fetakgomo,Limpopo,525
286006,Mashata,Elundini,Eastern Cape,327
966202,Mashawana,Thulamela,Limpopo,551
270436,Mashaweni,Mbhashe,Eastern Cape,133
594049,Mashayilanga,Ingwe,KwaZulu-Natal,3949
986042,Mashegeng,Fetakgomo,Limpopo,95
985084,Mashegwane,Makhuduthamaga,Limpopo,6137
799005,Mashemong,City of Tshwane,Gauteng,14118
297380,Mashezi,Mbizana,Eastern Cape,109
986102,Mashilabela,Fetakgomo,Limpopo,1346
985067,Mashilo,Makhuduthamaga,Limpopo,185
962100,Mashilwane,Greater Tzaneen,Limpopo,1434
589011,Mashishi,uMlalazi,KwaZulu-Natal,2760
873012,Mashishing,Thaba Chweu,Mpumalanga,40714
985105,Mashishing,Makhuduthamaga,Limpopo,9251
976039,Mashite,Lepele-Nkumpi,Limpopo,5314
560011,Mashiwase,Vulamehlo,KwaZulu-Natal,533
966165,Mashobye,Thulamela,Limpopo,1638
986053,Mashung,Fetakgomo,Limpopo,5834
576050,Mashunka,Msinga,KwaZulu-Natal,2775
985047,Mashwanyaneng,Makhuduthamaga,Limpopo,899
588007,Mashwila,Ntambanana,KwaZulu-Natal,272
968068,Masia,Makhado,Limpopo,2943
472056,Masianokeng,Maluti a Phofung,Free State,255
876052,Masibekela,Nkomazi,Mpumalanga,10725
986011,Masikwe,Fetakgomo,Limpopo,278
360022,Masilebatsena,Joe Morolong,Northern Cape,707
464002,Masilo,Masilonyana,Free State,21963
464003,Masilonyana NU,Masilonyana,Free State,7461
295241,Masimangweni,Matatiele,Eastern Cape,73
273079,Masincedane,Amahlathi,Eastern Cape,278
965007,Masisi,Mutale,Limpopo,1150
271261,Masisini,Mnquma,Eastern Cape,897
966041,Masiwane,Thulamela,Limpopo,1257
546027,Masiwela,Maphumulo,KwaZulu-Natal,4345
370002,Masizakhe,Umsobomvu,Northern Cape,1101
974006,Masobohleng,Polokwane,Limpopo,1525
872037,Masobye,Dr JS Moroka,Mpumalanga,8227
542013,Masoka,Nkandla,KwaZulu-Natal,211
542106,Masolosolo,Nkandla,KwaZulu-Natal,435
524003,Masondale,Newcastle,KwaZulu-Natal,2744
290253,Masonti,Ngquza Hill,Eastern Cape,168
575091,Masotsheni,Nqutu,KwaZulu-Natal,3888
984043,Masoyeng,Elias Motsoaledi,Limpopo,521
285059,Masoyisi,Sakhisizwe,Eastern Cape,309
965060,Masunda,Mutale,Limpopo,299
589109,Masundwini,uMlalazi,KwaZulu-Natal,1383
976022,Masusele,Lepele-Nkumpi,Limpopo,185
667011,Masutlhe,Mafikeng,North West,3085
985052,Maswateng,Makhuduthamaga,Limpopo,361
571049,Maswazini,Okhahlamba,KwaZulu-Natal,743
360021,Maswehatshe,Joe Morolong,Northern Cape,265
986056,Masweneng,Fetakgomo,Limpopo,11
985139,Maswiakae,Makhuduthamaga,Limpopo,4240
599038,Matabetule,eThekwini,KwaZulu-Natal,13247
287089,Matafazaneni,Senqu,Eastern Cape,430
282061,Matafeni,Intsika Yethu,Eastern Cape,182
286035,Matafeni,Elundini,Eastern Cape,741
295229,Matafeni,Matatiele,Eastern Cape,87
384014,Mataleng,Dikgatlong,Northern Cape,11847
290026,Mataleni,Ngquza Hill,Eastern Cape,207
968040,Matanda,Makhado,Limpopo,4538
295245,Matandela,Matatiele,Eastern Cape,142
966028,Matangari,Thulamela,Limpopo,4062
292183,Matanzima,Nyandeni,Eastern Cape,718
575036,Matapa,Nqutu,KwaZulu-Natal,364
598137,Matatama,Umzimkhulu,KwaZulu-Natal,1391
965040,Matatani,Mutale,Limpopo,189
270007,Matati,Mbhashe,Eastern Cape,208
295254,Matati,Matatiele,Eastern Cape,258
295171,Matatiele,Matatiele,Eastern Cape,12466
295005,Matatiele NU,Matatiele,Eastern Cape,5630
965018,Mataulu,Mutale,Limpopo,1214
976007,Mataung,Lepele-Nkumpi,Limpopo,1840
965076,Matavhela,Mutale,Limpopo,641
982057,Matebeleng,Mogalakwena,Limpopo,389
969052,Matekereng,Blouberg,Limpopo,930
290251,Mateko,Ngquza Hill,Eastern Cape,1745
294199,Mateko,King Sabata Dalindyebo,Eastern Cape,388
295170,Mateleng,Matatiele,Eastern Cape,271
284214,Mateni,Engcobo,Eastern Cape,277
877110,Matenten,Bushbuckridge,Mpumalanga,4185
295061,Matewu,Matatiele,Eastern Cape,1022
290215,Mathaba,Ngquza Hill,Eastern Cape,148
290133,Mathambo,Ngquza Hill,Eastern Cape,274
291051,Mathana,Port St Johns,Eastern Cape,384
360102,Mathanthanyaneng,Joe Morolong,Northern Cape,149
985109,Mathapisa,Makhuduthamaga,Limpopo,601
968132,Mathatji,Makhado,Limpopo,1089
297199,Mathe A,Mbizana,Eastern Cape,32
297204,Mathe B,Mbizana,Eastern Cape,786
575137,Mathengeni,Nqutu,KwaZulu-Natal,559
583020,Mathenjwa,Jozini,KwaZulu-Natal,1382
985040,Mathibe,Makhuduthamaga,Limpopo,1200
877130,Mathibela,Bushbuckridge,Mpumalanga,968
976044,Mathibela,Lepele-Nkumpi,Limpopo,5795
589107,Mathibelana,uMlalazi,KwaZulu-Natal,1433
985033,Mathibeng,Makhuduthamaga,Limpopo,1392
660045,Mathibestad,Moretele,North West,25945
576069,Mathima,Msinga,KwaZulu-Natal,1658
961082,Mathipane,Greater Letaba,Limpopo,1567
542069,Mathiya,Nkandla,KwaZulu-Natal,1501
964012,Mathlomelong,Maruleng,Limpopo,1447
294387,Mathokazini,King Sabata Dalindyebo,Eastern Cape,663
271200,Mathole A,Mnquma,Eastern Cape,692
271382,Mathole B,Mnquma,Eastern Cape,177
560042,Mathongwana,Vulamehlo,KwaZulu-Natal,112
546018,Mathonsi,Maphumulo,KwaZulu-Natal,653
589027,Mathonsi,uMlalazi,KwaZulu-Natal,399
591010,Mathonsi,Mandeni,KwaZulu-Natal,6590
662067,Mathopestad A,Rustenburg,North West,1014
662002,Mathopestad B,Rustenburg,North West,323
291195,Mathseru,Port St Johns,Eastern Cape,331
983026,Mathukuthela,Ephraim Mogale,Limpopo,891
984031,Mathula,Elias Motsoaledi,Limpopo,688
503085,Mathulini,Umzumbe,KwaZulu-Natal,8335
591001,Mathunzi,Mandeni,KwaZulu-Natal,78
290152,Mathunzini,Ngquza Hill,Eastern Cape,512
575110,Mathutshana,Nqutu,KwaZulu-Natal,593
297092,Mathwebu,Mbizana,Eastern Cape,2220
297333,Mathwebula,Mbizana,Eastern Cape,274
871001,Mathys Zyn Loop-A,Thembisile,Mpumalanga,4907
295017,Matiase,Matatiele,Eastern Cape,175
873003,Matibidi,Thaba Chweu,Mpumalanga,6476
287038,Matikisong,Senqu,Eastern Cape,165
668010,Matila,Ditsobotla,North West,1368
667068,Matile,Mafikeng,North West,153
983036,Matilo,Ephraim Mogale,Limpopo,408
295067,Matima,Matatiele,Eastern Cape,1541
985079,Matimatjaji,Makhuduthamaga,Limpopo,74
987141,Matimatjaji,Greater Tubatse,Limpopo,264
577029,Matimatolo,Umvoti,KwaZulu-Natal,6670
872015,Matimpule,Dr JS Moroka,Mpumalanga,4432
575032,Matinda,Nqutu,KwaZulu-Natal,1142
514014,Matiwane,Emnambithi/Ladysmith,KwaZulu-Natal,10075
295016,Matiyase,Matatiele,Eastern Cape,266
281086,Matiyeni,Lukanji,Eastern Cape,624
467003,Matjhabeng NU,Matjhabeng,Free State,9148
181003,Matjiesfontein,Laingsburg,Western Cape,422
985155,Matlakatle,Makhuduthamaga,Limpopo,2890
462004,Matlakeng,Mohokare,Free State,13714
970043,Matlala,Aganang,Limpopo,2031
983022,Matlala,Ephraim Mogale,Limpopo,249
986074,Matlala,Fetakgomo,Limpopo,352
983063,Matlala Ramoshebo,Ephraim Mogale,Limpopo,3813
970085,Matlaleng,Aganang,Limpopo,331
664001,Matlametlong,Moses Kotane,North West,1062
287040,Matlapaneng,Senqu,Eastern Cape,1107
672008,Matlapaneng,Greater Taung,North West,3608
983061,Matlerekeng,Ephraim Mogale,Limpopo,4847
674031,Matlhabatlhaba,Kagisano/Molopo,North West,213
669033,Matlhase,Ramotshere Moiloa,North West,756
667058,Matlhonyane,Mafikeng,North West,1219
665013,Matloding,Ratlou,North West,3176
677002,Matlosana NU,City of Matlosana,North West,27624
986091,Matlou,Fetakgomo,Limpopo,268
676009,Matlwang A,Tlokwe City Council,North West,782
676008,Matlwang B,Tlokwe City Council,North West,16
475007,Matlwangtlwang,Moqhaka,Free State,7794
974133,Matobole,Polokwane,Limpopo,2566
987069,Matokomane,Greater Tubatse,Limpopo,614
985032,Matolokwale,Makhuduthamaga,Limpopo,1206
672033,Matolong,Greater Taung,North West,1235
271091,Matolweni,Mnquma,Eastern Cape,171
273026,Matolweni,Amahlathi,Eastern Cape,241
284353,Matolweni,Engcobo,Eastern Cape,97
270061,Matolweni A,Mbhashe,Eastern Cape,720
295179,Matolweni A,Matatiele,Eastern Cape,526
270037,Matolweni B,Mbhashe,Eastern Cape,372
295215,Matolweni B,Matatiele,Eastern Cape,846
270484,Matolweni C,Mbhashe,Eastern Cape,738
976029,Matome,Lepele-Nkumpi,Limpopo,2338
664088,Matooster,Moses Kotane,North West,145
461001,Matoporong,Kopanong,Free State,4217
199024,Matroosfontein,City of Cape Town,Western Cape,77121
968041,Matsa B,Makhado,Limpopo,758
876034,Matsamo,Nkomazi,Mpumalanga,2289
877099,Matsavana,Bushbuckridge,Mpumalanga,5157
973029,Matseke,Molemole,Limpopo,6151
598072,Matsela,Umzimkhulu,KwaZulu-Natal,469
986051,Matsha,Fetakgomo,Limpopo,415
282204,Matshaba,Intsika Yethu,Eastern Cape,538
291094,Matshadala,Port St Johns,Eastern Cape,334
585004,Matshamhlophe,Hlabisa,KwaZulu-Natal,2251
585005,Matshamnyama,Hlabisa,KwaZulu-Natal,1411
360051,Matshaneng,Joe Morolong,Northern Cape,478
472067,Matshaneng,Maluti a Phofung,Free State,2146
968071,Matshavhawe,Makhado,Limpopo,1735
270019,Matshaweni,Mbhashe,Eastern Cape,211
877097,Matshaye,Bushbuckridge,Mpumalanga,1640
580116,Matsheketshe,Nongoma,KwaZulu-Natal,1241
965093,Matsheketsheke,Mutale,Limpopo,426
976048,Matshelane,Lepele-Nkumpi,Limpopo,1821
672014,Matshelapane,Greater Taung,North West,1608
542083,Matshemade,Nkandla,KwaZulu-Natal,603
576021,Matshematshe,Msinga,KwaZulu-Natal,3666
580175,Matshemhlope,Nongoma,KwaZulu-Natal,1374
965021,Matshena,Mutale,Limpopo,1297
542050,Matshenezimpisi,Nkandla,KwaZulu-Natal,1169
672030,Matsheng,Greater Taung,North West,2258
589010,Matsheni,uMlalazi,KwaZulu-Natal,1178
542011,Matshensikazi,Nkandla,KwaZulu-Natal,610
667059,Matshepe,Mafikeng,North West,2252
598058,Matshetsha,Umzimkhulu,KwaZulu-Natal,0
986076,Matshi,Fetakgomo,Limpopo,937
872042,Matshiding,Dr JS Moroka,Mpumalanga,5484
472023,Matshidiso,Maluti a Phofung,Free State,510
270041,Matshilibeni,Mbhashe,Eastern Cape,254
290085,Matshisi,Ngquza Hill,Eastern Cape,127
985080,Matshite,Makhuduthamaga,Limpopo,789
598097,Matshitshi,Umzimkhulu,KwaZulu-Natal,0
961089,Matshoboko,Greater Letaba,Limpopo,478
282230,Matshona,Intsika Yethu,Eastern Cape,331
295119,Matshona,Matatiele,Eastern Cape,1541
298096,Matshona,Ntabankulu,Eastern Cape,4427
294029,Matshongwe,King Sabata Dalindyebo,Eastern Cape,594
985123,Matshupe,Makhuduthamaga,Limpopo,268
961070,Matshwi,Greater Letaba,Limpopo,5778
986080,Matsi,Fetakgomo,Limpopo,1115
472044,Matsieng,Maluti a Phofung,Free State,1680
472010,Matsikeng,Maluti a Phofung,Free State,5691
986069,Matsimela,Fetakgomo,Limpopo,319
982015,Matsitsileng,Mogalakwena,Limpopo,805
985077,Matsoke,Makhuduthamaga,Limpopo,1807
472061,Matsopaneng,Maluti a Phofung,Free State,905
874071,Matsulu,Mbombela,Mpumalanga,47306
286150,Matugulu,Elundini,Eastern Cape,274
270190,Matunzini,Mbhashe,Eastern Cape,406
469004,Matwabeng,Setsoto,Free State,22076
297099,Matweni,Mbizana,Eastern Cape,64
284322,Matyaleni,Engcobo,Eastern Cape,236
296061,Matyamhlophe,Umzimvubu,Eastern Cape,161
270083,Matyamini,Mbhashe,Eastern Cape,304
293159,Matyamini,Mhlontlo,Eastern Cape,1065
297146,Matyangankomo,Mbizana,Eastern Cape,487
293323,Matyeba,Mhlontlo,Eastern Cape,1441
294185,Matyengqina,King Sabata Dalindyebo,Eastern Cape,1130
284194,Matyeni,Engcobo,Eastern Cape,344
598083,Matyeni,Umzimkhulu,KwaZulu-Natal,1660
294295,Matyeni A,King Sabata Dalindyebo,Eastern Cape,575
296116,Matyeni A,Umzimvubu,Eastern Cape,204
294290,Matyeni B,King Sabata Dalindyebo,Eastern Cape,218
296117,Matyeni B,Umzimvubu,Eastern Cape,555
283176,Matyhantya A,Emalahleni,Eastern Cape,298
283167,Matyhantya B,Emalahleni,Eastern Cape,1239
160002,Matzikama NU,Matzikama,Western Cape,23881
968061,Mauluma,Makhado,Limpopo,3413
281026,Maumau,Lukanji,Eastern Cape,133
662045,Maumong,Rustenburg,North West,2141
966130,Maungani,Thulamela,Limpopo,7271
470010,Mautse,Dihlabeng,Free State,4001
290240,Mavaleleni,Ngquza Hill,Eastern Cape,398
270283,Mavaleleni Shinira,Mbhashe,Eastern Cape,609
966175,Mavambe,Thulamela,Limpopo,4133
274038,Mavathulana,Ngqushwa,Eastern Cape,71
962035,Mavele,Greater Tzaneen,Limpopo,4818
294019,Mavete,King Sabata Dalindyebo,Eastern Cape,748
965103,Mavhode,Mutale,Limpopo,775
966139,Mavhunda A,Thulamela,Limpopo,388
968055,Mavhunga,Makhado,Limpopo,2270
965109,Mavhuwa,Mutale,Limpopo,351
966027,Mavhuwa,Thulamela,Limpopo,55
877106,Maviljan A,Bushbuckridge,Mpumalanga,6829
877084,Maviljan B,Bushbuckridge,Mpumalanga,4717
581103,Mavulusha,Ulundi,KwaZulu-Natal,361
966005,Mavunde,Thulamela,Limpopo,1573
293110,Mavundleni,Mhlontlo,Eastern Cape,505
294101,Mavundleni,King Sabata Dalindyebo,Eastern Cape,515
295015,Mavundleni,Matatiele,Eastern Cape,201
296233,Mavundleni,Umzimvubu,Eastern Cape,139
276095,Mavuso,Nkonkobe,Eastern Cape,1188
282159,Mavuso,Intsika Yethu,Eastern Cape,90
276151,Mavuvumezini,Nkonkobe,Eastern Cape,974
962008,Mawa,Greater Tzaneen,Limpopo,4872
504030,Mawane,UMuziwabantu,KwaZulu-Natal,1090
294165,Maweni,King Sabata Dalindyebo,Eastern Cape,623
986085,Mawete,Fetakgomo,Limpopo,914
968048,Mawoni,Makhado,Limpopo,1379
291199,Mawosha,Port St Johns,Eastern Cape,438
599035,Mawothi,eThekwini,KwaZulu-Natal,75050
576082,Mawozini,Msinga,KwaZulu-Natal,1839
589101,Mawudlu,uMlalazi,KwaZulu-Natal,365
284388,Mawuleni,Engcobo,Eastern Cape,479
503082,Mawuleni,Umzumbe,KwaZulu-Natal,225
294275,Mawuntini,King Sabata Dalindyebo,Eastern Cape,285
282143,Mawusheni,Intsika Yethu,Eastern Cape,233
598107,Mawusi,Umzimkhulu,KwaZulu-Natal,1357
585009,Mawuza,Hlabisa,KwaZulu-Natal,2045
960038,Maxabela,Greater Giyani,Limpopo,1840
282114,Maxambeni,Intsika Yethu,Eastern Cape,174
290081,Maxaxibeni,Ngquza Hill,Eastern Cape,289
287120,Maxeba,Senqu,Eastern Cape,1167
296071,Maxegweni,Umzimvubu,Eastern Cape,246
296070,Maxegwini,Umzimvubu,Eastern Cape,185
270551,Maxelegwini,Mbhashe,Eastern Cape,612
271132,Maxelegwini,Mnquma,Eastern Cape,665
293028,Maxeleni,Mhlontlo,Eastern Cape,61
284203,Maxesibeni,Engcobo,Eastern Cape,176
860046,Maxflower Gate,Albert Luthuli,Mpumalanga,2401
282336,Maxhame,Intsika Yethu,Eastern Cape,350
271317,Maxhegwana,Mnquma,Eastern Cape,256
274114,Maxhegweni,Ngqushwa,Eastern Cape,719
298057,Maxhegweni,Ntabankulu,Eastern Cape,57
291037,Maxuxubeni,Port St Johns,Eastern Cape,92
583005,Mayaluka,Jozini,KwaZulu-Natal,301
283124,Mayaluleni,Emalahleni,Eastern Cape,425
293284,Mayaluleni,Mhlontlo,Eastern Cape,1615
292280,Mayalweni,Nyandeni,Eastern Cape,564
665012,Mayayane,Ratlou,North West,424
580189,Maye,Nongoma,KwaZulu-Natal,1033
503081,Mayekeni,Umzumbe,KwaZulu-Natal,1445
271230,Mayekiso Farm,Mnquma,Eastern Cape,217
560062,Mayfield,Vulamehlo,KwaZulu-Natal,1003
860045,Mayflower,Albert Luthuli,Mpumalanga,13547
798009,Mayibuye,City of Johannesburg,Gauteng,22178
270604,Mayiji,Mbhashe,Eastern Cape,227
529018,Mayime,Abaqulusi,KwaZulu-Natal,837
284109,Mayireni,Engcobo,Eastern Cape,720
287019,Mayireni,Senqu,Eastern Cape,3175
282127,Mayireni A,Intsika Yethu,Eastern Cape,622
283148,Mayireni A,Emalahleni,Eastern Cape,171
282149,Mayireni B,Intsika Yethu,Eastern Cape,204
283054,Mayireni B,Emalahleni,Eastern Cape,221
287012,Mayisela,Senqu,Eastern Cape,331
580070,Mayoni,Nongoma,KwaZulu-Natal,221
576006,Mazabeko,Msinga,KwaZulu-Natal,1748
271005,Mazamisa AA,Mnquma,Eastern Cape,265
270024,Mazangweni,Mbhashe,Eastern Cape,185
284261,Mazangweni,Engcobo,Eastern Cape,476
587009,Mazawula,Mfolozi,KwaZulu-Natal,1060
298032,Mazeni,Ntabankulu,Eastern Cape,693
271422,Mazeppa Bay,Mnquma,Eastern Cape,111
582093,Mazibomvu,Umhlabuyalingana,KwaZulu-Natal,4062
271208,Mazikhanya,Mnquma,Eastern Cape,188
538005,Mazimazana,uMhlathuze,KwaZulu-Natal,7616
284069,Mazimeni,Engcobo,Eastern Cape,172
294138,Mazizani,King Sabata Dalindyebo,Eastern Cape,627
270322,Mazizini,Mbhashe,Eastern Cape,210
287110,Mazizini,Senqu,Eastern Cape,201
292203,Mazizini,Nyandeni,Eastern Cape,788
294045,Mazizini,King Sabata Dalindyebo,Eastern Cape,611
571018,Mazizini,Okhahlamba,KwaZulu-Natal,2792
282266,Mazizini A,Intsika Yethu,Eastern Cape,735
282276,Mazizini B,Intsika Yethu,Eastern Cape,198
283122,Mazongozini,Emalahleni,Eastern Cape,503
276042,Mazotshweni,Nkonkobe,Eastern Cape,274
298018,Mazotshweni,Ntabankulu,Eastern Cape,0
292165,Mazulu,Nyandeni,Eastern Cape,436
297125,Mazweni,Mbizana,Eastern Cape,843
965127,Mazwimba,Mutale,Limpopo,107
284032,Mbabakazi,Engcobo,Eastern Cape,413
291128,Mbabalani,Port St Johns,Eastern Cape,1353
566045,Mbabane,The Msunduzi,KwaZulu-Natal,3118
576053,Mbabane,Msinga,KwaZulu-Natal,3734
297250,Mbabazo,Mbizana,Eastern Cape,1374
966111,Mbahe,Thulamela,Limpopo,982
966032,Mbahela,Thulamela,Limpopo,852
598228,Mbajwa,Umzimkhulu,KwaZulu-Natal,221
562016,Mbalenhle,uMshwathi,KwaZulu-Natal,1422
270304,Mbamba,Mbhashe,Eastern Cape,957
290149,Mbambakewu,Ngquza Hill,Eastern Cape,135
581019,Mbambankunzi,Ulundi,KwaZulu-Natal,1444
291007,Mbambeni,Port St Johns,Eastern Cape,145
526018,Mbanane,Dannhauser,KwaZulu-Natal,3873
581080,Mbanda A,Ulundi,KwaZulu-Natal,561
581097,Mbanda B,Ulundi,KwaZulu-Natal,145
581070,Mbanda C,Ulundi,KwaZulu-Natal,686
297117,Mbandana,Mbizana,Eastern Cape,1386
589058,Mbangayiya,uMlalazi,KwaZulu-Natal,251
292158,Mbangisweni,Nyandeni,Eastern Cape,2047
287071,Mbango,Senqu,Eastern Cape,190
876045,Mbangwane,Nkomazi,Mpumalanga,2441
271049,Mbangweni,Mnquma,Eastern Cape,336
294027,Mbangweni,King Sabata Dalindyebo,Eastern Cape,531
504041,Mbangweni,UMuziwabantu,KwaZulu-Natal,2624
271065,Mbanjwa,Mnquma,Eastern Cape,195
297148,Mbanqwana,Mbizana,Eastern Cape,1026
270341,Mbanyana,Mbhashe,Eastern Cape,235
294379,Mbanyaru,King Sabata Dalindyebo,Eastern Cape,549
284291,Mbashe,Engcobo,Eastern Cape,237
270408,Mbashe A,Mbhashe,Eastern Cape,100
270277,Mbashe B,Mbhashe,Eastern Cape,124
270385,Mbashe C,Mbhashe,Eastern Cape,62
960005,Mbatlo,Greater Giyani,Limpopo,495
960079,Mbaula,Greater Giyani,Limpopo,2941
582091,Mbazwana,Umhlabuyalingana,KwaZulu-Natal,4312
580130,Mbebe,Nongoma,KwaZulu-Natal,617
506040,Mbecuka,Hibiscus Coast,KwaZulu-Natal,488
860008,Mbejeka,Albert Luthuli,Mpumalanga,514
562042,Mbeka,uMshwathi,KwaZulu-Natal,966
579019,Mbekakanye,UPhongolo,KwaZulu-Natal,2252
166007,Mbekweni,Drakenstein,Western Cape,30875
260083,Mbekweni,Buffalo City,Eastern Cape,2048
573011,Mbelekwane,Imbabazane,KwaZulu-Natal,2084
270405,Mbelo,Mbhashe,Eastern Cape,186
271301,Mbendeni,Mnquma,Eastern Cape,448
291178,Mbenengeni,Port St Johns,Eastern Cape,83
505024,Mbeni,Ezingoleni,KwaZulu-Natal,4939
506033,Mbeni,Hibiscus Coast,KwaZulu-Natal,208
293157,Mbentsa,Mhlontlo,Eastern Cape,1137
270289,Mbenya,Mbhashe,Eastern Cape,607
290255,Mbenyane,Ngquza Hill,Eastern Cape,687
283202,Mbeteni,Emalahleni,Eastern Cape,211
270402,Mbethe,Mbhashe,Eastern Cape,288
270230,Mbewana,Mbhashe,Eastern Cape,593
575064,Mbewunye A,Nqutu,KwaZulu-Natal,304
575067,Mbewunye B,Nqutu,KwaZulu-Natal,324
290078,Mbhadango,Ngquza Hill,Eastern Cape,1227
270350,Mbhanyana,Mbhashe,Eastern Cape,554
270002,Mbhashe NU,Mbhashe,Eastern Cape,1383
562040,Mbhava,uMshwathi,KwaZulu-Natal,900
292270,Mbhojweni,Nyandeni,Eastern Cape,1422
283036,Mbholomopheni,Emalahleni,Eastern Cape,501
297292,Mbhongweni,Mbizana,Eastern Cape,1098
576059,Mbhono,Msinga,KwaZulu-Natal,1282
593055,Mbhukubhu,Ndwedwe,KwaZulu-Natal,743
286108,Mbhulanja,Elundini,Eastern Cape,97
297129,Mbiba,Mbizana,Eastern Cape,827
286216,Mbidlana,Elundini,Eastern Cape,795
290260,Mbila,Ngquza Hill,Eastern Cape,2707
567026,Mbila,Mkhambathini,KwaZulu-Natal,1515
568016,Mbila,Richmond,KwaZulu-Natal,2215
581106,Mbilane,Ulundi,KwaZulu-Natal,1115
581094,Mbilane A,Ulundi,KwaZulu-Natal,656
290172,Mbilikati,Ngquza Hill,Eastern Cape,332
284308,Mbilini,Engcobo,Eastern Cape,545
966133,Mbilwi,Thulamela,Limpopo,5077
576016,Mbindolo,Msinga,KwaZulu-Natal,3444
287051,Mbini,Senqu,Eastern Cape,389
286192,Mbinja,Elundini,Eastern Cape,256
293300,Mbinja,Mhlontlo,Eastern Cape,147
282148,Mbinzana,Intsika Yethu,Eastern Cape,268
542033,Mbiswe,Nkandla,KwaZulu-Natal,983
270509,Mbityana,Mbhashe,Eastern Cape,263
503017,Mbiyane,Umzumbe,KwaZulu-Natal,1234
271190,Mbiza,Mnquma,Eastern Cape,384
292128,Mbiza,Nyandeni,Eastern Cape,1572
589046,Mbiza,uMlalazi,KwaZulu-Natal,4998
297002,Mbizana NU,Mbizana,Eastern Cape,840
589112,Mbizane,uMlalazi,KwaZulu-Natal,747
580197,Mbizaneni,Nongoma,KwaZulu-Natal,1017
286093,Mbizeni,Elundini,Eastern Cape,232
295084,Mbizeni A,Matatiele,Eastern Cape,87
296200,Mbizeni A,Umzimvubu,Eastern Cape,43
295205,Mbizeni B,Matatiele,Eastern Cape,596
296202,Mbizeni B,Umzimvubu,Eastern Cape,210
296231,Mbizweni,Umzimvubu,Eastern Cape,100
297039,Mbobeni,Mbizana,Eastern Cape,2300
965038,Mbodi,Mutale,Limpopo,234
965037,Mbodi Tsha Fasi,Mutale,Limpopo,542
285080,Mbodlane,Sakhisizwe,Eastern Cape,532
296184,Mbodleni,Umzimvubu,Eastern Cape,3129
290005,Mbofu,Ngquza Hill,Eastern Cape,433
590003,Mbojane,Mthonjaneni,KwaZulu-Natal,158
291022,Mbokazi,Port St Johns,Eastern Cape,2619
297273,Mbokodwa,Mbizana,Eastern Cape,56
580144,Mbokodweni,Nongoma,KwaZulu-Natal,1303
293238,Mbokothwana,Mhlontlo,Eastern Cape,692
284317,Mbokotwana,Engcobo,Eastern Cape,241
287006,Mboleni,Senqu,Eastern Cape,629
291134,Mboleni,Port St Johns,Eastern Cape,1089
292265,Mboleni,Nyandeni,Eastern Cape,80
294411,Mboleni,King Sabata Dalindyebo,Eastern Cape,342
284041,Mboleni A,Engcobo,Eastern Cape,153
284072,Mboleni B,Engcobo,Eastern Cape,223
260111,Mbolompeni,Buffalo City,Eastern Cape,750
582073,Mboma,Umhlabuyalingana,KwaZulu-Natal,2008
874065,Mbombela,Mbombela,Mpumalanga,55945
874003,Mbombela NU,Mbombela,Mpumalanga,24504
292134,Mbombenkukhu,Nyandeni,Eastern Cape,993
293180,Mbombo,Mhlontlo,Eastern Cape,305
284220,Mbombombo,Engcobo,Eastern Cape,85
270321,Mbombozi,Mbhashe,Eastern Cape,461
587022,Mbonambi,Mfolozi,KwaZulu-Natal,3607
587007,Mbonambi NU,Mfolozi,KwaZulu-Natal,2615
583024,Mbondla,Jozini,KwaZulu-Natal,2839
570006,Mbondwana,Umtshezi,KwaZulu-Natal,793
298083,Mboneni,Ntabankulu,Eastern Cape,168
271507,Mbongendlu,Mnquma,Eastern Cape,236
273023,Mbongiseni,Amahlathi,Eastern Cape,229
560009,Mbongolwane,Vulamehlo,KwaZulu-Natal,309
589031,Mbongolwane,uMlalazi,KwaZulu-Natal,2253
293272,Mbongweni,Mhlontlo,Eastern Cape,316
298013,Mbongweni,Ntabankulu,Eastern Cape,3104
287099,Mbonisweni,Senqu,Eastern Cape,899
503066,Mbonje,Umzumbe,KwaZulu-Natal,1337
506021,Mbotsha,Hibiscus Coast,KwaZulu-Natal,3525
581041,Mbotsheni,Ulundi,KwaZulu-Natal,807
290329,Mbotyi,Ngquza Hill,Eastern Cape,329
270549,Mboya,Mbhashe,Eastern Cape,1010
567013,Mboyi,Mkhambathini,KwaZulu-Natal,1274
582051,Mboza,Umhlabuyalingana,KwaZulu-Natal,1357
294063,Mbozeni,King Sabata Dalindyebo,Eastern Cape,1178
286238,Mbozisa,Elundini,Eastern Cape,98
290140,Mbozisa,Ngquza Hill,Eastern Cape,323
294313,Mbozisa,King Sabata Dalindyebo,Eastern Cape,511
291003,Mboziseni,Port St Johns,Eastern Cape,2094
582076,Mbube,Umhlabuyalingana,KwaZulu-Natal,1321
581090,Mbudle,Ulundi,KwaZulu-Natal,1184
282250,Mbudlu,Intsika Yethu,Eastern Cape,690
290309,Mbudu A,Ngquza Hill,Eastern Cape,1178
290287,Mbudu B,Ngquza Hill,Eastern Cape,84
282358,Mbulu,Intsika Yethu,Eastern Cape,500
282363,Mbulukweza,Intsika Yethu,Eastern Cape,170
560059,Mbulula,Vulamehlo,KwaZulu-Natal,1629
562006,Mbulwane,uMshwathi,KwaZulu-Natal,463
594026,Mbulweleni,Ingwe,KwaZulu-Natal,1581
566048,Mbumbane,The Msunduzi,KwaZulu-Natal,1878
566005,Mbumbu,The Msunduzi,KwaZulu-Natal,11842
297113,Mbungwana A,Mbizana,Eastern Cape,152
297346,Mbungwana B,Mbizana,Eastern Cape,1561
546029,Mbutane,Maphumulo,KwaZulu-Natal,713
293290,Mbutho,Mhlontlo,Eastern Cape,901
504033,Mbuthuma,UMuziwabantu,KwaZulu-Natal,1133
297008,Mbuthwe,Mbizana,Eastern Cape,244
271076,Mbuthweni,Mnquma,Eastern Cape,266
290130,Mbuthweni,Ngquza Hill,Eastern Cape,403
297023,Mbuthweni A,Mbizana,Eastern Cape,57
297009,Mbuthweni B,Mbizana,Eastern Cape,913
270243,Mbutye A,Mbhashe,Eastern Cape,329
270292,Mbutye B,Mbhashe,Eastern Cape,215
271378,Mbuwana,Mnquma,Eastern Cape,387
965052,Mbuyuni,Mutale,Limpopo,133
581088,Mbuzikazi A,Ulundi,KwaZulu-Natal,877
581121,Mbuzikazi B,Ulundi,KwaZulu-Natal,137
876054,Mbuzini,Nkomazi,Mpumalanga,9988
983004,Mbuzini,Ephraim Mogale,Limpopo,1210
598216,Mbuzweni,Umzimkhulu,KwaZulu-Natal,1336
281038,McBridge,Lukanji,Eastern Cape,2127
276050,Mcamama,Nkonkobe,Eastern Cape,150
286148,Mcambalala,Elundini,Eastern Cape,264
294193,Mcata,King Sabata Dalindyebo,Eastern Cape,413
286208,Mcedu,Elundini,Eastern Cape,243
290097,Mcelu,Ngquza Hill,Eastern Cape,1146
270076,Mcelwana Bhantizo,Mbhashe,Eastern Cape,266
270273,Mcelwane,Mbhashe,Eastern Cape,407
271557,Mceshe,Mnquma,Eastern Cape,171
281044,Mceula,Lukanji,Eastern Cape,424
285043,Mceula,Sakhisizwe,Eastern Cape,528
273027,Mcewula,Amahlathi,Eastern Cape,162
169008,Mcgregor,Langeberg,Western Cape,3125
297120,Mchayi,Mbizana,Eastern Cape,174
292123,Mchonco,Nyandeni,Eastern Cape,1202
569004,Mchunu,Indaka,KwaZulu-Natal,13430
297287,Mcijweni,Mbizana,Eastern Cape,611
284186,Mcinga,Engcobo,Eastern Cape,694
293102,Mcoboti,Mhlontlo,Eastern Cape,237
290292,Mcobotini,Ngquza Hill,Eastern Cape,2936
294094,Mcobotini A,King Sabata Dalindyebo,Eastern Cape,770
294233,Mcobotini B,King Sabata Dalindyebo,Eastern Cape,350
294172,Mcomgozi,King Sabata Dalindyebo,Eastern Cape,544
292092,Mcubakazi,Nyandeni,Eastern Cape,1437
282241,Mcumngco,Intsika Yethu,Eastern Cape,905
284332,Mcutu,Engcobo,Eastern Cape,392
291027,Mcwabansasa,Port St Johns,Eastern Cape,1690
297354,Mcwadi,Mbizana,Eastern Cape,514
283046,Mcwangele,Emalahleni,Eastern Cape,48
286145,Mcwangele,Elundini,Eastern Cape,92
270119,Mcwasa,Mbhashe,Eastern Cape,0
291218,Mcwesha,Port St Johns,Eastern Cape,343
293008,Mdabukweni,Mhlontlo,Eastern Cape,868
290230,Mdakeni,Ngquza Hill,Eastern Cape,530
296005,Mdakeni,Umzimvubu,Eastern Cape,747
260011,Mdange,Buffalo City,Eastern Cape,460
271526,Mdange A,Mnquma,Eastern Cape,47
260088,Mdantsane,Buffalo City,Eastern Cape,156835
283068,Mdantsane,Emalahleni,Eastern Cape,435
282074,Mdarame,Intsika Yethu,Eastern Cape,507
297363,Mdatya,Mbizana,Eastern Cape,640
287007,Mdaweni,Senqu,Eastern Cape,222
270351,Mdeni,Mbhashe,Eastern Cape,177
271254,Mdeni,Mnquma,Eastern Cape,406
273012,Mdeni,Amahlathi,Eastern Cape,546
282139,Mdeni,Intsika Yethu,Eastern Cape,165
285017,Mdeni,Sakhisizwe,Eastern Cape,237
286161,Mdeni,Elundini,Eastern Cape,1183
287022,Mdeni,Senqu,Eastern Cape,882
290144,Mdeni,Ngquza Hill,Eastern Cape,488
292214,Mdeni,Nyandeni,Eastern Cape,3765
293121,Mdeni,Mhlontlo,Eastern Cape,2495
294066,Mdeni,King Sabata Dalindyebo,Eastern Cape,1380
295261,Mdeni,Matatiele,Eastern Cape,480
296198,Mdeni,Umzimvubu,Eastern Cape,810
598025,Mdeni,Umzimkhulu,KwaZulu-Natal,1148
276059,Mdeni A,Nkonkobe,Eastern Cape,60
282210,Mdeni A,Intsika Yethu,Eastern Cape,611
283170,Mdeni A,Emalahleni,Eastern Cape,203
284061,Mdeni A,Engcobo,Eastern Cape,87
276030,Mdeni B,Nkonkobe,Eastern Cape,127
282298,Mdeni B,Intsika Yethu,Eastern Cape,120
283173,Mdeni B,Emalahleni,Eastern Cape,266
284276,Mdeni B,Engcobo,Eastern Cape,702
284017,Mdeni C,Engcobo,Eastern Cape,353
294224,Mdeni C,King Sabata Dalindyebo,Eastern Cape,292
284002,Mdeni D,Engcobo,Eastern Cape,294
270596,Mdibaniso,Mbhashe,Eastern Cape,360
270285,Mdikana,Mbhashe,Eastern Cape,500
290262,Mdikane,Ngquza Hill,Eastern Cape,1737
292307,Mdikane,Nyandeni,Eastern Cape,985
297034,Mdikiso,Mbizana,Eastern Cape,978
293154,Mdikisweni,Mhlontlo,Eastern Cape,464
286194,Mdilingweni,Elundini,Eastern Cape,229
286195,Mdilungwa,Elundini,Eastern Cape,164
542113,Mdimela,Nkandla,KwaZulu-Natal,496
292058,Mdina,Nyandeni,Eastern Cape,1476
298146,Mdini,Ntabankulu,Eastern Cape,395
270339,Mdizeni,Mbhashe,Eastern Cape,142
287124,Mdlabona,Senqu,Eastern Cape,192
292282,Mdlakathweni,Nyandeni,Eastern Cape,551
290123,Mdlambulo,Ngquza Hill,Eastern Cape,282
292122,Mdlankomo,Nyandeni,Eastern Cape,2526
506016,Mdlanzi,Hibiscus Coast,KwaZulu-Natal,1877
505029,Mdlazi,Ezingoleni,KwaZulu-Natal,2146
592004,Mdlebeni,KwaDukuza,KwaZulu-Natal,8022
577031,Mdlelanto,Umvoti,KwaZulu-Natal,6235
282260,Mdlokolo,Intsika Yethu,Eastern Cape,278
286086,Mdlokovana,Elundini,Eastern Cape,423
287079,Mdlokovane,Senqu,Eastern Cape,301
270584,Mdluntsha,Mbhashe,Eastern Cape,87
287096,Mdogo,Senqu,Eastern Cape,291
292194,Mdoni,Nyandeni,Eastern Cape,911
580016,Mduda,Nongoma,KwaZulu-Natal,435
290023,Mdudwa,Ngquza Hill,Eastern Cape,325
273014,Mdukukeni,Amahlathi,Eastern Cape,379
292178,Mdumazulu,Nyandeni,Eastern Cape,1472
290071,Mdumazulu A,Ngquza Hill,Eastern Cape,115
290100,Mdumazulu B,Ngquza Hill,Eastern Cape,227
560001,Mdumezulu,Vulamehlo,KwaZulu-Natal,1306
576070,Mduna,Msinga,KwaZulu-Natal,384
282356,Mdunjeni,Intsika Yethu,Eastern Cape,43
291101,Mduve,Port St Johns,Eastern Cape,298
293139,Mdyobe,Mhlontlo,Eastern Cape,415
273010,Mdzisane,Amahlathi,Eastern Cape,307
270582,Mdzonga,Mbhashe,Eastern Cape,385
360095,Mecwatsaneng,Joe Morolong,Northern Cape,339
961096,Medingeng,Greater Letaba,Limpopo,15602
163014,Meeueiland,Saldanha Bay,Western Cape,0
974093,Megoring,Polokwane,Limpopo,9746
974032,Mehlakong,Polokwane,Limpopo,1651
589019,Mehlamasha,uMlalazi,KwaZulu-Natal,100
590035,Mehlamasha,Mthonjaneni,KwaZulu-Natal,358
295167,Mehloloaneng,Matatiele,Eastern Cape,834
598220,Mehlomane,Umzimkhulu,KwaZulu-Natal,580
503083,Mehlomnyama,Umzumbe,KwaZulu-Natal,3009
271042,Mekeni,Mnquma,Eastern Cape,786
276060,Melani,Nkonkobe,Eastern Cape,783
987049,Melao,Greater Tubatse,Limpopo,888
978024,Melinda,Lephalale,Limpopo,822
270266,Melitafe,Mbhashe,Eastern Cape,482
199007,Melkbosstrand,City of Cape Town,Western Cape,11586
175006,Melkhoutfontein,Hessequa,Western Cape,2533
982073,Mellinium Park,Mogalakwena,Limpopo,1148
590014,Melmoth,Mthonjaneni,KwaZulu-Natal,7814
467011,Meloding,Matjhabeng,Free State,44362
506013,Melville,Hibiscus Coast,KwaZulu-Natal,1029
270410,Memani,Mbhashe,Eastern Cape,281
473004,Memel,Phumelela,Free State,619
590031,Memezi,Mthonjaneni,KwaZulu-Natal,777
592013,Memory,KwaDukuza,KwaZulu-Natal,777
270525,Mendu,Mbhashe,Eastern Cape,335
271285,Mente,Mnquma,Eastern Cape,463
295234,Menyane,Matatiele,Eastern Cape,1739
546032,Menyezwayo,Maphumulo,KwaZulu-Natal,1451
469008,Meqheleng,Setsoto,Free State,35848
766002,Merafong City NU,Merafong City,Gauteng,7031
271047,Merelisa,Mnquma,Eastern Cape,750
499018,Merino,Mangaung,Free State,382
295259,Meriting,Matatiele,Eastern Cape,766
662036,Meriting,Rustenburg,North West,13248
369001,Merriman,Ubuntu,Northern Cape,78
877072,Merry Pebble Stream,Bushbuckridge,Mpumalanga,6905
183009,Merweville,Beaufort West,Western Cape,1592
983047,Metsanangwana,Ephraim Mogale,Limpopo,2817
674027,Metsaneng,Kagisano/Molopo,North West,18
872039,Metsemadiba,Dr JS Moroka,Mpumalanga,2455
360027,Metsemantsi,Joe Morolong,Northern Cape,381
270437,Metshe,Mbhashe,Eastern Cape,263
877109,Metsi,Bushbuckridge,Mpumalanga,1809
478004,Metsimaholo NU,Metsimaholo,Free State,6434
964013,Metz,Maruleng,Limpopo,6350
165003,Meulstroom,Witzenberg,Western Cape,1084
270574,Mevana,Mbhashe,Eastern Cape,163
290295,Mevana,Ngquza Hill,Eastern Cape,414
291097,Mevana,Port St Johns,Eastern Cape,867
580058,Meyama,Nongoma,KwaZulu-Natal,65
292215,Meyana,Nyandeni,Eastern Cape,412
564006,Meyerdene,Mpofana,KwaZulu-Natal,358
761006,Meyerton,Midvaal,Gauteng,55283
287077,Meyi,Senqu,Eastern Cape,668
286179,Mfabantu,Elundini,Eastern Cape,214
292143,Mfabantu,Nyandeni,Eastern Cape,249
293237,Mfabantu,Mhlontlo,Eastern Cape,582
286210,Mfabantu SP,Elundini,Eastern Cape,410
293319,Mfabantu-A,Mhlontlo,Eastern Cape,946
291189,Mfadaleni,Port St Johns,Eastern Cape,743
582009,Mfakubeka,Umhlabuyalingana,KwaZulu-Natal,753
286087,Mfanta,Elundini,Eastern Cape,246
586007,Mfekayi,Mtubatuba,KwaZulu-Natal,17773
271339,Mfeku,Mnquma,Eastern Cape,547
270495,Mfezane,Mbhashe,Eastern Cape,748
662059,Mfidikoe,Rustenburg,North West,4823
282253,Mfihlo,Intsika Yethu,Eastern Cape,73
276101,Mfiki,Nkonkobe,Eastern Cape,885
287013,Mfiki,Senqu,Eastern Cape,503
582025,Mfilweni,Umhlabuyalingana,KwaZulu-Natal,2501
290212,Mfinca,Ngquza Hill,Eastern Cape,308
287076,Mfinci,Senqu,Eastern Cape,1237
290170,Mfinizweni,Ngquza Hill,Eastern Cape,2444
587033,Mfolozane,Mfolozi,KwaZulu-Natal,4626
293189,Mfolozi,Mhlontlo,Eastern Cape,268
295147,Mfolozi,Matatiele,Eastern Cape,80
573003,Mfolozi,Imbabazane,KwaZulu-Natal,1426
297185,Mfolozi A,Mbizana,Eastern Cape,664
297265,Mfolozi B,Mbizana,Eastern Cape,11
297262,Mfolozi C,Mbizana,Eastern Cape,665
542121,Mfongosi,Nkandla,KwaZulu-Natal,513
298101,Mfula,Ntabankulu,Eastern Cape,986
598093,Mfulamhle,Umzimkhulu,KwaZulu-Natal,700
199034,Mfuleni,City of Cape Town,Western Cape,52274
293255,Mfuleni,Mhlontlo,Eastern Cape,122
594060,Mfulumane,Ingwe,KwaZulu-Natal,976
560015,Mfume,Vulamehlo,KwaZulu-Natal,2982
297160,Mfundambini,Mbizana,Eastern Cape,258
290328,Mfundeni,Ngquza Hill,Eastern Cape,397
291161,Mfundeni,Port St Johns,Eastern Cape,332
297022,Mfundeni,Mbizana,Eastern Cape,46
293083,Mfundisweni,Mhlontlo,Eastern Cape,358
298037,Mfundisweni,Ntabankulu,Eastern Cape,2793
598166,Mfundweni,Umzimkhulu,KwaZulu-Natal,3014
297165,Mfuneli,Mbizana,Eastern Cape,1572
571034,Mfunzini,Okhahlamba,KwaZulu-Natal,256
591002,Mfuze,Mandeni,KwaZulu-Natal,233
270386,Mgababa,Mbhashe,Eastern Cape,60
590039,Mgabhi,Mthonjaneni,KwaZulu-Natal,518
271092,Mgadi,Mnquma,Eastern Cape,47
270444,Mgagasi,Mbhashe,Eastern Cape,226
599009,Mgandeni,eThekwini,KwaZulu-Natal,2649
585017,Mgangado,Hlabisa,KwaZulu-Natal,2401
506059,Mgangathe,Hibiscus Coast,KwaZulu-Natal,1650
599027,Mgangeni,eThekwini,KwaZulu-Natal,17108
581061,Mganimbobo A,Ulundi,KwaZulu-Natal,412
581069,Mganimbobo B,Ulundi,KwaZulu-Natal,523
297239,Mganko,Mbizana,Eastern Cape,376
293175,Mgantsho,Mhlontlo,Eastern Cape,462
270348,Mganu,Mbhashe,Eastern Cape,182
284121,Mgaphesheya,Engcobo,Eastern Cape,263
270275,Mgatshe,Mbhashe,Eastern Cape,265
297256,Mgaze,Mbizana,Eastern Cape,351
292127,Mgazi,Nyandeni,Eastern Cape,64
587037,Mgazini,Mfolozi,KwaZulu-Natal,1028
286128,Mgcantsi,Elundini,Eastern Cape,584
291093,Mgceni,Port St Johns,Eastern Cape,126
286043,Mgcetyana,Elundini,Eastern Cape,480
874017,Mgcobaneni,Mbombela,Mpumalanga,3264
272015,Mgcogo,Great Kei,Eastern Cape,651
503009,Mgezankamba,Umzumbe,KwaZulu-Natal,853
599008,Mgezanyoni,eThekwini,KwaZulu-Natal,221
284315,Mgibeni,Engcobo,Eastern Cape,485
597006,Mgobansimbi,Ubuhlebezwe,KwaZulu-Natal,577
271487,Mgobhozi,Mnquma,Eastern Cape,406
271257,Mgobhozweni,Mnquma,Eastern Cape,586
876050,Mgobode,Nkomazi,Mpumalanga,10113
296135,Mgodi,Umzimvubu,Eastern Cape,364
565016,Mgodi,Impendle,KwaZulu-Natal,1481
597056,Mgodi,Ubuhlebezwe,KwaZulu-Natal,1621
297279,Mgodini,Mbizana,Eastern Cape,311
270148,Mgojweni,Mbhashe,Eastern Cape,487
290237,Mgojweni,Ngquza Hill,Eastern Cape,115
506011,Mgolemi,Hibiscus Coast,KwaZulu-Natal,9808
271179,Mgomanzi,Mnquma,Eastern Cape,313
577014,Mgome,Umvoti,KwaZulu-Natal,1710
282156,Mgongxo,Intsika Yethu,Eastern Cape,52
270537,Mgotwane,Mbhashe,Eastern Cape,211
577015,Mgovu,Umvoti,KwaZulu-Natal,728
585019,Mgovuzo,Hlabisa,KwaZulu-Natal,1318
293232,Mgqeyane,Mhlontlo,Eastern Cape,241
296097,Mgqokweni B,Umzimvubu,Eastern Cape,286
276078,Mgquba,Nkonkobe,Eastern Cape,1014
298020,Mgqumangwe,Ntabankulu,Eastern Cape,764
294280,Mgqumo,King Sabata Dalindyebo,Eastern Cape,1144
295203,Mguba,Matatiele,Eastern Cape,376
567023,Mgugu,Mkhambathini,KwaZulu-Natal,506
291068,Mgugwa,Port St Johns,Eastern Cape,485
291067,Mgugwana,Port St Johns,Eastern Cape,750
295146,Mgungundlovu,Matatiele,Eastern Cape,182
296115,Mgungundlovu,Umzimvubu,Eastern Cape,1222
297388,Mgungundlovu A,Mbizana,Eastern Cape,357
297331,Mgungundlovu B,Mbizana,Eastern Cape,901
274112,Mgwalana,Ngqushwa,Eastern Cape,779
283018,Mgwalana,Emalahleni,Eastern Cape,118
284202,Mgwalana A,Engcobo,Eastern Cape,229
284124,Mgwalana B,Engcobo,Eastern Cape,408
273056,Mgwali,Amahlathi,Eastern Cape,3429
284288,Mgwali,Engcobo,Eastern Cape,816
585031,Mgwaqeni,Hlabisa,KwaZulu-Natal,977
282362,Mgwatyuzeni,Intsika Yethu,Eastern Cape,383
271392,Mgwebi,Mnquma,Eastern Cape,220
290101,Mgwedlweni,Ngquza Hill,Eastern Cape,1199
567033,Mgwenya,Mkhambathini,KwaZulu-Natal,1239
575118,Mgxangala,Nqutu,KwaZulu-Natal,693
282309,Mgxobhozweni A,Intsika Yethu,Eastern Cape,222
282224,Mgxobhozweni B,Intsika Yethu,Eastern Cape,108
294047,Mgxobozo,King Sabata Dalindyebo,Eastern Cape,452
295282,Mgxojeni,Matatiele,Eastern Cape,385
276170,Mgxotyeni,Nkonkobe,Eastern Cape,486
294473,Mgxotyeni,King Sabata Dalindyebo,Eastern Cape,754
285077,Mgxumza,Sakhisizwe,Eastern Cape,434
580170,Mhambuma,Nongoma,KwaZulu-Natal,131
589143,Mhambuma,uMlalazi,KwaZulu-Natal,229
293090,Mhlabamnyama,Mhlontlo,Eastern Cape,1213
503021,Mhlabatshane,Umzumbe,KwaZulu-Natal,514
597063,Mhlabatshane,Ubuhlebezwe,KwaZulu-Natal,3335
292109,Mhlabeni,Nyandeni,Eastern Cape,448
297264,Mhlabeni,Mbizana,Eastern Cape,400
297223,Mhlabi,Mbizana,Eastern Cape,1005
294026,Mhlabubomvu,King Sabata Dalindyebo,Eastern Cape,1047
271292,Mhlahlane,Mnquma,Eastern Cape,192
284080,Mhlahlane,Engcobo,Eastern Cape,271
292179,Mhlahlane,Nyandeni,Eastern Cape,806
294056,Mhlahlane,King Sabata Dalindyebo,Eastern Cape,2679
581042,Mhlahlane A,Ulundi,KwaZulu-Natal,662
581052,Mhlahlane B,Ulundi,KwaZulu-Natal,765
292246,Mhlakotshane,Nyandeni,Eastern Cape,424
293313,Mhlakulo,Mhlontlo,Eastern Cape,2883
506056,Mhlalandlini,Hibiscus Coast,KwaZulu-Natal,5142
876019,Mhlambanyatsi,Nkomazi,Mpumalanga,9219
587045,Mhlana,Mfolozi,KwaZulu-Natal,2519
588047,Mhlana,Ntambanana,KwaZulu-Natal,1056
270543,Mhlanga,Mbhashe,Eastern Cape,267
290025,Mhlanga,Ngquza Hill,Eastern Cape,890
297149,Mhlanga A,Mbizana,Eastern Cape,1114
297121,Mhlanga B,Mbizana,Eastern Cape,1463
293165,Mhlangala,Mhlontlo,Eastern Cape,244
561008,Mhlangamkhulu,Umdoni,KwaZulu-Natal,1932
576074,Mhlangana,Msinga,KwaZulu-Natal,956
577039,Mhlangandlovu,Umvoti,KwaZulu-Natal,166
581024,Mhlangandlovu,Ulundi,KwaZulu-Natal,1742
270491,Mhlanganisweni,Mbhashe,Eastern Cape,542
292029,Mhlanganisweni,Nyandeni,Eastern Cape,3018
276011,Mhlangeni,Nkonkobe,Eastern Cape,323
595001,Mhlangeni,Kwa Sani,KwaZulu-Natal,202
294450,Mhlangura,King Sabata Dalindyebo,Eastern Cape,459
284119,Mhlangwini,Engcobo,Eastern Cape,180
290019,Mhlanjeni,Ngquza Hill,Eastern Cape,737
589051,Mhlathuzana,uMlalazi,KwaZulu-Natal,168
538014,Mhlatuze Flats,uMhlathuze,KwaZulu-Natal,226
583095,Mhlekazi,Jozini,KwaZulu-Natal,1534
270459,Mhlohlozi,Mbhashe,Eastern Cape,289
296189,Mhlokwana,Umzimvubu,Eastern Cape,1266
291102,Mhlonishwa,Port St Johns,Eastern Cape,67
284245,Mhlontlo,Engcobo,Eastern Cape,294
293002,Mhlontlo NU,Mhlontlo,Eastern Cape,2001
282003,Mhlonyaneni,Intsika Yethu,Eastern Cape,129
285050,Mhlonyaneni,Sakhisizwe,Eastern Cape,403
298093,Mhlonyaneni,Ntabankulu,Eastern Cape,894
284236,Mhlopekazi,Engcobo,Eastern Cape,875
290191,Mhlopekazi,Ngquza Hill,Eastern Cape,881
542125,Mhloshane,Nkandla,KwaZulu-Natal,714
270065,Mhlota,Mbhashe,Eastern Cape,254
291074,Mhlotsheni,Port St Johns,Eastern Cape,2074
296140,Mhlotsheni,Umzimvubu,Eastern Cape,789
296175,Mhlozini,Umzimvubu,Eastern Cape,1502
593042,Mhlugwini,Ndwedwe,KwaZulu-Natal,1600
290154,Mhlumba,Ngquza Hill,Eastern Cape,396
297102,Mhlumba,Mbizana,Eastern Cape,588
877093,Mhlumeni,Bushbuckridge,Mpumalanga,6221
569031,Mhlumlayo,Indaka,KwaZulu-Natal,1386
575014,Mhlungwane A,Nqutu,KwaZulu-Natal,2074
575025,Mhlungwane B,Nqutu,KwaZulu-Natal,1333
575013,Mhlungwane C,Nqutu,KwaZulu-Natal,192
573026,Mhlungwini,Imbabazane,KwaZulu-Natal,799
869004,Mhluzi,Steve Tshwete,Mpumalanga,76462
285040,Mhlwazi,Sakhisizwe,Eastern Cape,111
569029,Mhlwazi,Indaka,KwaZulu-Natal,1415
290125,Mhlwazini,Ngquza Hill,Eastern Cape,1967
597047,Mhlweni,Ubuhlebezwe,KwaZulu-Natal,1895
672024,Mhole,Greater Taung,North West,3216
590012,Mhoyiza,Mthonjaneni,KwaZulu-Natal,326
586010,Mhujini,Mtubatuba,KwaZulu-Natal,3291
270042,Mhuku,Mbhashe,Eastern Cape,599
874044,Mhwayi,Mbombela,Mpumalanga,8714
966030,Mianzwi,Thulamela,Limpopo,1928
867007,Middelbult,Victor Khanye,Mpumalanga,138
278001,Middelburg,Inxuba Yethemba,Eastern Cape,18681
869005,Middelburg,Steve Tshwete,Mpumalanga,87348
499015,Middeldeel,Mangaung,Free State,302
977007,Middeldrift,Thabazimbi,Limpopo,1115
876033,Middelplaas,Nkomazi,Mpumalanga,4365
276102,Middledrift,Nkonkobe,Eastern Cape,2140
171010,Middleton,Theewaterskloof,Western Cape,963
286237,Midili,Elundini,Eastern Cape,173
563011,Midmar,uMngeni,KwaZulu-Natal,95
798004,Midrand,City of Johannesburg,Gauteng,87387
761002,Midvaal NU,Midvaal,Gauteng,13566
526007,Mielibult,Dannhauser,KwaZulu-Natal,541
578036,Mielieplaat,eDumbe,KwaZulu-Natal,209
377003,Mier,Mier,Northern Cape,381
377002,Mier NU,Mier,Northern Cape,1803
667001,Miga,Mafikeng,North West,2046
671001,Migdol,Mamusa,North West,3526
966098,Milaboni,Thulamela,Limpopo,343
526032,Milford,Dannhauser,KwaZulu-Natal,708
798018,Millgate Farm,City of Johannesburg,Gauteng,172
199014,Milnerton,City of Cape Town,Western Cape,95630
260134,Mimosa Park,Buffalo City,Eastern Cape,181
360084,Minto,Joe Morolong,Northern Cape,157
962018,Miragoma,Greater Tzaneen,Limpopo,4495
269001,Misgund,Kou-Kamma,Eastern Cape,415
270038,Mishini,Mbhashe,Eastern Cape,158
281056,Mission,Lukanji,Eastern Cape,77
962066,Misty Crown,Greater Tzaneen,Limpopo,98
292088,Misty Mount,Nyandeni,Eastern Cape,1693
199039,Mitchells Plain,City of Cape Town,Western Cape,310485
279008,Mitfort,Tsolwana,Eastern Cape,2434
284275,Miyeni,Engcobo,Eastern Cape,288
504042,Mjaja,UMuziwabantu,KwaZulu-Natal,3280
292005,Mjaliswa,Nyandeni,Eastern Cape,392
284382,Mjanyana,Engcobo,Eastern Cape,144
294308,Mjelweni,King Sabata Dalindyebo,Eastern Cape,689
298028,Mjelweni,Ntabankulu,Eastern Cape,376
284078,Mjeni,Engcobo,Eastern Cape,331
580150,Mjeni,Nongoma,KwaZulu-Natal,772
271101,Mjikelweni,Mnquma,Eastern Cape,75
287056,Mjikelweni,Senqu,Eastern Cape,853
293049,Mjikelweni,Mhlontlo,Eastern Cape,219
295257,Mjikelweni,Matatiele,Eastern Cape,100
296053,Mjikelweni,Umzimvubu,Eastern Cape,2210
293091,Mjikwa,Mhlontlo,Eastern Cape,209
293198,Mjikweni,Mhlontlo,Eastern Cape,743
294466,Mjikweni A,King Sabata Dalindyebo,Eastern Cape,415
294440,Mjikweni B,King Sabata Dalindyebo,Eastern Cape,266
298024,Mjila,Ntabankulu,Eastern Cape,524
582080,Mjindi,Umhlabuyalingana,KwaZulu-Natal,232
583058,Mjindi,Jozini,KwaZulu-Natal,3579
569030,Mjinti,Indaka,KwaZulu-Natal,1864
292026,Mjobeni,Nyandeni,Eastern Cape,753
295286,Mjoja,Matatiele,Eastern Cape,680
271014,Mjula,Mnquma,Eastern Cape,667
282306,Mjula,Intsika Yethu,Eastern Cape,977
292125,Mkankato,Nyandeni,Eastern Cape,1568
284189,Mkanzi,Engcobo,Eastern Cape,414
283069,Mkapusi,Emalahleni,Eastern Cape,1037
270290,Mkatazo,Mbhashe,Eastern Cape,295
270376,Mkatye,Mbhashe,Eastern Cape,364
290064,Mketengeni,Ngquza Hill,Eastern Cape,2688
270163,Mkhalalo,Mbhashe,Eastern Cape,31
295249,Mkhalatye,Matatiele,Eastern Cape,316
542112,Mkhalazi,Nkandla,KwaZulu-Natal,123
290248,Mkhambathi,Ngquza Hill,Eastern Cape,78
567005,Mkhambathini NU,Mkhambathini,KwaZulu-Natal,14465
293140,Mkhambeni,Mhlontlo,Eastern Cape,2275
290210,Mkhamela,Ngquza Hill,Eastern Cape,2291
297030,Mkhandlweni,Mbizana,Eastern Cape,1166
297376,Mkhando,Mbizana,Eastern Cape,52
588010,Mkhandwini,Ntambanana,KwaZulu-Natal,1016
296111,Mkhangisa,Umzimvubu,Eastern Cape,79
583016,Mkhanyeni,Jozini,KwaZulu-Natal,843
281091,Mkhanzi,Lukanji,Eastern Cape,466
291135,Mkhanzini,Port St Johns,Eastern Cape,377
581107,Mkhazane,Ulundi,KwaZulu-Natal,4123
270105,Mkhehle,Mbhashe,Eastern Cape,454
577033,Mkhize,Umvoti,KwaZulu-Natal,3803
271138,Mkhobeni,Mnquma,Eastern Cape,958
284270,Mkhobeni,Engcobo,Eastern Cape,270
292135,Mkhohlombeni,Nyandeni,Eastern Cape,1354
594018,Mkhohlwa,Ingwe,KwaZulu-Natal,403
599076,Mkholombe,eThekwini,KwaZulu-Natal,2072
538009,Mkhoma,uMhlathuze,KwaZulu-Natal,5360
595006,Mkhomazana,Kwa Sani,KwaZulu-Natal,151
565002,Mkhomazi,Impendle,KwaZulu-Natal,145
862003,Mkhondo NU,Mkhondo,Mpumalanga,61942
529042,Mkhonjane,Abaqulusi,KwaZulu-Natal,178
575039,Mkhonjane A,Nqutu,KwaZulu-Natal,2763
575011,Mkhonjane B,Nqutu,KwaZulu-Natal,1072
575012,Mkhonjane D,Nqutu,KwaZulu-Natal,623
575018,Mkhonjane E,Nqutu,KwaZulu-Natal,2629
575019,Mkhonjane F,Nqutu,KwaZulu-Natal,740
583060,Mkhonjeni,Jozini,KwaZulu-Natal,1627
271223,Mkhonkotho,Mnquma,Eastern Cape,372
290305,Mkhose,Ngquza Hill,Eastern Cape,5
295262,Mkhuhlane,Matatiele,Eastern Cape,41
877135,Mkhuhlu,Bushbuckridge,Mpumalanga,35864
593043,Mkhukhuze,Ndwedwe,KwaZulu-Natal,637
270092,Mkhukhwini,Mbhashe,Eastern Cape,408
560035,Mkhumbani,Vulamehlo,KwaZulu-Natal,1591
291021,Mkhumbeni,Port St Johns,Eastern Cape,1434
290031,Mkhumbi,Ngquza Hill,Eastern Cape,161
290041,Mkhumeni,Ngquza Hill,Eastern Cape,796
560029,Mkhunya,Vulamehlo,KwaZulu-Natal,2529
597018,Mkhunya,Ubuhlebezwe,KwaZulu-Natal,888
589015,Mkhunyana,uMlalazi,KwaZulu-Natal,1156
589004,Mkhuphulangwenya,uMlalazi,KwaZulu-Natal,2755
576064,Mkhupula,Msinga,KwaZulu-Natal,2364
291023,Mkhuzaza,Port St Johns,Eastern Cape,362
583093,Mkhuze,Jozini,KwaZulu-Natal,4414
576013,Mkhuzeni,Msinga,KwaZulu-Natal,2122
287091,Mkhuzo,Senqu,Eastern Cape,198
290246,Mkhwalweni,Ngquza Hill,Eastern Cape,446
271351,Mkhwaneni,Mnquma,Eastern Cape,218
294203,Mkhwezo,King Sabata Dalindyebo,Eastern Cape,1450
271124,Mkhwezweni,Mnquma,Eastern Cape,650
295265,Mkimane,Matatiele,Eastern Cape,877
580120,Mkiwaneni,Nongoma,KwaZulu-Natal,618
504026,Mkoba,UMuziwabantu,KwaZulu-Natal,8384
538026,Mkobasa,uMhlathuze,KwaZulu-Natal,13195
276062,Mkobeni,Nkonkobe,Eastern Cape,133
282283,Mkobeni,Intsika Yethu,Eastern Cape,17
594006,Mkobeni Kamensia,Ingwe,KwaZulu-Natal,711
871005,Mkobola,Thembisile,Mpumalanga,9166
297025,Mkobongo,Mbizana,Eastern Cape,142
297338,Mkolorha,Mbizana,Eastern Cape,630
297010,Mkolweni,Mbizana,Eastern Cape,577
565032,Mkomazi,Impendle,KwaZulu-Natal,193
295041,Mkomthi,Matatiele,Eastern Cape,290
282203,Mkonjana,Intsika Yethu,Eastern Cape,295
271398,Mkonjane,Mnquma,Eastern Cape,187
284043,Mkonkota,Engcobo,Eastern Cape,328
282179,Mkukwini,Intsika Yethu,Eastern Cape,451
571016,Mkukwini,Okhahlamba,KwaZulu-Natal,5528
298147,Mkumbi,Ntabankulu,Eastern Cape,329
284311,Mkunjana,Engcobo,Eastern Cape,578
542091,Mkupe,Nkandla,KwaZulu-Natal,942
282174,Mkuthukeni,Intsika Yethu,Eastern Cape,279
270159,Mkuthukeni Xora,Mbhashe,Eastern Cape,330
583089,Mkuze,Jozini,KwaZulu-Natal,73
579006,Mkwakweni,UPhongolo,KwaZulu-Natal,8491
542066,Mkwana,Nkandla,KwaZulu-Natal,644
282238,Mkwanti,Intsika Yethu,Eastern Cape,461
270207,Mkwezeni,Mbhashe,Eastern Cape,32
271513,Mkwezweni,Mnquma,Eastern Cape,142
282108,Mkwezweni,Intsika Yethu,Eastern Cape,693
293211,Mkwezweni,Mhlontlo,Eastern Cape,731
599022,Mlahlanja,eThekwini,KwaZulu-Natal,1192
298006,Mlambondaba,Ntabankulu,Eastern Cape,176
583042,Mlambongwenya,Jozini,KwaZulu-Natal,1055
286136,Mlamlankunzi,Elundini,Eastern Cape,144
287087,Mlamli,Senqu,Eastern Cape,1344
582055,Mlamula,Umhlabuyalingana,KwaZulu-Natal,1589
294350,Mlawu,King Sabata Dalindyebo,Eastern Cape,954
298151,Mlaza,Ntabankulu,Eastern Cape,571
282216,Mlenze,Intsika Yethu,Eastern Cape,466
598111,Mlezana,Umzimkhulu,KwaZulu-Natal,1215
960009,Mlhava,Greater Giyani,Limpopo,1043
582016,Mloli,Umhlabuyalingana,KwaZulu-Natal,636
504031,Mlolweni,UMuziwabantu,KwaZulu-Natal,611
297315,Mlomekuba,Mbizana,Eastern Cape,895
292033,Mlomo,Nyandeni,Eastern Cape,1608
271231,Mlonyeni,Mnquma,Eastern Cape,277
285014,Mlonzi,Sakhisizwe,Eastern Cape,32
581018,Mlovu A,Ulundi,KwaZulu-Natal,1121
581026,Mlovu B,Ulundi,KwaZulu-Natal,366
505014,Mlozane,Ezingoleni,KwaZulu-Natal,3070
281018,Mlungisi,Lukanji,Eastern Cape,24901
667025,Mmabatho,Mafikeng,North West,38297
974001,Mmadigorong,Polokwane,Limpopo,4728
662054,Mmaditlhokwa,Rustenburg,North West,4847
872005,Mmaduma,Dr JS Moroka,Mpumalanga,406
674045,Mmagabue,Kagisano/Molopo,North West,432
982095,Mmahlogo,Mogalakwena,Limpopo,938
982014,Mmakala,Mogalakwena,Limpopo,316
661037,Mmakau,Madibeng,North West,36605
660059,Mmakaunyana,Moretele,North West,10093
661020,Mmakaunyane,Madibeng,North West,300
983031,Mmakgatle,Ephraim Mogale,Limpopo,412
472043,Mmakong,Maluti a Phofung,Free State,1758
985146,Mmakoshala,Makhuduthamaga,Limpopo,4107
982114,Mmalepetleke,Mogalakwena,Limpopo,2897
978028,Mmaletswai,Lephalale,Limpopo,1773
467016,Mmamahabane,Matjhabeng,Free State,7813
982104,Mmamatlakala,Mogalakwena,Limpopo,1625
872019,Mmamethlake,Dr JS Moroka,Mpumalanga,7888
667012,Mmanawane,Mafikeng,North West,217
271267,Mmango,Mnquma,Eastern Cape,194
271471,Mmangonkone,Mnquma,Eastern Cape,172
290311,Mmangukoma,Ngquza Hill,Eastern Cape,277
270377,Mmangweni,Mbhashe,Eastern Cape,437
276020,Mmangweni,Nkonkobe,Eastern Cape,136
282227,Mmangweni,Intsika Yethu,Eastern Cape,1147
284426,Mmangweni,Engcobo,Eastern Cape,144
290271,Mmangweni,Ngquza Hill,Eastern Cape,1071
293152,Mmangweni,Mhlontlo,Eastern Cape,2302
294069,Mmangweni,King Sabata Dalindyebo,Eastern Cape,1454
297019,Mmangweni,Mbizana,Eastern Cape,2012
285064,Mmangweni 1,Sakhisizwe,Eastern Cape,190
285058,Mmangweni 2,Sakhisizwe,Eastern Cape,389
285052,Mmangweni 3,Sakhisizwe,Eastern Cape,273
283071,Mmangweni A,Emalahleni,Eastern Cape,176
283116,Mmangweni B,Emalahleni,Eastern Cape,117
283179,Mmangweni C,Emalahleni,Eastern Cape,147
969065,Mmankgodi,Blouberg,Limpopo,1279
985143,Mmantlanyane,Makhuduthamaga,Limpopo,523
987162,Mmaphoko,Greater Tubatse,Limpopo,2634
674033,Mmaphuti,Kagisano/Molopo,North West,75
976014,Mmashadi,Lepele-Nkumpi,Limpopo,1125
664074,Mmatau,Moses Kotane,North West,2657
660034,Mmathlwaela,Moretele,North West,335
360043,Mmatoro,Joe Morolong,Northern Cape,105
985065,Mmatsekele,Makhuduthamaga,Limpopo,344
294316,Mmelwane,King Sabata Dalindyebo,Eastern Cape,335
660061,Mmotla,Moretele,North West,13001
974031,Mmotong,Polokwane,Limpopo,825
983040,Mmotwaneng,Ephraim Mogale,Limpopo,1265
984006,Mmotwaneng,Elias Motsoaledi,Limpopo,63
660003,Mmukubyane,Moretele,North West,922
598168,Mmusa,Umzimkhulu,KwaZulu-Natal,469
503057,Mnamfu,Umzumbe,KwaZulu-Natal,12700
270369,Mnandi,Mbhashe,Eastern Cape,723
290052,Mncane,Ngquza Hill,Eastern Cape,848
292188,Mncane,Nyandeni,Eastern Cape,768
270162,Mncangalelo,Mbhashe,Eastern Cape,427
295020,Mnceba,Matatiele,Eastern Cape,582
298056,Mnceba,Ntabankulu,Eastern Cape,2209
292053,Mnceleni,Nyandeni,Eastern Cape,323
293322,Mnceleni,Mhlontlo,Eastern Cape,210
293213,Mncetyana,Mhlontlo,Eastern Cape,338
270451,Mncwabe,Mbhashe,Eastern Cape,273
294413,Mncwasa,King Sabata Dalindyebo,Eastern Cape,256
284018,Mncwasi,Engcobo,Eastern Cape,106
297310,Mncwati,Mbizana,Eastern Cape,345
598018,Mncweba,Umzimkhulu,KwaZulu-Natal,360
294373,Mncxoshe,King Sabata Dalindyebo,Eastern Cape,212
296076,Mndini,Umzimvubu,Eastern Cape,867
524012,Mndozo,Newcastle,KwaZulu-Natal,3985
270310,Mndundu,Mbhashe,Eastern Cape,483
271383,Mndundu,Mnquma,Eastern Cape,276
290119,Mneketshe,Ngquza Hill,Eastern Cape,621
292138,Mngamnye,Nyandeni,Eastern Cape,824
589001,Mngampondo,uMlalazi,KwaZulu-Natal,1371
294358,Mnganda,King Sabata Dalindyebo,Eastern Cape,319
270211,Mngazana,Mbhashe,Eastern Cape,187
291171,Mngazana,Port St Johns,Eastern Cape,705
292184,Mngazana,Nyandeni,Eastern Cape,544
298058,Mngazana,Ntabankulu,Eastern Cape,150
271063,Mngcangcatelo,Mnquma,Eastern Cape,577
292334,Mngcibe,Nyandeni,Eastern Cape,1736
298078,Mngcipongweni,Ntabankulu,Eastern Cape,2681
271085,Mngcwazi,Mnquma,Eastern Cape,423
599091,Mngcweni,eThekwini,KwaZulu-Natal,1137
290061,Mngeni,Ngquza Hill,Eastern Cape,384
295012,Mngeni,Matatiele,Eastern Cape,87
298098,Mngeni,Ntabankulu,Eastern Cape,612
576018,Mngeni,Msinga,KwaZulu-Natal,1408
271182,Mngomanzi,Mnquma,Eastern Cape,357
583019,Mngomezulu,Jozini,KwaZulu-Natal,1224
260003,Mngqalasini,Buffalo City,Eastern Cape,418
271539,Mngqalasini,Mnquma,Eastern Cape,176
260020,Mngqesha,Buffalo City,Eastern Cape,1228
293074,Mngqungu,Mhlontlo,Eastern Cape,184
297339,Mngungu,Mbizana,Eastern Cape,1739
270464,Mngwaneni,Mbhashe,Eastern Cape,253
282349,Mngwenyama,Intsika Yethu,Eastern Cape,146
270625,Mngwevu,Mbhashe,Eastern Cape,214
580013,Mngxanyeni,Nongoma,KwaZulu-Natal,289
271215,Mngxokweni,Mnquma,Eastern Cape,156
504009,Mnkangala,UMuziwabantu,KwaZulu-Natal,0
598101,Mnkangala,Umzimkhulu,KwaZulu-Natal,1717
291041,Mnkutayi,Port St Johns,Eastern Cape,410
276154,Mnqaba James,Nkonkobe,Eastern Cape,585
276167,Mnqaba Kulile,Nkonkobe,Eastern Cape,1252
576071,Mnqamukantaba,Msinga,KwaZulu-Natal,1367
282037,Mnqanqeni,Intsika Yethu,Eastern Cape,476
295018,Mnqayi,Matatiele,Eastern Cape,65
291036,Mnqezu,Port St Johns,Eastern Cape,1022
298113,Mnqobosi,Ntabankulu,Eastern Cape,1529
598161,Mnqumeni,Umzimkhulu,KwaZulu-Natal,443
271002,Mnquna NU,Mnquma,Eastern Cape,1829
293078,Mnqunyana,Mhlontlo,Eastern Cape,177
575100,Mnqunyeni,Nqutu,KwaZulu-Natal,306
292240,Mnqwangqweni,Nyandeni,Eastern Cape,1747
592008,Mnsonono,KwaDukuza,KwaZulu-Natal,4807
260121,Mntlabathi,Buffalo City,Eastern Cape,695
292276,Mntsholobeni,Nyandeni,Eastern Cape,254
284118,Mntuntloni,Engcobo,Eastern Cape,256
573030,Mnungwini,Imbabazane,KwaZulu-Natal,908
285037,Mnxe 1,Sakhisizwe,Eastern Cape,341
285039,Mnxe 2,Sakhisizwe,Eastern Cape,524
297118,Mnyaka,Mbizana,Eastern Cape,2513
271413,Mnyama,Mnquma,Eastern Cape,329
292007,Mnyama,Nyandeni,Eastern Cape,647
295256,Mnyamaneni,Matatiele,Eastern Cape,747
271158,Mnyamazane,Mnquma,Eastern Cape,284
271458,Mnyameni,Mnquma,Eastern Cape,615
297371,Mnyameni,Mbizana,Eastern Cape,156
294104,Mnyane,King Sabata Dalindyebo,Eastern Cape,913
282193,Mnyangula,Intsika Yethu,Eastern Cape,445
270161,Mnyolo,Mbhashe,Eastern Cape,391
284020,Mnyolo,Engcobo,Eastern Cape,509
592030,Mnyomawini,KwaDukuza,KwaZulu-Natal,3104
360096,Moalogane,Joe Morolong,Northern Cape,162
506020,Mobatsha,Hibiscus Coast,KwaZulu-Natal,617
976040,Mobosobohlogo,Lepele-Nkumpi,Limpopo,333
961065,Mobungung,Greater Letaba,Limpopo,3566
295066,Mochadeng,Matatiele,Eastern Cape,903
260036,Modaka,Buffalo City,Eastern Cape,1745
867003,Modder East Orchards,Victor Khanye,Mpumalanga,1026
970017,Modderput,Aganang,Limpopo,166
661044,Modderspruit,Madibeng,North West,16851
860024,Modergat,Albert Luthuli,Mpumalanga,241
986008,Modihule,Fetakgomo,Limpopo,391
662029,Modikwe,Rustenburg,North West,3395
667017,Modimola,Mafikeng,North West,1944
667051,Modimola-Morwamarapo,Mafikeng,North West,1504
980006,Modimolle,Modimolle,Limpopo,12185
980003,Modimolle Munic NU,Modimolle,Limpopo,8509
672019,Modimong,Greater Taung,North West,2737
969005,Modimvuhusi,Blouberg,Limpopo,1343
962009,Modjadji,Greater Tzaneen,Limpopo,724
961098,Modjadji Head Kraal,Greater Letaba,Limpopo,1745
961111,Modjadjiskloof,Greater Letaba,Limpopo,1815
987006,Moduberg,Greater Tubatse,Limpopo,1036
499007,Modutung,Mangaung,Free State,419
672050,Modutung,Greater Taung,North West,1814
295186,Moeaneng,Matatiele,Eastern Cape,563
472053,Moeding,Maluti a Phofung,Free State,716
983052,Moeding,Ephraim Mogale,Limpopo,830
660057,Moeka,Moretele,North West,1115
985124,Moela,Makhuduthamaga,Limpopo,470
660029,Moema,Moretele,North West,401
469006,Moemaneng,Setsoto,Free State,14469
964014,Moetladimo,Maruleng,Limpopo,117
271419,Mofu,Mnquma,Eastern Cape,156
666008,Mofufutso,Tswaing,North West,2467
462003,Mofulatshepe,Mohokare,Free State,3584
986023,Mogabane,Fetakgomo,Limpopo,757
985117,Mogalabi,Makhuduthamaga,Limpopo,2864
982002,Mogalakwena NU,Mogalakwena,Limpopo,5989
983008,Mogalatsana,Ephraim Mogale,Limpopo,850
763001,Mogale City NU,Mogale City,Gauteng,19757
983053,Moganyaka,Ephraim Mogale,Limpopo,3007
962095,Mogapeng,Greater Tzaneen,Limpopo,2702
985130,Mogashoa,Makhuduthamaga,Limpopo,8584
360037,Mogobing,Joe Morolong,Northern Cape,132
976026,Mogodi,Lepele-Nkumpi,Limpopo,4992
664026,Mogoditsane,Moses Kotane,North West,603
660060,Mogogelo,Moretele,North West,11425
295136,Mogogwe,Matatiele,Eastern Cape,414
660012,Mogohlwaneng,Moretele,North West,3222
976082,Mogologolo,Lepele-Nkumpi,Limpopo,2811
984050,Mogomane,Elias Motsoaledi,Limpopo,382
662020,Mogono,Rustenburg,North West,5713
872025,Mogononeng,Dr JS Moroka,Mpumalanga,1340
672018,Mogopela,Greater Taung,North West,3285
985103,Mogorwane,Makhuduthamaga,Limpopo,2240
667009,Mogosane,Mafikeng,North West,1927
976047,Mogoto,Lepele-Nkumpi,Limpopo,16511
973017,Mogwadi,Molemole,Limpopo,4045
664077,Mogwase,Moses Kotane,North West,10743
676007,Mohadin,Tlokwe City Council,North West,1601
985058,Mohake,Makhuduthamaga,Limpopo,178
962055,Mohlaba,Greater Tzaneen,Limpopo,12653
961039,Mohlabeng,Greater Letaba,Limpopo,2781
986005,Mohlahlaneng,Fetakgomo,Limpopo,1091
970004,Mohlajeng,Aganang,Limpopo,1070
987132,Mohlake,Greater Tubatse,Limpopo,209
764004,Mohlakeng,Randfontein,Gauteng,55033
985081,Mohlala,Makhuduthamaga,Limpopo,665
983032,Mohlalaotoane,Ephraim Mogale,Limpopo,4106
985148,Mohlarekoma,Makhuduthamaga,Limpopo,2359
970079,Mohlonong,Aganang,Limpopo,1876
982096,Mohlotlo,Mogalakwena,Limpopo,286
983014,Mohlotsi,Ephraim Mogale,Limpopo,728
286012,Mohoabatsana,Elundini,Eastern Cape,1520
973002,Mohodi,Molemole,Limpopo,13127
462002,Mohokare NU,Mohokare,Free State,5912
961057,Mohokone,Greater Letaba,Limpopo,1111
985024,Mohwelere,Makhuduthamaga,Limpopo,574
661017,Moiletswane,Madibeng,North West,1556
962056,Moime,Greater Tzaneen,Limpopo,5000
961084,Mojeketla,Greater Letaba,Limpopo,4639
472026,Mokabatane,Maluti a Phofung,Free State,203
985051,Mokadi,Makhuduthamaga,Limpopo,1066
361016,Mokala-Mosesane,Ga-Segonyana,Northern Cape,202
672011,Mokasa,Greater Taung,North West,6865
974017,Mokgabane,Polokwane,Limpopo,5180
664003,Mokgalwaneng,Moses Kotane,North West,7493
672010,Mokgareng,Greater Taung,North West,9246
961112,Mokgoba,Greater Letaba,Limpopo,2557
669021,Mokgola,Ramotshere Moiloa,North West,7069
962050,Mokgolobotho,Greater Tzaneen,Limpopo,6256
976078,Mokgophong,Lepele-Nkumpi,Limpopo,3706
987105,Mokgorwane,Greater Tubatse,Limpopo,3471
974036,Mokgurutlane,Polokwane,Limpopo,297
877035,Mokhololine,Bushbuckridge,Mpumalanga,1569
986062,Mokhulwana,Fetakgomo,Limpopo,501
987067,Mokobola,Greater Tubatse,Limpopo,754
969036,Mokoena Maswikeng,Blouberg,Limpopo,220
965111,Mokololwe,Mutale,Limpopo,170
962082,Mokomotsi,Greater Tzaneen,Limpopo,2147
982123,Mokopane,Mogalakwena,Limpopo,30151
666018,Mokope,Tswaing,North West,717
969093,Mokumuru,Blouberg,Limpopo,380
987122,Mokutung,Greater Tubatse,Limpopo,251
477006,Mokwallo,Ngwathe,Free State,13293
985127,Mokwete,Makhuduthamaga,Limpopo,1634
985025,Molala,Makhuduthamaga,Limpopo,437
964024,Molalane,Maruleng,Limpopo,1838
974078,Molapi,Polokwane,Limpopo,2506
976019,Molapo Matebele,Lepele-Nkumpi,Limpopo,908
985068,Molapong,Makhuduthamaga,Limpopo,158
664005,Molatedi,Moses Kotane,North West,1201
671006,Molatswanene,Mamusa,North West,5255
987116,Molawi,Greater Tubatse,Limpopo,1627
985027,Molebeledi,Makhuduthamaga,Limpopo,827
976011,Moleke,Lepele-Nkumpi,Limpopo,3130
962025,Moleketla,Greater Tzaneen,Limpopo,3123
672045,Molelema,Greater Taung,North West,4823
985018,Molelema,Makhuduthamaga,Limpopo,2122
667023,Molelwane,Mafikeng,North West,3418
973004,Molemole NU,Molemole,Limpopo,6544
872021,Moletji,Dr JS Moroka,Mpumalanga,166
970024,Moletji,Aganang,Limpopo,5740
976056,Moletlane,Lepele-Nkumpi,Limpopo,8650
667018,Moletsamongwe,Mafikeng,North West,1250
961100,Mollong,Greater Letaba,Limpopo,151
985145,Molodi,Makhuduthamaga,Limpopo,1048
360057,Molomo-wa-Petsana,Joe Morolong,Northern Cape,279
877012,Moloro,Bushbuckridge,Mpumalanga,2053
295108,Molosong,Matatiele,Eastern Cape,321
662068,Molote,Rustenburg,North West,345
871019,Moloto,Thembisile,Mpumalanga,29634
280001,Molteno,Inkwanca,Eastern Cape,11553
526021,Moltloung,Dannhauser,KwaZulu-Natal,1008
599061,Molweni,eThekwini,KwaZulu-Natal,4580
599065,Molweni A,eThekwini,KwaZulu-Natal,1302
599043,Molweni B,eThekwini,KwaZulu-Natal,247
599103,Molweni C,eThekwini,KwaZulu-Natal,1009
599107,Molweni D,eThekwini,KwaZulu-Natal,70
296107,Mombeni,Umzimvubu,Eastern Cape,785
282202,Mome,Intsika Yethu,Eastern Cape,383
662001,Monakato,Rustenburg,North West,8076
962098,Moname,Greater Tzaneen,Limpopo,652
986027,Monametsi,Fetakgomo,Limpopo,1197
961020,Monate,Greater Letaba,Limpopo,315
529022,Mondlo,Abaqulusi,KwaZulu-Natal,28871
674018,Monetsi,Kagisano/Molopo,North West,100
970031,Moneywaneng,Aganang,Limpopo,1319
978022,Mongalo,Lephalale,Limpopo,579
982028,Mongatane,Mogalakwena,Limpopo,827
274060,Moni,Ngqushwa,Eastern Cape,337
295051,Monkhankhaneng,Matatiele,Eastern Cape,776
664031,Mononono,Moses Kotane,North West,1999
472035,Monontsha,Maluti a Phofung,Free State,5552
970076,Monotwane,Aganang,Limpopo,1109
984015,Monsterlus,Elias Motsoaledi,Limpopo,7631
985168,Monsterlus,Makhuduthamaga,Limpopo,1258
169001,Montagu,Langeberg,Western Cape,15176
165011,Montana,Witzenberg,Western Cape,6262
982006,Monte Christo,Mogalakwena,Limpopo,534
297369,Monti A,Mbizana,Eastern Cape,66
297219,Monti B,Mbizana,Eastern Cape,1837
297141,Monti C,Mbizana,Eastern Cape,333
180006,Montmere,Knysna,Western Cape,75
664096,Montsana A,Moses Kotane,North West,68
664042,Montsana B,Moses Kotane,North West,375
667027,Montshioa,Mafikeng,North West,6680
667035,Montshioa Stadt,Mafikeng,North West,2730
468005,Monyakeng,Nala,Free State,25392
974038,Monyamane,Polokwane,Limpopo,338
974088,Monywaneng,Polokwane,Limpopo,1837
564005,Mooi Rivier,Mpofana,KwaZulu-Natal,2874
667082,Mooifontein,Mafikeng,North West,880
983024,Mooihoek,Ephraim Mogale,Limpopo,1497
987076,Mooihoek,Greater Tubatse,Limpopo,4709
986066,Mooiklip,Fetakgomo,Limpopo,455
661048,Mooinooi,Madibeng,North West,4733
667085,Mooipan,Mafikeng,North West,815
799052,Mooiplaas,City of Tshwane,Gauteng,14979
860023,Mooiplaas,Albert Luthuli,Mpumalanga,4196
976018,Mooiplaas,Lepele-Nkumpi,Limpopo,902
986065,Mooiplaas,Fetakgomo,Limpopo,249
676003,Mooivallei Park,Tlokwe City Council,North West,355
982068,Mookamedi,Mogalakwena,Limpopo,811
979001,Mookgopong,Mookgopong,Limpopo,24853
979002,Mookgopong Munic NU,Mookgopong,Limpopo,9604
983013,Moomane,Ephraim Mogale,Limpopo,1065
978006,Moong,Lephalale,Limpopo,823
570015,Moor Park,Umtshezi,KwaZulu-Natal,17
164004,Moorreesburg,Swartland,Western Cape,7760
967007,Mopane,Musina,Limpopo,46
969071,Mophamamona,Blouberg,Limpopo,1300
599135,Mophela,eThekwini,KwaZulu-Natal,5517
542133,Mophihli,Nkandla,KwaZulu-Natal,2235
589020,Mophihli,uMlalazi,KwaZulu-Natal,620
588005,Mopukanqola,Ntambanana,KwaZulu-Natal,574
664010,Mopyane,Moses Kotane,North West,1836
475002,Moqhaka NU,Moqhaka,Free State,21354
295087,Moqhobi,Matatiele,Eastern Cape,347
176019,Moquini Coastal Estate,Mossel Bay,Western Cape,22
499008,Morago,Mangaung,Free State,425
961025,Morakeng,Greater Letaba,Limpopo,1051
295114,Moralakeng,Matatiele,Eastern Cape,404
985011,Moraledi,Makhuduthamaga,Limpopo,2638
962007,Morapalala,Greater Tzaneen,Limpopo,1629
987038,Morapaneng,Greater Tubatse,Limpopo,1075
983007,Morarela,Ephraim Mogale,Limpopo,1101
973032,Morbeng,Molemole,Limpopo,2371
873005,Moremela,Thaba Chweu,Mpumalanga,5112
276013,Moreson,Nkonkobe,Eastern Cape,264
660023,Moretele,Moretele,North West,4050
672004,Moretele,Greater Taung,North West,965
872009,Moretele,Dr JS Moroka,Mpumalanga,5614
660002,Moretele NU,Moretele,North West,2281
664084,Moreteletsi,Moses Kotane,North West,344
987111,Morethuse,Greater Tubatse,Limpopo,1058
272014,Morgan's Bay,Great Kei,Eastern Cape,321
861013,Morgenstond Dam Nature Reserve,Msukaligwa,Mpumalanga,207
864001,Morgenzon,Lekwa,Mpumalanga,1893
985019,Moripane,Makhuduthamaga,Limpopo,639
286092,Moroka,Elundini,Eastern Cape,707
987017,Moroke,Greater Tubatse,Limpopo,5427
674021,Morokwaneng,Kagisano/Molopo,North West,3022
672034,Morokweng A,Greater Taung,North West,952
674024,Morokweng B,Kagisano/Molopo,North West,14260
961067,Moropeni,Greater Letaba,Limpopo,830
499020,Moroto,Mangaung,Free State,406
976062,Morotse,Lepele-Nkumpi,Limpopo,1201
970015,Morowe,Aganang,Limpopo,3220
290293,Morrison's Place,Ngquza Hill,Eastern Cape,1624
962022,Moruji,Greater Tzaneen,Limpopo,5265
664048,Moruleng,Moses Kotane,North West,11220
984016,Morwaneng,Elias Motsoaledi,Limpopo,1095
986060,Morwaswe,Fetakgomo,Limpopo,1224
667050,Morwatshetlha,Mafikeng,North West,1499
872044,Morwe,Dr JS Moroka,Mpumalanga,759
978003,Morwe,Lephalale,Limpopo,1365
295192,Mosana,Matatiele,Eastern Cape,560
985036,Mosate,Makhuduthamaga,Limpopo,1047
987054,Mosego,Greater Tubatse,Limpopo,1077
969125,Mosehleng,Blouberg,Limpopo,632
664002,Moses Kotane NU,Moses Kotane,North West,1976
976058,Mosetamong,Lepele-Nkumpi,Limpopo,515
961109,Moshakga,Greater Letaba,Limpopo,755
669006,Moshana,Ramotshere Moiloa,North West,10133
973007,Moshasha,Molemole,Limpopo,76
961008,Moshate,Greater Letaba,Limpopo,1858
964004,Moshate,Maruleng,Limpopo,1830
974034,Moshate,Polokwane,Limpopo,2027
985102,Moshate A,Makhuduthamaga,Limpopo,1998
986049,Moshate A,Fetakgomo,Limpopo,1201
985017,Moshate B,Makhuduthamaga,Limpopo,1220
986059,Moshate B,Fetakgomo,Limpopo,1421
961092,Moshate Head Kraal,Greater Letaba,Limpopo,602
360002,Moshaweng NU North,Joe Morolong,Northern Cape,4228
360002,Moshaweng NU South,Joe Morolong,Northern Cape,4128
284359,Moshi,Engcobo,Eastern Cape,145
987013,Moshira,Greater Tubatse,Limpopo,1001
962041,Mosiphane,Greater Tzaneen,Limpopo,1599
982043,Mosira,Mogalakwena,Limpopo,1004
662039,Mosonthal-Marubitshi,Rustenburg,North West,7456
986041,Mosotsi,Fetakgomo,Limpopo,315
176017,Mossdustria,Mossel Bay,Western Cape,65
176014,Mossel Bay,Mossel Bay,Western Cape,29887
176003,Mossel Bay NU,Mossel Bay,Western Cape,4236
295039,Mosta,Matatiele,Eastern Cape,588
982046,Mosuka,Mogalakwena,Limpopo,344
674041,Moswana,Kagisano/Molopo,North West,1035
669026,Mosweu,Ramotshere Moiloa,North West,2736
672035,Motakaneng,Greater Taung,North West,769
599108,Motalabad,eThekwini,KwaZulu-Natal,105
976046,Motantanyane,Lepele-Nkumpi,Limpopo,752
987150,Motate,Greater Tubatse,Limpopo,1636
984033,Motetema,Elias Motsoaledi,Limpopo,8422
872047,Moteti,Dr JS Moroka,Mpumalanga,416
984056,Moteti,Elias Motsoaledi,Limpopo,14805
974094,Mothakeng,Polokwane,Limpopo,215
672046,Mothanthanyaneng,Greater Taung,North West,694
961026,Mothatsohle,Greater Letaba,Limpopo,1040
299008,Motherwell,Nelson Mandela Bay,Eastern Cape,140351
361022,Mothibistad,Ga-Segonyana,Northern Cape,9616
962011,Mothomeng,Greater Tzaneen,Limpopo,2352
360114,Mothong,Joe Morolong,Northern Cape,86
661036,Mothutlung,Madibeng,North West,11601
987110,Motlailane,Greater Tubatse,Limpopo,560
499029,Motlala,Mangaung,Free State,1134
877058,Motlamogale,Bushbuckridge,Mpumalanga,4702
877034,Motlamogatsane,Bushbuckridge,Mpumalanga,2169
664038,Motlhabe,Moses Kotane,North West,2742
667029,Motlhabeng,Mafikeng,North West,7610
961075,Motlhakamasoma,Greater Letaba,Limpopo,295
974056,Motlhatsweng,Polokwane,Limpopo,1670
987071,Motlolo,Greater Tubatse,Limpopo,4804
987003,Motloulela,Greater Tubatse,Limpopo,804
983015,Motselope,Ephraim Mogale,Limpopo,539
985125,Motselope,Makhuduthamaga,Limpopo,549
961027,Motsemokola,Greater Letaba,Limpopo,1359
969111,Motsemoswa,Blouberg,Limpopo,438
984007,Motsephiri,Elias Motsoaledi,Limpopo,1833
976070,Motserereng,Lepele-Nkumpi,Limpopo,748
660030,Motsheko,Moretele,North West,582
961090,Motshele,Greater Letaba,Limpopo,1339
961106,Motsinoni,Greater Letaba,Limpopo,1220
985116,Motsiphiri,Makhuduthamaga,Limpopo,429
985135,Motsonko,Makhuduthamaga,Limpopo,211
667032,Motsoseng,Mafikeng,North West,4069
383008,Motswedimosa,Sol Plaatjie,Northern Cape,7240
672051,Motsweding,Greater Taung,North West,3764
978029,Motsweding,Lephalale,Limpopo,557
962026,Motupa,Greater Tzaneen,Limpopo,6954
985166,Motwaneng,Makhuduthamaga,Limpopo,293
664083,Moubane,Moses Kotane,North West,1529
296152,Mount Ayliff,Umzimvubu,Eastern Cape,5367
260124,Mount Coke Mission,Buffalo City,Eastern Cape,0
260126,Mount Coke Station,Buffalo City,Eastern Cape,52
599052,Mount Edgecombe,eThekwini,KwaZulu-Natal,7323
286074,Mount Fletcher,Elundini,Eastern Cape,11488
296060,Mount Fletcher,Umzimvubu,Eastern Cape,464
296195,Mount Frere,Umzimvubu,Eastern Cape,5252
599017,Mount Moreland,eThekwini,KwaZulu-Natal,241
164014,Mount Royal Golf & Country Estate,Swartland,Western Cape,66
274069,Mount Somerset,Ngqushwa,Eastern Cape,357
297040,Mount Zion,Mbizana,Eastern Cape,1728
598110,Mountain Home,Umzimkhulu,KwaZulu-Natal,1448
274062,Mountain View,Ngqushwa,Eastern Cape,31
974111,Mountain View,Polokwane,Limpopo,2030
982109,Mountain View,Mogalakwena,Limpopo,191
298027,Mowa,Ntabankulu,Eastern Cape,1159
599122,Moya,eThekwini,KwaZulu-Natal,744
982041,Moyaneng,Mogalakwena,Limpopo,1619
294237,Moyeni,King Sabata Dalindyebo,Eastern Cape,346
565023,Moyeni,Impendle,KwaZulu-Natal,288
571024,Moyeni,Okhahlamba,KwaZulu-Natal,2421
598095,Moyeni,Umzimkhulu,KwaZulu-Natal,644
295240,Moyeni A,Matatiele,Eastern Cape,355
295009,Moyeni B,Matatiele,Eastern Cape,460
260179,Mozana,Buffalo City,Eastern Cape,263
582084,Mozi,Umhlabuyalingana,KwaZulu-Natal,849
294025,Mpafana,King Sabata Dalindyebo,Eastern Cape,2065
294272,Mpafeni,King Sabata Dalindyebo,Eastern Cape,891
986108,Mpahanama,Fetakgomo,Limpopo,4060
270075,Mpakama,Mbhashe,Eastern Cape,115
598069,Mpakameni,Umzimkhulu,KwaZulu-Natal,1344
580176,Mpakaneni,Nongoma,KwaZulu-Natal,567
874067,Mpakeni,Mbombela,Mpumalanga,1394
270284,Mpama,Mbhashe,Eastern Cape,338
296229,Mpamba,Umzimvubu,Eastern Cape,132
294467,Mpambu,King Sabata Dalindyebo,Eastern Cape,77
294157,Mpandela,King Sabata Dalindyebo,Eastern Cape,1093
294417,Mpandeni,King Sabata Dalindyebo,Eastern Cape,213
575109,Mpandeni,Nqutu,KwaZulu-Natal,758
542058,Mpandla,Nkandla,KwaZulu-Natal,719
292080,Mpangeni,Nyandeni,Eastern Cape,2093
567025,Mpangisa,Mkhambathini,KwaZulu-Natal,848
593023,Mpangisa,Ndwedwe,KwaZulu-Natal,444
577013,Mpanza,Umvoti,KwaZulu-Natal,2673
287045,Mparolo,Senqu,Eastern Cape,723
271087,Mpatheni,Mnquma,Eastern Cape,513
276058,Mpatheni,Nkonkobe,Eastern Cape,268
589049,Mpehlela,uMlalazi,KwaZulu-Natal,1321
294070,Mpeko,King Sabata Dalindyebo,Eastern Cape,699
274128,Mpekweni,Ngqushwa,Eastern Cape,953
298003,Mpelazwe,Ntabankulu,Eastern Cape,353
298059,Mpemba,Ntabankulu,Eastern Cape,282
581132,Mpembeni,Ulundi,KwaZulu-Natal,462
585026,Mpembeni,Hlabisa,KwaZulu-Natal,1224
293024,Mpendla,Mhlontlo,Eastern Cape,48
292153,Mpendle,Nyandeni,Eastern Cape,512
293031,Mpendle,Mhlontlo,Eastern Cape,110
296169,Mpendle,Umzimvubu,Eastern Cape,639
297004,Mpeni,Mbizana,Eastern Cape,1217
297263,Mpenjathi,Mbizana,Eastern Cape,220
290331,Mpenkulu,Ngquza Hill,Eastern Cape,720
504022,Mpenkulu,UMuziwabantu,KwaZulu-Natal,931
598144,Mpenkulu,Umzimkhulu,KwaZulu-Natal,354
297226,Mpenkulu A,Mbizana,Eastern Cape,127
297094,Mpenkulu B,Mbizana,Eastern Cape,74
271490,Mpentse,Mnquma,Eastern Cape,451
270457,Mpepeni,Mbhashe,Eastern Cape,331
961036,Mpepule,Greater Letaba,Limpopo,1285
293106,Mpetsheni,Mhlontlo,Eastern Cape,196
297011,Mpetsheni,Mbizana,Eastern Cape,1697
976012,Mphaaneng,Lepele-Nkumpi,Limpopo,1142
986018,Mphaaneng,Fetakgomo,Limpopo,473
976037,Mphahlele,Lepele-Nkumpi,Limpopo,12661
583083,Mphakathi,Jozini,KwaZulu-Natal,486
291115,Mphakathini,Port St Johns,Eastern Cape,78
584012,Mphakathini,The Big 5 False Bay,KwaZulu-Natal,2080
584009,Mphakathini B,The Big 5 False Bay,KwaZulu-Natal,1186
560030,Mphambanyoni,Vulamehlo,KwaZulu-Natal,285
986109,Mphanama,Fetakgomo,Limpopo,3962
290160,Mphangana,Ngquza Hill,Eastern Cape,341
291147,Mphangane,Port St Johns,Eastern Cape,773
286073,Mpharane,Elundini,Eastern Cape,1740
295130,Mpharane,Matatiele,Eastern Cape,1675
472009,Mphatlalatsane,Maluti a Phofung,Free State,2852
966153,Mphego,Thulamela,Limpopo,3003
982047,Mphelelo,Mogalakwena,Limpopo,533
984051,Mpheleng,Elias Motsoaledi,Limpopo,7123
589142,Mphendle,uMlalazi,KwaZulu-Natal,1231
968093,Mpheni,Makhado,Limpopo,13188
877103,Mphenyatsatsi,Bushbuckridge,Mpumalanga,2159
271204,Mphesheya,Mnquma,Eastern Cape,950
597051,Mphesheya,Ubuhlebezwe,KwaZulu-Natal,1231
504021,Mpheshu,UMuziwabantu,KwaZulu-Natal,1754
297154,Mphetshwa A,Mbizana,Eastern Cape,220
297062,Mphetshwa B,Mbizana,Eastern Cape,2087
504032,Mphikwa,UMuziwabantu,KwaZulu-Natal,1645
985141,Mphofotse,Makhuduthamaga,Limpopo,332
974131,Mphogodiba,Polokwane,Limpopo,447
283206,Mphothulo,Emalahleni,Eastern Cape,489
295031,Mphotshongo,Matatiele,Eastern Cape,673
589037,Mphundumane,uMlalazi,KwaZulu-Natal,1083
984032,Mphurome,Elias Motsoaledi,Limpopo,235
292113,Mphutshane,Nyandeni,Eastern Cape,452
503061,Mpikanisweni,Umzumbe,KwaZulu-Natal,103
294249,Mpikwane,King Sabata Dalindyebo,Eastern Cape,736
583098,Mpileni,Jozini,KwaZulu-Natal,503
286228,Mpilweni,Elundini,Eastern Cape,16
292295,Mpimbo,Nyandeni,Eastern Cape,709
270232,Mpindweni,Mbhashe,Eastern Cape,747
284305,Mpindweni,Engcobo,Eastern Cape,119
292001,Mpindweni,Nyandeni,Eastern Cape,123
293164,Mpindweni,Mhlontlo,Eastern Cape,251
294326,Mpindweni,King Sabata Dalindyebo,Eastern Cape,555
297050,Mpindweni,Mbizana,Eastern Cape,21
296209,Mpindweni A,Umzimvubu,Eastern Cape,503
296217,Mpindweni B,Umzimvubu,Eastern Cape,363
542041,Mpingana,Nkandla,KwaZulu-Natal,839
582086,Mpini,Umhlabuyalingana,KwaZulu-Natal,579
297297,Mpisi,Mbizana,Eastern Cape,140
298075,Mpisini,Ntabankulu,Eastern Cape,2887
580032,Mpisini,Nongoma,KwaZulu-Natal,352
581022,Mpisini,Ulundi,KwaZulu-Natal,203
965053,Mpobuleni,Mutale,Limpopo,155
568013,Mpofana,Richmond,KwaZulu-Natal,1206
589141,Mpofana,uMlalazi,KwaZulu-Natal,601
564003,Mpofana NU,Mpofana,KwaZulu-Natal,14300
565005,Mpofana NU,Impendle,KwaZulu-Natal,1956
597003,Mpofini,Ubuhlebezwe,KwaZulu-Natal,634
968121,Mpofu,Makhado,Limpopo,313
287043,Mpoki,Senqu,Eastern Cape,423
296127,Mpola,Umzimvubu,Eastern Cape,169
599138,Mpola A,eThekwini,KwaZulu-Natal,8465
599151,Mpola B,eThekwini,KwaZulu-Natal,311
542099,Mpolweni,Nkandla,KwaZulu-Natal,130
562025,Mpolweni,uMshwathi,KwaZulu-Natal,6362
284306,Mpompeni,Engcobo,Eastern Cape,391
580047,Mpompo,Nongoma,KwaZulu-Natal,641
294439,Mpompu,King Sabata Dalindyebo,Eastern Cape,713
270597,Mpondo,Mbhashe,Eastern Cape,145
270401,Mpondomsi,Mbhashe,Eastern Cape,150
583067,Mpondwana,Jozini,KwaZulu-Natal,1786
576025,Mpondweni,Msinga,KwaZulu-Natal,714
583070,Mpondweni,Jozini,KwaZulu-Natal,242
260162,Mpongo,Buffalo City,Eastern Cape,202
290320,Mpongompongweni,Ngquza Hill,Eastern Cape,245
296226,Mpongweni,Umzimvubu,Eastern Cape,111
571051,Mpontsheni,Okhahlamba,KwaZulu-Natal,806
582033,Mpophemeni,Umhlabuyalingana,KwaZulu-Natal,2737
291063,Mpophomeni,Port St Johns,Eastern Cape,533
563015,Mpophomeni,uMngeni,KwaZulu-Natal,25732
582048,Mpophomeni,Umhlabuyalingana,KwaZulu-Natal,115
576023,Mpopolwane,Msinga,KwaZulu-Natal,769
291078,Mposa,Port St Johns,Eastern Cape,180
292190,Mposana,Nyandeni,Eastern Cape,755
292155,Mpotini,Nyandeni,Eastern Cape,1163
291210,Mpotshosho,Port St Johns,Eastern Cape,585
282078,Mpotyo,Intsika Yethu,Eastern Cape,209
290195,Mpoza,Ngquza Hill,Eastern Cape,1217
293122,Mpoza,Mhlontlo,Eastern Cape,489
296108,Mpoza,Umzimvubu,Eastern Cape,1157
298153,Mpoza,Ntabankulu,Eastern Cape,470
276162,Mpozisa,Nkonkobe,Eastern Cape,193
270071,Mpozolo,Mbhashe,Eastern Cape,552
270100,Mpozolo A,Mbhashe,Eastern Cape,513
270415,Mpozolo B,Mbhashe,Eastern Cape,323
270063,Mpozolo C,Mbhashe,Eastern Cape,252
286120,Mpukane,Elundini,Eastern Cape,544
271252,Mpukane Mission,Mnquma,Eastern Cape,490
270142,Mpuku,Mbhashe,Eastern Cape,409
575140,Mpukunyoni,Nqutu,KwaZulu-Natal,547
599084,Mpuma,eThekwini,KwaZulu-Natal,4100
580073,Mpumalanga,Nongoma,KwaZulu-Natal,1221
599123,Mpumalanga,eThekwini,KwaZulu-Natal,62406
290080,Mpumaze,Ngquza Hill,Eastern Cape,1139
293129,Mpumaze,Mhlontlo,Eastern Cape,725
292266,Mpumdweni,Nyandeni,Eastern Cape,420
270540,Mpume,Mbhashe,Eastern Cape,270
580068,Mpumulwana,Nongoma,KwaZulu-Natal,815
594046,Mpumulwane A,Ingwe,KwaZulu-Natal,1311
594063,Mpumulwane B,Ingwe,KwaZulu-Natal,914
260021,Mpundu,Buffalo City,Eastern Cape,461
282032,Mpunga,Intsika Yethu,Eastern Cape,57
581083,Mpunga,Ulundi,KwaZulu-Natal,1232
597031,Mpunga,Ubuhlebezwe,KwaZulu-Natal,4281
581084,Mpungamhlophe,Ulundi,KwaZulu-Natal,1804
581096,Mpungose,Ulundi,KwaZulu-Natal,2992
589095,Mpungose,uMlalazi,KwaZulu-Natal,766
296079,Mpungutyana,Umzimvubu,Eastern Cape,570
290273,Mpungutye,Ngquza Hill,Eastern Cape,462
286219,Mpunkone,Elundini,Eastern Cape,330
580055,Mpunzana,Nongoma,KwaZulu-Natal,169
580017,Mpuphusi,Nongoma,KwaZulu-Natal,477
598001,Mpupumeni,Umzimkhulu,KwaZulu-Natal,1573
580126,Mpuqwini A,Nongoma,KwaZulu-Natal,592
580122,Mpuqwini B,Nongoma,KwaZulu-Natal,251
598127,Mpur,Umzimkhulu,KwaZulu-Natal,235
294109,Mputi,King Sabata Dalindyebo,Eastern Cape,1629
282255,Mqabaqabeni,Intsika Yethu,Eastern Cape,286
284085,Mqabo,Engcobo,Eastern Cape,75
294242,Mqanduli,King Sabata Dalindyebo,Eastern Cape,2647
560057,Mqangqala,Vulamehlo,KwaZulu-Natal,2330
297229,Mqangqweni,Mbizana,Eastern Cape,57
595002,Mqatsheni,Kwa Sani,KwaZulu-Natal,1913
290188,Mqatyeni,Ngquza Hill,Eastern Cape,196
298109,Mqatyeni,Ntabankulu,Eastern Cape,444
270110,Mqe,Mbhashe,Eastern Cape,276
573001,Mqedandaba,Imbabazane,KwaZulu-Natal,4136
294200,Mqekezweni,King Sabata Dalindyebo,Eastern Cape,1021
297027,Mqeni A,Mbizana,Eastern Cape,54
297253,Mqeni B,Mbizana,Eastern Cape,2528
589115,Mqezemane,uMlalazi,KwaZulu-Natal,580
575046,Mqhedlana,Nqutu,KwaZulu-Natal,2482
296067,Mqhekezweni,Umzimvubu,Eastern Cape,246
294247,Mqhobo,King Sabata Dalindyebo,Eastern Cape,939
296094,Mqhokweni,Umzimvubu,Eastern Cape,66
598172,Mqhokweni,Umzimkhulu,KwaZulu-Natal,477
270505,Mqinda,Mbhashe,Eastern Cape,321
582044,Mqobela,Umhlabuyalingana,KwaZulu-Natal,148
293315,Mqobiso - A,Mhlontlo,Eastern Cape,734
294289,Mqokweni,King Sabata Dalindyebo,Eastern Cape,137
296080,Mqokweni A,Umzimvubu,Eastern Cape,70
270093,Mqonci,Mbhashe,Eastern Cape,174
283166,Mqonci,Emalahleni,Eastern Cape,853
594042,Mqondekweni,Ingwe,KwaZulu-Natal,1223
578007,Mqongwane,eDumbe,KwaZulu-Natal,384
297192,Mqonjwana,Mbizana,Eastern Cape,227
282110,Mqorwane,Intsika Yethu,Eastern Cape,206
270554,Mqotwane,Mbhashe,Eastern Cape,259
273059,Mqukqanwe,Amahlathi,Eastern Cape,232
594008,Mqulela,Ingwe,KwaZulu-Natal,643
598223,Mqumeni,Umzimkhulu,KwaZulu-Natal,741
292136,Mqunga,Nyandeni,Eastern Cape,793
588049,Mquzankunzi,Ntambanana,KwaZulu-Natal,482
290056,Mqwangqweni,Ngquza Hill,Eastern Cape,2510
292333,Mqwanqweni,Nyandeni,Eastern Cape,168
274051,Mqwashwini,Ngqushwa,Eastern Cape,513
284292,Mqwebedu,Engcobo,Eastern Cape,394
286090,Mraloeng,Elundini,Eastern Cape,139
271363,Mrhawuzeli,Mnquma,Eastern Cape,584
293086,Mrholweni,Mhlontlo,Eastern Cape,126
296037,Mrholweni,Umzimvubu,Eastern Cape,446
283021,Mrhoshweni,Emalahleni,Eastern Cape,252
290249,Mrhotsho,Ngquza Hill,Eastern Cape,891
284144,Mrhotshozweni,Engcobo,Eastern Cape,229
286105,Mrobe,Elundini,Eastern Cape,45
294182,Mrotshozo,King Sabata Dalindyebo,Eastern Cape,250
291151,Mruleni,Port St Johns,Eastern Cape,224
298008,Mruleni,Ntabankulu,Eastern Cape,613
297267,Msarhweni,Mbizana,Eastern Cape,353
282208,Msarweni,Intsika Yethu,Eastern Cape,605
580048,Msebe,Nongoma,KwaZulu-Natal,465
270592,Msele,Mbhashe,Eastern Cape,80
271210,Msele,Mnquma,Eastern Cape,149
292043,Mseleni,Nyandeni,Eastern Cape,191
582072,Mseleni,Umhlabuyalingana,KwaZulu-Natal,985
270416,Msendo,Mbhashe,Eastern Cape,203
270535,Msengeni,Mbhashe,Eastern Cape,378
586028,Mshaya,Mtubatuba,KwaZulu-Natal,1769
542032,Mshayazafe,Nkandla,KwaZulu-Natal,518
599029,Mshazi,eThekwini,KwaZulu-Natal,3873
599030,Mshazi Skhambane,eThekwini,KwaZulu-Natal,1333
580162,Mshiki,Nongoma,KwaZulu-Natal,498
504056,Mshisweni,UMuziwabantu,KwaZulu-Natal,260
874041,Msholozi,Mbombela,Mpumalanga,4462
583002,Mshonisalanga,Jozini,KwaZulu-Natal,251
271547,Msikaba,Mnquma,Eastern Cape,243
290278,Msikaba A,Ngquza Hill,Eastern Cape,3
290055,Msikaba B,Ngquza Hill,Eastern Cape,505
290217,Msikaba C,Ngquza Hill,Eastern Cape,2036
270099,Msikiti,Mbhashe,Eastern Cape,280
294428,Msila,King Sabata Dalindyebo,Eastern Cape,230
593054,Msilili,Ndwedwe,KwaZulu-Natal,891
576001,Msinga NU,Msinga,KwaZulu-Natal,5680
271300,Msintsana,Mnquma,Eastern Cape,798
284134,Msintsana,Engcobo,Eastern Cape,145
274039,Msintsini,Ngqushwa,Eastern Cape,273
292097,Msitsini,Nyandeni,Eastern Cape,831
297324,Msizaswe,Mbizana,Eastern Cape,798
578003,Msizini,eDumbe,KwaZulu-Natal,106
276036,Msobomvu,Nkonkobe,Eastern Cape,1765
542071,Msobotsheni,Nkandla,KwaZulu-Natal,842
874054,Msogwaba,Mbombela,Mpumalanga,17549
297334,Msomi,Mbizana,Eastern Cape,569
861002,Msukaligwa NU,Msukaligwa,Mpumalanga,29429
542090,Msukane,Nkandla,KwaZulu-Natal,556
294381,Msukeni,King Sabata Dalindyebo,Eastern Cape,348
296089,Msukeni,Umzimvubu,Eastern Cape,326
297116,Msukeni,Mbizana,Eastern Cape,474
296091,Msukeni 1,Umzimvubu,Eastern Cape,871
276139,Msulungwa,Nkonkobe,Eastern Cape,536
260130,Msundulo,Buffalo City,Eastern Cape,255
580107,Msunduze,Nongoma,KwaZulu-Natal,98
593033,Msunduze,Ndwedwe,KwaZulu-Natal,14720
599046,Msunduzi,eThekwini,KwaZulu-Natal,6058
292314,Mtakatyi,Nyandeni,Eastern Cape,405
580010,Mtakayise,Nongoma,KwaZulu-Natal,97
297026,Mtamvuna,Mbizana,Eastern Cape,628
505020,Mtamvuna,Ezingoleni,KwaZulu-Natal,478
506054,Mtamvuna,Hibiscus Coast,KwaZulu-Natal,1
582094,Mtanenkosi,Umhlabuyalingana,KwaZulu-Natal,530
270303,Mtantaneni,Mbhashe,Eastern Cape,959
274012,Mtati,Ngqushwa,Eastern Cape,377
274011,Mtati Siwani,Ngqushwa,Eastern Cape,443
297300,Mtatisa Village,Mbizana,Eastern Cape,351
281023,Mtebele,Lukanji,Eastern Cape,1705
284248,Mtebele,Engcobo,Eastern Cape,289
271084,Mtebhele,Mnquma,Eastern Cape,533
526005,Mtendeka,Dannhauser,KwaZulu-Natal,5011
506017,Mtengwana,Hibiscus Coast,KwaZulu-Natal,1381
294349,Mtentu,King Sabata Dalindyebo,Eastern Cape,453
503030,Mthaleni,Umzumbe,KwaZulu-Natal,1461
294040,Mthatha,King Sabata Dalindyebo,Eastern Cape,96114
297293,Mthayise,Mbizana,Eastern Cape,2070
296047,Mthelanja,Umzimvubu,Eastern Cape,285
569017,Mthembu,Indaka,KwaZulu-Natal,14154
297370,Mtheni,Mbizana,Eastern Cape,286
290145,Mthentu,Ngquza Hill,Eastern Cape,47
504039,Mthentu,UMuziwabantu,KwaZulu-Natal,2943
874013,Mthimba,Mbombela,Mpumalanga,7668
505030,Mthimude,Ezingoleni,KwaZulu-Natal,370
291001,Mthinde,Port St Johns,Eastern Cape,2611
283030,Mthini,Emalahleni,Eastern Cape,388
581047,Mthinzima,Ulundi,KwaZulu-Natal,949
270558,Mthlokwana,Mbhashe,Eastern Cape,92
294470,Mthokwana,King Sabata Dalindyebo,Eastern Cape,370
292014,Mthombetsitsa,Nyandeni,Eastern Cape,556
593036,Mthombisa,Ndwedwe,KwaZulu-Natal,1363
296214,Mthombokazi,Umzimvubu,Eastern Cape,631
292218,Mthondela,Nyandeni,Eastern Cape,120
271465,Mthongwana,Mnquma,Eastern Cape,437
297305,Mthongweni,Mbizana,Eastern Cape,1029
292182,Mthonjana,Nyandeni,Eastern Cape,477
294457,Mthonjana,King Sabata Dalindyebo,Eastern Cape,527
580015,Mthonjana,Nongoma,KwaZulu-Natal,479
590002,Mthonjaneni NU,Mthonjaneni,KwaZulu-Natal,3940
271126,Mthonjeni,Mnquma,Eastern Cape,203
281022,Mthonjeni,Lukanji,Eastern Cape,977
282248,Mthonjeni,Intsika Yethu,Eastern Cape,268
293017,Mthonjeni,Mhlontlo,Eastern Cape,758
296212,Mthonjeni,Umzimvubu,Eastern Cape,168
298086,Mthonjeni,Ntabankulu,Eastern Cape,159
581109,Mthonjeni,Ulundi,KwaZulu-Natal,3090
290139,Mthontsasa,Ngquza Hill,Eastern Cape,570
293301,Mthonyameni,Mhlontlo,Eastern Cape,941
293068,Mthozelo,Mhlontlo,Eastern Cape,293
298117,Mthukazi,Ntabankulu,Eastern Cape,1498
294291,Mthukuba,King Sabata Dalindyebo,Eastern Cape,43
284164,Mthumeni,Engcobo,Eastern Cape,77
542115,Mthungeni,Nkandla,KwaZulu-Natal,1319
294334,Mthuthukeni,King Sabata Dalindyebo,Eastern Cape,929
585003,Mthwadlana,Hlabisa,KwaZulu-Natal,3200
271100,Mthwaku,Mnquma,Eastern Cape,380
273066,Mthwaku,Amahlathi,Eastern Cape,560
284298,Mthwaku,Engcobo,Eastern Cape,230
271444,Mthwaku A,Mnquma,Eastern Cape,315
271536,Mthwaku B,Mnquma,Eastern Cape,496
580194,Mthwala,Nongoma,KwaZulu-Natal,535
503002,Mthwalume,Umzumbe,KwaZulu-Natal,1187
598182,Mthwana,Umzimkhulu,KwaZulu-Natal,1192
589055,Mtilombo,uMlalazi,KwaZulu-Natal,602
282304,Mtimbini,Intsika Yethu,Eastern Cape,217
284151,Mtini,Engcobo,Eastern Cape,418
582082,Mtinkwe,Umhlabuyalingana,KwaZulu-Natal,985
504002,Mtintanyoni,UMuziwabantu,KwaZulu-Natal,1469
598222,Mtintanyoni,Umzimkhulu,KwaZulu-Natal,125
589073,Mtintombi,uMlalazi,KwaZulu-Natal,677
966215,Mtititi,Thulamela,Limpopo,3341
270576,Mtokwane,Mbhashe,Eastern Cape,216
292279,Mtokwane,Nyandeni,Eastern Cape,1622
560027,Mtoli,Vulamehlo,KwaZulu-Natal,354
274041,Mtombe,Ngqushwa,Eastern Cape,244
292023,Mtombe,Nyandeni,Eastern Cape,1650
276113,Mtombo,Nkonkobe,Eastern Cape,658
293025,Mtondela,Mhlontlo,Eastern Cape,142
271360,Mtonjeni,Mnquma,Eastern Cape,475
283186,Mtonjeni,Emalahleni,Eastern Cape,212
296215,Mtonjeni,Umzimvubu,Eastern Cape,335
987055,Mtsaneng,Greater Tubatse,Limpopo,1688
271157,Mtshanyane,Mnquma,Eastern Cape,205
295181,Mtshatshaneni,Matatiele,Eastern Cape,490
290298,Mtshayazafe,Ngquza Hill,Eastern Cape,1322
290086,Mtshayelo,Ngquza Hill,Eastern Cape,1620
271364,Mtshayelweni,Mnquma,Eastern Cape,275
284366,Mtshayelweni,Engcobo,Eastern Cape,130
293218,Mtshazi,Mhlontlo,Eastern Cape,1568
598196,Mtshazo,Umzimkhulu,KwaZulu-Natal,443
270158,Mtshekelweni,Mbhashe,Eastern Cape,309
291165,Mtshekelweni,Port St Johns,Eastern Cape,68
270123,Mtshekelweni Lukrosweni,Mbhashe,Eastern Cape,296
282354,Mtsheko,Intsika Yethu,Eastern Cape,122
283141,Mtsheko,Emalahleni,Eastern Cape,1179
290285,Mtshiso,Ngquza Hill,Eastern Cape,325
294074,Mtshobo,King Sabata Dalindyebo,Eastern Cape,511
260008,Mtshonyaneni,Buffalo City,Eastern Cape,470
985121,Mtshung,Makhuduthamaga,Limpopo,396
542070,Mtshwili,Nkandla,KwaZulu-Natal,571
287052,Mtsila,Senqu,Eastern Cape,464
291167,Mtsila,Port St Johns,Eastern Cape,1106
296051,Mtsila,Umzimvubu,Eastern Cape,656
586031,Mtubatuba,Mtubatuba,KwaZulu-Natal,27237
562003,Mtulwa,uMshwathi,KwaZulu-Natal,1186
295237,Mtumasi,Matatiele,Eastern Cape,480
287072,Mtunzini,Senqu,Eastern Cape,1215
538031,Mtunzini,uMhlathuze,KwaZulu-Natal,0
589132,Mtunzini,uMlalazi,KwaZulu-Natal,2199
591020,Mtunzini,Mandeni,KwaZulu-Natal,727
294307,Mtuvi,King Sabata Dalindyebo,Eastern Cape,369
281097,Mtwakazi-A,Lukanji,Eastern Cape,336
281098,Mtwakazi-B,Lukanji,Eastern Cape,235
271535,Mtwaku,Mnquma,Eastern Cape,95
274027,Mtwaku,Ngqushwa,Eastern Cape,723
276082,Mtwaku,Nkonkobe,Eastern Cape,356
290044,Mtwaku,Ngquza Hill,Eastern Cape,2101
561021,Mtwalume,Umdoni,KwaZulu-Natal,610
284089,Mtwazi,Engcobo,Eastern Cape,130
282113,Mtyamde,Intsika Yethu,Eastern Cape,130
274008,Mtyinweni,Ngqushwa,Eastern Cape,318
274018,Mtyolo,Ngqushwa,Eastern Cape,663
291105,Mtyolweni,Port St Johns,Eastern Cape,619
292108,Mtyu,Nyandeni,Eastern Cape,1803
270502,Mtyuba,Mbhashe,Eastern Cape,90
966014,Mubvumoni,Thulamela,Limpopo,2086
577019,Muden,Umvoti,KwaZulu-Natal,5308
968018,Mudimeli,Makhado,Limpopo,2886
966099,Mudunungu,Thulamela,Limpopo,1366
966060,Mudzidzidzi,Thulamela,Limpopo,400
965075,Mufulwi,Mutale,Limpopo,734
965115,Mufungudi,Mutale,Limpopo,110
968129,Mufunzi,Makhado,Limpopo,310
968082,Mugivhi,Makhado,Limpopo,9639
962046,Mugwazini,Greater Tzaneen,Limpopo,1382
960041,Muhlahlandlela,Greater Giyani,Limpopo,1934
965068,Muhotoni,Mutale,Limpopo,69
966033,Muhotoni,Thulamela,Limpopo,672
966046,Muhuyu,Thulamela,Limpopo,698
965124,Muiladi,Mutale,Limpopo,626
524008,Muiskraal,Newcastle,KwaZulu-Natal,3452
363010,Muisvlakte,Richtersveld,Northern Cape,43
199050,Muizenberg,City of Cape Town,Western Cape,36857
966207,Mukhomi,Thulamela,Limpopo,3810
966117,Mukomasiandu,Thulamela,Limpopo,764
965091,Mukondeni,Mutale,Limpopo,466
966003,Mukondeni,Thulamela,Limpopo,61
968115,Mukondeni,Makhado,Limpopo,2610
965047,Mukovhabale,Mutale,Limpopo,861
966071,Mukula,Thulamela,Limpopo,8209
965025,Mukumawabane,Mutale,Limpopo,388
966080,Mukumbani,Thulamela,Limpopo,2431
965022,Mukununde,Mutale,Limpopo,189
961059,Mukwakwaila,Greater Letaba,Limpopo,26
962069,Mulati,Greater Tzaneen,Limpopo,3110
965083,Muledzhi,Mutale,Limpopo,872
968036,Mulelu,Makhado,Limpopo,899
968042,Mulenga,Makhado,Limpopo,259
966164,Mulenzhe,Thulamela,Limpopo,2566
294207,Muliso,King Sabata Dalindyebo,Eastern Cape,182
526048,Mullingar,Dannhauser,KwaZulu-Natal,748
966036,Munangwe,Thulamela,Limpopo,365
270639,Muncu,Mbhashe,Eastern Cape,297
286233,Munga,Elundini,Eastern Cape,259
968060,Mungomani,Makhado,Limpopo,2545
763005,Munsieville,Mogale City,Gauteng,19128
582078,Munyu,Umhlabuyalingana,KwaZulu-Natal,702
583014,Munywana,Jozini,KwaZulu-Natal,3250
287109,Munywini,Senqu,Eastern Cape,166
566044,Munywini,The Msunduzi,KwaZulu-Natal,394
966124,Muraga,Thulamela,Limpopo,1472
965046,Muraluwe,Mutale,Limpopo,360
506018,Murchison,Hibiscus Coast,KwaZulu-Natal,7352
963009,Murchison,Ba-Phalaborwa,Limpopo,1288
987066,Murolaneng,Greater Tubatse,Limpopo,939
183001,Murraysburg,Beaufort West,Western Cape,167
968066,Murunwa,Makhado,Limpopo,2697
968013,Musekwa,Makhado,Limpopo,721
966017,Mushiru,Thulamela,Limpopo,647
965027,Mushithe,Mutale,Limpopo,396
967004,Musina,Musina,Limpopo,42678
967002,Musina NU,Musina,Limpopo,19600
287055,Musong,Senqu,Eastern Cape,1420
965050,Musunda,Mutale,Limpopo,319
281096,Muswa-C,Lukanji,Eastern Cape,95
281095,Muswa-D,Lukanji,Eastern Cape,223
965048,Muswodi,Mutale,Limpopo,4124
965002,Mutale Munic NU,Mutale,Limpopo,1992
965023,Mutele,Mutale,Limpopo,728
966162,Mutoti,Thulamela,Limpopo,904
965118,Mutshavhawe,Mutale,Limpopo,213
966011,Mutshenzheni,Thulamela,Limpopo,1062
966020,Mutshetshe,Thulamela,Limpopo,673
965064,Mutshikilini,Mutale,Limpopo,1219
965059,Mutsuludi,Mutale,Limpopo,25
968143,Muumoni,Makhado,Limpopo,511
968135,Muwaweni,Makhado,Limpopo,1350
960007,Muyexe,Greater Giyani,Limpopo,3228
583088,Muzi,Jozini,KwaZulu-Natal,5353
965070,Mvala,Mutale,Limpopo,144
296075,Mvalweni,Umzimvubu,Eastern Cape,2271
293190,Mvane,Mhlontlo,Eastern Cape,181
575135,Mvane,Nqutu,KwaZulu-Natal,714
582042,Mvelabusha,Umhlabuyalingana,KwaZulu-Natal,1573
966206,Mvelaphanda,Thulamela,Limpopo,1563
282151,Mvelase,Intsika Yethu,Eastern Cape,356
291204,Mvelelo,Port St Johns,Eastern Cape,1125
295225,Mvenyane,Matatiele,Eastern Cape,211
298060,Mvenyane,Ntabankulu,Eastern Cape,750
292268,Mvili,Nyandeni,Eastern Cape,190
290234,Mvimvane,Ngquza Hill,Eastern Cape,1087
294472,Mvolo Forest,King Sabata Dalindyebo,Eastern Cape,0
562002,Mvoti,uMshwathi,KwaZulu-Natal,1173
577037,Mvoti,Umvoti,KwaZulu-Natal,715
546071,Mvozana,Maphumulo,KwaZulu-Natal,825
566004,Mvubukazi,The Msunduzi,KwaZulu-Natal,2966
580129,Mvulazi,Nongoma,KwaZulu-Natal,3746
286031,Mvumane,Elundini,Eastern Cape,525
291129,Mvume,Port St Johns,Eastern Cape,536
293194,Mvumelwano,Mhlontlo,Eastern Cape,3592
566030,Mvundlweni,The Msunduzi,KwaZulu-Natal,4150
294130,Mvunge,King Sabata Dalindyebo,Eastern Cape,378
296062,Mvusi,Umzimvubu,Eastern Cape,9926
589127,Mvuthine,uMlalazi,KwaZulu-Natal,1811
582003,Mvutshana,Umhlabuyalingana,KwaZulu-Natal,624
506042,Mvutshini,Hibiscus Coast,KwaZulu-Natal,4439
586006,Mvutshini,Mtubatuba,KwaZulu-Natal,423
597050,Mvutshini,Ubuhlebezwe,KwaZulu-Natal,760
567019,Mvuyane,Mkhambathini,KwaZulu-Natal,836
503067,Mvuzane,Umzumbe,KwaZulu-Natal,1270
296014,Mwaca,Umzimvubu,Eastern Cape,88
296010,Mwaca A,Umzimvubu,Eastern Cape,275
296065,Mwaca B,Umzimvubu,Eastern Cape,1005
270337,Mwana,Mbhashe,Eastern Cape,526
542119,Mwane,Nkandla,KwaZulu-Natal,1132
276087,Mxali,Nkonkobe,Eastern Cape,155
294098,Mxambuli,King Sabata Dalindyebo,Eastern Cape,267
290259,Mxarhu,Ngquza Hill,Eastern Cape,917
260070,Mxaxo,Buffalo City,Eastern Cape,702
284185,Mxesibe,Engcobo,Eastern Cape,659
271086,Mxhaka,Mnquma,Eastern Cape,263
282346,Mxhelo,Intsika Yethu,Eastern Cape,535
297095,Mxinga,Mbizana,Eastern Cape,936
290107,Mxokozweni,Ngquza Hill,Eastern Cape,1086
969049,My Darling,Blouberg,Limpopo,2092
962087,Myakayaka,Greater Tzaneen,Limpopo,4929
986037,Myakela,Fetakgomo,Limpopo,385
271512,Myeki,Mnquma,Eastern Cape,39
298090,Myeni,Ntabankulu,Eastern Cape,0
974098,Myngenoegen,Polokwane,Limpopo,1908
180008,Myoli Beach,Knysna,Western Cape,42
271362,Myoyo,Mnquma,Eastern Cape,689
672012,Myra,Greater Taung,North West,3238
560048,Mysieland,Vulamehlo,KwaZulu-Natal,345
298041,Mzalwaneni,Ntabankulu,Eastern Cape,1666
297365,Mzamba A,Mbizana,Eastern Cape,456
297044,Mzamba B,Mbizana,Eastern Cape,1130
297171,Mzamba C,Mbizana,Eastern Cape,154
283013,Mzamomhle,Emalahleni,Eastern Cape,1031
289006,Mzamomhle,Gariep,Eastern Cape,4656
260107,Mzamonhle,Buffalo City,Eastern Cape,8338
260117,Mzantsi,Buffalo City,Eastern Cape,526
271104,Mzantsi,Mnquma,Eastern Cape,433
271078,Mzantsi A,Mnquma,Eastern Cape,236
271430,Mzantsi B,Mnquma,Eastern Cape,132
271282,Mzazi,Mnquma,Eastern Cape,1375
583022,Mziki,Jozini,KwaZulu-Natal,2585
597028,Mziki,Ubuhlebezwe,KwaZulu-Natal,411
506032,Mzimakwe,Hibiscus Coast,KwaZulu-Natal,901
290316,Mzimhle,Ngquza Hill,Eastern Cape,242
298081,Mzimhlophe,Ntabankulu,Eastern Cape,214
542073,Mzimhlophe,Nkandla,KwaZulu-Natal,436
290072,Mzimkhulu,Ngquza Hill,Eastern Cape,82
585010,Mzinene,Hlabisa,KwaZulu-Natal,2529
271273,Mzinjana,Mnquma,Eastern Cape,417
876030,Mzinti,Nkomazi,Mpumalanga,11412
598029,Mzintlanga,Umzimkhulu,KwaZulu-Natal,539
291028,Mzintlava,Port St Johns,Eastern Cape,884
290116,Mzintlava A,Ngquza Hill,Eastern Cape,185
290307,Mzintlava B,Ngquza Hill,Eastern Cape,224
296159,Mzinto,Umzimvubu,Eastern Cape,1844
260034,Mzintshane,Buffalo City,Eastern Cape,607
294372,Mzinya,King Sabata Dalindyebo,Eastern Cape,491
583051,Mzinyoni,Jozini,KwaZulu-Natal,2451
538001,Mzipofu,uMhlathuze,KwaZulu-Natal,1626
371001,Mziwabantu,Emthanjeni,Northern Cape,1302
569035,Mziyanke,Indaka,KwaZulu-Natal,168
290312,Mzizangwa,Ngquza Hill,Eastern Cape,1134
297217,Mzize A,Mbizana,Eastern Cape,268
297243,Mzize B,Mbizana,Eastern Cape,21
295222,Mzongwana,Matatiele,Eastern Cape,377
294447,Mzongwaneni,King Sabata Dalindyebo,Eastern Cape,258
292252,Mzonyane,Nyandeni,Eastern Cape,1863
565015,Mzumbe,Impendle,KwaZulu-Natal,792
293087,Mzuzanto,Mhlontlo,Eastern Cape,314
298104,Mzwakasi,Ntabankulu,Eastern Cape,1185
542140,Mzwaneni,Nkandla,KwaZulu-Natal,582
592010,Mzwangetwa,KwaDukuza,KwaZulu-Natal,162
272008,Mzwini,Great Kei,Eastern Cape,264
287003,N'Dofela,Senqu,Eastern Cape,208
588044,NQutshini,Ntambanana,KwaZulu-Natal,1579
526010,Naas,Dannhauser,KwaZulu-Natal,2637
868011,Naauwpoort,Emalahleni,Mpumalanga,170
976036,Naauwpoort Ext1,Lepele-Nkumpi,Limpopo,109
667074,Naawpoort,Mafikeng,North West,1176
364010,Nababeep,Nama Khoi,Northern Cape,5374
984044,Naganeng,Elias Motsoaledi,Limpopo,1239
567006,Nagle,Mkhambathini,KwaZulu-Natal,86
260078,Nahoon Dam Settlement,Buffalo City,Eastern Cape,131
961013,Nakampe,Greater Letaba,Limpopo,4260
468003,Nala NU,Nala,Free State,8229
287098,Naledi,Senqu,Eastern Cape,1145
472042,Naledi,Maluti a Phofung,Free State,5144
970071,Naledi,Aganang,Limpopo,1025
987098,Naledi,Greater Tubatse,Limpopo,1198
463002,Naledi NU,Naledi,Free State,3516
670003,Naledi NU,Naledi,North West,12691
364002,Nama Khoi NU,Nama Khoi,Northern Cape,2909
472016,Namahadi,Maluti a Phofung,Free State,3034
479006,Namahadi,Mafube,Free State,20304
569013,Namakazi,Indaka,KwaZulu-Natal,2695
963011,Namakgale,Ba-Phalaborwa,Limpopo,36365
593009,Nambithani,Ndwedwe,KwaZulu-Natal,1985
583071,Nambulungwana,Jozini,KwaZulu-Natal,5147
960081,Namenwamarhanga,Greater Giyani,Limpopo,3487
284216,Namqamkazini,Engcobo,Eastern Cape,244
282076,Nango,Intsika Yethu,Eastern Cape,266
271555,Nantsana,Mnquma,Eastern Cape,189
173001,Napier,Cape Agulhas,Western Cape,4214
276097,Napier Park,Nkonkobe,Eastern Cape,469
578038,Natal Spa,eDumbe,KwaZulu-Natal,249
296069,Natala,Umzimvubu,Eastern Cape,232
968011,Natalie,Makhado,Limpopo,99
962067,Nature Reserve,Greater Tzaneen,Limpopo,98
179003,Nature's Valley,Bitou,Western Cape,460
176020,Nautilus Bay,Mossel Bay,Western Cape,10
286226,Nayijele,Elundini,Eastern Cape,204
290124,Nayintsentse,Ngquza Hill,Eastern Cape,478
292336,Nayval,Nyandeni,Eastern Cape,5
598063,Nazareth,Umzimkhulu,KwaZulu-Natal,1854
293145,Ncadu,Mhlontlo,Eastern Cape,314
285089,Ncaluka,Sakhisizwe,Eastern Cape,381
260056,Ncalukeni,Buffalo City,Eastern Cape,1892
270572,Ncalukeni,Mbhashe,Eastern Cape,188
272016,Ncalukeni,Great Kei,Eastern Cape,1128
293193,Ncalukeni,Mhlontlo,Eastern Cape,1155
298045,Ncama,Ntabankulu,Eastern Cape,312
282117,Ncambalala,Intsika Yethu,Eastern Cape,1270
292248,Ncambedlana,Nyandeni,Eastern Cape,681
294024,Ncambele,King Sabata Dalindyebo,Eastern Cape,450
598170,Ncambele,Umzimkhulu,KwaZulu-Natal,1367
270048,Ncambezana,Mbhashe,Eastern Cape,261
503090,Ncane,Umzumbe,KwaZulu-Natal,256
284282,Ncango,Engcobo,Eastern Cape,279
271517,Ncatha,Mnquma,Eastern Cape,431
590011,Ncayini,Mthonjaneni,KwaZulu-Natal,224
560032,Ncazuka,Vulamehlo,KwaZulu-Natal,1306
529029,Nceceni,Abaqulusi,KwaZulu-Natal,2547
292238,Ncedane,Nyandeni,Eastern Cape,225
271349,Ncedani,Mnquma,Eastern Cape,129
294461,Ncekane,King Sabata Dalindyebo,Eastern Cape,214
580138,Ncemaneni,Nongoma,KwaZulu-Natal,634
581122,Ncemaneni,Ulundi,KwaZulu-Natal,4020
286123,Ncembu,Elundini,Eastern Cape,1866
575097,Ncepheni A,Nqutu,KwaZulu-Natal,1731
575105,Ncepheni B,Nqutu,KwaZulu-Natal,357
575092,Ncepheni C,Nqutu,KwaZulu-Natal,307
260164,Ncera,Buffalo City,Eastern Cape,1245
276084,Ncera,Nkonkobe,Eastern Cape,332
271522,Ncerana B,Mnquma,Eastern Cape,549
295069,Nchodo,Matatiele,Eastern Cape,432
360062,Nchwaning,Joe Morolong,Northern Cape,4
271510,Nciba,Mnquma,Eastern Cape,155
270049,Ncihana,Mbhashe,Eastern Cape,820
291042,Ncimbini,Port St Johns,Eastern Cape,332
294036,Ncise,King Sabata Dalindyebo,Eastern Cape,1381
271056,Ncisinide,Mnquma,Eastern Cape,343
293158,Ncithi,Mhlontlo,Eastern Cape,151
292071,Ncithwa,Nyandeni,Eastern Cape,181
293302,Ncitshana,Mhlontlo,Eastern Cape,430
293156,Ncitsweni,Mhlontlo,Eastern Cape,233
294234,Ncityana,King Sabata Dalindyebo,Eastern Cape,331
284370,Ncityana A,Engcobo,Eastern Cape,365
284011,Ncityana B,Engcobo,Eastern Cape,51
271205,Ncityane,Mnquma,Eastern Cape,506
294163,Ncolo,King Sabata Dalindyebo,Eastern Cape,256
538024,Ncombo,uMhlathuze,KwaZulu-Natal,1205
560058,Ncombololo,Vulamehlo,KwaZulu-Natal,923
295175,Ncome,Matatiele,Eastern Cape,186
296040,Ncome,Umzimvubu,Eastern Cape,496
271137,Ncorha,Mnquma,Eastern Cape,538
293048,Ncothi,Mhlontlo,Eastern Cape,726
579009,Ncotshane A,UPhongolo,KwaZulu-Natal,3257
579010,Ncotshane B,UPhongolo,KwaZulu-Natal,13071
292325,Ncukaba,Nyandeni,Eastern Cape,445
292263,Ncumbe,Nyandeni,Eastern Cape,335
293112,Ncumbe,Mhlontlo,Eastern Cape,560
580115,Ncungu,Nongoma,KwaZulu-Natal,1122
296185,Ncunteni,Umzimvubu,Eastern Cape,1140
594014,Ncwadi,Ingwe,KwaZulu-Natal,2199
360045,Ncwaneng,Joe Morolong,Northern Cape,224
581038,Ncwebeba,Ulundi,KwaZulu-Natal,422
282235,Ncwini,Intsika Yethu,Eastern Cape,602
270257,Ndaba,Mbhashe,Eastern Cape,82
284440,Ndaba,Engcobo,Eastern Cape,205
546049,Ndaba,Maphumulo,KwaZulu-Natal,1519
271304,Ndabakazi,Mnquma,Eastern Cape,495
271276,Ndabakazi Station,Mnquma,Eastern Cape,344
583065,Ndabeni,Jozini,KwaZulu-Natal,556
270399,Ndabizondeka,Mbhashe,Eastern Cape,217
270186,Ndafina,Mbhashe,Eastern Cape,516
569038,Ndaka,Indaka,KwaZulu-Natal,650
270237,Ndakana,Mbhashe,Eastern Cape,168
293202,Ndakana,Mhlontlo,Eastern Cape,709
294251,Ndakana,King Sabata Dalindyebo,Eastern Cape,704
271131,Ndakana A,Mnquma,Eastern Cape,478
271189,Ndakana B,Mnquma,Eastern Cape,132
293052,Ndakeni,Mhlontlo,Eastern Cape,725
297202,Ndakeni,Mbizana,Eastern Cape,1987
298094,Ndakeni,Ntabankulu,Eastern Cape,227
598142,Ndakeni,Umzimkhulu,KwaZulu-Natal,233
290068,Ndakeni A,Ngquza Hill,Eastern Cape,261
296150,Ndakeni A,Umzimvubu,Eastern Cape,134
290042,Ndakeni B,Ngquza Hill,Eastern Cape,1905
296147,Ndakeni B,Umzimvubu,Eastern Cape,435
568007,Ndaleni,Richmond,KwaZulu-Natal,8282
285098,Ndambane,Sakhisizwe,Eastern Cape,131
293197,Ndameni,Mhlontlo,Eastern Cape,114
294394,Ndamse,King Sabata Dalindyebo,Eastern Cape,89
587042,Ndanyeni,Mfolozi,KwaZulu-Natal,3143
292013,Ndasana,Nyandeni,Eastern Cape,378
293201,Ndasana,Mhlontlo,Eastern Cape,767
297132,Ndatini,Mbizana,Eastern Cape,164
575009,Ndatshana,Nqutu,KwaZulu-Natal,2906
291055,Ndavindavi,Port St Johns,Eastern Cape,57
598002,Ndawana,Umzimkhulu,KwaZulu-Natal,564
292192,Ndaya,Nyandeni,Eastern Cape,770
560018,Ndaya,Vulamehlo,KwaZulu-Natal,1358
576061,Ndaya,Msinga,KwaZulu-Natal,1999
297038,Ndayingana,Mbizana,Eastern Cape,1664
291064,Ndayini,Port St Johns,Eastern Cape,412
292020,Ndayini,Nyandeni,Eastern Cape,279
271109,Ndela,Mnquma,Eastern Cape,389
297167,Ndela,Mbizana,Eastern Cape,611
271022,Ndende,Mnquma,Eastern Cape,284
297356,Ndengane,Mbizana,Eastern Cape,212
271196,Ndenxa,Mnquma,Eastern Cape,233
282281,Ndenxa,Intsika Yethu,Eastern Cape,200
282327,Ndenxe,Intsika Yethu,Eastern Cape,57
283177,Ndenxe,Emalahleni,Eastern Cape,1584
260096,Ndevana,Buffalo City,Eastern Cape,1283
273019,Ndhyibidyidi,Amahlathi,Eastern Cape,21
294276,Ndibela,King Sabata Dalindyebo,Eastern Cape,229
598189,Ndideni,Umzimkhulu,KwaZulu-Natal,423
271044,Ndiki,Mnquma,Eastern Cape,995
298036,Ndikini,Ntabankulu,Eastern Cape,331
542045,Ndikwe,Nkandla,KwaZulu-Natal,838
260109,Ndileka,Buffalo City,Eastern Cape,693
290048,Ndimakude,Ngquza Hill,Eastern Cape,2645
292229,Ndimakude,Nyandeni,Eastern Cape,365
577001,Ndimakude,Umvoti,KwaZulu-Natal,389
293273,Ndimanga,Mhlontlo,Eastern Cape,747
290277,Ndimbaneni,Ngquza Hill,Eastern Cape,1466
960050,Ndindani A,Greater Giyani,Limpopo,1834
538025,Ndindima,uMhlathuze,KwaZulu-Natal,1838
292174,Ndindimeni,Nyandeni,Eastern Cape,1090
296058,Ndindindi,Umzimvubu,Eastern Cape,99
575021,Ndindindi,Nqutu,KwaZulu-Natal,2191
542068,Ndindini,Nkandla,KwaZulu-Natal,1055
276175,Ndindwa,Nkonkobe,Eastern Cape,448
287020,Ndingashe,Senqu,Eastern Cape,1173
286118,Ndingeni,Elundini,Eastern Cape,252
291049,Ndingindawo,Port St Johns,Eastern Cape,1417
270149,Nditya,Mbhashe,Eastern Cape,50
274076,Ndlambe,Ngqushwa,Eastern Cape,1010
265003,Ndlambe NU,Ndlambe,Eastern Cape,6693
290227,Ndlangase,Ngquza Hill,Eastern Cape,396
284258,Ndlela,Engcobo,Eastern Cape,167
538019,Ndleleni,uMhlathuze,KwaZulu-Natal,2694
582047,Ndlondlweni,Umhlabuyalingana,KwaZulu-Natal,4137
294399,Ndlovana,King Sabata Dalindyebo,Eastern Cape,262
273063,Ndlovini,Amahlathi,Eastern Cape,599
504019,Ndlovini,UMuziwabantu,KwaZulu-Natal,364
598201,Ndlovini,Umzimkhulu,KwaZulu-Natal,399
276052,Ndlovura,Nkonkobe,Eastern Cape,198
503087,Ndlovuzulu,Umzumbe,KwaZulu-Natal,716
580184,Ndlozana,Nongoma,KwaZulu-Natal,1253
293001,Ndlungwana,Mhlontlo,Eastern Cape,289
282195,Ndlunkulu,Intsika Yethu,Eastern Cape,980
284075,Ndlunkulu A,Engcobo,Eastern Cape,269
284054,Ndlunkulu B,Engcobo,Eastern Cape,168
291200,Ndluzula,Port St Johns,Eastern Cape,222
594077,Ndodeni,Ingwe,KwaZulu-Natal,1009
294129,Ndokwane,King Sabata Dalindyebo,Eastern Cape,340
580167,Ndololwane,Nongoma,KwaZulu-Natal,1454
586008,Ndombeni,Mtubatuba,KwaZulu-Natal,3610
593034,Ndondolo,Ndwedwe,KwaZulu-Natal,2340
588021,Ndondondwana,Ntambanana,KwaZulu-Natal,316
860048,Ndonga,Albert Luthuli,Mpumalanga,268
597024,Ndonyane,Ubuhlebezwe,KwaZulu-Natal,622
270568,Ndothweni,Mbhashe,Eastern Cape,62
284290,Nduka,Engcobo,Eastern Cape,356
290069,Ndukudeni,Ngquza Hill,Eastern Cape,602
546031,Ndukwende,Maphumulo,KwaZulu-Natal,4152
292306,Nduli,Nyandeni,Eastern Cape,144
591007,Ndulinde,Mandeni,KwaZulu-Natal,621
270173,Ndulini,Mbhashe,Eastern Cape,508
594064,Ndulini,Ingwe,KwaZulu-Natal,2703
285063,Ndum-Ndum,Sakhisizwe,Eastern Cape,528
503079,Ndumakude,Umzumbe,KwaZulu-Natal,1533
598022,Ndumakude,Umzimkhulu,KwaZulu-Natal,1328
281001,Ndumangeni,Lukanji,Eastern Cape,109
296013,Ndumndum,Umzimvubu,Eastern Cape,427
583010,Ndumo,Jozini,KwaZulu-Natal,36
582013,Ndumu,Umhlabuyalingana,KwaZulu-Natal,0
583013,Ndumu,Jozini,KwaZulu-Natal,5631
292121,Nduna,Nyandeni,Eastern Cape,260
590022,Ndundulu,Mthonjaneni,KwaZulu-Natal,1536
597022,Ndunduma,Ubuhlebezwe,KwaZulu-Natal,357
577008,Ndundumene,Umvoti,KwaZulu-Natal,558
273051,Ndungameni,Amahlathi,Eastern Cape,902
297075,Ndunge,Mbizana,Eastern Cape,1611
503050,Ndunge,Umzumbe,KwaZulu-Natal,382
287103,Ndungunya,Senqu,Eastern Cape,435
270150,Ndungunyeni,Mbhashe,Eastern Cape,380
292250,Ndungunyeni,Nyandeni,Eastern Cape,1046
290176,Ndungunyeni A,Ngquza Hill,Eastern Cape,280
290129,Ndungunyeni B,Ngquza Hill,Eastern Cape,69
282211,Ndungwana,Intsika Yethu,Eastern Cape,156
294206,Ndungwana,King Sabata Dalindyebo,Eastern Cape,329
505016,Ndunu,Ezingoleni,KwaZulu-Natal,3086
580164,Ndunyeni,Nongoma,KwaZulu-Natal,949
590021,Nduro,Mthonjaneni,KwaZulu-Natal,2604
271500,Nduveni,Mnquma,Eastern Cape,266
276146,Nduveni,Nkonkobe,Eastern Cape,216
276057,Nduweni,Nkonkobe,Eastern Cape,195
291075,Ndwalana,Port St Johns,Eastern Cape,500
297088,Ndwalaza,Mbizana,Eastern Cape,7533
298087,Ndwana,Ntabankulu,Eastern Cape,1334
503060,Ndwebu,Umzumbe,KwaZulu-Natal,139
593044,Ndwedwe,Ndwedwe,KwaZulu-Natal,4488
593002,Ndwedwe NU,Ndwedwe,KwaZulu-Natal,4911
542059,Ndweni,Nkandla,KwaZulu-Natal,2012
285068,Ndyavu,Sakhisizwe,Eastern Cape,198
298014,Ndzimakwe,Ntabankulu,Eastern Cape,431
273009,Ndzisaneni,Amahlathi,Eastern Cape,188
598123,Ndzombane,Umzimkhulu,KwaZulu-Natal,428
290083,Ndzondeni,Ngquza Hill,Eastern Cape,1098
296106,Ndzongiseni,Umzimvubu,Eastern Cape,1884
985150,Nebo,Makhuduthamaga,Limpopo,3390
260129,Need`s Camp,Buffalo City,Eastern Cape,6696
360089,Neira,Joe Morolong,Northern Cape,341
526028,Nellie,Dannhauser,KwaZulu-Natal,2256
526023,Nellie Valler,Dannhauser,KwaZulu-Natal,1054
799053,Nellmapius,City of Tshwane,Gauteng,56111
299002,Nelson Mandela Bay NU,Nelson Mandela Bay,Eastern Cape,23542
183003,Nelspoort,Beaufort West,Western Cape,1699
294389,Nenga,King Sabata Dalindyebo,Eastern Cape,1087
965073,Netshitondoni,Mutale,Limpopo,33
283070,New Bright,Emalahleni,Eastern Cape,255
260149,New Chalumna,Buffalo City,Eastern Cape,659
281012,New Deka,Lukanji,Eastern Cape,1163
799023,New Eersterus,City of Tshwane,Gauteng,35059
877086,New Forest A,Bushbuckridge,Mpumalanga,1731
877073,New Forest B,Bushbuckridge,Mpumalanga,4386
599020,New Glasgow,eThekwini,KwaZulu-Natal,2101
562026,New Hanover,uMshwathi,KwaZulu-Natal,3175
260150,New Hope,Buffalo City,Eastern Cape,617
179007,New Horizons,Bitou,Western Cape,9869
295024,New House,Matatiele,Eastern Cape,199
868014,New Largo,Emalahleni,Mpumalanga,252
877033,New Line,Bushbuckridge,Mpumalanga,1843
877122,New Market Manor,Bushbuckridge,Mpumalanga,288
295105,New Nkosana,Matatiele,Eastern Cape,1340
962092,New Phepeng,Greater Tzaneen,Limpopo,4178
271277,New Rest,Mnquma,Eastern Cape,311
273101,New Rest,Amahlathi,Eastern Cape,197
285028,New Rest,Sakhisizwe,Eastern Cape,179
287061,New Rest,Senqu,Eastern Cape,4521
290267,New Rest,Ngquza Hill,Eastern Cape,2005
292075,New Rest,Nyandeni,Eastern Cape,1012
294155,New Rest A,King Sabata Dalindyebo,Eastern Cape,657
286016,New Stand,Elundini,Eastern Cape,249
293134,New Stead,Mhlontlo,Eastern Cape,781
183006,New Town,Beaufort West,Western Cape,529
598005,New village,Umzimkhulu,KwaZulu-Natal,498
524010,Newcastle,Newcastle,KwaZulu-Natal,56144
524002,Newcastle NU,Newcastle,KwaZulu-Natal,12470
295153,Newlands,Matatiele,Eastern Cape,1318
599111,Newlands East,eThekwini,KwaZulu-Natal,52566
599112,Newlands West,eThekwini,KwaZulu-Natal,50627
271095,Newlook,Mnquma,Eastern Cape,602
674047,Newnham,Kagisano/Molopo,North West,133
295030,Newrest,Matatiele,Eastern Cape,437
874047,Newscom,Mbombela,Mpumalanga,8812
562015,Newspaper,uMshwathi,KwaZulu-Natal,439
593011,Newspaper,Ndwedwe,KwaZulu-Natal,6543
274122,Newtondale,Ngqushwa,Eastern Cape,283
276143,Newtown,Nkonkobe,Eastern Cape,778
284180,Newtown,Engcobo,Eastern Cape,469
282178,Ng'ala,Intsika Yethu,Eastern Cape,215
273046,Ngabangu,Amahlathi,Eastern Cape,2359
562041,Ngabayena,uMshwathi,KwaZulu-Natal,1331
576022,Ngabayena,Msinga,KwaZulu-Natal,1977
542036,Ngabe,Nkandla,KwaZulu-Natal,206
270646,Ngadla,Mbhashe,Eastern Cape,191
524022,Ngagane,Newcastle,KwaZulu-Natal,906
524023,Ngagane Colliery,Newcastle,KwaZulu-Natal,197
270613,Ngaji,Mbhashe,Eastern Cape,196
965084,Ngalavhani,Mutale,Limpopo,321
962042,Nganganoyi,Greater Tzaneen,Limpopo,2053
546016,Ngangwini,Maphumulo,KwaZulu-Natal,368
284073,Ngapezulu,Engcobo,Eastern Cape,204
282297,Ngaphezulu,Intsika Yethu,Eastern Cape,413
294187,Ngaphezulu,King Sabata Dalindyebo,Eastern Cape,2003
285095,Ngasentla,Sakhisizwe,Eastern Cape,171
292016,Ngavu-Ngavu,Nyandeni,Eastern Cape,439
985037,Ngaweng,Makhuduthamaga,Limpopo,298
282077,Ngcaca,Intsika Yethu,Eastern Cape,679
294471,Ngcalambeni,King Sabata Dalindyebo,Eastern Cape,180
260038,Ngcamngeni,Buffalo City,Eastern Cape,202
273127,Ngcamngeni,Amahlathi,Eastern Cape,1104
281072,Ngcamngeni,Lukanji,Eastern Cape,185
294359,Ngcana,King Sabata Dalindyebo,Eastern Cape,366
291198,Ngcande,Port St Johns,Eastern Cape,562
270121,Ngcatelweni,Mbhashe,Eastern Cape,797
505028,Ngcawusheni,Ezingoleni,KwaZulu-Natal,2669
270411,Ngcay Echibi,Mbhashe,Eastern Cape,133
503063,Ngcazolo,Umzumbe,KwaZulu-Natal,848
286121,Ngcele,Elundini,Eastern Cape,379
294294,Ngcendese,King Sabata Dalindyebo,Eastern Cape,1021
293169,Ngcengane,Mhlontlo,Eastern Cape,233
290207,Ngcengce,Ngquza Hill,Eastern Cape,1495
503040,Ngcengesi,Umzumbe,KwaZulu-Natal,518
294263,Ngceni,King Sabata Dalindyebo,Eastern Cape,176
598076,Ngceni,Umzimkhulu,KwaZulu-Natal,1234
282222,Ngceza,Intsika Yethu,Eastern Cape,178
271523,Ngcingane,Mnquma,Eastern Cape,118
297103,Ngcingo A,Mbizana,Eastern Cape,684
297089,Ngcingo B,Mbizana,Eastern Cape,2777
270642,Ngcizele,Mbhashe,Eastern Cape,163
271548,Ngcizele,Mnquma,Eastern Cape,1088
296033,Ngcobe,Umzimvubu,Eastern Cape,0
292063,Ngcobo,Nyandeni,Eastern Cape,842
284029,Ngcolo,Engcobo,Eastern Cape,24
293128,Ngcolokeni,Mhlontlo,Eastern Cape,657
292010,Ngcolorha,Nyandeni,Eastern Cape,649
270132,Ngcolosa,Mbhashe,Eastern Cape,188
292086,Ngcongco,Nyandeni,Eastern Cape,490
271123,Ngcongcolorha,Mnquma,Eastern Cape,999
291086,Ngcose,Port St Johns,Eastern Cape,398
294231,Ngcotyeni,King Sabata Dalindyebo,Eastern Cape,358
291033,Ngcoya,Port St Johns,Eastern Cape,3124
292067,Ngcoya,Nyandeni,Eastern Cape,650
296121,Ngcozana,Umzimvubu,Eastern Cape,314
283139,Ngcuka,Emalahleni,Eastern Cape,1358
291123,Ngcukuse,Port St Johns,Eastern Cape,123
298125,Ngcumani,Ntabankulu,Eastern Cape,91
290028,Ngcungeni,Ngquza Hill,Eastern Cape,808
284143,Ngcwabeni,Engcobo,Eastern Cape,312
294181,Ngcwala,King Sabata Dalindyebo,Eastern Cape,1621
298131,Ngcwamane,Ntabankulu,Eastern Cape,727
294377,Ngcwanguba,King Sabata Dalindyebo,Eastern Cape,1180
296016,Ngcwayi,Umzimvubu,Eastern Cape,290
290198,Ngebheni,Ngquza Hill,Eastern Cape,196
271532,Ngede,Mnquma,Eastern Cape,625
575085,Ngedla,Nqutu,KwaZulu-Natal,1640
593035,Ngedleni,Ndwedwe,KwaZulu-Natal,2282
589036,Ngedlesi,uMlalazi,KwaZulu-Natal,383
270407,Ngekala,Mbhashe,Eastern Cape,190
276089,Ngele,Nkonkobe,Eastern Cape,447
293016,Ngele,Mhlontlo,Eastern Cape,308
862007,Ngema Tribal Trust,Mkhondo,Mpumalanga,5590
270392,Ngete,Mbhashe,Eastern Cape,74
589057,Ngeza,uMlalazi,KwaZulu-Natal,1189
270125,Ngezana,Mbhashe,Eastern Cape,474
283164,Nghala,Emalahleni,Eastern Cape,817
966157,Nghomunghom,Thulamela,Limpopo,1799
965079,Nghwengoni,Mutale,Limpopo,276
292152,Ngidini,Nyandeni,Eastern Cape,993
567032,Ngilanyoni,Mkhambathini,KwaZulu-Natal,660
260006,Ngingiqini,Buffalo City,Eastern Cape,484
270626,Ngingqini,Mbhashe,Eastern Cape,290
270204,Nginza,Mbhashe,Eastern Cape,621
571063,Ngoba,Okhahlamba,KwaZulu-Natal,759
660005,Ngobi,Moretele,North West,3494
273060,Ngobozana,Amahlathi,Eastern Cape,532
290258,Ngobozana,Ngquza Hill,Eastern Cape,1128
292159,Ngobozi,Nyandeni,Eastern Cape,1537
271346,Ngobozini,Mnquma,Eastern Cape,880
506055,Ngodini,Hibiscus Coast,KwaZulu-Natal,2236
589012,Ngodini,uMlalazi,KwaZulu-Natal,2000
874042,Ngodini,Mbombela,Mpumalanga,13366
874073,Ngodwana,Mbombela,Mpumalanga,3458
576046,Ngoengeni,Msinga,KwaZulu-Natal,2358
297312,Ngojane,Mbizana,Eastern Cape,384
282081,Ngojini,Intsika Yethu,Eastern Cape,458
285033,Ngojini,Sakhisizwe,Eastern Cape,427
294380,Ngojini,King Sabata Dalindyebo,Eastern Cape,361
270440,Ngolela,Mbhashe,Eastern Cape,393
503071,Ngoleleni,Umzumbe,KwaZulu-Natal,1411
286024,Ngolilwe,Elundini,Eastern Cape,774
292115,Ngolo,Nyandeni,Eastern Cape,8332
575003,Ngolokodo,Nqutu,KwaZulu-Natal,2352
580199,Ngolotshe A,Nongoma,KwaZulu-Natal,1595
580195,Ngolotshe B,Nongoma,KwaZulu-Natal,120
503003,Ngomakazi,Umzumbe,KwaZulu-Natal,1714
270606,Ngomana,Mbhashe,Eastern Cape,697
542107,Ngomankulu,Nkandla,KwaZulu-Natal,154
529017,Ngome,Abaqulusi,KwaZulu-Natal,332
597052,Ngongonini,Ubuhlebezwe,KwaZulu-Natal,515
292274,Ngongqeleni,Nyandeni,Eastern Cape,309
296235,Ngonini,Umzimvubu,Eastern Cape,764
286029,Ngonjaneni,Elundini,Eastern Cape,254
282097,Ngonyama,Intsika Yethu,Eastern Cape,222
283114,Ngonyama,Emalahleni,Eastern Cape,719
297247,Ngonyama,Mbizana,Eastern Cape,426
580051,Ngonyamaneni,Nongoma,KwaZulu-Natal,933
296180,Ngonyameni,Umzimvubu,Eastern Cape,1098
580106,Ngoqongo A,Nongoma,KwaZulu-Natal,925
580100,Ngoqongo B,Nongoma,KwaZulu-Natal,293
580112,Ngoqongo C,Nongoma,KwaZulu-Natal,81
580149,Ngoshe,Nongoma,KwaZulu-Natal,487
294077,Ngoswane,King Sabata Dalindyebo,Eastern Cape,299
529012,Ngotshe,Abaqulusi,KwaZulu-Natal,2267
271559,Ngotsini,Mnquma,Eastern Cape,226
966129,Ngovhela,Thulamela,Limpopo,6296
589069,Ngoye,uMlalazi,KwaZulu-Natal,605
271207,Ngozana,Mnquma,Eastern Cape,292
290193,Ngozi,Ngquza Hill,Eastern Cape,182
298100,Ngozi,Ntabankulu,Eastern Cape,527
293105,Ngqakaqeni,Mhlontlo,Eastern Cape,242
270389,Ngqakayi,Mbhashe,Eastern Cape,326
294391,Ngqakayi,King Sabata Dalindyebo,Eastern Cape,393
284340,Ngqalasi,Engcobo,Eastern Cape,107
271396,Ngqanda,Mnquma,Eastern Cape,485
273052,Ngqanda,Amahlathi,Eastern Cape,620
290035,Ngqandulo,Ngquza Hill,Eastern Cape,1799
290222,Ngqandulwana,Ngquza Hill,Eastern Cape,193
270398,Ngqangqaka,Mbhashe,Eastern Cape,241
270306,Ngqaqeni,Mbhashe,Eastern Cape,367
271214,Ngqaqini,Mnquma,Eastern Cape,430
270194,Ngqatyana Phesheykwe,Mbhashe,Eastern Cape,118
294468,Ngqawa,King Sabata Dalindyebo,Eastern Cape,236
286173,Ngqayi,Elundini,Eastern Cape,234
284363,Ngqayi A,Engcobo,Eastern Cape,307
284012,Ngqayi B,Engcobo,Eastern Cape,259
270188,Ngqayiya Mkitswa Xora,Mbhashe,Eastern Cape,11
290014,Ngqelemani,Ngquza Hill,Eastern Cape,207
260022,Ngqeleni,Buffalo City,Eastern Cape,238
292193,Ngqeleni,Nyandeni,Eastern Cape,2629
294402,Ngqeleni,King Sabata Dalindyebo,Eastern Cape,456
290167,Ngqibelana,Ngquza Hill,Eastern Cape,579
260049,Ngqika,Buffalo City,Eastern Cape,283
276120,Ngqika,Nkonkobe,Eastern Cape,1517
260047,Ngqingeni,Buffalo City,Eastern Cape,490
260182,Ngqinisa,Buffalo City,Eastern Cape,371
293230,Ngqokhwe,Mhlontlo,Eastern Cape,238
283158,Ngqoko,Emalahleni,Eastern Cape,546
298121,Ngqokoqweni,Ntabankulu,Eastern Cape,145
598143,Ngqokozweni,Umzimkhulu,KwaZulu-Natal,387
271235,Ngqokweni,Mnquma,Eastern Cape,292
568010,Ngqokweni,Richmond,KwaZulu-Natal,2420
504027,Ngqolo,UMuziwabantu,KwaZulu-Natal,3852
273064,Ngqolongqolo,Amahlathi,Eastern Cape,302
271450,Ngqolongwane,Mnquma,Eastern Cape,451
273001,Ngqolosa,Amahlathi,Eastern Cape,263
276168,Ngqolowa A,Nkonkobe,Eastern Cape,205
276174,Ngqolowa B,Nkonkobe,Eastern Cape,572
290228,Ngqongqo,Ngquza Hill,Eastern Cape,244
293127,Ngqongweni,Mhlontlo,Eastern Cape,163
297145,Ngqongweni,Mbizana,Eastern Cape,489
291113,Ngqontisini,Port St Johns,Eastern Cape,215
270215,Ngqotsini,Mbhashe,Eastern Cape,182
274049,Ngqouma,Ngqushwa,Eastern Cape,371
274118,Ngqowa,Ngqushwa,Eastern Cape,821
293253,Ngqubusini,Mhlontlo,Eastern Cape,946
284367,Ngqubusini A,Engcobo,Eastern Cape,728
284420,Ngqubusini B,Engcobo,Eastern Cape,54
273082,Ngqudela,Amahlathi,Eastern Cape,320
568017,Ngqulu,Richmond,KwaZulu-Natal,1469
575141,Ngqulu,Nqutu,KwaZulu-Natal,1506
294270,Ngqumane,King Sabata Dalindyebo,Eastern Cape,1810
295269,Ngqumane,Matatiele,Eastern Cape,158
296007,Ngqumane,Umzimvubu,Eastern Cape,938
598226,Ngqumareni,Umzimkhulu,KwaZulu-Natal,234
282361,Ngqumela,Intsika Yethu,Eastern Cape,163
294072,Ngqunge,King Sabata Dalindyebo,Eastern Cape,397
580165,Ngqungqu,Nongoma,KwaZulu-Natal,366
599062,Ngqungqulu,eThekwini,KwaZulu-Natal,678
270623,Ngqungqumbe,Mbhashe,Eastern Cape,203
270400,Ngqungqumbe Hobeni,Mbhashe,Eastern Cape,440
504058,Ngqungqumeni,UMuziwabantu,KwaZulu-Natal,54
284331,Ngquru,Engcobo,Eastern Cape,318
274002,Ngqushwa NU,Ngqushwa,Eastern Cape,900
271448,Ngqusi,Mnquma,Eastern Cape,635
270177,Ngquto,Mbhashe,Eastern Cape,438
271399,Ngqutu A,Mnquma,Eastern Cape,201
271427,Ngqutu B,Mnquma,Eastern Cape,182
284412,Ngqutura,Engcobo,Eastern Cape,326
290168,Ngquza A,Ngquza Hill,Eastern Cape,212
290091,Ngquza B,Ngquza Hill,Eastern Cape,693
290146,Ngquza Hill,Ngquza Hill,Eastern Cape,0
290003,Ngquza Hill NU,Ngquza Hill,Eastern Cape,2993
290077,Ngqwabeni,Ngquza Hill,Eastern Cape,513
293325,Ngqwala,Mhlontlo,Eastern Cape,32
294158,Ngqwala A,King Sabata Dalindyebo,Eastern Cape,1851
294002,Ngqwala B,King Sabata Dalindyebo,Eastern Cape,746
284406,Ngqwaneni,Engcobo,Eastern Cape,144
293042,Ngqwaneni,Mhlontlo,Eastern Cape,115
285096,Ngqwanenu,Sakhisizwe,Eastern Cape,98
270343,Ngqwangele,Mbhashe,Eastern Cape,85
282065,Ngqwaru,Intsika Yethu,Eastern Cape,103
298038,Ngqwashu,Ntabankulu,Eastern Cape,665
292076,Ngqwayi,Nyandeni,Eastern Cape,657
274001,Ngqwele,Ngqushwa,Eastern Cape,615
571035,Ngubela,Okhahlamba,KwaZulu-Natal,192
504035,Ngubelanga,UMuziwabantu,KwaZulu-Natal,893
566041,Ngubeni,The Msunduzi,KwaZulu-Natal,2549
576041,Ngubevu,Msinga,KwaZulu-Natal,3466
270331,Ngubezulu,Mbhashe,Eastern Cape,135
576048,Ngubo,Msinga,KwaZulu-Natal,1666
583096,Ngude,Jozini,KwaZulu-Natal,292
293317,Ngudle,Mhlontlo,Eastern Cape,827
542005,Ngudle,Nkandla,KwaZulu-Natal,1798
966120,Ngudza,Thulamela,Limpopo,2855
576032,Ngulule,Msinga,KwaZulu-Natal,970
271318,Ngunduza,Mnquma,Eastern Cape,243
589122,Ngundwini,uMlalazi,KwaZulu-Natal,2028
292251,Ngunjini,Nyandeni,Eastern Cape,824
589042,Ngunundu,uMlalazi,KwaZulu-Natal,3669
589131,Nguqu,uMlalazi,KwaZulu-Natal,3592
526043,Nguqunguqu,Dannhauser,KwaZulu-Natal,1626
296050,Nguse,Umzimvubu,Eastern Cape,629
598098,Nguse,Umzimkhulu,KwaZulu-Natal,1963
297306,Ngutyana A,Mbizana,Eastern Cape,187
297313,Ngutyana B,Mbizana,Eastern Cape,99
296056,Ngwabashwe,Umzimvubu,Eastern Cape,55
560037,Ngwadini,Vulamehlo,KwaZulu-Natal,390
546074,Ngwadumane,Maphumulo,KwaZulu-Natal,545
598010,Ngwagwane,Umzimkhulu,KwaZulu-Natal,231
276083,Ngwalana,Nkonkobe,Eastern Cape,472
983058,Ngwalemong,Ephraim Mogale,Limpopo,1952
970018,Ngwanallela,Aganang,Limpopo,1387
270577,Ngwane,Mbhashe,Eastern Cape,497
276032,Ngwangwane,Nkonkobe,Eastern Cape,28
284207,Ngwangwane,Engcobo,Eastern Cape,672
594050,Ngwangwane,Ingwe,KwaZulu-Natal,1109
580192,Ngware,Nongoma,KwaZulu-Natal,756
985144,Ngwaritsana,Makhuduthamaga,Limpopo,409
985160,Ngwaritsi,Makhuduthamaga,Limpopo,5308
477013,Ngwathe,Ngwathe,Free State,5861
477004,Ngwathe NU,Ngwathe,Free State,10228
542077,Ngwavu,Nkandla,KwaZulu-Natal,483
575061,Ngwebini A,Nqutu,KwaZulu-Natal,1056
575090,Ngwebini B,Nqutu,KwaZulu-Natal,176
575088,Ngwebini C,Nqutu,KwaZulu-Natal,305
575111,Ngwebini D,Nqutu,KwaZulu-Natal,526
581102,Ngwebu,Ulundi,KwaZulu-Natal,213
587034,Ngwebu,Mfolozi,KwaZulu-Natal,1029
664037,Ngweding,Moses Kotane,North West,424
296104,Ngwegweni,Umzimvubu,Eastern Cape,1796
542028,Ngwegweni,Nkandla,KwaZulu-Natal,1467
296099,Ngwekazana,Umzimvubu,Eastern Cape,1037
290018,Ngweleni,Ngquza Hill,Eastern Cape,592
270265,Ngwemnyama,Mbhashe,Eastern Cape,144
293219,Ngwemnyama,Mhlontlo,Eastern Cape,560
298070,Ngwemnyama,Ntabankulu,Eastern Cape,93
577034,Ngwempisi,Umvoti,KwaZulu-Natal,3920
966077,Ngwenani,Thulamela,Limpopo,6254
503010,Ngwenda,Umzumbe,KwaZulu-Natal,750
294266,Ngweni,King Sabata Dalindyebo,Eastern Cape,772
294015,Ngwenvana,King Sabata Dalindyebo,Eastern Cape,1377
295008,Ngwenwane,Matatiele,Eastern Cape,343
276128,Ngwenya,Nkonkobe,Eastern Cape,531
584008,Ngwenya,The Big 5 False Bay,KwaZulu-Natal,3302
583018,Ngwenyameni,Jozini,KwaZulu-Natal,985
290143,Ngwenyeni,Ngquza Hill,Eastern Cape,1521
292312,Ngwenyeni,Nyandeni,Eastern Cape,416
876036,Ngwenyeni A,Nkomazi,Mpumalanga,10441
876018,Ngwenyeni B,Nkomazi,Mpumalanga,3542
575056,Ngwetshana A,Nqutu,KwaZulu-Natal,728
575065,Ngwetshana B,Nqutu,KwaZulu-Natal,1730
296128,Ngwetsheni,Umzimvubu,Eastern Cape,1178
294271,Ngwevane,King Sabata Dalindyebo,Eastern Cape,506
542116,Ngwundo,Nkandla,KwaZulu-Natal,946
284252,Ngxabane,Engcobo,Eastern Cape,151
270122,Ngxabani,Mbhashe,Eastern Cape,313
283188,Ngxabani,Emalahleni,Eastern Cape,345
582043,Ngxabano,Umhlabuyalingana,KwaZulu-Natal,700
293079,Ngxabaxha,Mhlontlo,Eastern Cape,296
274057,Ngxakaxha,Ngqushwa,Eastern Cape,78
293132,Ngxakolo,Mhlontlo,Eastern Cape,1920
271225,Ngxalathi,Mnquma,Eastern Cape,877
273071,Ngxalawe,Amahlathi,Eastern Cape,808
594066,Ngxalingenwa,Ingwe,KwaZulu-Natal,130
284422,Ngxamagele,Engcobo,Eastern Cape,142
292090,Ngxanga,Nyandeni,Eastern Cape,462
284062,Ngxangxasi A,Engcobo,Eastern Cape,380
284103,Ngxangxasi B,Engcobo,Eastern Cape,171
293192,Ngxangxasini,Mhlontlo,Eastern Cape,1212
598203,Ngxapangxapa,Umzimkhulu,KwaZulu-Natal,1020
286124,Ngxaza,Elundini,Eastern Cape,2370
286034,Ngxazana,Elundini,Eastern Cape,298
284385,Ngxebe,Engcobo,Eastern Cape,284
283074,Ngxingwa,Emalahleni,Eastern Cape,301
284138,Ngxingweni,Engcobo,Eastern Cape,166
285092,Ngxingweni,Sakhisizwe,Eastern Cape,319
287053,Ngxingweni,Senqu,Eastern Cape,266
272021,Ngxingxolo,Great Kei,Eastern Cape,775
292107,Ngxokweni,Nyandeni,Eastern Cape,2072
594068,Ngxola,Ingwe,KwaZulu-Natal,1172
286182,Ngxoto,Elundini,Eastern Cape,532
286222,Ngxotwana,Elundini,Eastern Cape,314
294046,Ngxubevange,King Sabata Dalindyebo,Eastern Cape,821
270516,Ngxutyana,Mbhashe,Eastern Cape,198
260075,Ngxwalane,Buffalo City,Eastern Cape,1027
293160,Ngzalana,Mhlontlo,Eastern Cape,641
860021,Nhlaba,Albert Luthuli,Mpumalanga,779
542094,Nhlababo,Nkandla,KwaZulu-Natal,1852
565020,Nhlabamkosi,Impendle,KwaZulu-Natal,989
587024,Nhlabane,Mfolozi,KwaZulu-Natal,4630
583004,Nhlabezinde,Jozini,KwaZulu-Natal,550
589097,Nhlabo,uMlalazi,KwaZulu-Natal,1568
589028,Nhlalidakiwe,uMlalazi,KwaZulu-Natal,1627
503062,Nhlalwane,Umzumbe,KwaZulu-Natal,1555
565006,Nhlambamasoka,Impendle,KwaZulu-Natal,147
575028,Nhlambamasoka A,Nqutu,KwaZulu-Natal,369
575034,Nhlambamasoka B,Nqutu,KwaZulu-Natal,386
575047,Nhlambamasoka C,Nqutu,KwaZulu-Natal,332
582057,Nhlamvu,Umhlabuyalingana,KwaZulu-Natal,839
504014,Nhlangwini,UMuziwabantu,KwaZulu-Natal,430
593005,Nhlangwini,Ndwedwe,KwaZulu-Natal,222
597001,Nhlangwini,Ubuhlebezwe,KwaZulu-Natal,450
576010,Nhlanhleni,Msinga,KwaZulu-Natal,4225
504047,Nhlanza,UMuziwabantu,KwaZulu-Natal,1439
582066,Nhlanzana,Umhlabuyalingana,KwaZulu-Natal,401
565007,Nhlathimbe,Impendle,KwaZulu-Natal,513
585006,Nhlawathi,Hlabisa,KwaZulu-Natal,2973
560031,Nhlazanyoni,Vulamehlo,KwaZulu-Natal,592
860010,Nhlazatje,Albert Luthuli,Mpumalanga,28224
581045,Nhlazatshe,Ulundi,KwaZulu-Natal,1076
580040,Nhleleni,Nongoma,KwaZulu-Natal,474
503034,Nhlengesi,Umzumbe,KwaZulu-Natal,696
576058,Nhlesi,Msinga,KwaZulu-Natal,1050
589033,Nhlohlela,uMlalazi,KwaZulu-Natal,440
504045,Nhlokoyenkomo,UMuziwabantu,KwaZulu-Natal,1148
576060,Nhlonga,Msinga,KwaZulu-Natal,1878
580053,Nhlophenkulu A,Nongoma,KwaZulu-Natal,2292
580087,Nhlophenkulu B,Nongoma,KwaZulu-Natal,1560
575115,Nhloya,Nqutu,KwaZulu-Natal,483
597037,Nhlozane,Ubuhlebezwe,KwaZulu-Natal,1260
566029,Nhluthelo,The Msunduzi,KwaZulu-Natal,3710
271551,Nibe,Mnquma,Eastern Cape,424
375001,Niekerkshoop,Siyathemba,Northern Cape,1830
569002,Niekerskraal,Indaka,KwaZulu-Natal,745
577018,Nietgedocht,Umvoti,KwaZulu-Natal,1613
261001,Nieu Bethesda,Camdeboo,Eastern Cape,1540
366004,Nieuwoudtville,Hantam,Northern Cape,2093
598129,Niewjaarsfontein,Umzimkhulu,KwaZulu-Natal,303
762012,Nigel,Lesedi,Gauteng,2321
797028,Nigel,Ekurhuleni,Gauteng,38318
297139,Nikhwe (KwaNikhwe),Mbizana,Eastern Cape,406
360110,Niks,Joe Morolong,Northern Cape,139
505019,Nikwe,Ezingoleni,KwaZulu-Natal,1389
287130,Ninakulu Mount,Senqu,Eastern Cape,83
577011,Ningisa,Umvoti,KwaZulu-Natal,658
588053,Ningizimu,Ntambanana,KwaZulu-Natal,1098
174002,Nissenville,Kannaland,Western Cape,3385
296113,Niyona,Umzimvubu,Eastern Cape,198
286157,Njaboya,Elundini,Eastern Cape,220
270109,Njakazi,Mbhashe,Eastern Cape,153
271341,Njakazi,Mnquma,Eastern Cape,348
580140,Njampela A,Nongoma,KwaZulu-Natal,1310
580135,Njampela B,Nongoma,KwaZulu-Natal,972
580123,Njampela C,Nongoma,KwaZulu-Natal,299
290142,Njanda,Ngquza Hill,Eastern Cape,452
592023,Njekane,KwaDukuza,KwaZulu-Natal,5252
271016,Njekeni,Mnquma,Eastern Cape,321
291209,Njela,Port St Johns,Eastern Cape,460
577038,Njengabantu,Umvoti,KwaZulu-Natal,1091
292168,Njezeni,Nyandeni,Eastern Cape,519
968095,Njhakanjhaka,Makhado,Limpopo,2890
296164,Njijini,Umzimvubu,Eastern Cape,4254
290020,Njimbinxeni,Ngquza Hill,Eastern Cape,1053
271414,Njingini,Mnquma,Eastern Cape,1153
292318,Njivene,Nyandeni,Eastern Cape,385
291148,Njiveni,Port St Johns,Eastern Cape,800
292148,Njiveni,Nyandeni,Eastern Cape,1530
270338,Njiveni A,Mbhashe,Eastern Cape,796
270380,Njiveni B,Mbhashe,Eastern Cape,184
584003,Njiya,The Big 5 False Bay,KwaZulu-Natal,2064
581081,Njojo A,Ulundi,KwaZulu-Natal,619
581098,Njojo B,Ulundi,KwaZulu-Natal,211
283162,Njombela,Emalahleni,Eastern Cape,370
290216,Njombela,Ngquza Hill,Eastern Cape,311
588025,Njomelwano,Ntambanana,KwaZulu-Natal,2107
598150,Njunga,Umzimkhulu,KwaZulu-Natal,1006
575131,Nkabane,Nqutu,KwaZulu-Natal,848
566051,Nkabini,The Msunduzi,KwaZulu-Natal,2528
984030,Nkadimeng,Elias Motsoaledi,Limpopo,2136
598073,Nkadudu,Umzimkhulu,KwaZulu-Natal,797
360056,Nkajaneng,Joe Morolong,Northern Cape,172
284350,Nkaleni,Engcobo,Eastern Cape,346
503078,Nkalokazi,Umzumbe,KwaZulu-Natal,1908
597054,Nkalokazi,Ubuhlebezwe,KwaZulu-Natal,188
283020,Nkalweni,Emalahleni,Eastern Cape,197
284323,Nkalweni,Engcobo,Eastern Cape,239
286227,Nkalweni,Elundini,Eastern Cape,343
294346,Nkalweni,King Sabata Dalindyebo,Eastern Cape,294
270191,Nkalweni A,Mbhashe,Eastern Cape,417
271198,Nkalweni A,Mnquma,Eastern Cape,378
270346,Nkalweni B,Mbhashe,Eastern Cape,255
271164,Nkalweni B,Mnquma,Eastern Cape,126
576034,Nkamba,Msinga,KwaZulu-Natal,1177
874007,Nkambeni,Mbombela,Mpumalanga,7801
962047,Nkamboko,Greater Tzaneen,Limpopo,9983
287116,Nkampini,Senqu,Eastern Cape,334
293281,Nkampini,Mhlontlo,Eastern Cape,526
506046,Nkampini,Hibiscus Coast,KwaZulu-Natal,7300
598158,Nkampini,Umzimkhulu,KwaZulu-Natal,177
575004,Nkanda,Nqutu,KwaZulu-Natal,2088
542052,Nkandla,Nkandla,KwaZulu-Natal,3557
542010,Nkandla NU,Nkandla,KwaZulu-Natal,26
575005,Nkandle,Nqutu,KwaZulu-Natal,586
270609,Nkanga,Mbhashe,Eastern Cape,165
271216,Nkanga,Mnquma,Eastern Cape,421
284021,Nkanga,Engcobo,Eastern Cape,203
292060,Nkanga,Nyandeni,Eastern Cape,1770
286114,Nkangala,Elundini,Eastern Cape,379
503054,Nkangala,Umzumbe,KwaZulu-Natal,2530
569040,Nkangala,Indaka,KwaZulu-Natal,186
583082,Nkangala,Jozini,KwaZulu-Natal,348
589070,Nkangala,uMlalazi,KwaZulu-Natal,1586
599060,Nkangala,eThekwini,KwaZulu-Natal,1806
297210,Nkangeni,Mbizana,Eastern Cape,158
294034,Nkanini,King Sabata Dalindyebo,Eastern Cape,889
296046,Nkanji,Umzimvubu,Eastern Cape,781
292304,Nkantini,Nyandeni,Eastern Cape,532
297033,Nkantolo,Mbizana,Eastern Cape,1138
297059,Nkantswini,Mbizana,Eastern Cape,811
270055,Nkanunu,Mbhashe,Eastern Cape,590
292271,Nkanunu,Nyandeni,Eastern Cape,917
968131,Nkanyani,Makhado,Limpopo,748
598197,Nkapha,Umzimkhulu,KwaZulu-Natal,967
295065,Nkasela,Matatiele,Eastern Cape,997
586025,Nkatha,Mtubatuba,KwaZulu-Natal,7247
295090,Nkaus,Matatiele,Eastern Cape,1224
295204,Nkaweni,Matatiele,Eastern Cape,336
292154,Nkawukazi,Nyandeni,Eastern Cape,532
270039,Nkawukazi A,Mbhashe,Eastern Cape,298
270651,Nkawukazi B,Mbhashe,Eastern Cape,141
295003,Nkawulweni A,Matatiele,Eastern Cape,451
295224,Nkawulweni B,Matatiele,Eastern Cape,493
594004,Nkelabantwana,Ingwe,KwaZulu-Natal,3492
270511,Nkelekete,Mbhashe,Eastern Cape,372
271484,Nkente,Mnquma,Eastern Cape,375
471003,Nketoana NU,Nketoana,Free State,11315
982077,Nkgori,Mogalakwena,Limpopo,495
538003,Nkhanangu,uMhlathuze,KwaZulu-Natal,2784
968103,Nkhensani,Makhado,Limpopo,13113
292330,Nkhwityini,Nyandeni,Eastern Cape,117
284130,Nkobole,Engcobo,Eastern Cape,172
286100,Nkobongo,Elundini,Eastern Cape,260
592037,Nkobongo,KwaDukuza,KwaZulu-Natal,19528
294418,Nkodusani,King Sabata Dalindyebo,Eastern Cape,254
598218,Nkofeni,Umzimkhulu,KwaZulu-Natal,169
664028,Nkogolwe,Moses Kotane,North West,210
874030,Nkohlakalo,Mbombela,Mpumalanga,4534
538017,Nkojane,uMhlathuze,KwaZulu-Natal,1659
586023,Nkolokoto,Mtubatuba,KwaZulu-Natal,3505
297216,Nkolora,Mbizana,Eastern Cape,148
294302,Nkolotya,King Sabata Dalindyebo,Eastern Cape,269
546076,Nkolovuzane A,Maphumulo,KwaZulu-Natal,272
546065,Nkolovuzane B,Maphumulo,KwaZulu-Natal,541
270280,Nkolweni,Mbhashe,Eastern Cape,521
282205,Nkolweni,Intsika Yethu,Eastern Cape,480
571043,Nkomanzana,Okhahlamba,KwaZulu-Natal,1720
876003,Nkomazi NU,Nkomazi,Mpumalanga,12427
876003,Nkomazi NU,Nkomazi,Mpumalanga,22427
876003,Nkomazi NU North,Nkomazi,Mpumalanga,12427
586027,Nkombose,Mtubatuba,KwaZulu-Natal,9768
598039,Nkomeni,Umzimkhulu,KwaZulu-Natal,1156
542081,Nkomeziphansi,Nkandla,KwaZulu-Natal,428
282064,Nkomfa,Intsika Yethu,Eastern Cape,182
282225,Nkomfeni,Intsika Yethu,Eastern Cape,414
599168,Nkomokazi,eThekwini,KwaZulu-Natal,596
573009,Nkomokazini,Imbabazane,KwaZulu-Natal,1183
284157,Nkondlo A,Engcobo,Eastern Cape,440
284273,Nkondlo B,Engcobo,Eastern Cape,490
271390,Nkondwane,Mnquma,Eastern Cape,284
542134,Nkondweni,Nkandla,KwaZulu-Natal,550
504007,Nkoneni,UMuziwabantu,KwaZulu-Natal,195
506057,Nkoneni,Hibiscus Coast,KwaZulu-Natal,939
529007,Nkongolwane,Abaqulusi,KwaZulu-Natal,2682
542057,Nkonisa,Nkandla,KwaZulu-Natal,883
580105,Nkonjeni,Nongoma,KwaZulu-Natal,1489
581111,Nkonjeni,Ulundi,KwaZulu-Natal,336
271558,Nkonki,Mnquma,Eastern Cape,176
281003,Nkonkobe,Lukanji,Eastern Cape,522
276002,Nkonkobe NU,Nkonkobe,Eastern Cape,4846
291220,Nkonkoni,Port St Johns,Eastern Cape,109
292061,Nkonkoni,Nyandeni,Eastern Cape,769
271218,Nkonkwane,Mnquma,Eastern Cape,189
282312,Nkonxeni,Intsika Yethu,Eastern Cape,51
585011,Nkonyamaneni,Hlabisa,KwaZulu-Natal,7903
576093,Nkonyane,Msinga,KwaZulu-Natal,861
594054,Nkonzo,Ingwe,KwaZulu-Natal,14
295098,Nkosana,Matatiele,Eastern Cape,1418
862008,Nkosanjaneni,Mkhondo,Mpumalanga,1654
984029,Nkosini,Elias Motsoaledi,Limpopo,594
260019,Nkosiyane,Buffalo City,Eastern Cape,189
506048,Nkothaneni,Hibiscus Coast,KwaZulu-Natal,3073
565030,Nkothweni,Impendle,KwaZulu-Natal,335
976067,Nkotokwane,Lepele-Nkumpi,Limpopo,689
270156,Nkovalini,Mbhashe,Eastern Cape,379
962049,Nkowakowa,Greater Tzaneen,Limpopo,22484
290150,Nkozo,Ngquza Hill,Eastern Cape,2528
273038,Nkqayi,Amahlathi,Eastern Cape,264
260007,Nkqonkqweni A,Buffalo City,Eastern Cape,1546
598105,Nkqozana,Umzimkhulu,KwaZulu-Natal,819
169004,Nkqubela,Langeberg,Western Cape,5786
290165,Nkulu,Ngquza Hill,Eastern Cape,84
290037,Nkuluekweni,Ngquza Hill,Eastern Cape,2650
293234,Nkululekweni,Mhlontlo,Eastern Cape,199
292257,Nkumandeni,Nyandeni,Eastern Cape,144
298108,Nkumba,Ntabankulu,Eastern Cape,387
594017,Nkumba,Ingwe,KwaZulu-Natal,966
593019,Nkumba-Nyuswa,Ndwedwe,KwaZulu-Natal,7878
542024,Nkungumathe,Nkandla,KwaZulu-Natal,944
284100,Nkungwini,Engcobo,Eastern Cape,802
580114,Nkungwini,Nongoma,KwaZulu-Natal,556
583029,Nkungwini,Jozini,KwaZulu-Natal,2376
295233,Nkungwini A,Matatiele,Eastern Cape,439
295244,Nkungwini B,Matatiele,Eastern Cape,300
592022,Nkunkwini,KwaDukuza,KwaZulu-Natal,1020
580014,Nkunzana,Nongoma,KwaZulu-Natal,474
285006,Nkunzaneni,Sakhisizwe,Eastern Cape,373
589110,Nkunzempunga,uMlalazi,KwaZulu-Natal,4445
591006,Nkunzempunga,Mandeni,KwaZulu-Natal,25062
514007,Nkunzi,Emnambithi/Ladysmith,KwaZulu-Natal,2132
290283,Nkunzimbini A,Ngquza Hill,Eastern Cape,5728
290326,Nkunzimbini B,Ngquza Hill,Eastern Cape,130
295219,Nkupelweni,Matatiele,Eastern Cape,470
580101,Nkuwuwini,Nongoma,KwaZulu-Natal,330
560013,Nkwali,Vulamehlo,KwaZulu-Natal,3282
290029,Nkwalini,Ngquza Hill,Eastern Cape,58
294221,Nkwalini,King Sabata Dalindyebo,Eastern Cape,338
583028,Nkwambane,Jozini,KwaZulu-Natal,899
293275,Nkwancka,Mhlontlo,Eastern Cape,435
597036,Nkwanini,Ubuhlebezwe,KwaZulu-Natal,681
282331,Nkwayi,Intsika Yethu,Eastern Cape,163
296190,Nkwazini,Umzimvubu,Eastern Cape,281
580085,Nkweme,Nongoma,KwaZulu-Natal,679
284307,Nkwenkwana,Engcobo,Eastern Cape,1153
265006,Nkwenkwezi,Ndlambe,Eastern Cape,16112
284120,Nkwenkwezi,Engcobo,Eastern Cape,271
290096,Nkwezela,Ngquza Hill,Eastern Cape,475
594035,Nkwezela,Ingwe,KwaZulu-Natal,2410
260115,Nkxamnkwana,Buffalo City,Eastern Cape,431
968086,Nngwekhulu,Makhado,Limpopo,532
284348,No_Andile,Engcobo,Eastern Cape,324
290202,Nobadula,Ngquza Hill,Eastern Cape,408
297174,Nobamba,Mbizana,Eastern Cape,504
593049,Nobanga,Ndwedwe,KwaZulu-Natal,939
271114,Nobhanda,Mnquma,Eastern Cape,568
282132,Nobokwe,Intsika Yethu,Eastern Cape,315
590008,Nobugalaza,Mthonjaneni,KwaZulu-Natal,805
274105,Nobumba,Ngqushwa,Eastern Cape,1063
291205,Nocozi,Port St Johns,Eastern Cape,298
270545,Nocwane,Mbhashe,Eastern Cape,205
293142,Nodali,Mhlontlo,Eastern Cape,167
291201,Noduka,Port St Johns,Eastern Cape,344
271227,Nodumaphi,Mnquma,Eastern Cape,104
292169,Nodushe,Nyandeni,Eastern Cape,416
598089,Nodwengu,Umzimkhulu,KwaZulu-Natal,453
546077,Nofohla,Maphumulo,KwaZulu-Natal,199
499036,Nogas Post,Mangaung,Free State,285
282194,Nogate,Intsika Yethu,Eastern Cape,170
293250,Nogaya,Mhlontlo,Eastern Cape,347
587004,Nohaha,Mfolozi,KwaZulu-Natal,2012
583079,Nohhihhi,Jozini,KwaZulu-Natal,1370
270198,Noihana East,Mbhashe,Eastern Cape,255
872020,Nokaneng,Dr JS Moroka,Mpumalanga,7462
970068,Nokayamatlala,Aganang,Limpopo,949
974114,Noko,Polokwane,Limpopo,368
297245,Nokogqo,Mbizana,Eastern Cape,217
598116,Nolangeni,Umzimkhulu,KwaZulu-Natal,965
589025,Nolila-Sonane,uMlalazi,KwaZulu-Natal,1978
265002,Nolukhanyo,Ndlambe,Eastern Cape,5631
292303,Nomadolo,Nyandeni,Eastern Cape,956
293266,Nomadolo,Mhlontlo,Eastern Cape,878
503026,Nomageje,Umzumbe,KwaZulu-Natal,1153
271040,Nomaheya Mission,Mnquma,Eastern Cape,585
546021,Nomahhala,Maphumulo,KwaZulu-Natal,76
503055,Nomakhanzana,Umzumbe,KwaZulu-Natal,2780
542067,Nomangci,Nkandla,KwaZulu-Natal,866
266008,Nomathamasanqa,Sundays River Valley,Eastern Cape,10696
271530,Nombanjana,Mnquma,Eastern Cape,955
504048,Nombengeza,UMuziwabantu,KwaZulu-Natal,1430
293316,Nombodlelana,Mhlontlo,Eastern Cape,463
294325,Nomcama,King Sabata Dalindyebo,Eastern Cape,307
292237,Nomcamba,Nyandeni,Eastern Cape,1129
585012,Nomcondo,Hlabisa,KwaZulu-Natal,4720
598192,Nomdaphu,Umzimkhulu,KwaZulu-Natal,1261
581079,Nomdiya,Ulundi,KwaZulu-Natal,638
598108,Nomeva,Umzimkhulu,KwaZulu-Natal,387
283187,Nomfutwane,Emalahleni,Eastern Cape,168
260040,Nomgwadla,Buffalo City,Eastern Cape,2384
296019,Nomkholokotho,Umzimvubu,Eastern Cape,1182
297042,Nomlacu (Section A),Mbizana,Eastern Cape,3167
287128,Nomlengane,Senqu,Eastern Cape,158
588032,Nomponjwana,Ntambanana,KwaZulu-Natal,2228
297114,Nompumalanga A,Mbizana,Eastern Cape,226
297046,Nompumalanga B,Mbizana,Eastern Cape,1064
260112,Nompumelelo,Buffalo City,Eastern Cape,7269
269011,Nompumelelo,Kou-Kamma,Eastern Cape,2449
273106,Nompumelelo,Amahlathi,Eastern Cape,555
589018,Nomyaca,uMlalazi,KwaZulu-Natal,1147
286212,Nomyayi,Elundini,Eastern Cape,262
199046,Nomzamo,City of Cape Town,Western Cape,60528
664013,Nonceba,Moses Kotane,North West,795
583057,Nondabuya,Jozini,KwaZulu-Natal,3724
270575,Nondobo,Mbhashe,Eastern Cape,146
963005,Nondweni,Ba-Phalaborwa,Limpopo,984
575017,Nondweni A,Nqutu,KwaZulu-Natal,5585
575030,Nondweni B,Nqutu,KwaZulu-Natal,1646
575049,Nondweni C,Nqutu,KwaZulu-Natal,2372
283150,Nonesi,Emalahleni,Eastern Cape,125
284314,Nongandlela,Engcobo,Eastern Cape,646
504044,Nongidi,UMuziwabantu,KwaZulu-Natal,3759
598061,Nongidi,Umzimkhulu,KwaZulu-Natal,1242
598049,Nonginqa,Umzimkhulu,KwaZulu-Natal,1889
287042,Nongogo,Senqu,Eastern Cape,733
270517,Nongoma,Mbhashe,Eastern Cape,422
580088,Nongoma,Nongoma,KwaZulu-Natal,7629
580002,Nongoma NU,Nongoma,KwaZulu-Natal,2132
594030,Nonguqa,Ingwe,KwaZulu-Natal,554
274016,Nonibe,Ngqushwa,Eastern Cape,987
297249,Nonja,Mbizana,Eastern Cape,1191
291103,Nonjonjo,Port St Johns,Eastern Cape,194
294119,Nonkobe,King Sabata Dalindyebo,Eastern Cape,651
297314,Nonkobe,Mbizana,Eastern Cape,171
273070,Nonkululeko,Amahlathi,Eastern Cape,1056
592006,Nonoti,KwaDukuza,KwaZulu-Natal,2203
593050,Nonoti,Ndwedwe,KwaZulu-Natal,981
599045,Nonoti,eThekwini,KwaZulu-Natal,1839
282233,Nonqoboqobana,Intsika Yethu,Eastern Cape,332
282274,Nontengo,Intsika Yethu,Eastern Cape,506
281025,Nontloko,Lukanji,Eastern Cape,99
292073,Nontswabu,Nyandeni,Eastern Cape,1277
969109,Nontz,Blouberg,Limpopo,1138
293022,Nonyikila,Mhlontlo,Eastern Cape,850
276091,Nonzwakazi,Nkonkobe,Eastern Cape,976
277003,Nonzwakazi,Nxuba,Eastern Cape,1149
371005,Nonzwakazi,Emthanjeni,Northern Cape,6230
593028,Noodberg,Ndwedwe,KwaZulu-Natal,2361
761007,Nooitgecht,Midvaal,Gauteng,879
860007,Nooitgedachdam,Albert Luthuli,Mpumalanga,50
968118,Nooitgedacht,Makhado,Limpopo,364
663001,Nooitgedacht A,Kgetlengrivier,North West,425
667073,Nooitgedacht B,Mafikeng,North West,1134
199051,Noordhoek,City of Cape Town,Western Cape,31980
270281,Nopoto,Mbhashe,Eastern Cape,513
291155,Noqhewukana,Port St Johns,Eastern Cape,1234
672040,Norlim,Greater Taung,North West,2254
660041,Norokie,Moretele,North West,1115
977004,Northam A,Thabazimbi,Limpopo,4259
977005,Northam B,Thabazimbi,Limpopo,27611
961046,Northampton,Greater Letaba,Limpopo,341
566001,Northdale,The Msunduzi,KwaZulu-Natal,54822
860052,Northdene,Albert Luthuli,Mpumalanga,388
960059,Northhampton,Greater Giyani,Limpopo,1231
370001,Norvalspont,Umsobomvu,Northern Cape,97
292089,Norwood,Nyandeni,Eastern Cape,666
297079,Norwood,Mbizana,Eastern Cape,512
566040,Noshezi,The Msunduzi,KwaZulu-Natal,777
589059,Noshungu,uMlalazi,KwaZulu-Natal,2072
506030,Nositha,Hibiscus Coast,KwaZulu-Natal,10780
293058,Nothanaza,Mhlontlo,Eastern Cape,446
270357,Nothanda,Mbhashe,Eastern Cape,867
287073,Nothanda,Senqu,Eastern Cape,215
542141,Nothekwane,Nkandla,KwaZulu-Natal,1325
292254,Nothintsila,Nyandeni,Eastern Cape,113
294353,Nothintwa,King Sabata Dalindyebo,Eastern Cape,1045
293212,Notswelaba,Mhlontlo,Eastern Cape,590
293246,Notsweleba,Mhlontlo,Eastern Cape,147
563003,Nottingham Road,uMngeni,KwaZulu-Natal,1277
578019,Noukloof A,eDumbe,KwaZulu-Natal,1116
578022,Noukloof B,eDumbe,KwaZulu-Natal,198
578025,Noukraal,eDumbe,KwaZulu-Natal,945
370005,Noupoort,Umsobomvu,Northern Cape,4514
365006,Nourivier,Kamiesberg,Northern Cape,460
598154,Novukela,Umzimkhulu,KwaZulu-Natal,349
298116,Nowalala,Ntabankulu,Eastern Cape,1476
292235,Noxova,Nyandeni,Eastern Cape,1436
282129,Noxweba,Intsika Yethu,Eastern Cape,242
587032,Nozambula,Mfolozi,KwaZulu-Natal,2122
589096,Nozandla,uMlalazi,KwaZulu-Natal,592
296023,Nozitshena,Umzimvubu,Eastern Cape,441
293075,Nozityana,Mhlontlo,Eastern Cape,299
289003,Nozizwe,Gariep,Eastern Cape,1393
270031,Nqabana,Mbhashe,Eastern Cape,455
270544,Nqabarama,Mbhashe,Eastern Cape,202
598053,Nqabelweni,Umzimkhulu,KwaZulu-Natal,587
566007,Nqabeni,The Msunduzi,KwaZulu-Natal,1531
576040,Nqabeni,Msinga,KwaZulu-Natal,1183
598059,Nqabeni,Umzimkhulu,KwaZulu-Natal,26
271316,Nqagqini,Mnquma,Eastern Cape,287
270328,Nqakanga,Mbhashe,Eastern Cape,120
298092,Nqalo,Ntabankulu,Eastern Cape,199
296084,Nqalweni,Umzimvubu,Eastern Cape,671
505001,Nqalweni,Ezingoleni,KwaZulu-Natal,123
271096,Nqamakwe,Mnquma,Eastern Cape,1558
589035,Nqamane,uMlalazi,KwaZulu-Natal,1136
284001,Nqancule,Engcobo,Eastern Cape,145
284369,Nqaphantsi,Engcobo,Eastern Cape,405
290288,Nqaqhumbe,Ngquza Hill,Eastern Cape,574
276178,Nqcabasa,Nkonkobe,Eastern Cape,280
260079,Nqcamgeni,Buffalo City,Eastern Cape,496
590001,Nqekwane,Mthonjaneni,KwaZulu-Natal,393
294274,Nqencu,King Sabata Dalindyebo,Eastern Cape,596
292328,Nqentsu,Nyandeni,Eastern Cape,735
270605,Nqeza,Mbhashe,Eastern Cape,184
270022,Nqgaqeni,Mbhashe,Eastern Cape,208
298142,Nqgulana,Ntabankulu,Eastern Cape,145
270313,Nqgutu,Mbhashe,Eastern Cape,181
270223,Nqileni,Mbhashe,Eastern Cape,1258
271503,Nqileni,Mnquma,Eastern Cape,251
285019,Nqineni,Sakhisizwe,Eastern Cape,322
283204,Nqiningana,Emalahleni,Eastern Cape,828
599153,Nqobane,eThekwini,KwaZulu-Natal,1758
580077,Nqokotho,Nongoma,KwaZulu-Natal,1859
576083,Nqoleni,Msinga,KwaZulu-Natal,1732
589009,Nqoleni,uMlalazi,KwaZulu-Natal,611
286107,Nqoma,Elundini,Eastern Cape,323
260066,Nqonqweni,Buffalo City,Eastern Cape,1766
585034,Nqotweni,Hlabisa,KwaZulu-Natal,331
292205,Nquba,Nyandeni,Eastern Cape,806
571004,Nqula,Okhahlamba,KwaZulu-Natal,254
580065,Nqulu,Nongoma,KwaZulu-Natal,498
282006,Nqumakala,Intsika Yethu,Eastern Cape,316
594039,Nqumeni,Ingwe,KwaZulu-Natal,3808
295070,Nquthu,Matatiele,Eastern Cape,711
584017,Nqutsheni,The Big 5 False Bay,KwaZulu-Natal,932
575050,Nqutu,Nqutu,KwaZulu-Natal,5453
297005,Nqutu A,Mbizana,Eastern Cape,1149
297024,Nqutu B,Mbizana,Eastern Cape,485
575006,Nqutu NU,Nqutu,KwaZulu-Natal,4264
284296,Nqutwaneni,Engcobo,Eastern Cape,293
291207,Nqutyana,Port St Johns,Eastern Cape,495
292206,Nqutyana,Nyandeni,Eastern Cape,412
292140,Nqwakunqwaku,Nyandeni,Eastern Cape,450
598056,Nqwaqa,Umzimkhulu,KwaZulu-Natal,848
294176,Nqwathi-Ophezulu,King Sabata Dalindyebo,Eastern Cape,840
285086,Nqwebebeni,Sakhisizwe,Eastern Cape,319
297056,Nqwelombaso,Mbizana,Eastern Cape,605
274065,Nqwenerana,Ngqushwa,Eastern Cape,185
542122,Nsamlome,Nkandla,KwaZulu-Natal,633
506026,Nsangwini,Hibiscus Coast,KwaZulu-Natal,5175
538007,Nseleni,uMhlathuze,KwaZulu-Natal,8379
874025,Nsikazi,Mbombela,Mpumalanga,768
584014,Nsimane,The Big 5 False Bay,KwaZulu-Natal,3474
966089,Nsimbhi,Thulamela,Limpopo,1885
506027,Nsimbini,Hibiscus Coast,KwaZulu-Natal,3406
297258,Nsimbini A,Mbizana,Eastern Cape,382
297254,Nsimbini B,Mbizana,Eastern Cape,663
542085,Nsingabani,Nkandla,KwaZulu-Natal,267
542075,Nsingabantu,Nkandla,KwaZulu-Natal,1351
876053,Nsizwane,Nkomazi,Mpumalanga,1414
593021,Nsonono,Ndwedwe,KwaZulu-Natal,568
575038,Nsubeni,Nqutu,KwaZulu-Natal,1057
581031,Nsukaze A,Ulundi,KwaZulu-Natal,3064
581032,Nsukaze B,Ulundi,KwaZulu-Natal,973
582023,Nsukumbili,Umhlabuyalingana,KwaZulu-Natal,1026
542020,Nsuze,Nkandla,KwaZulu-Natal,818
593016,Nsuze,Ndwedwe,KwaZulu-Natal,568
287009,Ntaba-Kusuku,Senqu,Eastern Cape,253
576087,Ntababomvu,Msinga,KwaZulu-Natal,431
575086,Ntababomvu A,Nqutu,KwaZulu-Natal,239
575033,Ntababomvu B,Nqutu,KwaZulu-Natal,449
293245,Ntababusuku,Mhlontlo,Eastern Cape,155
576090,Ntabakayishi,Msinga,KwaZulu-Natal,1571
503014,Ntabakucasha,Umzumbe,KwaZulu-Natal,1331
542093,Ntabandlovu,Nkandla,KwaZulu-Natal,0
588039,Ntabane,Ntambanana,KwaZulu-Natal,994
597011,Ntabane,Ubuhlebezwe,KwaZulu-Natal,1224
592015,Ntabaningi,KwaDukuza,KwaZulu-Natal,6701
296191,Ntabankulu,Umzimvubu,Eastern Cape,365
581108,Ntabankulu,Ulundi,KwaZulu-Natal,2289
298005,Ntabankulu NU,Ntabankulu,Eastern Cape,447
292082,Ntabantsimbi,Nyandeni,Eastern Cape,821
295184,Ntabatsewu,Matatiele,Eastern Cape,23
583038,Ntabayengwe,Jozini,KwaZulu-Natal,807
588019,Ntabayenkosi,Ntambanana,KwaZulu-Natal,337
580019,Ntabayezulu,Nongoma,KwaZulu-Natal,172
503046,Ntabazu,Umzumbe,KwaZulu-Natal,205
297316,Ntabazulu,Mbizana,Eastern Cape,472
529034,Ntabebomvu,Abaqulusi,KwaZulu-Natal,310
575094,Ntabebomvu,Nqutu,KwaZulu-Natal,355
281032,Ntabelanga,Lukanji,Eastern Cape,323
293288,Ntabelanga,Mhlontlo,Eastern Cape,228
297318,Ntabengadlinkomo,Mbizana,Eastern Cape,525
284372,Ntabeni,Engcobo,Eastern Cape,341
294405,Ntabeni,King Sabata Dalindyebo,Eastern Cape,497
298074,Ntabeni,Ntabankulu,Eastern Cape,242
598106,Ntabeni,Umzimkhulu,KwaZulu-Natal,273
282198,Ntabeni A,Intsika Yethu,Eastern Cape,1085
282212,Ntabeni B,Intsika Yethu,Eastern Cape,79
560023,Ntabesikopo,Vulamehlo,KwaZulu-Natal,591
293020,Ntaboduli,Mhlontlo,Eastern Cape,469
284110,Ntabomvu,Engcobo,Eastern Cape,457
290185,Ntakana,Ngquza Hill,Eastern Cape,297
292167,Ntakwendlela,Nyandeni,Eastern Cape,489
581089,Ntamamhlophe,Ulundi,KwaZulu-Natal,899
597043,Ntambama,Ubuhlebezwe,KwaZulu-Natal,484
588014,Ntambanana NU,Ntambanana,KwaZulu-Natal,1182
291050,Ntambula,Port St Johns,Eastern Cape,663
297055,Ntamonde,Mbizana,Eastern Cape,901
589032,Ntamoyenkunzi,uMlalazi,KwaZulu-Natal,693
581057,Ntandakuwela A,Ulundi,KwaZulu-Natal,778
581099,Ntandakuwela B,Ulundi,KwaZulu-Natal,246
294340,Ntandela,King Sabata Dalindyebo,Eastern Cape,207
575089,Ntanyandlovu A,Nqutu,KwaZulu-Natal,272
575071,Ntanyandlovu B,Nqutu,KwaZulu-Natal,472
575082,Ntanyandlovu C,Nqutu,KwaZulu-Natal,490
575072,Ntanyandlovu D,Nqutu,KwaZulu-Natal,352
575073,Ntanyandlovu E,Nqutu,KwaZulu-Natal,258
575059,Ntanyandlovu F,Nqutu,KwaZulu-Natal,1283
576024,Ntanyazulu,Msinga,KwaZulu-Natal,376
542035,Ntanyeni,Nkandla,KwaZulu-Natal,747
575132,Ntanyeni,Nqutu,KwaZulu-Natal,984
290300,Ntanzi,Ngquza Hill,Eastern Cape,909
597039,Ntapha,Ubuhlebezwe,KwaZulu-Natal,2581
287001,Ntatyana,Senqu,Eastern Cape,366
286111,Ntatyaneni,Elundini,Eastern Cape,1421
286112,Ntatyaneni Ephakathi,Elundini,Eastern Cape,186
290225,Ntele,Ngquza Hill,Eastern Cape,109
294043,Ntelkiseni,King Sabata Dalindyebo,Eastern Cape,1493
542139,Ntembeni,Nkandla,KwaZulu-Natal,613
581093,Ntendeka,Ulundi,KwaZulu-Natal,457
292104,Ntendele,Nyandeni,Eastern Cape,774
291106,Ntendokwana,Port St Johns,Eastern Cape,1405
589064,Nteneshane,uMlalazi,KwaZulu-Natal,392
270106,Ntengisani,Mbhashe,Eastern Cape,320
292293,Ntengu,Nyandeni,Eastern Cape,253
503051,Ntenguland,Umzumbe,KwaZulu-Natal,725
589078,Ntenjane,uMlalazi,KwaZulu-Natal,1444
292101,Ntenza,Nyandeni,Eastern Cape,479
471006,Ntha,Nketoana,Free State,10990
973031,Nthabiseng,Molemole,Limpopo,2680
865005,Nthorwane,Dipaleseng,Mpumalanga,6119
538002,Nthunzi,uMhlathuze,KwaZulu-Natal,1228
292253,Ntibane,Nyandeni,Eastern Cape,1554
293271,Ntibane,Mhlontlo,Eastern Cape,1643
296082,Ntibane,Umzimvubu,Eastern Cape,556
284153,Ntibane A,Engcobo,Eastern Cape,493
284205,Ntibane B,Engcobo,Eastern Cape,435
291112,Ntile,Port St Johns,Eastern Cape,599
274106,Ntilini,Ngqushwa,Eastern Cape,172
292175,Ntilini,Nyandeni,Eastern Cape,778
294288,Ntilini,King Sabata Dalindyebo,Eastern Cape,624
271246,Ntilini A,Mnquma,Eastern Cape,341
294451,Ntilini A,King Sabata Dalindyebo,Eastern Cape,283
271377,Ntilini B,Mnquma,Eastern Cape,265
270494,Ntlabane A,Mbhashe,Eastern Cape,469
270485,Ntlabane B,Mbhashe,Eastern Cape,368
270446,Ntlabane C,Mbhashe,Eastern Cape,368
282153,Ntlabatini,Intsika Yethu,Eastern Cape,423
296110,Ntlabeni,Umzimvubu,Eastern Cape,746
297138,Ntlakwe,Mbizana,Eastern Cape,2466
282182,Ntlakwefolo,Intsika Yethu,Eastern Cape,325
284269,Ntlakwendlela,Engcobo,Eastern Cape,394
294116,Ntlakwendlela,King Sabata Dalindyebo,Eastern Cape,1046
284394,Ntlakwesikolo,Engcobo,Eastern Cape,316
284393,Ntlakwevenkile,Engcobo,Eastern Cape,396
283095,Ntlalo-Ntle,Emalahleni,Eastern Cape,875
260172,Ntlalwini,Buffalo City,Eastern Cape,172
598120,Ntlambamasoka,Umzimkhulu,KwaZulu-Natal,705
298064,Ntlambashe,Ntabankulu,Eastern Cape,1152
290087,Ntlambe,Ngquza Hill,Eastern Cape,92
292145,Ntlambela,Nyandeni,Eastern Cape,579
284327,Ntlambo,Engcobo,Eastern Cape,41
297158,Ntlanezwe,Mbizana,Eastern Cape,837
296223,Ntlanganisweni,Umzimvubu,Eastern Cape,336
270546,Ntlangano,Mbhashe,Eastern Cape,233
290088,Ntlangano,Ngquza Hill,Eastern Cape,124
298154,Ntlangano,Ntabankulu,Eastern Cape,1138
270561,Ntlangula,Mbhashe,Eastern Cape,145
598167,Ntlangwini,Umzimkhulu,KwaZulu-Natal,815
283026,Ntlanjeni,Emalahleni,Eastern Cape,130
292321,Ntlanjeni,Nyandeni,Eastern Cape,415
294382,Ntlanjeni,King Sabata Dalindyebo,Eastern Cape,477
270627,Ntlanzini,Mbhashe,Eastern Cape,264
296088,Ntlavini,Umzimvubu,Eastern Cape,1252
297035,Ntlavukazi,Mbizana,Eastern Cape,63
293249,Ntlazi,Mhlontlo,Eastern Cape,528
294328,Ntlebane,King Sabata Dalindyebo,Eastern Cape,402
270439,Ntlekiseni,Mbhashe,Eastern Cape,322
284225,Ntlelelengwane,Engcobo,Eastern Cape,509
290275,Ntlembeni,Ngquza Hill,Eastern Cape,204
291020,Ntlenga,Port St Johns,Eastern Cape,790
966134,Ntlhaveni A,Thulamela,Limpopo,2323
966086,Ntlhaveni B,Thulamela,Limpopo,1854
271436,Ntlini,Mnquma,Eastern Cape,278
598198,Ntlobeni,Umzimkhulu,KwaZulu-Natal,1122
274110,Ntloko,Ngqushwa,Eastern Cape,708
970051,Ntlolane,Aganang,Limpopo,1098
270208,Ntlonyana,Mbhashe,Eastern Cape,1007
290178,Ntlonyana,Ngquza Hill,Eastern Cape,94
293035,Ntlotshe,Mhlontlo,Eastern Cape,304
297251,Ntlozelo,Mbizana,Eastern Cape,1245
985006,Ntokotwane,Makhuduthamaga,Limpopo,285
295266,Ntola,Matatiele,Eastern Cape,244
297107,Ntola A,Mbizana,Eastern Cape,224
297080,Ntola B,Mbizana,Eastern Cape,290
542137,Ntolwane,Nkandla,KwaZulu-Natal,3280
546038,Ntombiyahlulinina,Maphumulo,KwaZulu-Natal,2714
586004,Ntondweni,Mtubatuba,KwaZulu-Natal,1905
276148,Ntonga,Nkonkobe,Eastern Cape,513
599080,Ntongela,eThekwini,KwaZulu-Natal,1137
290221,Ntontela,Ngquza Hill,Eastern Cape,1459
581071,Ntontiyane,Ulundi,KwaZulu-Natal,4187
560047,Ntontonto,Vulamehlo,KwaZulu-Natal,924
580161,Ntoshoweni,Nongoma,KwaZulu-Natal,1363
270419,Ntotoviyane,Mbhashe,Eastern Cape,197
292320,Ntotweni,Nyandeni,Eastern Cape,371
587039,Ntoyini,Mfolozi,KwaZulu-Natal,1514
270370,Ntozane,Mbhashe,Eastern Cape,92
282223,Ntozini,Intsika Yethu,Eastern Cape,190
292213,Ntsaha,Nyandeni,Eastern Cape,100
292209,Ntsaka,Nyandeni,Eastern Cape,499
962071,Ntsako,Greater Tzaneen,Limpopo,1461
592019,Ntsangwini,KwaDukuza,KwaZulu-Natal,1537
960021,Ntsanwisi,Greater Giyani,Limpopo,61
297224,Ntsebene,Mbizana,Eastern Cape,234
284357,Ntseleni,Engcobo,Eastern Cape,367
294033,Ntshabeni,King Sabata Dalindyebo,Eastern Cape,1029
598071,Ntshabeni,Umzimkhulu,KwaZulu-Natal,497
296170,Ntshakeni,Umzimvubu,Eastern Cape,352
298042,Ntshamanzi,Ntabankulu,Eastern Cape,291
291080,Ntshamatha,Port St Johns,Eastern Cape,735
297085,Ntshamathe,Mbizana,Eastern Cape,441
297082,Ntshamathe A,Mbizana,Eastern Cape,1234
270526,Ntshangase,Mbhashe,Eastern Cape,362
298007,Ntshangwe,Ntabankulu,Eastern Cape,229
298132,Ntshantsha,Ntabankulu,Eastern Cape,218
560022,Ntshaseni,Vulamehlo,KwaZulu-Natal,674
270383,Ntshatshongo,Mbhashe,Eastern Cape,1140
271283,Ntshatshongo,Mnquma,Eastern Cape,748
597042,Ntshayamoya,Ubuhlebezwe,KwaZulu-Natal,1147
472025,Ntshehele,Maluti a Phofung,Free State,1673
294141,Ntshele,King Sabata Dalindyebo,Eastern Cape,1010
293141,Ntsheleni,Mhlontlo,Eastern Cape,755
296043,Ntsheleni,Umzimvubu,Eastern Cape,327
589008,Ntshentshelu,uMlalazi,KwaZulu-Natal,1907
270617,Ntshinga,Mbhashe,Eastern Cape,296
270274,Ntshingeni,Mbhashe,Eastern Cape,167
271149,Ntshingeni,Mnquma,Eastern Cape,299
282287,Ntshingeni,Intsika Yethu,Eastern Cape,701
587029,Ntshingimpisi,Mfolozi,KwaZulu-Natal,12296
560021,Ntshingwana,Vulamehlo,KwaZulu-Natal,421
283115,Ntshinindeni,Emalahleni,Eastern Cape,467
565012,Ntshinini,Impendle,KwaZulu-Natal,599
282338,Ntshintshi,Intsika Yethu,Eastern Cape,302
293242,Ntshiqo,Mhlontlo,Eastern Cape,827
294400,Ntshitshana,King Sabata Dalindyebo,Eastern Cape,237
542079,Ntshiza,Nkandla,KwaZulu-Natal,434
282267,Ntshongeni,Intsika Yethu,Eastern Cape,198
582081,Ntshongwe,Umhlabuyalingana,KwaZulu-Natal,901
293170,Ntshongweni,Mhlontlo,Eastern Cape,521
599127,Ntshongweni A,eThekwini,KwaZulu-Natal,568
599144,Ntshongweni B,eThekwini,KwaZulu-Natal,132
270563,Ntshundutshe,Mbhashe,Eastern Cape,421
271209,Ntshutshwini,Mnquma,Eastern Cape,278
598040,Ntsikeni,Umzimkhulu,KwaZulu-Natal,3025
293137,Ntsikwe,Mhlontlo,Eastern Cape,152
294013,Ntsila,King Sabata Dalindyebo,Eastern Cape,715
293029,Ntsilitwa,Mhlontlo,Eastern Cape,1663
974059,Ntsima,Polokwane,Limpopo,95
296021,Ntsimango,Umzimvubu,Eastern Cape,121
296042,Ntsimangweni,Umzimvubu,Eastern Cape,430
270027,Ntsimba,Mbhashe,Eastern Cape,669
284392,Ntsimba,Engcobo,Eastern Cape,214
270335,Ntsimbini,Mbhashe,Eastern Cape,731
292300,Ntsimbini,Nyandeni,Eastern Cape,633
297213,Ntsimbini,Mbizana,Eastern Cape,324
290250,Ntsimbini A,Ngquza Hill,Eastern Cape,1050
291095,Ntsimbini A,Port St Johns,Eastern Cape,1016
297236,Ntsimbini A,Mbizana,Eastern Cape,748
290308,Ntsimbini B,Ngquza Hill,Eastern Cape,287
291156,Ntsimbini B,Port St Johns,Eastern Cape,2801
297230,Ntsimbini B,Mbizana,Eastern Cape,137
285044,Ntsinga,Sakhisizwe,Eastern Cape,404
297142,Ntsingizi A,Mbizana,Eastern Cape,136
297104,Ntsingizi B,Mbizana,Eastern Cape,717
982024,Ntsintsing,Mogalakwena,Limpopo,1463
296068,Ntsizwa,Umzimvubu,Eastern Cape,2122
296144,Ntsongweni,Umzimvubu,Eastern Cape,1790
271333,Ntsonyane,Mnquma,Eastern Cape,262
291152,Ntsonyini,Port St Johns,Eastern Cape,61
292147,Ntsonyini,Nyandeni,Eastern Cape,1265
661032,Ntsopilo,Madibeng,North West,169
284028,Ntsuba,Engcobo,Eastern Cape,394
285020,Ntsukaze,Sakhisizwe,Eastern Cape,537
960018,Ntsuki,Greater Giyani,Limpopo,1064
293172,Ntsulwandayo,Mhlontlo,Eastern Cape,528
282301,Ntsume,Intsika Yethu,Eastern Cape,754
292272,Ntsundwane,Nyandeni,Eastern Cape,1005
270578,Ntsunguzini,Mbhashe,Eastern Cape,492
672003,Ntswanahatshe,Greater Taung,North West,2317
479004,Ntswanatsatsi,Mafube,Free State,1608
360112,Ntswelengwe,Joe Morolong,Northern Cape,1598
669031,Ntsweletsoku,Ramotshere Moiloa,North West,9559
361006,Ntsweng,Ga-Segonyana,Northern Cape,1014
287069,Ntubeni,Senqu,Eastern Cape,379
599048,Ntukuso,eThekwini,KwaZulu-Natal,3446
560010,Ntukwini,Vulamehlo,KwaZulu-Natal,54
576030,Ntuli,Msinga,KwaZulu-Natal,1103
542117,Ntulwana,Nkandla,KwaZulu-Natal,1104
542060,Ntumbeni,Nkandla,KwaZulu-Natal,891
876035,Ntunda,Nkomazi,Mpumalanga,3425
270294,Ntungu,Mbhashe,Eastern Cape,451
260122,Ntunja,Buffalo City,Eastern Cape,18
546008,Ntunjambili,Maphumulo,KwaZulu-Natal,6357
297261,Ntunjeni,Mbizana,Eastern Cape,539
577010,Ntuthela,Umvoti,KwaZulu-Natal,593
587006,Ntuthunga,Mfolozi,KwaZulu-Natal,1605
294211,Ntuwe,King Sabata Dalindyebo,Eastern Cape,330
589076,Ntuze,uMlalazi,KwaZulu-Natal,698
599056,Ntuzuma,eThekwini,KwaZulu-Natal,125394
271105,Ntwala,Mnquma,Eastern Cape,669
984072,Ntwane,Elias Motsoaledi,Limpopo,8961
565025,Ntwasahlobo,Impendle,KwaZulu-Natal,536
284139,Ntwashini A,Engcobo,Eastern Cape,302
284255,Ntwashini B,Engcobo,Eastern Cape,161
271045,Ntwashu,Mnquma,Eastern Cape,604
282136,Ntwashwini,Intsika Yethu,Eastern Cape,467
560007,Ntweka,Vulamehlo,KwaZulu-Natal,631
580034,Ntweni,Nongoma,KwaZulu-Natal,779
587043,Ntweni,Mfolozi,KwaZulu-Natal,1543
587040,Ntwezi,Mfolozi,KwaZulu-Natal,1973
293191,Ntyankashe,Mhlontlo,Eastern Cape,264
284192,Ntywenka,Engcobo,Eastern Cape,246
286206,Ntywenka,Elundini,Eastern Cape,1338
765003,Nufcor,Westonaria,Gauteng,166
874009,Numbi,Mbombela,Mpumalanga,7696
567020,Nungwane,Mkhambathini,KwaZulu-Natal,2039
599181,Nungwane,eThekwini,KwaZulu-Natal,7518
546024,Nutwa,Maphumulo,KwaZulu-Natal,692
164009,Nuwedorp,Swartland,Western Cape,9347
160005,Nuwerus,Matzikama,Western Cape,650
960049,Nwakhuwani,Greater Giyani,Limpopo,439
960013,Nwamatatane,Greater Giyani,Limpopo,872
968113,Nwamatatani,Makhado,Limpopo,2085
962043,Nwamitwa,Greater Tzaneen,Limpopo,8672
296025,Nxakaxha,Umzimvubu,Eastern Cape,141
287111,Nxamagele,Senqu,Eastern Cape,286
576066,Nxamalala,Msinga,KwaZulu-Natal,3316
290181,Nxambani,Ngquza Hill,Eastern Cape,200
270319,Nxantsi,Mbhashe,Eastern Cape,249
290065,Nxarhabe,Ngquza Hill,Eastern Cape,1448
260068,Nxaruni,Buffalo City,Eastern Cape,1481
271445,Nxaxho,Mnquma,Eastern Cape,658
271546,Nxaxo Mouth,Mnquma,Eastern Cape,47
270324,Nxaxu,Mbhashe,Eastern Cape,494
587036,Nxebeni,Mfolozi,KwaZulu-Natal,2126
283007,Nxomfu,Emalahleni,Eastern Cape,104
293072,Nxotho,Mhlontlo,Eastern Cape,480
286044,Nxotshana,Elundini,Eastern Cape,715
292040,Nxotsheni,Nyandeni,Eastern Cape,1453
270567,Nxotwa,Mbhashe,Eastern Cape,127
293171,Nxotwe,Mhlontlo,Eastern Cape,8
277001,Nxuba NU,Nxuba,Eastern Cape,3302
292036,Nxukhwebe,Nyandeni,Eastern Cape,621
569015,Nxumalo,Indaka,KwaZulu-Natal,146
270637,Nxutyana,Mbhashe,Eastern Cape,131
290121,Nxuze,Ngquza Hill,Eastern Cape,206
297134,Nyaka,Mbizana,Eastern Cape,597
598045,Nyaka,Umzimkhulu,KwaZulu-Natal,103
291212,Nyakani,Port St Johns,Eastern Cape,111
282115,Nyalasa,Intsika Yethu,Eastern Cape,179
285090,Nyalasa,Sakhisizwe,Eastern Cape,555
584019,Nyalazi,The Big 5 False Bay,KwaZulu-Natal,0
546037,Nyamazane,Maphumulo,KwaZulu-Natal,2271
874051,Nyamazaneni,Mbombela,Mpumalanga,14568
270241,Nyandeni,Mbhashe,Eastern Cape,193
282347,Nyandeni,Intsika Yethu,Eastern Cape,323
293012,Nyandeni,Mhlontlo,Eastern Cape,377
294049,Nyandeni,King Sabata Dalindyebo,Eastern Cape,1205
504054,Nyandeni,UMuziwabantu,KwaZulu-Natal,407
294449,Nyandeni A,King Sabata Dalindyebo,Eastern Cape,356
294050,Nyandeni B,King Sabata Dalindyebo,Eastern Cape,508
292002,Nyandeni NU,Nyandeni,Eastern Cape,1241
506023,Nyandezulu,Hibiscus Coast,KwaZulu-Natal,5361
199031,Nyanga,City of Cape Town,Western Cape,57996
284218,Nyanga,Engcobo,Eastern Cape,835
589081,Nyanini,uMlalazi,KwaZulu-Natal,3737
274098,Nyanisos,Ngqushwa,Eastern Cape,331
282271,Nyanisweni,Intsika Yethu,Eastern Cape,599
293027,Nyanisweni,Mhlontlo,Eastern Cape,638
297015,Nyanisweni,Mbizana,Eastern Cape,1604
506050,Nyanisweni,Hibiscus Coast,KwaZulu-Natal,331
598081,Nyanisweni,Umzimkhulu,KwaZulu-Natal,142
526050,Nyanyadu,Dannhauser,KwaZulu-Natal,566
962093,Nyanyokane,Greater Tzaneen,Limpopo,1762
272017,Nyara,Great Kei,Eastern Cape,289
277004,Nyara,Nxuba,Eastern Cape,1645
290233,Nyareni,Ngquza Hill,Eastern Cape,449
290079,Nyathi,Ngquza Hill,Eastern Cape,535
298063,Nyathi,Ntabankulu,Eastern Cape,554
580084,Nyathini,Nongoma,KwaZulu-Natal,63
584010,Nyathini,The Big 5 False Bay,KwaZulu-Natal,1729
589085,Nyathini,uMlalazi,KwaZulu-Natal,554
966094,Nyavhani,Thulamela,Limpopo,1568
503005,Nyavini,Umzumbe,KwaZulu-Natal,1531
583049,Nyawo,Jozini,KwaZulu-Natal,1279
542108,Nyawoshane,Nkandla,KwaZulu-Natal,328
291077,Nyazi,Port St Johns,Eastern Cape,738
296236,Nyegqihi,Umzimvubu,Eastern Cape,920
538034,Nyembe,uMhlathuze,KwaZulu-Natal,1398
598057,Nyembe,Umzimkhulu,KwaZulu-Natal,875
293320,Nyembezi,Mhlontlo,Eastern Cape,87
290229,Nyembezini,Ngquza Hill,Eastern Cape,167
296228,Nyengqiti,Umzimvubu,Eastern Cape,257
582026,Nyenyane,Umhlabuyalingana,KwaZulu-Natal,1417
296031,Nyesini,Umzimvubu,Eastern Cape,733
667045,Nyetse,Mafikeng,North West,635
669019,Nyetse,Ramotshere Moiloa,North West,805
282342,Nyhaba,Intsika Yethu,Eastern Cape,133
294201,Nyibibeni,King Sabata Dalindyebo,Eastern Cape,925
271250,Nyidlana,Mnquma,Eastern Cape,244
282069,Nyikima,Intsika Yethu,Eastern Cape,365
271298,Nyili,Mnquma,Eastern Cape,240
589022,Nyimbithwa,uMlalazi,KwaZulu-Natal,1410
283089,Nyinga,Emalahleni,Eastern Cape,100
273029,Nyingwashe,Amahlathi,Eastern Cape,370
271373,Nyityaba,Mnquma,Eastern Cape,457
298023,Nyiweni,Ntabankulu,Eastern Cape,403
291208,Nykeni,Port St Johns,Eastern Cape,426
270129,Nyoka,Mbhashe,Eastern Cape,391
270588,Nyokana,Mbhashe,Eastern Cape,315
271249,Nyokana,Mnquma,Eastern Cape,5
293109,Nyokana,Mhlontlo,Eastern Cape,451
297270,Nyokweni A,Mbizana,Eastern Cape,378
297189,Nyokweni B,Mbizana,Eastern Cape,104
546047,Nyonebomvu,Maphumulo,KwaZulu-Natal,631
874012,Nyongane,Mbombela,Mpumalanga,5437
282163,Nyongwana,Intsika Yethu,Eastern Cape,144
282054,Nyongwana B,Intsika Yethu,Eastern Cape,471
591015,Nyoni,Mandeni,KwaZulu-Natal,1005
503048,Nyonyana,Umzumbe,KwaZulu-Natal,2398
593064,Nyonyana,Ndwedwe,KwaZulu-Natal,229
291015,Nyosana,Port St Johns,Eastern Cape,230
296015,Nyosini Gubhuzi,Umzimvubu,Eastern Cape,471
290200,Nyukhweni,Ngquza Hill,Eastern Cape,80
271029,Nyulula,Mnquma,Eastern Cape,245
271537,Nyumaga,Mnquma,Eastern Cape,390
571030,Nyusana,Okhahlamba,KwaZulu-Natal,3490
271524,Nyutura,Mnquma,Eastern Cape,205
270058,Nywara,Mbhashe,Eastern Cape,542
576062,Nzala,Msinga,KwaZulu-Natal,1353
587028,Nzalabantu,Mfolozi,KwaZulu-Natal,12179
580183,Nzamangamandla,Nongoma,KwaZulu-Natal,607
292210,Nzamo,Nyandeni,Eastern Cape,445
546048,Nzikinziki,Maphumulo,KwaZulu-Natal,1133
506064,Nzimakwe,Hibiscus Coast,KwaZulu-Natal,1326
576026,Nzimane,Msinga,KwaZulu-Natal,1182
565014,Nzinga,Impendle,KwaZulu-Natal,1287
291039,Nzondeni,Port St Johns,Eastern Cape,528
292039,Nzondeni,Nyandeni,Eastern Cape,198
580059,Nzondwane,Nongoma,KwaZulu-Natal,167
566049,Nzondweni,The Msunduzi,KwaZulu-Natal,1924
294395,Nzulwini,King Sabata Dalindyebo,Eastern Cape,381
546043,Nzuza,Maphumulo,KwaZulu-Natal,291
294469,Nzwakazi,King Sabata Dalindyebo,Eastern Cape,196
588023,OQhabiyeni,Ntambanana,KwaZulu-Natal,2380
877118,Oakley,Bushbuckridge,Mpumalanga,1648
664011,Obakeng,Moses Kotane,North West,1030
580009,Obane,Nongoma,KwaZulu-Natal,211
589093,Obanjeni,uMlalazi,KwaZulu-Natal,1142
766005,Oberholzer,Merafong City,Gauteng,5397
580078,Obhuqwini,Nongoma,KwaZulu-Natal,258
546009,Obihlweni,Maphumulo,KwaZulu-Natal,578
587038,Obizo,Mfolozi,KwaZulu-Natal,1882
588048,Obizo,Ntambanana,KwaZulu-Natal,664
588026,Obuka A,Ntambanana,KwaZulu-Natal,1413
588020,Obuka B,Ntambanana,KwaZulu-Natal,1111
588011,Obuka C,Ntambanana,KwaZulu-Natal,1860
599018,Ocean Drive-In,eThekwini,KwaZulu-Natal,1085
546034,Ocheni,Maphumulo,KwaZulu-Natal,968
503064,Odeke,Umzumbe,KwaZulu-Natal,191
467004,Odendaalsrus,Matjhabeng,Free State,9393
560028,Odidini,Vulamehlo,KwaZulu-Natal,1195
580111,Odishweni,Nongoma,KwaZulu-Natal,1103
562033,Odlameni,uMshwathi,KwaZulu-Natal,3636
593052,Ofantwini,Ndwedwe,KwaZulu-Natal,528
571038,Ogade,Okhahlamba,KwaZulu-Natal,1589
567022,Ogagwini,Mkhambathini,KwaZulu-Natal,1505
575070,Ogazini,Nqutu,KwaZulu-Natal,1106
580011,Ogedleni,Nongoma,KwaZulu-Natal,797
581017,Ogedleni,Ulundi,KwaZulu-Natal,2054
586016,Ogengele,Mtubatuba,KwaZulu-Natal,4263
868019,Ogies,Emalahleni,Mpumalanga,1230
593063,Ogunjini,Ndwedwe,KwaZulu-Natal,2205
589016,Ohaheni,uMlalazi,KwaZulu-Natal,1086
575042,Ohaleni,Nqutu,KwaZulu-Natal,1775
542008,Ohlahla,Nkandla,KwaZulu-Natal,1202
583068,Ohlalwini,Jozini,KwaZulu-Natal,8239
593004,Ohlange,Ndwedwe,KwaZulu-Natal,2562
542003,Ohlelo,Nkandla,KwaZulu-Natal,933
987143,Ohrigstad,Greater Tubatse,Limpopo,521
542110,Ohutshini,Nkandla,KwaZulu-Natal,281
571003,Okhahlamba NU,Okhahlamba,KwaZulu-Natal,16887
560034,Okhalweni,Vulamehlo,KwaZulu-Natal,777
566035,Okhalweni,The Msunduzi,KwaZulu-Natal,593
567031,Okhalweni,Mkhambathini,KwaZulu-Natal,761
580003,Okhalweni,Nongoma,KwaZulu-Natal,175
595010,Okhalweni,Kwa Sani,KwaZulu-Natal,78
594044,Okhetheni,Ingwe,KwaZulu-Natal,549
571032,Okhombe A,Okhahlamba,KwaZulu-Natal,519
581066,Okhukho A,Ulundi,KwaZulu-Natal,1186
581091,Okhukho B,Ulundi,KwaZulu-Natal,1914
364011,Okiep,Nama Khoi,Northern Cape,6304
580168,Okledeni,Nongoma,KwaZulu-Natal,61
582095,Olakeni,Umhlabuyalingana,KwaZulu-Natal,1656
292204,Old Bunting,Nyandeni,Eastern Cape,355
470004,Old Location,Dihlabeng,Free State,8750
799078,Olievenhoutbos,City of Tshwane,Gauteng,70863
362005,Olifantshoek,Gamagara,Northern Cape,10233
968137,Olifantshoek,Makhado,Limpopo,5976
571033,Olivia,Okhahlamba,KwaZulu-Natal,509
571022,Oliviershoek,Okhahlamba,KwaZulu-Natal,1447
660013,Olverton,Moretele,North West,1814
599154,Olwambeni,eThekwini,KwaZulu-Natal,1590
581002,Ombimbini,Ulundi,KwaZulu-Natal,1201
167019,Onder Papegaaiberg,Stellenbosch,Western Cape,1504
660040,One and Ten,Moretele,North West,1961
588012,Ongelweni,Ntambanana,KwaZulu-Natal,1586
172013,Onrus River,Overstrand,Western Cape,5151
368001,Onseepkans,Khâi-Ma,Northern Cape,2090
166004,Onverwacht,Drakenstein,Western Cape,830
799028,Onverwacht,City of Tshwane,Gauteng,1518
877052,Onverwacht,Bushbuckridge,Mpumalanga,3
662065,Oorzaak,Rustenburg,North West,846
165002,Op-die-berg,Witzenberg,Western Cape,1531
576088,Ophate,Msinga,KwaZulu-Natal,3360
674052,Ophir,Kagisano/Molopo,North West,50
577009,Ophofini,Umvoti,KwaZulu-Natal,311
567015,Ophokweni A,Mkhambathini,KwaZulu-Natal,2369
567011,Ophokweni B,Mkhambathini,KwaZulu-Natal,956
560053,Ophondweni,Vulamehlo,KwaZulu-Natal,633
583054,Ophondweni,Jozini,KwaZulu-Natal,1837
586003,Ophondweni,Mtubatuba,KwaZulu-Natal,8108
660039,Opperman,Moretele,North West,723
460006,Oppermans,Letsemeng,Free State,871
578020,Opuzane,eDumbe,KwaZulu-Natal,4525
546039,Oqaqeni,Maphumulo,KwaZulu-Natal,966
571061,Oqhumo,Okhahlamba,KwaZulu-Natal,755
569039,Oqungweni,Indaka,KwaZulu-Natal,2194
567012,Oqweqweni,Mkhambathini,KwaZulu-Natal,5922
798034,Orange Farm,City of Johannesburg,Gauteng,76767
374003,Orania,Thembelihle,Northern Cape,892
579013,Oranjedal,UPhongolo,KwaZulu-Natal,4328
478018,Oranjeville,Metsimaholo,Free State,5166
505025,Oribi Gorge,Ezingoleni,KwaZulu-Natal,0
763007,Orient Hills,Mogale City,Gauteng,1706
877080,Orinoco A,Bushbuckridge,Mpumalanga,5884
877060,Orinoco B,Bushbuckridge,Mpumalanga,2062
877085,Orinoco C,Bushbuckridge,Mpumalanga,2858
677012,Orkney,City of Matlosana,North West,13435
590015,Osborn,Mthonjaneni,KwaZulu-Natal,99
583030,Oshabeni,Jozini,KwaZulu-Natal,1353
503031,Oshamba,Umzumbe,KwaZulu-Natal,801
546058,Oshikishi,Maphumulo,KwaZulu-Natal,470
546002,Oshikishini,Maphumulo,KwaZulu-Natal,865
580152,Osingisingini,Nongoma,KwaZulu-Natal,1330
524018,Osizweni,Newcastle,KwaZulu-Natal,77845
976035,Osterd,Lepele-Nkumpi,Limpopo,295
580148,Osuthu,Nongoma,KwaZulu-Natal,452
575016,Othaka,Nqutu,KwaZulu-Natal,1915
576042,Othame,Msinga,KwaZulu-Natal,2760
580071,Othandweni,Nongoma,KwaZulu-Natal,1688
581072,Othini,Ulundi,KwaZulu-Natal,1394
580159,Othinsangu,Nongoma,KwaZulu-Natal,1981
576065,Othulini,Msinga,KwaZulu-Natal,8473
276005,Otterburn,Nkonkobe,Eastern Cape,485
666026,Ottosdal,Tswaing,North West,884
667044,Ottoshoop,Mafikeng,North West,2043
591016,Otungulu,Mandeni,KwaZulu-Natal,7
178004,Oudtshoorn,Oudtshoorn,Western Cape,29143
178002,Oudtshoorn NU,Oudtshoorn,Western Cape,17694
661035,Oukasie,Madibeng,North West,27907
599099,Outer West Durban,eThekwini,KwaZulu-Natal,7408
295073,Outspan,Matatiele,Eastern Cape,3686
276085,Outubeni,Nkonkobe,Eastern Cape,79
283168,Outubeni,Emalahleni,Eastern Cape,814
172005,Overstrand NU,Overstrand,Western Cape,5100
289001,Oviston,Gariep,Eastern Cape,658
538006,Ovondlo,uMhlathuze,KwaZulu-Natal,4109
382003,Owendale,Kgatelopele,Northern Cape,115
281080,Oxton,Lukanji,Eastern Cape,713
546045,Oyengweni,Maphumulo,KwaZulu-Natal,775
268012,Oyster Bay,Kouga,Eastern Cape,674
172008,Paarde Poort,Overstrand,Western Cape,0
863006,Paardekop,Pixley Ka Seme,Mpumalanga,5081
662051,Paardekraal Platinum Mine,Rustenburg,North West,432
983050,Paardenzoek,Ephraim Mogale,Limpopo,69
166008,Paarl,Drakenstein,Western Cape,112045
379003,Paballelo,//Khara Hais,Northern Cape,17614
295198,Paballong,Matatiele,Eastern Cape,1294
472033,Paballong,Maluti a Phofung,Free State,7077
669013,Pachsdraai,Ramotshere Moiloa,North West,889
360015,Padstow,Joe Morolong,Northern Cape,908
987131,Paeng,Greater Tubatse,Limpopo,1552
596005,Pakkies,Greater Kokstad,KwaZulu-Natal,1157
987146,Palaneng,Greater Tubatse,Limpopo,796
276025,Paleni,Nkonkobe,Eastern Cape,220
599197,Palmcliffe,eThekwini,KwaZulu-Natal,264
287016,Palmietfontein,Senqu,Eastern Cape,1776
863004,Palmietfontein,Pixley Ka Seme,Mpumalanga,1670
974046,Palmietfontein,Polokwane,Limpopo,1904
868013,Pambili,Emalahleni,Mpumalanga,41
295011,Pamlaville,Matatiele,Eastern Cape,2200
386004,Pampierstad,Phokwane,Northern Cape,21707
672053,Pampierstad,Greater Taung,North West,124
285081,Panabokwe,Sakhisizwe,Eastern Cape,471
599083,Panekeni,eThekwini,KwaZulu-Natal,2567
297176,Pangweni,Mbizana,Eastern Cape,805
598181,Paninkukhu,Umzimkhulu,KwaZulu-Natal,566
296199,Papanana,Umzimvubu,Eastern Cape,82
585016,Papasi,Hlabisa,KwaZulu-Natal,1538
282332,Papasini,Intsika Yethu,Eastern Cape,257
660051,Papatso,Moretele,North West,699
969066,Papegaai,Blouberg,Limpopo,1114
167013,Pappegaai,Stellenbosch,Western Cape,0
499019,Paradys,Mangaung,Free State,417
167024,Paradyskloof,Stellenbosch,Western Cape,1614
199015,Parow,City of Cape Town,Western Cape,119462
477001,Parys,Ngwathe,Free State,8071
986026,Pashas Kraal,Fetakgomo,Limpopo,396
587003,Patane,Mfolozi,KwaZulu-Natal,1383
985157,Patantshwane,Makhuduthamaga,Limpopo,2496
290127,Patari,Ngquza Hill,Eastern Cape,222
268001,Patensie,Kouga,Eastern Cape,5263
163003,Paternoster,Saldanha Bay,Western Cape,1971
266006,Paterson,Sundays River Valley,Eastern Cape,230
526036,Path Farm,Dannhauser,KwaZulu-Natal,2768
575055,Patsoana A,Nqutu,KwaZulu-Natal,859
575051,Patsoana B,Nqutu,KwaZulu-Natal,652
575066,Patsoana C,Nqutu,KwaZulu-Natal,293
470007,Paul Roux,Dihlabeng,Free State,437
578018,Paulpietersburg,eDumbe,KwaZulu-Natal,1859
365013,Paulshoek,Kamiesberg,Northern Cape,415
969027,Pax Intrantibus,Blouberg,Limpopo,1733
287115,Payindira,Senqu,Eastern Cape,121
294044,Payne,King Sabata Dalindyebo,Eastern Cape,10283
514011,PeaceTown,Emnambithi/Ladysmith,KwaZulu-Natal,5468
569025,Pearl,Indaka,KwaZulu-Natal,575
172025,Pearly Beach,Overstrand,Western Cape,1042
262001,Pearston,Blue Crane Route,Eastern Cape,3435
799039,Pebble Rock Golf Village,City of Tshwane,Gauteng,357
274085,Peddie,Ngqushwa,Eastern Cape,4658
276029,Pefferkop,Nkonkobe,Eastern Cape,344
260114,Pefferville,Buffalo City,Eastern Cape,16380
295085,Pehong,Matatiele,Eastern Cape,154
287129,Pelandaba,Senqu,Eastern Cape,1635
287104,Pelandaba Mission,Senqu,Eastern Cape,234
986035,Pelangwe,Fetakgomo,Limpopo,805
297232,Pele-pele A,Mbizana,Eastern Cape,1513
297266,Pele-pele B,Mbizana,Eastern Cape,529
877018,Pelindaba,Bushbuckridge,Mpumalanga,1768
985001,Pelindaba,Makhuduthamaga,Limpopo,601
199003,Pella,City of Cape Town,Western Cape,1681
368004,Pella,Khâi-Ma,Northern Cape,2470
664097,Pella,Moses Kotane,North West,9223
674049,Pembroke,Kagisano/Molopo,North West,215
987009,Penge,Greater Tubatse,Limpopo,2819
966190,Peninghotsa,Thulamela,Limpopo,803
360019,Pennyn,Joe Morolong,Northern Cape,435
295048,Pepela,Matatiele,Eastern Cape,280
974126,Percy Fyfe,Polokwane,Limpopo,0
577022,Perseverance,Umvoti,KwaZulu-Natal,3431
974041,Perskebult,Polokwane,Limpopo,17006
360006,Perth,Joe Morolong,Northern Cape,832
282307,Pesheya-Kwa-Nqoko,Intsika Yethu,Eastern Cape,427
282104,Pesikeni,Intsika Yethu,Eastern Cape,205
962053,Petanenge,Greater Tzaneen,Limpopo,4117
471001,Petrus Steyn,Nketoana,Free State,596
460005,Petrusburg,Letsemeng,Free State,8435
373003,Petrusville,Renosterberg,Northern Cape,5211
471005,Petsana,Nketoana,Free State,16821
986103,Petseng,Fetakgomo,Limpopo,157
595009,Pevensey,Kwa Sani,KwaZulu-Natal,554
276160,Pewuleni,Nkonkobe,Eastern Cape,619
968134,Pfananani,Makhado,Limpopo,2403
968062,Phadzima,Makhado,Limpopo,4966
980005,Phagameng,Modimolle,Limpopo,29803
976013,Phaganeng,Lepele-Nkumpi,Limpopo,106
466006,Phahameng,Tswelopele,Free State,21189
472028,Phahameng,Maluti a Phofung,Free State,2695
674042,Phaheng,Kagisano/Molopo,North West,206
982031,Phahladira,Mogalakwena,Limpopo,3097
291214,Phahlakazi,Port St Johns,Eastern Cape,583
986100,Phahlamanoge,Fetakgomo,Limpopo,323
260103,Phakamisa,Buffalo City,Eastern Cape,6602
361025,Phakane,Ga-Segonyana,Northern Cape,1178
874046,Phakane,Mbombela,Mpumalanga,3086
872036,Phake,Dr JS Moroka,Mpumalanga,8394
872035,Phake Thabeng,Dr JS Moroka,Mpumalanga,1155
576063,Phakwe,Msinga,KwaZulu-Natal,2863
963007,Phalaborwa,Ba-Phalaborwa,Limpopo,13108
576049,Phalafini,Msinga,KwaZulu-Natal,1613
960071,Phalakubeni,Greater Giyani,Limpopo,1638
664079,Phalane,Moses Kotane,North West,7583
542012,Phambana,Nkandla,KwaZulu-Natal,508
874021,Phameni,Mbombela,Mpumalanga,1978
472018,Phamong,Maluti a Phofung,Free State,8010
180005,Phantom Pass,Knysna,Western Cape,35
271495,Phantsikwentaba,Mnquma,Eastern Cape,1
580049,Phaphasi,Nongoma,KwaZulu-Natal,1418
966201,Phaphazela,Thulamela,Limpopo,4965
583052,Phapheni,Jozini,KwaZulu-Natal,1302
589104,Phaphu,uMlalazi,KwaZulu-Natal,1147
962094,Pharare,Greater Tzaneen,Limpopo,3510
987024,Phashaskraal,Greater Tubatse,Limpopo,245
966037,Phaswana,Thulamela,Limpopo,1513
467002,Phathakahle,Matjhabeng,Free State,16976
874032,Phathwa,Mbombela,Mpumalanga,5084
270508,Phatilizwe,Mbhashe,Eastern Cape,454
662024,Phatsima A,Rustenburg,North West,86
662005,Phatsima B,Rustenburg,North West,7342
966097,Phaweni,Thulamela,Limpopo,1734
566015,Phayipini,The Msunduzi,KwaZulu-Natal,11668
279014,Phelandaba,Tsolwana,Eastern Cape,882
282029,Phelandaba,Intsika Yethu,Eastern Cape,219
285032,Phelandaba,Sakhisizwe,Eastern Cape,55
582037,Phelandaba,Umhlabuyalingana,KwaZulu-Natal,2772
298026,Phendlamoya,Ntabankulu,Eastern Cape,121
298001,Phepheni,Ntabankulu,Eastern Cape,155
296029,Phepheni A,Umzimvubu,Eastern Cape,431
296026,Phepheni B,Umzimvubu,Eastern Cape,231
270135,Phephezela,Mbhashe,Eastern Cape,212
283072,Phesheya,Emalahleni,Eastern Cape,111
294010,Phesheya Kwetabase,King Sabata Dalindyebo,Eastern Cape,517
282033,Phesheya Nququ,Intsika Yethu,Eastern Cape,364
284187,Phesheya Vayizana,Engcobo,Eastern Cape,299
270276,Phesitlha,Mbhashe,Eastern Cape,190
970069,Phetole,Aganang,Limpopo,1685
983009,Phetwane,Ephraim Mogale,Limpopo,914
590006,Phezukwehlanze,Mthonjaneni,KwaZulu-Natal,1255
270256,Phezulu,Mbhashe,Eastern Cape,558
286103,Phezulu,Elundini,Eastern Cape,185
960035,Phikela,Greater Giyani,Limpopo,1671
199006,Philadelphia,City of Cape Town,Western Cape,570
377007,Philandersbron,Mier,Northern Cape,1081
199033,Philippi,City of Cape Town,Western Cape,200603
461013,Philippolis,Kopanong,Free State,950
526015,Phillip,Dannhauser,KwaZulu-Natal,610
373005,Phillipstown,Renosterberg,Northern Cape,3365
589075,Phindavele,uMlalazi,KwaZulu-Natal,592
966128,Phiphidi,Thulamela,Limpopo,9795
286064,Phiri-e-Ntso,Elundini,Eastern Cape,225
987079,Phiring,Greater Tubatse,Limpopo,1993
286050,Phirintsu,Elundini,Eastern Cape,645
477009,Phiritona,Ngwathe,Free State,19227
665001,Phitshane,Ratlou,North West,4261
876014,Phiva,Nkomazi,Mpumalanga,4832
599051,Phoenix,eThekwini,KwaZulu-Natal,176989
868022,Phoenix,Emalahleni,Mpumalanga,2
970067,Phofu,Aganang,Limpopo,1860
662025,Phokeng,Rustenburg,North West,34597
985149,Phokoane,Makhuduthamaga,Limpopo,10529
386002,Phokwane NU,Phokwane,Northern Cape,3802
667030,Phola,Mafikeng,North West,3086
868017,Phola,Emalahleni,Mpumalanga,31885
874014,Phola,Mbombela,Mpumalanga,16533
599039,Phola Mission,eThekwini,KwaZulu-Natal,7320
982121,Phola Park,Mogalakwena,Limpopo,4293
598135,Pholanyoni,Umzimkhulu,KwaZulu-Natal,362
542131,Pholela,Nkandla,KwaZulu-Natal,273
360034,Phomolong,Joe Morolong,Northern Cape,592
467014,Phomolong,Matjhabeng,Free State,20562
766009,Phomolong,Merafong City,Gauteng,823
974103,Phomolong,Polokwane,Limpopo,1478
586021,Phondweni,Mtubatuba,KwaZulu-Natal,3439
589072,Phongola,uMlalazi,KwaZulu-Natal,2057
503037,Phongolo,Umzumbe,KwaZulu-Natal,1439
961024,Phongololo,Greater Letaba,Limpopo,2625
984064,Phooko,Elias Motsoaledi,Limpopo,329
984066,Phookwane,Elias Motsoaledi,Limpopo,574
860034,Phophonyane,Albert Luthuli,Mpumalanga,444
976053,Phosiri,Lepele-Nkumpi,Limpopo,1008
662061,Photshaneng,Rustenburg,North West,1429
260174,Phozi,Buffalo City,Eastern Cape,741
966152,Phugeni,Thulamela,Limpopo,1512
966173,Phugwane,Thulamela,Limpopo,1100
296074,Phuka,Umzimvubu,Eastern Cape,485
984062,Phukukane,Elias Motsoaledi,Limpopo,4154
282213,Phukwana A,Intsika Yethu,Eastern Cape,331
662053,Phula Mine,Rustenburg,North West,832
983056,Phuleng,Ephraim Mogale,Limpopo,294
598074,Phumamuncu,Umzimkhulu,KwaZulu-Natal,497
290049,Phumaze,Ngquza Hill,Eastern Cape,1088
473003,Phumelela NU,Phumelela,Free State,11964
290206,Phumlo,Ngquza Hill,Eastern Cape,3682
506012,Phumula,Hibiscus Coast,KwaZulu-Natal,427
504055,Phumuza,UMuziwabantu,KwaZulu-Natal,301
542120,Phumuzamaphika,Nkandla,KwaZulu-Natal,601
542084,Phumuzamaphilo,Nkandla,KwaZulu-Natal,557
598084,Phungula,Umzimkhulu,KwaZulu-Natal,392
293195,Phungulelweni,Mhlontlo,Eastern Cape,103
877007,Phungwe,Bushbuckridge,Mpumalanga,405
472008,Phuthaditjhaba,Maluti a Phofung,Free State,54661
286046,Phuthing,Elundini,Eastern Cape,170
295112,Phuthing A,Matatiele,Eastern Cape,0
295097,Phuthing B,Matatiele,Eastern Cape,0
295086,Phuthing C,Matatiele,Eastern Cape,5
597044,Phuthini,Ubuhlebezwe,KwaZulu-Natal,357
969064,Pickum,Blouberg,Limpopo,177
669024,Pienaar,Ramotshere Moiloa,North West,4
874053,Pienaar,Mbombela,Mpumalanga,12334
981009,Pienaarsrivier,Bela-Bela,Limpopo,1897
674026,Piet Plessis,Kagisano/Molopo,North West,1655
862009,Piet Retief,Mkhondo,Mpumalanga,57428
869003,Piet Tlou,Steve Tshwete,Mpumalanga,5039
361004,Piet se Bos,Ga-Segonyana,Northern Cape,297
566003,Pietermaritzburg,The Msunduzi,KwaZulu-Natal,223448
872046,Pieterskraal,Dr JS Moroka,Mpumalanga,6295
162009,Piketberg,Bergrivier,Western Cape,12075
582015,Pikinini Myamazane,Umhlabuyalingana,KwaZulu-Natal,1261
583034,Pikinini Nyamazane,Jozini,KwaZulu-Natal,1295
274082,Pikoli,Ngqushwa,Eastern Cape,301
664050,Pilanesberg,Moses Kotane,North West,308
873006,Pilgrim's Rest,Thaba Chweu,Mpumalanga,1721
165010,Pine Valley,Witzenberg,Western Cape,4340
599116,Pinetown,eThekwini,KwaZulu-Natal,144026
260017,Pirie Mission,Buffalo City,Eastern Cape,356
985050,Pitsaneng,Makhuduthamaga,Limpopo,136
664027,Pitsedisulejang,Moses Kotane,North West,1957
472070,Pitseng,Maluti a Phofung,Free State,131
672036,Pitsong,Greater Taung,North West,1319
578027,Pivaanspoort,eDumbe,KwaZulu-Natal,380
962019,Pjapjamela,Greater Tzaneen,Limpopo,490
597046,Plainhill,Ubuhlebezwe,KwaZulu-Natal,884
297336,Plangeni,Mbizana,Eastern Cape,1517
286142,Platana,Elundini,Eastern Cape,25
383004,Platfontein,Sol Plaatjie,Northern Cape,5185
179009,Plettenberg Bay,Bitou,Western Cape,6475
167006,Pniel,Stellenbosch,Western Cape,1975
384015,Pniel Estate,Dikgatlong,Northern Cape,695
461014,Poding-Tse-Rolo,Kopanong,Free State,2698
472039,Poelong,Maluti a Phofung,Free State,2635
368005,Pofadder,Khâi-Ma,Northern Cape,3287
297047,Polar Park,Mbizana,Eastern Cape,168
987127,Polaseng A,Greater Tubatse,Limpopo,270
982003,Polen,Mogalakwena,Limpopo,737
295210,Polile,Matatiele,Eastern Cape,1149
292198,Polini,Nyandeni,Eastern Cape,512
290166,Poliya,Ngquza Hill,Eastern Cape,44
987095,Pologong,Greater Tubatse,Limpopo,1270
295148,Polokong,Matatiele,Eastern Cape,1527
974044,Polokwane,Polokwane,Limpopo,130028
974002,Polokwane NU,Polokwane,Limpopo,10957
283190,Poltini,Emalahleni,Eastern Cape,94
576009,Pomeroy,Msinga,KwaZulu-Natal,1621
674004,Pomfret,Kagisano/Molopo,North West,1939
579021,Pongola A,UPhongolo,KwaZulu-Natal,1403
579026,Pongola B,UPhongolo,KwaZulu-Natal,634
295208,Pontseng A,Matatiele,Eastern Cape,830
295123,Pontseng B,Matatiele,Eastern Cape,351
526030,Poona,Dannhauser,KwaZulu-Natal,599
798040,Poortjie,City of Johannesburg,Gauteng,11153
662057,Popo Molefe,Rustenburg,North West,1721
295220,Popopo,Matatiele,Eastern Cape,305
265007,Port Alfred,Ndlambe,Eastern Cape,9747
175010,Port Beaufort,Hessequa,Western Cape,321
538033,Port Dunford,uMhlathuze,KwaZulu-Natal,2504
506053,Port Edward,Hibiscus Coast,KwaZulu-Natal,4409
299007,Port Elizaberth,Nelson Mandela Bay,Eastern Cape,312392
363011,Port Nolloth,Richtersveld,Northern Cape,6092
506014,Port Shepstone,Hibiscus Coast,KwaZulu-Natal,35633
291168,Port St Johns,Port St Johns,Eastern Cape,6441
291002,Port St Johns NU,Port St Johns,Eastern Cape,1100
162012,Porterville,Bergrivier,Western Cape,7057
984008,Posa,Elias Motsoaledi,Limpopo,1081
968017,Posaito,Makhado,Limpopo,135
271435,Poshi,Mnquma,Eastern Cape,149
274052,Posini,Ngqushwa,Eastern Cape,98
499034,Post,Mangaung,Free State,19
381005,Postmansburg,Tsantsabane,Northern Cape,30089
676004,Potchefstroom,Tlokwe City Council,North West,43448
295006,Pote,Matatiele,Eastern Cape,61
982097,Potgietersrust,Mogalakwena,Limpopo,0
295064,Potlo,Matatiele,Eastern Cape,57
660037,Potoane,Moretele,North West,342
499025,Potsane,Mangaung,Free State,349
260081,Potsdam East,Buffalo City,Eastern Cape,1664
260082,Potsdam South,Buffalo City,Eastern Cape,5329
260089,Potsdam Village,Buffalo City,Eastern Cape,5649
580119,Potukulu,Nongoma,KwaZulu-Natal,673
674063,Povall,Kagisano/Molopo,North West,479
987093,Prakteseer,Greater Tubatse,Limpopo,22264
799035,Pretoria,City of Tshwane,Gauteng,741651
281088,Prices Dale,Lukanji,Eastern Cape,107
375005,Prieska,Siyathemba,Northern Cape,14246
660036,Prieska,Moretele,North West,514
874039,Primkop,Mbombela,Mpumalanga,0
182004,Prince Albert,Prince Albert,Western Cape,7054
182003,Prince Albert NU,Prince Albert,Western Cape,2771
165005,Prince Alfred Hamlet,Witzenberg,Western Cape,6810
592027,Prince's Grant,KwaDukuza,KwaZulu-Natal,90
172010,Pringle Bay,Overstrand,Western Cape,801
293262,Printsi,Mhlontlo,Eastern Cape,455
286049,Printsu,Elundini,Eastern Cape,351
963001,Priska-Majeje,Ba-Phalaborwa,Limpopo,626
676006,Promosa,Tlokwe City Council,North West,16125
279006,Prospect,Tsolwana,Eastern Cape,126
295118,Protea,Matatiele,Eastern Cape,716
579015,Prudentie,UPhongolo,KwaZulu-Natal,768
274136,Prudhoe,Ngqushwa,Eastern Cape,828
672013,Pudimoe,Greater Taung,North West,3078
672015,Pudumoe,Greater Taung,North West,4092
284149,Pulangweni,Engcobo,Eastern Cape,505
869007,Pullens Hope,Steve Tshwete,Mpumalanga,3439
271479,Pumlani,Mnquma,Eastern Cape,33
298067,Pungulelweni,Ntabankulu,Eastern Cape,773
295068,Punguleweni,Matatiele,Eastern Cape,844
260140,Punzana,Buffalo City,Eastern Cape,314
529024,Purim Farm,Abaqulusi,KwaZulu-Natal,4499
664041,Pylkop,Moses Kotane,North West,1115
284433,Qabaephezulu,Engcobo,Eastern Cape,104
294226,Qabakeni,King Sabata Dalindyebo,Eastern Cape,243
297288,Qadu,Mbizana,Eastern Cape,90
294082,Qakancu,King Sabata Dalindyebo,Eastern Cape,333
586002,Qakwini,Mtubatuba,KwaZulu-Natal,6110
295182,Qalabeni,Matatiele,Eastern Cape,498
479001,Qalabotjha,Mafube,Free State,1286
290153,Qamangweni,Ngquza Hill,Eastern Cape,243
282180,Qamata,Intsika Yethu,Eastern Cape,114
282209,Qamatsa,Intsika Yethu,Eastern Cape,69
291087,Qambatha,Port St Johns,Eastern Cape,92
276180,Qamdobowa,Nkonkobe,Eastern Cape,594
274126,Qamini,Ngqushwa,Eastern Cape,63
274061,Qamnyana,Ngqushwa,Eastern Cape,119
293216,Qanda,Mhlontlo,Eastern Cape,2022
566036,Qanda,The Msunduzi,KwaZulu-Natal,2164
297137,Qandeshe,Mbizana,Eastern Cape,902
284401,Qanguleni,Engcobo,Eastern Cape,588
293010,Qanqu,Mhlontlo,Eastern Cape,497
285041,Qaqane,Sakhisizwe,Eastern Cape,540
282167,Qaqeni,Intsika Yethu,Eastern Cape,207
290220,Qasa,Ngquza Hill,Eastern Cape,715
270330,Qatywa,Mbhashe,Eastern Cape,414
274032,Qaukeni,Ngqushwa,Eastern Cape,800
290236,Qawukeni,Ngquza Hill,Eastern Cape,773
271525,Qayiso,Mnquma,Eastern Cape,466
270644,Qazini,Mbhashe,Eastern Cape,179
290197,Qebedu,Ngquza Hill,Eastern Cape,1235
293254,Qebeyi,Mhlontlo,Eastern Cape,815
294023,Qelane,King Sabata Dalindyebo,Eastern Cape,824
270458,Qelani,Mbhashe,Eastern Cape,260
284418,Qengqeleka,Engcobo,Eastern Cape,575
271255,Qengqweni,Mnquma,Eastern Cape,164
271335,Qeqe,Mnquma,Eastern Cape,372
293291,Qguthubeni,Mhlontlo,Eastern Cape,268
291133,Qhaka,Port St Johns,Eastern Cape,2120
292119,Qhankqu,Nyandeni,Eastern Cape,1133
292018,Qhanqeni,Nyandeni,Eastern Cape,82
297231,Qhasa,Mbizana,Eastern Cape,214
270472,Qhingqala,Mbhashe,Eastern Cape,170
294173,Qhinqolo,King Sabata Dalindyebo,Eastern Cape,439
295168,Qhitsi,Matatiele,Eastern Cape,780
286140,Qhobong,Elundini,Eastern Cape,326
283023,Qhoboshane,Emalahleni,Eastern Cape,236
295196,Qhobosheaneng,Matatiele,Eastern Cape,930
291109,Qhoboshendlini,Port St Johns,Eastern Cape,356
599024,Qhodela,eThekwini,KwaZulu-Natal,2127
294393,Qhogi,King Sabata Dalindyebo,Eastern Cape,592
292259,Qhokama,Nyandeni,Eastern Cape,785
472011,Qholaqhwe,Maluti a Phofung,Free State,4615
271046,Qholiwe,Mnquma,Eastern Cape,774
293241,Qhotira,Mhlontlo,Eastern Cape,310
575138,Qhudeni,Nqutu,KwaZulu-Natal,1277
292120,Qhunqwana,Nyandeni,Eastern Cape,76
281035,Qhwabi,Lukanji,Eastern Cape,228
463004,Qibing,Naledi,Free State,8272
276171,Qibira A,Nkonkobe,Eastern Cape,622
276169,Qibira B,Nkonkobe,Eastern Cape,126
276173,Qibira C,Nkonkobe,Eastern Cape,5
271232,Qikileka,Mnquma,Eastern Cape,89
271118,Qima,Mnquma,Eastern Cape,288
271452,Qina,Mnquma,Eastern Cape,281
506028,Qina-About,Hibiscus Coast,KwaZulu-Natal,5661
282206,Qineni,Intsika Yethu,Eastern Cape,273
292160,Qinisa,Nyandeni,Eastern Cape,1144
505002,Qinisela Manyuswa,Ezingoleni,KwaZulu-Natal,200
283180,Qithi,Emalahleni,Eastern Cape,414
292149,Qiti,Nyandeni,Eastern Cape,800
294282,Qiya,King Sabata Dalindyebo,Eastern Cape,447
271361,Qoboqobo,Mnquma,Eastern Cape,260
287027,Qoboshane,Senqu,Eastern Cape,301
290012,Qojana,Ngquza Hill,Eastern Cape,465
294145,Qokana,King Sabata Dalindyebo,Eastern Cape,475
583091,Qokolwane,Jozini,KwaZulu-Natal,325
270101,Qokolweni,Mbhashe,Eastern Cape,353
294166,Qokolweni,King Sabata Dalindyebo,Eastern Cape,1362
271491,Qokolweni A,Mnquma,Eastern Cape,1035
276135,Qolo,Nkonkobe,Eastern Cape,481
293324,Qolombana,Mhlontlo,Eastern Cape,920
286234,Qolombane,Elundini,Eastern Cape,239
503041,Qoloqolo,Umzumbe,KwaZulu-Natal,1876
271561,Qolora Mouth,Mnquma,Eastern Cape,137
272027,Qolweni,Great Kei,Eastern Cape,954
274095,Qolweni,Ngqushwa,Eastern Cape,448
293130,Qolweni,Mhlontlo,Eastern Cape,401
296120,Qolweni,Umzimvubu,Eastern Cape,150
571036,Qolweni,Okhahlamba,KwaZulu-Natal,475
271291,Qolweni A,Mnquma,Eastern Cape,223
271379,Qolweni B,Mnquma,Eastern Cape,343
270134,Qombe,Mbhashe,Eastern Cape,226
271324,Qombe,Mnquma,Eastern Cape,175
271528,Qombolo,Mnquma,Eastern Cape,292
282242,Qombolo,Intsika Yethu,Eastern Cape,628
588027,Qomintaba,Ntambanana,KwaZulu-Natal,1061
584011,Qomukuphila,The Big 5 False Bay,KwaZulu-Natal,1753
580024,Qondile,Nongoma,KwaZulu-Natal,875
582096,Qondwane,Umhlabuyalingana,KwaZulu-Natal,2646
582099,Qondweni,Umhlabuyalingana,KwaZulu-Natal,2199
580172,Qongqo,Nongoma,KwaZulu-Natal,2162
260119,Qongqotha,Buffalo City,Eastern Cape,25
290073,Qoqo SP,Ngquza Hill,Eastern Cape,313
580046,Qoqoda,Nongoma,KwaZulu-Natal,581
472048,Qoqolosing,Maluti a Phofung,Free State,1406
290318,Qoqweni,Ngquza Hill,Eastern Cape,1029
294132,Qota,King Sabata Dalindyebo,Eastern Cape,882
293014,Qothirha,Mhlontlo,Eastern Cape,351
297007,Qoxe,Mbizana,Eastern Cape,511
290138,Qoxoza,Ngquza Hill,Eastern Cape,293
298119,Qoyiya,Ntabankulu,Eastern Cape,604
581077,Qubeni A,Ulundi,KwaZulu-Natal,334
581037,Qubeni B,Ulundi,KwaZulu-Natal,618
293277,Qudu,Mhlontlo,Eastern Cape,665
272037,Queensberry Bay,Great Kei,Eastern Cape,423
599160,Queensburgh,eThekwini,KwaZulu-Natal,54846
281017,Queenstown,Lukanji,Eastern Cape,43971
274026,Qugqwala,Ngqushwa,Eastern Cape,1412
503044,Quha,Umzumbe,KwaZulu-Natal,656
287014,Quimera,Senqu,Eastern Cape,983
296167,Qukanca,Umzimvubu,Eastern Cape,125
291091,Qukuswayo,Port St Johns,Eastern Cape,772
594043,Qulashe,Ingwe,KwaZulu-Natal,2933
294476,Qulu,King Sabata Dalindyebo,Eastern Cape,351
284355,Quluqu,Engcobo,Eastern Cape,703
282056,Qumanco A,Intsika Yethu,Eastern Cape,391
282043,Qumanco B,Intsika Yethu,Eastern Cape,319
290218,Qumbini,Ngquza Hill,Eastern Cape,54
293131,Qumbu,Mhlontlo,Eastern Cape,4928
271242,Qumbulwana,Mnquma,Eastern Cape,595
597021,Qumeni,Ubuhlebezwe,KwaZulu-Natal,741
296210,Qumra,Umzimvubu,Eastern Cape,711
297053,Qungebe,Mbizana,Eastern Cape,943
282071,Qungu,Intsika Yethu,Eastern Cape,150
581034,Qunyaneni,Ulundi,KwaZulu-Natal,1064
286204,Qurana,Elundini,Eastern Cape,169
293287,Quthubeni,Mhlontlo,Eastern Cape,532
282294,Qutsa A,Intsika Yethu,Eastern Cape,820
282299,Qutsa B,Intsika Yethu,Eastern Cape,248
276179,Qutubeni,Nkonkobe,Eastern Cape,173
273102,Quza,Amahlathi,Eastern Cape,167
297179,Quza,Mbizana,Eastern Cape,1264
273125,Quzini,Amahlathi,Eastern Cape,6179
290163,Qwabe,Ngquza Hill,Eastern Cape,353
575103,Qwabe,Nqutu,KwaZulu-Natal,264
271117,Qwanguleni,Mnquma,Eastern Cape,61
290011,Qwaru,Ngquza Hill,Eastern Cape,1571
581053,Qwasha,Ulundi,KwaZulu-Natal,1094
589061,Qwayinduku,uMlalazi,KwaZulu-Natal,2197
504038,Qwebela,UMuziwabantu,KwaZulu-Natal,1562
294150,Qweqwe,King Sabata Dalindyebo,Eastern Cape,1305
296133,Qwidlana,Umzimvubu,Eastern Cape,1587
296148,Qwidlana A,Umzimvubu,Eastern Cape,254
296134,Qwidlana B,Umzimvubu,Eastern Cape,69
285074,Qwilini,Sakhisizwe,Eastern Cape,234
273039,Qwiliqwili,Amahlathi,Eastern Cape,86
379012,Raaswater,//Khara Hais,Northern Cape,2798
273126,Rabe,Amahlathi,Eastern Cape,979
798008,Rabie Ridge,City of Johannesburg,Gauteng,41204
661025,Rabokala,Madibeng,North West,5700
660054,Rabosula,Moretele,North West,523
961102,Rabothatha,Greater Letaba,Limpopo,699
969007,Raditshaba,Blouberg,Limpopo,307
270102,Rafini,Mbhashe,Eastern Cape,616
292062,Rainy,Nyandeni,Eastern Cape,2204
167028,Raithby,Stellenbosch,Western Cape,908
961011,Rakgara,Greater Letaba,Limpopo,416
666015,Rakgwedi,Tswaing,North West,3021
499013,Rakhoi,Mangaung,Free State,174
260180,Rala,Buffalo City,Eastern Cape,258
271150,Raladiya,Mnquma,Eastern Cape,1308
665021,Ramabesa,Ratlou,North West,1979
974026,Ramakgaphola,Polokwane,Limpopo,1525
970052,Ramalapa,Aganang,Limpopo,881
986013,Ramallane,Fetakgomo,Limpopo,64
872013,Ramantsho,Dr JS Moroka,Mpumalanga,138
660048,Ramaphosa,Moretele,North West,3039
968119,Ramaru,Makhado,Limpopo,155
360039,Ramatele,Joe Morolong,Northern Cape,21
973028,Ramatjowe,Molemole,Limpopo,2403
968037,Ramavhoya,Makhado,Limpopo,1405
475003,Rammulotsi,Moqhaka,Free State,29377
664049,Ramoga,Moses Kotane,North West,801
961087,Ramogakwa,Greater Letaba,Limpopo,516
974100,Ramogale,Polokwane,Limpopo,2295
661026,Ramogaodi,Madibeng,North West,163
984018,Ramogwerane,Elias Motsoaledi,Limpopo,2045
295140,Ramohlakoana,Matatiele,Eastern Cape,651
872016,Ramokgeletsane,Dr JS Moroka,Mpumalanga,2921
664033,Ramokgolela,Moses Kotane,North West,554
973030,Ramokgopa,Molemole,Limpopo,14859
664058,Ramokokastad,Moses Kotane,North West,5141
976010,Ramonwana,Lepele-Nkumpi,Limpopo,529
667028,Ramosadi,Mafikeng,North West,6566
664016,Ramosibitswana,Moses Kotane,North West,142
664034,Ramotlhajwe,Moses Kotane,North West,758
799002,Ramotse,City of Tshwane,Gauteng,15760
669004,Ramotshere Moiloa NU,Ramotshere Moiloa,North West,17469
664022,Rampampaspoort,Moses Kotane,North West,326
961107,Ramphenyane,Greater Letaba,Limpopo,410
798016,Randburg,City of Johannesburg,Gauteng,337053
764002,Randfontein,Randfontein,Gauteng,80492
798027,Randfontein,City of Johannesburg,Gauteng,0
764003,Randfontein NU,Randfontein,Gauteng,6023
514005,Randjieslaagte,Emnambithi/Ladysmith,KwaZulu-Natal,958
761003,Randvaal,Midvaal,Gauteng,1711
662043,Rankelenyane,Rustenburg,North West,1502
661033,Rankotia,Madibeng,North West,482
987154,Rantho,Greater Tubatse,Limpopo,3033
982080,Rantlakana,Mogalakwena,Limpopo,1938
961005,Raphahlelo,Greater Letaba,Limpopo,217
970027,Rapitsi,Aganang,Limpopo,1916
981007,Rapotokwane,Bela-Bela,Limpopo,2787
271353,Rarayo,Mnquma,Eastern Cape,185
285034,Rareni,Sakhisizwe,Eastern Cape,287
662011,Rasimone,Rustenburg,North West,45
284162,Rasmeni,Engcobo,Eastern Cape,205
961076,Rasobi,Greater Letaba,Limpopo,75
499017,Ratabane,Mangaung,Free State,222
460001,Ratanang,Letsemeng,Free State,4231
762015,Ratanda,Lesedi,Gauteng,36102
667052,Ratau,Mafikeng,North West,668
983043,Rathoke,Ephraim Mogale,Limpopo,5361
961055,Ratjeke,Greater Letaba,Limpopo,429
660058,Ratjiepane,Moretele,North West,4215
665002,Ratlou NU,Ratlou,North West,5816
664068,Ratsegae,Moses Kotane,North West,934
284026,Ratswini,Engcobo,Eastern Cape,340
273053,Rawini,Amahlathi,Eastern Cape,354
168008,Rawsonville,Breede Valley,Western Cape,3099
598219,Rawuka,Umzimkhulu,KwaZulu-Natal,398
287010,Rayisini,Senqu,Eastern Cape,177
799050,Rayton,City of Tshwane,Gauteng,8166
978025,Reabetswe,Lephalale,Limpopo,799
663005,Reagile,Kgetlengrivier,North West,17157
669018,Reagile,Ramotshere Moiloa,North West,121
276121,Red Hill,Nkonkobe,Eastern Cape,362
599033,Redcliffe,eThekwini,KwaZulu-Natal,14220
461002,Reddersburg,Kopanong,Free State,669
162001,Redelinghuys,Bergrivier,Western Cape,574
290151,Redhill,Ngquza Hill,Eastern Cape,431
860036,Redhill,Albert Luthuli,Mpumalanga,4861
297135,Redoubt,Mbizana,Eastern Cape,502
176008,Reebok,Mossel Bay,Western Cape,1112
868023,Reedstream Park,Emalahleni,Mpumalanga,5387
478014,Refengkgotso,Metsimaholo,Free State,17646
799048,Refilwe,City of Tshwane,Gauteng,19757
471004,Reitz,Nketoana,Free State,3362
670002,Rekgaritlhile,Naledi,North West,3801
877081,Relani,Bushbuckridge,Mpumalanga,1989
294135,Relegwini,King Sabata Dalindyebo,Eastern Cape,308
962028,Relela,Greater Tzaneen,Limpopo,3990
373004,Renosterberg NU,Renosterberg,Northern Cape,2625
874066,Renosterkop,Mbombela,Mpumalanga,286
664045,Renosterspruit,Moses Kotane,North West,1115
570009,Rensburgsdrift,Umtshezi,KwaZulu-Natal,3164
868021,Rethabile,Emalahleni,Mpumalanga,551
799055,Rethabiseng,City of Tshwane,Gauteng,10964
662047,Retief,Rustenburg,North West,1288
260076,Rhayi,Buffalo City,Eastern Cape,327
579022,Rhebokfontein,UPhongolo,KwaZulu-Natal,3053
180003,Rheenendal,Knysna,Western Cape,3936
291158,Rhela,Port St Johns,Eastern Cape,1319
291216,Rhephu,Port St Johns,Eastern Cape,262
264003,Rhini,Makana,Eastern Cape,17047
274043,Rhode,Ngqushwa,Eastern Cape,230
297248,Rhode,Mbizana,Eastern Cape,140
287136,Rhodes,Senqu,Eastern Cape,73
286135,Rhodesia,Elundini,Eastern Cape,311
290281,Rhole,Ngquza Hill,Eastern Cape,434
271220,Rhoxeni,Mnquma,Eastern Cape,379
962096,Rhulane,Greater Tzaneen,Limpopo,3080
293143,Rhuwaxeni,Mhlontlo,Eastern Cape,258
294189,Rhuyrwala,King Sabata Dalindyebo,Eastern Cape,1736
276041,Rhwantsana,Nkonkobe,Eastern Cape,98
282118,Rhwantsana,Intsika Yethu,Eastern Cape,243
298073,Rhwantsana,Ntabankulu,Eastern Cape,1062
987104,Riba Cross,Greater Tubatse,Limpopo,8000
968123,Ribungwani,Makhado,Limpopo,2753
538011,Richards Bay,uMhlathuze,KwaZulu-Natal,57387
369003,Richmond,Ubuntu,Northern Cape,3793
478001,Richmond,Metsimaholo,Free State,229
568004,Richmond,Richmond,KwaZulu-Natal,3349
568002,Richmond NU,Richmond,KwaZulu-Natal,12442
260158,Richmond Pines,Buffalo City,Eastern Cape,640
363003,Richtersveld,Richtersveld,Northern Cape,6
363002,Richtersveld NU,Richtersveld,Northern Cape,139
294133,Ridge,King Sabata Dalindyebo,Eastern Cape,1073
264001,Riebeeck East,Makana,Eastern Cape,753
467006,Riebeeckstad,Matjhabeng,Free State,11268
164008,Riebeek West,Swartland,Western Cape,4350
164006,Riebeek West Mine,Swartland,Western Cape,255
164011,Riebeek-Kasteel,Swartland,Western Cape,1144
378002,Riemvasmaak,Kai !Garib,Northern Cape,694
598194,Riesdale,Umzimkhulu,KwaZulu-Natal,845
376006,Riet River,Siyancuma,Northern Cape,69
460003,Riet River,Letsemeng,Free State,1026
267001,Rietbron,Baviaans,Eastern Cape,1184
274108,Rietfontein,Ngqushwa,Eastern Cape,944
287094,Rietfontein,Senqu,Eastern Cape,951
377006,Rietfontein,Mier,Northern Cape,2293
478008,Rietfontein,Metsimaholo,Free State,260
499044,Rietfontein,Mangaung,Free State,209
661046,Rietfontein,Madibeng,North West,5349
672055,Rietfontein,Greater Taung,North West,743
763003,Rietfontein,Mogale City,Gauteng,6052
798023,Rietfontein,City of Johannesburg,Gauteng,196
799070,Rietfontein,City of Tshwane,Gauteng,594
974106,Rietfontein,Polokwane,Limpopo,1140
987118,Rietfontein,Greater Tubatse,Limpopo,144
867005,Rietkol,Victor Khanye,Mpumalanga,2812
869006,Rietkuil,Steve Tshwete,Mpumalanga,3635
160003,Rietpoort,Matzikama,Western Cape,970
599090,Rietvallei,eThekwini,KwaZulu-Natal,1568
763011,Rietvallei,Mogale City,Gauteng,49552
598204,Rietvlei,Umzimkhulu,KwaZulu-Natal,2509
295093,Rifantsu,Matatiele,Eastern Cape,168
294454,Rini,King Sabata Dalindyebo,Eastern Cape,1336
274030,Ripplemead,Ngqushwa,Eastern Cape,267
962075,Rita,Greater Tzaneen,Limpopo,4635
962078,Ritakop,Greater Tzaneen,Limpopo,3216
383007,Ritchie,Sol Plaatjie,Northern Cape,7610
986075,Rite,Fetakgomo,Limpopo,891
960043,Rivala,Greater Giyani,Limpopo,1304
586033,River View,Mtubatuba,KwaZulu-Natal,840
175001,Riversdale,Hessequa,Western Cape,16176
578016,Riversdale,eDumbe,KwaZulu-Natal,208
598020,Riverside,Umzimkhulu,KwaZulu-Natal,686
876007,Riverside,Nkomazi,Mpumalanga,546
985136,Riverside,Makhuduthamaga,Limpopo,5477
986058,Riverside,Fetakgomo,Limpopo,1445
987100,Riverside,Greater Tubatse,Limpopo,871
171007,Riviersonderend,Theewaterskloof,Western Cape,5245
877075,Rivoni,Bushbuckridge,Mpumalanga,1424
966159,Roadhouse,Thulamela,Limpopo,3710
199012,Robben Island,City of Cape Town,Western Cape,116
662008,Robega,Rustenburg,North West,12245
169003,Robertson,Langeberg,Western Cape,21929
167021,Robertsvlei,Stellenbosch,Western Cape,9
860042,Robinsdale,Albert Luthuli,Mpumalanga,1165
287131,Rock Cliff,Senqu,Eastern Cape,265
260145,Rocklands,Buffalo City,Eastern Cape,83
279011,Rocklands,Tsolwana,Eastern Cape,1532
297205,Rockville,Mbizana,Eastern Cape,919
526053,Rocky Spruit,Dannhauser,KwaZulu-Natal,40
598147,Rockymount,Umzimkhulu,KwaZulu-Natal,587
669022,Rodikhudu,Ramotshere Moiloa,North West,435
979003,Roedtan,Mookgopong,Limpopo,98
961009,Roerfontein,Greater Letaba,Limpopo,2144
462006,Roleleathunya,Mohokare,Free State,5955
373002,Rolfontein,Renosterberg,Northern Cape,0
461012,Rolfontein,Kopanong,Free State,0
296095,Roma,Umzimvubu,Eastern Cape,418
283111,Rona,Emalahleni,Eastern Cape,892
598162,Rondedraai,Umzimkhulu,KwaZulu-Natal,351
383003,Roodepan,Sol Plaatjie,Northern Cape,20263
799018,Roodeplaat,City of Tshwane,Gauteng,912
798022,Roodepoort,City of Johannesburg,Gauteng,326416
799062,Roodepoort,City of Tshwane,Gauteng,1915
977008,Rooiberg,Thabazimbi,Limpopo,2485
982100,Rooibokfontein,Mogalakwena,Limpopo,2339
877030,Rooiboklaagte A,Bushbuckridge,Mpumalanga,1723
877041,Rooiboklaagte B,Bushbuckridge,Mpumalanga,3650
499004,Rooibult,Mangaung,Free State,320
172006,Rooiels,Overstrand,Western Cape,125
365003,Rooifontein,Kamiesberg,Northern Cape,332
499027,Rooifontein,Mangaung,Free State,977
667055,Rooigrond,Mafikeng,North West,2810
571008,Rooihoek,Okhahlamba,KwaZulu-Natal,598
378014,Rooikopeiland,Kai !Garib,Northern Cape,394
598007,Rooipoort,Umzimkhulu,KwaZulu-Natal,57
378005,Rooirant,Kai !Garib,Northern Cape,115
287036,Rooisand,Senqu,Eastern Cape,622
661012,Rooival,Madibeng,North West,281
183002,Rooivlakte,Beaufort West,Western Cape,4902
287046,Rooiwal,Senqu,Eastern Cape,634
672028,Rooiwal,Greater Taung,North West,1531
571025,Rookdale,Okhahlamba,KwaZulu-Natal,4644
514024,Roosboom,Emnambithi/Ladysmith,KwaZulu-Natal,12637
984049,Roossenekal,Elias Motsoaledi,Limpopo,2625
969123,Rora,Blouberg,Limpopo,115
260135,Rosendal,Buffalo City,Eastern Cape,344
470009,Rosendal,Dihlabeng,Free State,131
579004,Rosendal,UPhongolo,KwaZulu-Natal,4688
599193,Roseneath,eThekwini,KwaZulu-Natal,3730
164005,Rosenhof,Swartland,Western Cape,5117
564009,Rosetta,Mpofana,KwaZulu-Natal,557
503074,Rosettenville,Umzumbe,KwaZulu-Natal,1804
287138,Rossouw,Senqu,Eastern Cape,284
986003,Rostok,Fetakgomo,Limpopo,1056
961022,Rotterdam,Greater Letaba,Limpopo,4649
462007,Rouxville,Mohokare,Free State,1355
360113,Rowel,Joe Morolong,Northern Cape,58
276093,Roxeni,Nkonkobe,Eastern Cape,310
592036,Royal Palm Estate,KwaDukuza,KwaZulu-Natal,367
664062,Ruighoek,Moses Kotane,North West,152
574007,Ruigtefontein,Endumeni,KwaZulu-Natal,1706
660009,Ruigtesloot,Moretele,North West,2455
573041,Ruins,Imbabazane,KwaZulu-Natal,354
176001,Ruitersbos State Forest,Mossel Bay,Western Cape,451
678001,Rulaganyang,Maquassi Hills,North West,1511
877112,Rulani,Bushbuckridge,Mpumalanga,2485
294250,Rune,King Sabata Dalindyebo,Eastern Cape,175
274096,Runletts,Ngqushwa,Eastern Cape,495
962016,Runnymede,Greater Tzaneen,Limpopo,5533
274072,Rura,Ngqushwa,Eastern Cape,308
981008,Rust De Winter,Bela-Bela,Limpopo,105
183008,Rustdene,Beaufort West,Western Cape,8241
674061,Rusten,Kagisano/Molopo,North West,203
662049,Rustenburg,Rustenburg,North West,104612
662010,Rustenburg NU,Rustenburg,North West,18775
499032,Rustfontein,Mangaung,Free State,11
526029,Rutland,Dannhauser,KwaZulu-Natal,3630
282024,Rwantsana,Intsika Yethu,Eastern Cape,184
283193,Rwantsana,Emalahleni,Eastern Cape,188
290010,Rwantsana,Ngquza Hill,Eastern Cape,452
298115,Rwantsana,Ntabankulu,Eastern Cape,783
271119,Rwantsana A,Mnquma,Eastern Cape,340
271315,Rwantsana B,Mnquma,Eastern Cape,325
271493,Rwantsane,Mnquma,Eastern Cape,112
276073,Rwarwa,Nkonkobe,Eastern Cape,777
984047,Saaiplaas,Elias Motsoaledi,Limpopo,2332
282335,Sabalele,Intsika Yethu,Eastern Cape,89
589130,Sabeka,uMlalazi,KwaZulu-Natal,1665
290039,Sabelo,Ngquza Hill,Eastern Cape,1246
369004,Sabelo,Ubuntu,Northern Cape,1329
587015,Sabhuza,Mfolozi,KwaZulu-Natal,1853
877092,Sabi-Sand Game Reserve,Bushbuckridge,Mpumalanga,1242
873009,Sabie,Thaba Chweu,Mpumalanga,9148
877136,Sabie Park,Bushbuckridge,Mpumalanga,121
799041,Sable Hills Waterfront Estate,City of Tshwane,Gauteng,462
281067,Sada,Lukanji,Eastern Cape,13493
964026,Sadawa,Maruleng,Limpopo,3963
529037,Saint Paul,Abaqulusi,KwaZulu-Natal,1415
294285,Sakela,King Sabata Dalindyebo,Eastern Cape,711
870001,Sakhelwe,Emakhazeni,Mpumalanga,4664
864007,Sakhile,Lekwa,Mpumalanga,40418
285002,Sakhisizwe NU,Sakhisizwe,Eastern Cape,3499
286141,Sakhute,Elundini,Eastern Cape,388
276127,Saki,Nkonkobe,Eastern Cape,601
973020,Sakoleng,Molemole,Limpopo,584
560063,Salaap,Vulamehlo,KwaZulu-Natal,1373
966218,Salani,Thulamela,Limpopo,2329
968128,Salaunavhe,Makhado,Limpopo,211
163008,Saldanha,Saldanha Bay,Western Cape,28142
163002,Saldanha Bay NU,Saldanha Bay,Western Cape,2962
599143,Salem,eThekwini,KwaZulu-Natal,781
966062,Salema,Thulamela,Limpopo,3540
666011,Saleng,Tswaing,North West,1262
298130,Saleni,Ntabankulu,Eastern Cape,72
877010,Salique State Forest,Bushbuckridge,Mpumalanga,40
542087,Salofu,Nkandla,KwaZulu-Natal,232
592043,Salt Rock,KwaDukuza,KwaZulu-Natal,1806
874011,Salubindza,Mbombela,Mpumalanga,4698
546014,Samangu,Maphumulo,KwaZulu-Natal,638
966008,Sambandou,Thulamela,Limpopo,826
282027,Samela,Intsika Yethu,Eastern Cape,234
271451,Samini,Mnquma,Eastern Cape,106
271459,Samka,Mnquma,Eastern Cape,262
576054,Sampofu,Msinga,KwaZulu-Natal,3789
542126,Samungu,Nkandla,KwaZulu-Natal,146
589114,Samungu,uMlalazi,KwaZulu-Natal,1934
592026,Samungu,KwaDukuza,KwaZulu-Natal,710
965026,Sanari,Mutale,Limpopo,976
172017,Sand Bay,Overstrand,Western Cape,4102
269012,Sanddrif,Kou-Kamma,Eastern Cape,280
363004,Sanddrif,Richtersveld,Northern Cape,1854
477010,Sandersville,Ngwathe,Free State,2694
664066,Sandfontein,Moses Kotane,North West,6548
874001,Sandfort,Mbombela,Mpumalanga,783
260161,Sandile,Buffalo City,Eastern Cape,855
284111,Sandile,Engcobo,Eastern Cape,972
260080,Sandisiwe,Buffalo City,Eastern Cape,515
273108,Sandla,Amahlathi,Eastern Cape,143
798013,Sandton,City of Johannesburg,Gauteng,222415
964025,Sandton,Maruleng,Limpopo,2021
466001,Sandveld,Tswelopele,Free State,12
968012,Sane,Makhado,Limpopo,447
597019,Sangcwaba,Ubuhlebezwe,KwaZulu-Natal,1511
588017,Sangoyana,Ntambanana,KwaZulu-Natal,1653
581058,Sangoyane A,Ulundi,KwaZulu-Natal,266
581101,Sangoyane B,Ulundi,KwaZulu-Natal,800
293032,Sangqu,Mhlontlo,Eastern Cape,636
593048,Sangwana,Ndwedwe,KwaZulu-Natal,824
577028,Sangweni,Umvoti,KwaZulu-Natal,1822
588050,Sangweyana,Ntambanana,KwaZulu-Natal,2248
294293,Sankobe,King Sabata Dalindyebo,Eastern Cape,267
599119,Sankontshe,eThekwini,KwaZulu-Natal,6634
666023,Sannieshof,Tswaing,North West,11016
592001,Sans Souci,KwaDukuza,KwaZulu-Natal,836
987099,Santeng,Greater Tubatse,Limpopo,1118
282348,Santile,Intsika Yethu,Eastern Cape,362
293240,Santini,Mhlontlo,Eastern Cape,292
295243,Santini,Matatiele,Eastern Cape,329
295022,Santombe,Matatiele,Eastern Cape,332
296153,Santombe,Umzimvubu,Eastern Cape,1085
285097,Santyeni,Sakhisizwe,Eastern Cape,172
296161,Saphukanduka,Umzimvubu,Eastern Cape,278
298022,Saphukanduku,Ntabankulu,Eastern Cape,1446
293096,Sapompolo,Mhlontlo,Eastern Cape,118
286149,Sapulanduko,Elundini,Eastern Cape,154
298009,Sarhonqa,Ntabankulu,Eastern Cape,488
594038,Sarnia,Ingwe,KwaZulu-Natal,39
166001,Saron,Drakenstein,Western Cape,7843
665011,Sasane,Ratlou,North West,130
966069,Saselamani,Thulamela,Limpopo,3727
478009,Sasolburg,Metsimaholo,Free State,30699
598205,Satana,Umzimkhulu,KwaZulu-Natal,214
961066,Satlaleni,Greater Letaba,Limpopo,998
862005,Saul Mkhizeville,Mkhondo,Mpumalanga,25039
799057,Saulsville,City of Tshwane,Gauteng,105208
281058,Sautana,Lukanji,Eastern Cape,79
594059,Sawoti,Ingwe,KwaZulu-Natal,541
271388,Sawutana,Mnquma,Eastern Cape,138
271015,Sawutana A,Mnquma,Eastern Cape,235
271013,Sawutana B,Mnquma,Eastern Cape,231
294184,Sawutini,King Sabata Dalindyebo,Eastern Cape,922
281069,Sawutiya,Lukanji,Eastern Cape,136
260064,Saye,Buffalo City,Eastern Cape,292
292256,Sazinge,Nyandeni,Eastern Cape,424
293107,Sbomvaneni,Mhlontlo,Eastern Cape,131
297177,Scambeni,Mbizana,Eastern Cape,874
199056,Scarborough,City of Cape Town,Western Cape,1075
973008,Schellenburg,Molemole,Limpopo,352
982102,Scheming,Mogalakwena,Limpopo,1563
376001,Schmidtsdrif,Siyancuma,Northern Cape,1163
477003,Schonkenville,Ngwathe,Free State,2423
970033,Schoongelegen,Aganang,Limpopo,1633
667067,Schoongezicht,Mafikeng,North West,472
973019,Schoonveld,Molemole,Limpopo,577
982091,Schuilpadkraal,Mogalakwena,Limpopo,1112
976028,Schuinsrand,Lepele-Nkumpi,Limpopo,1761
578031,Schuzwekrans,eDumbe,KwaZulu-Natal,258
671004,Schweizer-Reneke,Mamusa,North West,41226
561011,Scottburgh,Umdoni,KwaZulu-Natal,11403
578037,Scottshill,eDumbe,KwaZulu-Natal,555
284183,Sdadeni,Engcobo,Eastern Cape,1053
285005,Sdakeni,Sakhisizwe,Eastern Cape,79
293063,Sdakeni,Mhlontlo,Eastern Cape,0
542040,Sdashi,Nkandla,KwaZulu-Natal,490
296086,Sdikidini,Umzimvubu,Eastern Cape,349
546060,Sdoho,Maphumulo,KwaZulu-Natal,351
260175,Sea Vale,Buffalo City,Eastern Cape,291
872007,Seabe,Dr JS Moroka,Mpumalanga,7683
265004,Seafield,Ndlambe,Eastern Cape,296
986045,Sealane,Fetakgomo,Limpopo,493
987023,Sealane,Greater Tubatse,Limpopo,1232
961053,Seaphole,Greater Letaba,Limpopo,1191
297327,Seaview,Mbizana,Eastern Cape,1641
974028,Sebayeng,Polokwane,Limpopo,13826
270643,Sebeni,Mbhashe,Eastern Cape,212
298139,Sebeni,Ntabankulu,Eastern Cape,628
961073,Sebepe,Greater Letaba,Limpopo,1060
765014,Seberuberung,Westonaria,Gauteng,1719
985048,Sebetole,Makhuduthamaga,Limpopo,101
361030,Sebilong,Ga-Segonyana,Northern Cape,0
472030,Sebokeng,Maluti a Phofung,Free State,2074
760004,Sebokeng,Emfuleni,Gauteng,218515
974143,Sebonapudi,Polokwane,Limpopo,889
969068,Seboriane,Blouberg,Limpopo,1317
667063,Sebowana,Mafikeng,North West,700
297295,Section 21,Mbizana,Eastern Cape,121
866006,Secunda,Govan Mbeki,Mpumalanga,40198
962074,Sedan,Greater Tzaneen,Limpopo,1702
180007,Sedgefield,Knysna,Western Cape,8286
499011,Sediba A,Mangaung,Free State,443
499009,Sediba B,Mangaung,Free State,216
361001,Sedibeng,Ga-Segonyana,Northern Cape,2184
472054,Sedibeng,Maluti a Phofung,Free State,352
961015,Sedibeng,Greater Letaba,Limpopo,1689
970072,Sefahlane,Aganang,Limpopo,1001
986096,Sefateng A,Fetakgomo,Limpopo,69
973027,Sefene,Molemole,Limpopo,3949
986017,Sefeteng B,Fetakgomo,Limpopo,1710
978001,Sefetlhogo,Lephalale,Limpopo,2697
964016,Sefikeng,Maruleng,Limpopo,6
664019,Sefikile,Moses Kotane,North West,4227
286007,Seghobong,Elundini,Eastern Cape,506
982039,Segole,Mogalakwena,Limpopo,1912
987021,Segorong,Greater Tubatse,Limpopo,679
661039,Segwaelane,Madibeng,North West,7204
970087,Segwahleng,Aganang,Limpopo,808
360046,Segwaneng,Joe Morolong,Northern Cape,554
974095,Segwasi,Polokwane,Limpopo,3418
987077,Sehlaku,Greater Tubatse,Limpopo,838
871021,Sehlakwana,Thembisile,Mpumalanga,1380
984035,Sehlakwane,Elias Motsoaledi,Limpopo,10507
987014,Sehunyana,Greater Tubatse,Limpopo,1699
472065,Sejwalejwale,Maluti a Phofung,Free State,908
973024,Sekakene,Molemole,Limpopo,3745
985008,Sekale,Makhuduthamaga,Limpopo,807
986071,Sekateng,Fetakgomo,Limpopo,1336
598151,Sekelani,Umzimkhulu,KwaZulu-Natal,513
982122,Sekgakgapeng,Mogalakwena,Limpopo,11979
976071,Sekgophokgophong,Lepele-Nkumpi,Limpopo,3323
961091,Sekgopo,Greater Letaba,Limpopo,5
961044,Sekgoses,Greater Letaba,Limpopo,16
472045,Sekgutlong,Maluti a Phofung,Free State,625
974134,Sekgweng,Polokwane,Limpopo,1067
960057,Sekhiming,Greater Giyani,Limpopo,1763
961037,Sekhiming,Greater Letaba,Limpopo,205
672056,Sekhing,Greater Taung,North West,3700
969060,Sekhung,Blouberg,Limpopo,1240
295089,Sekhutlong,Matatiele,Eastern Cape,469
969073,Sekiding,Blouberg,Limpopo,869
976057,Sekimming,Lepele-Nkumpi,Limpopo,453
985061,Sekotini,Makhuduthamaga,Limpopo,275
287059,Sekotong,Senqu,Eastern Cape,3604
877133,Sekrepeng,Bushbuckridge,Mpumalanga,2024
271408,Seku,Mnquma,Eastern Cape,312
970008,Sekuruwe,Aganang,Limpopo,227
982087,Sekuruwe,Mogalakwena,Limpopo,2280
283100,Sekuyasa,Emalahleni,Eastern Cape,111
969026,Sekwati,Blouberg,Limpopo,582
986031,Selape,Fetakgomo,Limpopo,1182
983033,Selebaneng,Ephraim Mogale,Limpopo,269
291017,Selekhulu,Port St Johns,Eastern Cape,471
660014,Selepe,Moretele,North West,211
985092,Selowane,Makhuduthamaga,Limpopo,446
969089,Selowe,Blouberg,Limpopo,53
291127,Selwane,Port St Johns,Eastern Cape,419
985091,Semahlakole,Makhuduthamaga,Limpopo,388
665007,Semashu,Ratlou,North West,193
863002,Seme NU,Pixley Ka Seme,Mpumalanga,15574
872018,Semohlase,Dr JS Moroka,Mpumalanga,95
295199,Semonkong,Matatiele,Eastern Cape,1202
985060,Semonoko,Makhuduthamaga,Limpopo,84
962001,Senakwe,Greater Tzaneen,Limpopo,2604
974074,Sencherere,Polokwane,Limpopo,93
968032,Sendedza,Makhado,Limpopo,2503
363001,Sendelingsdrif,Richtersveld,Northern Cape,192
469003,Senekal,Setsoto,Free State,3466
974060,Sengatane,Polokwane,Limpopo,2615
294368,Sengqe,King Sabata Dalindyebo,Eastern Cape,419
982040,Senita,Mogalakwena,Limpopo,792
594027,Senkwanzela,Ingwe,KwaZulu-Natal,2336
978017,Senoela,Lephalale,Limpopo,561
872012,Senotlelo,Dr JS Moroka,Mpumalanga,6773
287005,Senqu NU,Senqu,Eastern Cape,7113
285094,Senta,Sakhisizwe,Eastern Cape,76
987114,Senthle,Greater Tubatse,Limpopo,69
598146,Senti,Umzimkhulu,KwaZulu-Natal,1085
986086,Sentlane,Fetakgomo,Limpopo,588
986016,Sentlhane,Fetakgomo,Limpopo,359
969096,Senwabarwana,Blouberg,Limpopo,5529
961028,Senwamokgope,Greater Letaba,Limpopo,4447
599010,Senzokuhle,eThekwini,KwaZulu-Natal,7141
361020,Seoding,Ga-Segonyana,Northern Cape,7266
672057,Seoding,Greater Taung,North West,1900
986038,Seokodibeng,Fetakgomo,Limpopo,535
664055,Seolong,Moses Kotane,North West,393
661006,Sephai,Madibeng,North West,260
984012,Sephaku,Elias Motsoaledi,Limpopo,6655
982085,Sepharane,Mogalakwena,Limpopo,804
961108,Sephatwene,Greater Letaba,Limpopo,4994
961019,Sephukubje,Greater Letaba,Limpopo,3135
286004,Seqhobong,Elundini,Eastern Cape,735
295194,Seqhobong,Matatiele,Eastern Cape,152
571037,Seqomeni,Okhahlamba,KwaZulu-Natal,1218
987019,Serafa,Greater Tubatse,Limpopo,1175
985096,Serageng,Makhuduthamaga,Limpopo,1622
662037,Seraleng,Rustenburg,North West,9356
962089,Serare,Greater Tzaneen,Limpopo,1390
465005,Seretse,Tokologo,Free State,4651
983038,Seriteng,Ephraim Mogale,Limpopo,1202
970089,Seroba,Aganang,Limpopo,1719
976025,Serobaneng,Lepele-Nkumpi,Limpopo,1696
282109,Seru,Intsika Yethu,Eastern Cape,281
976085,Seruleng,Lepele-Nkumpi,Limpopo,1317
662031,Serutube,Rustenburg,North West,465
546015,Sese,Maphumulo,KwaZulu-Natal,358
974043,Seshego,Polokwane,Limpopo,83863
664093,Seshibitswe,Moses Kotane,North West,1687
664029,Sesobe,Moses Kotane,North West,807
660047,Sespond,Moretele,North West,1437
969048,Sesuane,Blouberg,Limpopo,661
286059,Setabataba,Elundini,Eastern Cape,993
674005,Setabeng,Kagisano/Molopo,North West,1051
985063,Setase,Makhuduthamaga,Limpopo,607
472022,Setaseng,Maluti a Phofung,Free State,235
961088,Setaseng,Greater Letaba,Limpopo,736
985152,Setebong,Makhuduthamaga,Limpopo,384
986052,Seteneng,Fetakgomo,Limpopo,1033
286009,Sethathi,Elundini,Eastern Cape,512
962020,Sethone A,Greater Tzaneen,Limpopo,749
962029,Sethone B,Greater Tzaneen,Limpopo,2276
472058,Setlabotjha,Maluti a Phofung,Free State,534
665019,Setlagole,Ratlou,North West,19452
969112,Setlaole,Blouberg,Limpopo,74
877044,Setlhake,Bushbuckridge,Mpumalanga,741
662033,Setlhokwe,Rustenburg,North West,446
969045,Setloking,Blouberg,Limpopo,367
667041,Setlopo,Mafikeng,North West,10970
974073,Setotolwane,Polokwane,Limpopo,2271
469001,Setsoto,Setsoto,Free State,185
469002,Setsoto NU,Setsoto,Free State,12519
981005,Settlers,Bela-Bela,Limpopo,819
667022,Setumo Park,Mafikeng,North West,2203
970058,Setumong,Aganang,Limpopo,2551
982017,Setuphiline,Mogalakwena,Limpopo,1070
987060,Seuwe,Greater Tubatse,Limpopo,1690
575084,Seven,Nqutu,KwaZulu-Natal,2337
599131,Seventeen,eThekwini,KwaZulu-Natal,1876
877045,Seville A,Bushbuckridge,Mpumalanga,588
877055,Seville B,Bushbuckridge,Mpumalanga,1149
877040,Seville C,Bushbuckridge,Mpumalanga,480
667031,Seweding,Mafikeng,North West,12227
271502,Seyisi,Mnquma,Eastern Cape,332
276015,Seymour,Nkonkobe,Eastern Cape,2467
561015,Sezela,Umdoni,KwaZulu-Natal,1203
296034,Sfolweni,Umzimvubu,Eastern Cape,364
599152,Sgubudwini,eThekwini,KwaZulu-Natal,1592
569008,Sgweje,Indaka,KwaZulu-Natal,5926
965055,Shakadza,Mutale,Limpopo,1719
592038,Shakaskraal,KwaDukuza,KwaZulu-Natal,3296
661014,Shakung,Madibeng,North West,1158
987035,Shakung,Greater Tubatse,Limpopo,2945
672059,Shaleng,Greater Taung,North West,1537
961043,Shamfana,Greater Letaba,Limpopo,976
598159,Shamto,Umzimkhulu,KwaZulu-Natal,419
593058,Shangase,Ndwedwe,KwaZulu-Natal,1570
966103,Shanzha,Thulamela,Limpopo,631
760012,Sharpeville,Emfuleni,Gauteng,37599
973012,Shashe,Molemole,Limpopo,382
877078,Shata,Bushbuckridge,Mpumalanga,3073
877094,Shatale,Bushbuckridge,Mpumalanga,9155
567017,Shayamoya,Mkhambathini,KwaZulu-Natal,390
573027,Shayamoya,Imbabazane,KwaZulu-Natal,5326
529033,Shayandawo,Abaqulusi,KwaZulu-Natal,289
966169,Shayandima,Thulamela,Limpopo,10259
575139,Shayanyawo A,Nqutu,KwaZulu-Natal,530
575142,Shayanyawo B,Nqutu,KwaZulu-Natal,1758
861012,Sheepmoor,Msukaligwa,Mpumalanga,2727
592041,Sheffield Beach,KwaDukuza,KwaZulu-Natal,1754
668006,Sheila,Ditsobotla,North West,1678
565017,Shellfish,Impendle,KwaZulu-Natal,339
583039,Shemula,Jozini,KwaZulu-Natal,2495
295060,Shenxe,Matatiele,Eastern Cape,192
986104,Shenyaneng,Fetakgomo,Limpopo,308
874049,Sherwood,Mbombela,Mpumalanga,1534
965123,Sheshe,Mutale,Limpopo,852
270387,Sheshegu,Mbhashe,Eastern Cape,2005
294055,Sheshegu,King Sabata Dalindyebo,Eastern Cape,1824
966143,Shigalo,Thulamela,Limpopo,7670
962059,Shihungu,Greater Tzaneen,Limpopo,602
586019,ShikiShela,Mtubatuba,KwaZulu-Natal,6905
966146,Shikundu,Thulamela,Limpopo,1953
964008,Shikwane,Maruleng,Limpopo,2492
271059,Shilata,Mnquma,Eastern Cape,57
529016,Shilengeni,Abaqulusi,KwaZulu-Natal,618
962091,Shiluvane,Greater Tzaneen,Limpopo,2049
960051,Shimange,Greater Giyani,Limpopo,2371
966183,Shingwidzi,Thulamela,Limpopo,11
968096,Shirley,Makhado,Limpopo,1480
962015,Shirulurulu,Greater Tzaneen,Limpopo,4225
960003,Shivulani,Greater Giyani,Limpopo,4525
565018,Shiyabantu,Impendle,KwaZulu-Natal,380
876023,Shiyalongubo,Nkomazi,Mpumalanga,280
568019,Shiyamphahla,Richmond,KwaZulu-Natal,805
542096,Shobalenyathi,Nkandla,KwaZulu-Natal,1052
505022,Shobashobane,Ezingoleni,KwaZulu-Natal,3032
506034,Shobeni,Hibiscus Coast,KwaZulu-Natal,2221
270272,Sholora,Mbhashe,Eastern Cape,491
978036,Shongoane,Lephalale,Limpopo,8727
599148,Shongweni,eThekwini,KwaZulu-Natal,24
270528,Shoshwana,Mbhashe,Eastern Cape,291
961078,Shotong,Greater Letaba,Limpopo,4389
962013,Shotong,Greater Tzaneen,Limpopo,40
986001,Shubushubu,Fetakgomo,Limpopo,195
593032,Shudu,Ndwedwe,KwaZulu-Natal,7807
296173,Shugabhushi,Umzimvubu,Eastern Cape,559
294137,Shukenxa,King Sabata Dalindyebo,Eastern Cape,960
270414,Shukuma,Mbhashe,Eastern Cape,451
293066,Shukunxa,Mhlontlo,Eastern Cape,700
581011,Shumayeleni,Ulundi,KwaZulu-Natal,1048
274017,Shushu,Ngqushwa,Eastern Cape,112
589038,Shushu,uMlalazi,KwaZulu-Natal,652
987092,Shushumela,Greater Tubatse,Limpopo,2087
282173,Shushwana,Intsika Yethu,Eastern Cape,222
966138,Siambe,Thulamela,Limpopo,2565
969004,Sias,Blouberg,Limpopo,639
876049,Sibange,Nkomazi,Mpumalanga,3332
292114,Sibangweni,Nyandeni,Eastern Cape,6260
876016,Sibayeni,Nkomazi,Mpumalanga,24134
295200,Siberia,Matatiele,Eastern Cape,187
589102,Sibhamu,uMlalazi,KwaZulu-Natal,1206
582074,Sibhoweni,Umhlabuyalingana,KwaZulu-Natal,1302
296156,Sibhozweni,Umzimvubu,Eastern Cape,248
542095,Sibhudeni,Nkandla,KwaZulu-Natal,571
295071,Sibi,Matatiele,Eastern Cape,305
594070,Sibomvini,Ingwe,KwaZulu-Natal,1986
580178,Sibomvu,Nongoma,KwaZulu-Natal,222
581030,Sibomvu,Ulundi,KwaZulu-Natal,3191
583084,Sibongile,Jozini,KwaZulu-Natal,633
281090,Sibonile  A,Lukanji,Eastern Cape,831
583086,Sibonokuhle,Jozini,KwaZulu-Natal,2885
571047,Sibotsheni,Okhahlamba,KwaZulu-Natal,504
577007,Sibuyane,Umvoti,KwaZulu-Natal,695
290099,Sicambeni,Ngquza Hill,Eastern Cape,623
291183,Sicambeni,Port St Johns,Eastern Cape,982
598094,Sicelweni,Umzimkhulu,KwaZulu-Natal,402
290057,Sicwenza,Ngquza Hill,Eastern Cape,999
292335,Sidabadabeni,Nyandeni,Eastern Cape,747
270088,Sidabakweni,Mbhashe,Eastern Cape,163
290141,Sidabekweni,Ngquza Hill,Eastern Cape,406
283075,Sidakeni,Emalahleni,Eastern Cape,242
284297,Sidakeni,Engcobo,Eastern Cape,291
286213,Sidakeni,Elundini,Eastern Cape,205
298135,Sidakeni,Ntabankulu,Eastern Cape,1769
581016,Sidakeni,Ulundi,KwaZulu-Natal,1964
296072,Sidakeni A,Umzimvubu,Eastern Cape,37
296032,Sidakeni B,Umzimvubu,Eastern Cape,984
292255,Sidanda,Nyandeni,Eastern Cape,431
297276,Sidanga,Mbizana,Eastern Cape,424
264007,Sidbury,Makana,Eastern Cape,115
270217,Sidelwani,Mbhashe,Eastern Cape,289
598038,Sidikideni,Umzimkhulu,KwaZulu-Natal,1846
285075,Sidikidini,Sakhisizwe,Eastern Cape,465
284042,Sidindi,Engcobo,Eastern Cape,434
580110,Sidinsi,Nongoma,KwaZulu-Natal,2958
876013,Sidlamafa,Nkomazi,Mpumalanga,4316
506007,Sidobe,Hibiscus Coast,KwaZulu-Natal,1896
271320,Sidubela,Mnquma,Eastern Cape,310
294041,Sidwada,King Sabata Dalindyebo,Eastern Cape,1481
283076,Sidwadweni,Emalahleni,Eastern Cape,498
282016,Sidwadweni Village,Intsika Yethu,Eastern Cape,134
960010,Sifasonke,Greater Giyani,Limpopo,2391
285031,Sifonondile,Sakhisizwe,Eastern Cape,374
271457,Sigangala,Mnquma,Eastern Cape,693
282042,Sigangeni,Intsika Yethu,Eastern Cape,550
580090,Sigangeni,Nongoma,KwaZulu-Natal,783
284066,Sigangeni A,Engcobo,Eastern Cape,444
284284,Sigangeni B,Engcobo,Eastern Cape,91
284148,Sigangeni C,Engcobo,Eastern Cape,259
290030,Sigcawu,Ngquza Hill,Eastern Cape,160
593006,Sigedleni,Ndwedwe,KwaZulu-Natal,1179
292258,Sigibudu,Nyandeni,Eastern Cape,1495
284063,Sigidi,Engcobo,Eastern Cape,512
296154,Sigidini A,Umzimvubu,Eastern Cape,446
296155,Sigidini B,Umzimvubu,Eastern Cape,1098
294320,Sigingini,King Sabata Dalindyebo,Eastern Cape,206
284250,Sigingqini,Engcobo,Eastern Cape,200
286165,Sigingqini,Elundini,Eastern Cape,128
271077,Sigingqini A,Mnquma,Eastern Cape,227
271279,Sigingqini B,Mnquma,Eastern Cape,816
285023,Siginqgini,Sakhisizwe,Eastern Cape,262
667046,Signal Hill,Mafikeng,North West,7501
506037,Sigodadeni,Hibiscus Coast,KwaZulu-Natal,804
286089,Sigodini,Elundini,Eastern Cape,452
284240,Sigodlweni,Engcobo,Eastern Cape,222
286095,Sigoga,Elundini,Eastern Cape,61
965003,Sigonde,Mutale,Limpopo,475
575044,Sigqobheleni,Nqutu,KwaZulu-Natal,315
580181,Sigubudu,Nongoma,KwaZulu-Natal,1425
293053,Sigubudweni,Mhlontlo,Eastern Cape,444
294112,Sigubudweni,King Sabata Dalindyebo,Eastern Cape,318
284404,Sigubudwini,Engcobo,Eastern Cape,775
290054,Sigubudwini,Ngquza Hill,Eastern Cape,1067
286186,Sigungqwini,Elundini,Eastern Cape,181
294183,Sigwalini A,King Sabata Dalindyebo,Eastern Cape,766
294164,Sigwalini B,King Sabata Dalindyebo,Eastern Cape,239
282165,Sigxeni,Intsika Yethu,Eastern Cape,87
582034,Sihangwane,Umhlabuyalingana,KwaZulu-Natal,417
282176,Sihlaba,Intsika Yethu,Eastern Cape,459
283172,Sihlaba,Emalahleni,Eastern Cape,228
271071,Sihlabeni,Mnquma,Eastern Cape,519
294149,Sihlabeni,King Sabata Dalindyebo,Eastern Cape,1013
294314,Sihlabeni A,King Sabata Dalindyebo,Eastern Cape,364
296137,Sihlahleni,Umzimvubu,Eastern Cape,508
270375,Sihlana,Mbhashe,Eastern Cape,328
583047,Sihlangwini,Jozini,KwaZulu-Natal,292
291192,Sihlanjeni,Port St Johns,Eastern Cape,709
286229,Sihlehleni,Elundini,Eastern Cape,161
582036,Sihlenga,Umhlabuyalingana,KwaZulu-Natal,1112
598184,Sihleza,Umzimkhulu,KwaZulu-Natal,0
297311,Sihlontlweni,Mbizana,Eastern Cape,557
298052,Sihlonyaneni,Ntabankulu,Eastern Cape,640
282245,Sihobotini,Intsika Yethu,Eastern Cape,368
286159,Sihomhom,Elundini,Eastern Cape,640
542124,Sihosheni,Nkandla,KwaZulu-Natal,506
588054,Sihuzu,Ntambanana,KwaZulu-Natal,1138
296197,Sijika,Umzimvubu,Eastern Cape,185
295213,Sijoka,Matatiele,Eastern Cape,791
291072,Sijungqwini,Port St Johns,Eastern Cape,144
291138,Sijuqwini,Port St Johns,Eastern Cape,1383
292144,Sikalweni,Nyandeni,Eastern Cape,224
293115,Sikansini,Mhlontlo,Eastern Cape,325
284293,Sikantini,Engcobo,Eastern Cape,230
593026,Sikeni,Ndwedwe,KwaZulu-Natal,346
594058,Sikeshini,Ingwe,KwaZulu-Natal,631
538030,Sikhalasenkosi,uMhlathuze,KwaZulu-Natal,22571
576044,Sikhaleni,Msinga,KwaZulu-Natal,1666
296178,Sikhemane,Umzimvubu,Eastern Cape,407
286109,Sikhepheni,Elundini,Eastern Cape,295
295178,Sikhetlane,Matatiele,Eastern Cape,812
295036,Sikhewini,Matatiele,Eastern Cape,231
294122,Sikhoba,King Sabata Dalindyebo,Eastern Cape,1185
270250,Sikhobeni,Mbhashe,Eastern Cape,577
294403,Sikhobeni,King Sabata Dalindyebo,Eastern Cape,448
591009,Sikhonyane,Mandeni,KwaZulu-Natal,131
297298,Sikhulu,Mbizana,Eastern Cape,251
298046,Sikhulu,Ntabankulu,Eastern Cape,524
598155,Sikhulu,Umzimkhulu,KwaZulu-Natal,1195
298126,Sikhululweni,Ntabankulu,Eastern Cape,315
296179,Sikhumbeni,Umzimvubu,Eastern Cape,206
298033,Sikhumbeni,Ntabankulu,Eastern Cape,212
876041,Sikhwahlane,Nkomazi,Mpumalanga,2316
296196,Sikisi,Umzimvubu,Eastern Cape,2499
290089,Sikitini,Ngquza Hill,Eastern Cape,542
294429,Sikoba,King Sabata Dalindyebo,Eastern Cape,483
284247,Sikobeni,Engcobo,Eastern Cape,726
293133,Sikobeni,Mhlontlo,Eastern Cape,858
296234,Sikolweni,Umzimvubu,Eastern Cape,225
287026,Sikroxweni,Senqu,Eastern Cape,445
584007,Sikwakwaneni,The Big 5 False Bay,KwaZulu-Natal,1779
589113,Silambo,uMlalazi,KwaZulu-Natal,2555
581005,Silanda,Ulundi,KwaZulu-Natal,1065
290183,Silangwe,Ngquza Hill,Eastern Cape,210
293205,Silevini,Mhlontlo,Eastern Cape,605
286039,Silindini,Elundini,Eastern Cape,72
294278,Silindini,King Sabata Dalindyebo,Eastern Cape,448
296055,Silindini,Umzimvubu,Eastern Cape,76
968033,Siloam,Makhado,Limpopo,2049
542118,Silokomane,Nkandla,KwaZulu-Natal,827
273119,Silositsha,Amahlathi,Eastern Cape,119
575120,Silutshana A,Nqutu,KwaZulu-Natal,1138
575121,Silutshana B,Nqutu,KwaZulu-Natal,1386
260132,Silverdale,Buffalo City,Eastern Cape,647
506005,Silwane,Hibiscus Coast,KwaZulu-Natal,2201
579032,Silwerhout,UPhongolo,KwaZulu-Natal,1104
297168,Simakadeni,Mbizana,Eastern Cape,821
578023,Simdlangentsha,eDumbe,KwaZulu-Natal,2543
296057,Simela,Umzimvubu,Eastern Cape,157
581001,Simelane,Ulundi,KwaZulu-Natal,496
873008,Simile,Thaba Chweu,Mpumalanga,6932
565035,Simolobha,Impendle,KwaZulu-Natal,1290
199053,Simon's Town,City of Cape Town,Western Cape,6569
567030,Simondi,Mkhambathini,KwaZulu-Natal,669
765007,Simunye,Westonaria,Gauteng,18350
276081,Sinakanaka,Nkonkobe,Eastern Cape,995
566039,Sinathingi,The Msunduzi,KwaZulu-Natal,2159
876026,Sincobile,Nkomazi,Mpumalanga,470
966070,Sindande,Thulamela,Limpopo,70
546063,Sindi,Maphumulo,KwaZulu-Natal,611
593015,Sindumbeni,Ndwedwe,KwaZulu-Natal,497
593057,Sinembe,Ndwedwe,KwaZulu-Natal,1012
284003,Singcukeni,Engcobo,Eastern Cape,229
271415,Singeni,Mnquma,Eastern Cape,205
276145,Singeni,Nkonkobe,Eastern Cape,341
284368,Singeni,Engcobo,Eastern Cape,474
293282,Singeni,Mhlontlo,Eastern Cape,514
296146,Singeni,Umzimvubu,Eastern Cape,608
270496,Singeni A,Mbhashe,Eastern Cape,138
270004,Singeni B,Mbhashe,Eastern Cape,321
598112,Singisi,Umzimkhulu,KwaZulu-Natal,1220
284019,Singqumeni A,Engcobo,Eastern Cape,216
284005,Singqumeni B,Engcobo,Eastern Cape,233
286185,Singungweni,Elundini,Eastern Cape,131
580121,Sinkonkonko,Nongoma,KwaZulu-Natal,895
291163,Sinqa Sedonki,Port St Johns,Eastern Cape,387
580038,Sinqanda,Nongoma,KwaZulu-Natal,859
297337,Sinqogo,Mbizana,Eastern Cape,167
298145,Sinquma,Ntabankulu,Eastern Cape,252
968067,Sinthumule,Makhado,Limpopo,52646
271433,Sintsana,Mnquma,Eastern Cape,486
292200,Sinwandweni,Nyandeni,Eastern Cape,401
286198,Sinxago,Elundini,Eastern Cape,182
576085,Sinyama,Msinga,KwaZulu-Natal,1875
296136,Sinyaqa,Umzimvubu,Eastern Cape,298
285024,Sipafeni,Sakhisizwe,Eastern Cape,303
290036,Sipaqeni,Ngquza Hill,Eastern Cape,2816
298122,Sipetu,Ntabankulu,Eastern Cape,1998
598214,Siphahleni,Umzimkhulu,KwaZulu-Natal,1109
271079,Siphaleni,Mnquma,Eastern Cape,352
542123,Siphande,Nkandla,KwaZulu-Natal,393
598100,Siphangeni,Umzimkhulu,KwaZulu-Natal,379
874040,Siphelanyane,Mbombela,Mpumalanga,942
295223,Siphepheto,Matatiele,Eastern Cape,443
298012,Siphethu,Ntabankulu,Eastern Cape,1436
581078,Siphethu A,Ulundi,KwaZulu-Natal,571
581068,Siphethu B,Ulundi,KwaZulu-Natal,201
589043,Siphezi,uMlalazi,KwaZulu-Natal,1447
290082,Siphezini A,Ngquza Hill,Eastern Cape,1338
290201,Siphezini B,Ngquza Hill,Eastern Cape,582
581048,Siphina,Ulundi,KwaZulu-Natal,1223
276038,Siphingweni,Nkonkobe,Eastern Cape,85
295032,Siphola,Matatiele,Eastern Cape,289
582052,Siphondweni,Umhlabuyalingana,KwaZulu-Natal,2290
291194,Siphunzana,Port St Johns,Eastern Cape,170
291044,Siphusiphu,Port St Johns,Eastern Cape,316
503047,Sipofu,Umzumbe,KwaZulu-Natal,1302
296176,Sipundu,Umzimvubu,Eastern Cape,1296
282090,Siqabeni,Intsika Yethu,Eastern Cape,610
571073,Siqalabeni,Okhahlamba,KwaZulu-Natal,2282
589066,Siqandaqanda,uMlalazi,KwaZulu-Natal,963
296035,Siqhingeni,Umzimvubu,Eastern Cape,1188
291073,Siqhozameni,Port St Johns,Eastern Cape,258
282089,Siqikini,Intsika Yethu,Eastern Cape,229
283049,Siqikini,Emalahleni,Eastern Cape,376
293135,Siqikini,Mhlontlo,Eastern Cape,226
294213,Siqikini,King Sabata Dalindyebo,Eastern Cape,116
284249,Siqingqini,Engcobo,Eastern Cape,357
293226,Siqithi,Mhlontlo,Eastern Cape,41
582040,Siqobeleni,Umhlabuyalingana,KwaZulu-Natal,299
286197,Siqungqwini,Elundini,Eastern Cape,570
589056,Siqwanjana,uMlalazi,KwaZulu-Natal,458
290189,Siretshe,Ngquza Hill,Eastern Cape,343
294364,Sirhoshweni,King Sabata Dalindyebo,Eastern Cape,306
296145,Sirhudlwini,Umzimvubu,Eastern Cape,595
598031,Siriya,Umzimkhulu,KwaZulu-Natal,228
270017,Siroshweni A,Mbhashe,Eastern Cape,266
270008,Siroshweni B,Mbhashe,Eastern Cape,323
362004,Sishen,Gamagara,Northern Cape,11034
581092,Sishili A,Ulundi,KwaZulu-Natal,4029
581076,Sishili B,Ulundi,KwaZulu-Natal,635
281076,Sisilane,Lukanji,Eastern Cape,293
296066,Sisulwini,Umzimvubu,Eastern Cape,245
293274,Sisuzeni,Mhlontlo,Eastern Cape,499
270307,Siszini,Mbhashe,Eastern Cape,1085
270056,Sitatwini,Mbhashe,Eastern Cape,686
284312,Sitebe,Engcobo,Eastern Cape,487
294238,Sitebe,King Sabata Dalindyebo,Eastern Cape,357
585020,Sitezi,Hlabisa,KwaZulu-Natal,1677
293054,Sithangameni,Mhlontlo,Eastern Cape,846
295263,Sithiweni,Matatiele,Eastern Cape,292
297078,Sithukuthezi,Mbizana,Eastern Cape,794
599079,Sithumba,eThekwini,KwaZulu-Natal,2247
565028,Sithunjwana,Impendle,KwaZulu-Natal,1651
270139,Sitishini,Mbhashe,Eastern Cape,430
284031,Sitishini,Engcobo,Eastern Cape,131
293046,Sitishini,Mhlontlo,Eastern Cape,686
293067,Sititshini,Mhlontlo,Eastern Cape,125
565022,Sitofela,Impendle,KwaZulu-Natal,557
284030,Sitoleni,Engcobo,Eastern Cape,103
287015,Sitoromo,Senqu,Eastern Cape,1202
977011,Sitrusvlakte,Thabazimbi,Limpopo,691
290257,Sitshayelo,Ngquza Hill,Eastern Cape,296
593039,Sitshikitselweni,Ndwedwe,KwaZulu-Natal,68
290162,Situlu,Ngquza Hill,Eastern Cape,688
571068,Situlwane,Okhahlamba,KwaZulu-Natal,2620
282265,Situmba,Intsika Yethu,Eastern Cape,827
270409,Sitywathi,Mbhashe,Eastern Cape,423
271297,Sivangxa,Mnquma,Eastern Cape,299
293021,Sivianeni,Mhlontlo,Eastern Cape,74
864002,Sivukile,Lekwa,Mpumalanga,5754
296077,Sivumela,Umzimvubu,Eastern Cape,205
580020,Siwela,Nongoma,KwaZulu-Natal,2664
599047,Siweni,eThekwini,KwaZulu-Natal,3868
594012,Siwongozi,Ingwe,KwaZulu-Natal,348
667005,Six Hundred,Mafikeng,North West,3858
292319,Sixambuzi,Nyandeni,Eastern Cape,230
286169,Sixhotyeni,Elundini,Eastern Cape,270
294106,Sixhotyeni,King Sabata Dalindyebo,Eastern Cape,244
296123,Sixhotyeni,Umzimvubu,Eastern Cape,390
290105,Sixontweni,Ngquza Hill,Eastern Cape,707
284278,Sixotyeni,Engcobo,Eastern Cape,159
282246,Sixotyeni A,Intsika Yethu,Eastern Cape,478
282317,Sixotyeni B,Intsika Yethu,Eastern Cape,138
294083,Sixuzulu,King Sabata Dalindyebo,Eastern Cape,416
290135,Siyabulela,Ngquza Hill,Eastern Cape,145
872026,Siyabuswa,Dr JS Moroka,Mpumalanga,36882
286038,Siyalweni,Elundini,Eastern Cape,351
376002,Siyancuma NU,Siyancuma,Northern Cape,7127
599110,Siyanda,eThekwini,KwaZulu-Natal,13393
865001,Siyathemba,Dipaleseng,Mpumalanga,22768
375002,Siyathemba NU North,Siyathemba,Northern Cape,1325
375002,Siyathemba NU South,Siyathemba,Northern Cape,1325
568005,Siyathuhuka,Richmond,KwaZulu-Natal,3004
870007,Siyathuthuka,Emakhazeni,Mpumalanga,12159
298047,Siyaya,Ntabankulu,Eastern Cape,439
869011,Sizanane,Steve Tshwete,Mpumalanga,1155
594025,Sizanenjana,Ingwe,KwaZulu-Natal,1186
270147,Sizindeni,Mbhashe,Eastern Cape,128
292226,Sizindeni,Nyandeni,Eastern Cape,800
294386,Sizindeni A,King Sabata Dalindyebo,Eastern Cape,1395
294310,Sizindeni B,King Sabata Dalindyebo,Eastern Cape,871
163015,Skaapeliland,Saldanha Bay,Western Cape,0
273058,Skafu,Amahlathi,Eastern Cape,400
295080,Skepaneng,Matatiele,Eastern Cape,387
669016,Skilpadhek,Ramotshere Moiloa,North West,188
287057,Skisazana,Senqu,Eastern Cape,345
276158,Skolweni,Nkonkobe,Eastern Cape,228
284423,Skolweni,Engcobo,Eastern Cape,563
526046,Skombaren,Dannhauser,KwaZulu-Natal,3665
868005,Skoongesig,Emalahleni,Mpumalanga,32
598115,Skoonplaas,Umzimkhulu,KwaZulu-Natal,343
876038,Skoonplaas,Nkomazi,Mpumalanga,2757
271334,Skovane,Mnquma,Eastern Cape,254
287060,Skroon,Senqu,Eastern Cape,1883
986044,Skutlong,Fetakgomo,Limpopo,222
293023,Skwayini,Mhlontlo,Eastern Cape,750
969016,Slaaphoek,Blouberg,Limpopo,1502
660007,Slagboom,Moretele,North West,773
175004,Slangrivier,Hessequa,Western Cape,3011
282197,Slevini,Intsika Yethu,Eastern Cape,66
472013,Slovo Park,Maluti a Phofung,Free State,2978
667048,Slurry,Mafikeng,North West,587
295264,Small Location,Matatiele,Eastern Cape,378
360087,Smauswane,Joe Morolong,Northern Cape,461
284016,Smit,Engcobo,Eastern Cape,351
462001,Smithfield,Mohokare,Free State,1195
199058,Smitswinkelbaai,City of Cape Town,Western Cape,4
968001,Smokey,Makhado,Limpopo,233
542015,Smukumuku,Nkandla,KwaZulu-Natal,789
546084,Snamfu,Maphumulo,KwaZulu-Natal,1019
286180,Snowabile,Elundini,Eastern Cape,1962
472059,Sobea,Maluti a Phofung,Free State,405
974116,Sobiago,Polokwane,Limpopo,395
273089,Sobotini,Amahlathi,Eastern Cape,430
982018,Sodoma,Mogalakwena,Limpopo,1052
582098,Sodwana,Umhlabuyalingana,KwaZulu-Natal,93
584001,Sodwana,The Big 5 False Bay,KwaZulu-Natal,36
365004,Soebatsfontein,Kamiesberg,Northern Cape,276
499001,Soetdoring Nature Reserve,Mangaung,Free State,91
985110,Soetveld,Makhuduthamaga,Limpopo,408
529041,Sofaya,Abaqulusi,KwaZulu-Natal,1143
964009,Sofaya,Maruleng,Limpopo,2803
987096,Sofaya,Greater Tubatse,Limpopo,1454
589118,Sogedle,uMlalazi,KwaZulu-Natal,259
577003,Sokheni,Umvoti,KwaZulu-Natal,1435
987015,Sokodimeng,Greater Tubatse,Limpopo,248
295270,Sokwane,Matatiele,Eastern Cape,76
284387,Sokweba,Engcobo,Eastern Cape,176
383002,Sol Plaatjie NU,Sol Plaatjie,Northern Cape,2846
270539,Solani,Mbhashe,Eastern Cape,537
562023,Solhem,uMshwathi,KwaZulu-Natal,200
270417,Somatika,Mbhashe,Eastern Cape,575
597034,Somelulwazi,Ubuhlebezwe,KwaZulu-Natal,758
262003,Somerset East,Blue Crane Route,Eastern Cape,13619
199045,Somerset West,City of Cape Town,Western Cape,55166
586015,Somkele,Mtubatuba,KwaZulu-Natal,5791
291065,Somnqobo,Port St Johns,Eastern Cape,459
871007,Somphalali,Thembisile,Mpumalanga,1853
270006,Sompunzi,Mbhashe,Eastern Cape,506
546012,Sondokhulu,Maphumulo,KwaZulu-Natal,1347
598200,Sondzaba,Umzimkhulu,KwaZulu-Natal,0
295271,Songonyane,Matatiele,Eastern Cape,103
566046,Songonzima,The Msunduzi,KwaZulu-Natal,3085
661038,Sonop,Madibeng,North West,4659
762009,Sonstraal,Lesedi,Gauteng,96
799021,Soshanguve,City of Tshwane,Gauteng,403162
503028,Sosibo,Umzumbe,KwaZulu-Natal,1476
272009,Soto,Great Kei,Eastern Cape,2410
260001,South Down,Buffalo City,Eastern Cape,505
506052,Southbroom,Hibiscus Coast,KwaZulu-Natal,1615
766017,Southdene,Merafong City,Gauteng,2229
674054,Southey,Kagisano/Molopo,North West,1898
573016,Southworld,Imbabazane,KwaZulu-Natal,190
799022,Soutpan,City of Tshwane,Gauteng,2157
580007,Sovane,Nongoma,KwaZulu-Natal,713
378012,Soverby,Kai !Garib,Northern Cape,970
984036,Sovolo,Elias Motsoaledi,Limpopo,1838
798026,Soweto,City of Johannesburg,Gauteng,1271628
762010,Spaarwater,Lesedi,Gauteng,372
579017,Spekboom,UPhongolo,KwaZulu-Natal,674
542078,Spinnes,Nkandla,KwaZulu-Natal,535
499012,Spitsko,Mangaung,Free State,258
664020,Spitskop,Moses Kotane,North West,1686
983051,Spitspunt,Ephraim Mogale,Limpopo,2791
365010,Spoegrivier,Kamiesberg,Northern Cape,513
296087,Spolweni,Umzimvubu,Eastern Cape,1048
283004,Spongweni,Emalahleni,Eastern Cape,188
526009,Spookmill,Dannhauser,KwaZulu-Natal,304
294108,Spring Vale,King Sabata Dalindyebo,Eastern Cape,357
364012,Springbok,Nama Khoi,Northern Cape,12790
868020,Springbok,Emalahleni,Mpumalanga,1153
526011,Springbok Laagte,Dannhauser,KwaZulu-Natal,3535
668013,Springbokpan,Ditsobotla,North West,2122
176021,Springerbaai,Mossel Bay,Western Cape,1
461015,Springfontein,Kopanong,Free State,1177
499045,Springfontein,Mangaung,Free State,99
287078,Springkaanspoort,Senqu,Eastern Cape,311
526056,Springlake,Dannhauser,KwaZulu-Natal,75
271473,Springs,Mnquma,Eastern Cape,132
762002,Springs,Lesedi,Gauteng,2501
797018,Springs,Ekurhuleni,Gauteng,121610
597013,Springvale Mission,Ubuhlebezwe,KwaZulu-Natal,392
295135,Sprinkaan,Matatiele,Eastern Cape,300
287008,Sqitini,Senqu,Eastern Cape,425
529020,Squebezi,Abaqulusi,KwaZulu-Natal,446
598099,St Barnabas,Umzimkhulu,KwaZulu-Natal,1234
568012,St Bernard's Mission,Richmond,KwaZulu-Natal,1815
591004,St Cyprian Mission,Mandeni,KwaZulu-Natal,1914
268011,St Francis Bay,Kouga,Eastern Cape,4933
163001,St Helena Bay,Saldanha Bay,Western Cape,11529
586030,St Lucia,Mtubatuba,KwaZulu-Natal,1104
260057,St Mary,Buffalo City,Eastern Cape,595
575002,St Mathews,Nqutu,KwaZulu-Natal,2823
295103,St Paul,Matatiele,Eastern Cape,1278
598117,St Paul,Umzimkhulu,KwaZulu-Natal,1405
293276,St. Cutherts Mission,Mhlontlo,Eastern Cape,149
599072,St. Lawrence,eThekwini,KwaZulu-Natal,2081
584018,St. Lucia Marine Reserve,The Big 5 False Bay,KwaZulu-Natal,9
282251,St. Mark's,Intsika Yethu,Eastern Cape,852
875004,Staatsgrond,Umjindi,Mpumalanga,297
864006,Standerton,Lekwa,Mpumalanga,43966
172019,Stanford,Overstrand,Western Cape,4797
297186,Stanford A,Mbizana,Eastern Cape,82
297198,Stanford B,Mbizana,Eastern Cape,114
297181,Stanford C,Mbizana,Eastern Cape,1916
592012,Stanger,KwaDukuza,KwaZulu-Natal,51536
273073,Stanhope,Amahlathi,Eastern Cape,620
968007,Starlight,Makhado,Limpopo,611
874069,Starvation Creek Nature Reserve,Mbombela,Mpumalanga,0
961004,Staseni,Greater Letaba,Limpopo,219
987145,Steelpoort,Greater Tubatse,Limpopo,1105
665015,Steil Hoogte,Ratlou,North West,1722
364005,Steinkopf,Nama Khoi,Northern Cape,7842
670001,Stella,Naledi,North West,890
167018,Stellenbosch,Stellenbosch,Western Cape,19068
167002,Stellenbosch NU,Stellenbosch,Western Cape,35570
167029,Stellenbosch Rural,Stellenbosch,Western Cape,5
984024,Sterkfontein,Elias Motsoaledi,Limpopo,1277
287032,Sterkspruit,Senqu,Eastern Cape,1893
873013,Sterkspruit,Thaba Chweu,Mpumalanga,373
280003,Sterkstroom,Inkwanca,Eastern Cape,3888
966118,Sterkstroom,Thulamela,Limpopo,39
287134,Steve Tshwete,Senqu,Eastern Cape,3047
869002,Steve Tshwete NU,Steve Tshwete,Mpumalanga,26079
289009,Steynsburg,Gariep,Eastern Cape,2488
475008,Steynsrus,Moqhaka,Free State,1312
267004,Steytlerville,Baviaans,Eastern Cape,1835
588056,Stezi,Ntambanana,KwaZulu-Natal,4926
293030,Sthaleni,Mhlontlo,Eastern Cape,238
677009,Stilfontein,City of Matlosana,North West,17942
175008,Still Bay,Hessequa,Western Cape,3514
286134,Stinkoro,Elundini,Eastern Cape,278
799024,Stinkwater,City of Tshwane,Gauteng,39201
985100,Stocking,Makhuduthamaga,Limpopo,1498
987148,Stocking,Greater Tubatse,Limpopo,936
297211,Stofini,Mbizana,Eastern Cape,536
478005,Stokkies Draai,Metsimaholo,Free State,3
984048,Stompo,Elias Motsoaledi,Limpopo,1767
283127,Stoney Craft,Emalahleni,Eastern Cape,828
287118,Stophine,Senqu,Eastern Cape,271
986097,Stopong,Fetakgomo,Limpopo,648
269008,Stormsrivier,Kou-Kamma,Eastern Cape,1670
575124,Straalfontein,Nqutu,KwaZulu-Natal,0
598138,Straalhoek,Umzimkhulu,KwaZulu-Natal,38
199047,Strand,City of Cape Town,Western Cape,55558
160011,Strandfontein,Matzikama,Western Cape,431
598067,Strangerest,Umzimkhulu,KwaZulu-Natal,487
574005,Stratford,Endumeni,KwaZulu-Natal,2269
379006,Straussburg,//Khara Hais,Northern Cape,1157
760001,Stretford,Emfuleni,Gauteng,17458
798036,Stretford,City of Johannesburg,Gauteng,61141
526044,Striijbank,Dannhauser,KwaZulu-Natal,300
173006,Struisbaai,Cape Agulhas,Western Cape,3877
374004,Strydenburg,Thembelihle,Northern Cape,2987
986067,Strydkraal,Fetakgomo,Limpopo,2724
291089,Stshayelo,Port St Johns,Eastern Cape,612
273045,Stutterheim,Amahlathi,Eastern Cape,24673
589094,Sugar Mill,uMlalazi,KwaZulu-Natal,247
296160,Sugarbush,Umzimvubu,Eastern Cape,1542
173008,Suiderstrand,Cape Agulhas,Western Cape,44
293047,Sulenkama,Mhlontlo,Eastern Cape,483
598075,Summerfield,Umzimkhulu,KwaZulu-Natal,812
664090,Sun City,Moses Kotane,North West,1299
664091,Sun Village,Moses Kotane,North West,1329
266002,Sundays River Valley East NU,Sundays River Valley,Eastern Cape,10000
266002,Sundays River Valley West NU,Sundays River Valley,Eastern Cape,6061
867006,Sundra,Victor Khanye,Mpumalanga,2826
591012,Sundumbili A,Mandeni,KwaZulu-Natal,27423
591005,Sundumbili B,Mandeni,KwaZulu-Natal,1991
503070,Sunduza,Umzumbe,KwaZulu-Natal,1099
506041,Sunduza,Hibiscus Coast,KwaZulu-Natal,1222
297182,Sunduzwayo,Mbizana,Eastern Cape,579
270146,Sundwana A,Mbhashe,Eastern Cape,767
270431,Sundwana B,Mbhashe,Eastern Cape,211
284024,Sundwane,Engcobo,Eastern Cape,29
292166,Sundwane,Nyandeni,Eastern Cape,2378
260144,Sunny South,Buffalo City,Eastern Cape,218
297043,Sunnyside,Mbizana,Eastern Cape,468
962086,Sunnyside,Greater Tzaneen,Limpopo,4612
291009,Sunrise,Port St Johns,Eastern Cape,1048
575060,Sunrise,Nqutu,KwaZulu-Natal,2065
260092,Sunrise-On-Sea,Buffalo City,Eastern Cape,655
669001,Supingstad,Ramotshere Moiloa,North West,2453
526012,Surrey,Dannhauser,KwaZulu-Natal,414
524004,Suspense,Newcastle,KwaZulu-Natal,927
367004,Sutherland,Karoo Hoogland,Northern Cape,2836
564002,Sutherlands,Mpofana,KwaZulu-Natal,1230
170003,Suurbraak,Swellendam,Western Cape,2252
799007,Suurman,City of Tshwane,Gauteng,11071
874015,Swalala,Mbombela,Mpumalanga,7954
542142,Swane,Nkandla,KwaZulu-Natal,1369
297242,Swane Ridge,Mbizana,Eastern Cape,613
177001,Swartberg State Forest,George,Western Cape,0
660006,Swartboom,Moretele,North West,1294
660056,Swartdamstad,Moretele,North West,3756
669005,Swartfontein,Ramotshere Moiloa,North West,876
379008,Swartkop,//Khara Hais,Northern Cape,1652
164002,Swartland NU,Swartland,Western Cape,32258
163005,Swartriet,Saldanha Bay,Western Cape,82
663004,Swartruggens,Kgetlengrivier,North West,1969
180004,Swartvlei,Knysna,Western Cape,20
286147,Swaswuba,Elundini,Eastern Cape,77
562031,Swayimana,uMshwathi,KwaZulu-Natal,11486
291131,Swazini,Port St Johns,Eastern Cape,1104
297284,Swazini A,Mbizana,Eastern Cape,63
297269,Swazini B,Mbizana,Eastern Cape,79
276124,Sweet,Nkonkobe,Eastern Cape,100
284259,Swekileni,Engcobo,Eastern Cape,229
296188,Swelitsha,Umzimvubu,Eastern Cape,538
170005,Swellendam,Swellendam,Western Cape,17537
170002,Swellendam NU,Swellendam,Western Cape,10397
562017,Swidi,uMshwathi,KwaZulu-Natal,1674
667081,Syberia,Mafikeng,North West,1219
384009,Sydney on Vaal,Dikgatlong,Northern Cape,33
974077,Syferkuil,Polokwane,Limpopo,470
660015,Syferskuil,Moretele,North West,6269
499031,Tabane,Mangaung,Free State,237
298077,Tabankulu,Ntabankulu,Eastern Cape,3266
283091,Tabase,Emalahleni,Eastern Cape,486
286017,Tabase,Elundini,Eastern Cape,816
294065,Tabase Mission,King Sabata Dalindyebo,Eastern Cape,1129
672039,Tabasikwa,Greater Taung,North West,810
282031,Tabazini,Intsika Yethu,Eastern Cape,306
271376,Tafalofefe,Mnquma,Eastern Cape,1368
593047,Tafamasi,Ndwedwe,KwaZulu-Natal,2554
984026,Tafelkop,Elias Motsoaledi,Limpopo,35691
270171,Tafeni,Mbhashe,Eastern Cape,1753
271549,Tafeni,Mnquma,Eastern Cape,248
274024,Tafeni,Ngqushwa,Eastern Cape,491
276141,Tafeni,Nkonkobe,Eastern Cape,618
285042,Tafeni,Sakhisizwe,Eastern Cape,267
292022,Tafeni,Nyandeni,Eastern Cape,714
294256,Tafeni,King Sabata Dalindyebo,Eastern Cape,570
598065,Tafeni,Umzimkhulu,KwaZulu-Natal,1048
294161,Tafeni A,King Sabata Dalindyebo,Eastern Cape,1593
294214,Tafeni B,King Sabata Dalindyebo,Eastern Cape,534
566042,Tafuleni,The Msunduzi,KwaZulu-Natal,1104
965045,Tahari,Mutale,Limpopo,114
272026,Tainton,Great Kei,Eastern Cape,677
282084,Taiwan,Intsika Yethu,Eastern Cape,267
970084,Takalane,Aganang,Limpopo,924
598163,Takani,Umzimkhulu,KwaZulu-Natal,587
985161,Takataka,Makhuduthamaga,Limpopo,2044
271534,Takazi A,Mnquma,Eastern Cape,251
271521,Takazi B,Mnquma,Eastern Cape,696
294292,Tala,King Sabata Dalindyebo,Eastern Cape,730
542023,Talane,Nkandla,KwaZulu-Natal,1384
984019,Talane,Elias Motsoaledi,Limpopo,2567
270231,Talemofu,Mbhashe,Eastern Cape,241
294460,Talemofu,King Sabata Dalindyebo,Eastern Cape,255
282256,Taleni,Intsika Yethu,Eastern Cape,166
284008,Taleni,Engcobo,Eastern Cape,279
285015,Taleni,Sakhisizwe,Eastern Cape,437
290209,Taleni,Ngquza Hill,Eastern Cape,204
294304,Taleni,King Sabata Dalindyebo,Eastern Cape,382
297159,Taleni,Mbizana,Eastern Cape,1187
270483,Taleni A,Mbhashe,Eastern Cape,460
270423,Taleni B,Mbhashe,Eastern Cape,369
499006,Talla,Mangaung,Free State,434
274019,Tamara,Ngqushwa,Eastern Cape,1906
966198,Tambaulate,Thulamela,Limpopo,269
298031,Tambeko,Ntabankulu,Eastern Cape,689
281055,Tambo,Lukanji,Eastern Cape,3056
578008,Tamboekiesdraai,eDumbe,KwaZulu-Natal,442
276012,Tamboekievlei,Nkonkobe,Eastern Cape,352
294444,Tamsana,King Sabata Dalindyebo,Eastern Cape,265
585033,Tanganeni,Hlabisa,KwaZulu-Natal,762
366006,Tankwa-Karoo National Park,Hantam,Northern Cape,28
662004,Tantanana,Rustenburg,North West,1886
982063,Taolome,Mogalakwena,Limpopo,649
287065,Tapoleng,Senqu,Eastern Cape,513
274035,Tapushe,Ngqushwa,Eastern Cape,85
287062,Tapuu,Senqu,Eastern Cape,377
279009,Tarkastad,Tsolwana,Eastern Cape,1604
594055,Tarsvaly,Ingwe,KwaZulu-Natal,881
986055,Tau-nchabeleng,Fetakgomo,Limpopo,6
961062,Taulome,Greater Letaba,Limpopo,996
524011,Taum,Newcastle,KwaZulu-Natal,883
672027,Taung,Greater Taung,North West,18289
970049,Taung,Aganang,Limpopo,1018
987044,Taung,Greater Tubatse,Limpopo,2512
290095,Taweni,Ngquza Hill,Eastern Cape,1570
292150,Taweni,Nyandeni,Eastern Cape,756
276070,Teba,Nkonkobe,Eastern Cape,268
472012,Tebang,Maluti a Phofung,Free State,23132
987057,Tedintetjane,Greater Tubatse,Limpopo,220
877119,Teka Mahala,Bushbuckridge,Mpumalanga,2301
271306,Teko-Fihla,Mnquma,Eastern Cape,992
271263,Teko-Kona,Mnquma,Eastern Cape,1033
271331,Teko-Springs,Mnquma,Eastern Cape,929
874063,Tekwane,Mbombela,Mpumalanga,8526
874061,Tekwane Estate,Mbombela,Mpumalanga,5027
529035,Telezeni,Abaqulusi,KwaZulu-Natal,1698
287025,Telle Mission,Senqu,Eastern Cape,390
799008,Temba,City of Tshwane,Gauteng,58431
582010,Tembe,Umhlabuyalingana,KwaZulu-Natal,60
270556,Tembeni,Mbhashe,Eastern Cape,134
286085,Tembeni,Elundini,Eastern Cape,1770
598064,Tembeni,Umzimkhulu,KwaZulu-Natal,1392
284172,Tembisa,Engcobo,Eastern Cape,514
289007,Tembisa,Gariep,Eastern Cape,6094
797005,Tembisa,Ekurhuleni,Gauteng,463109
290286,Tembukazi,Ngquza Hill,Eastern Cape,1364
984060,Ten Morgan,Elias Motsoaledi,Limpopo,970
296141,Tenetyana,Umzimvubu,Eastern Cape,298
167015,Tennantville,Stellenbosch,Western Cape,563
569037,Tenten's Kraal,Indaka,KwaZulu-Natal,159
279013,Tentergate,Tsolwana,Eastern Cape,5187
282319,Tenza,Intsika Yethu,Eastern Cape,252
872006,Terateng,Dr JS Moroka,Mpumalanga,4036
295095,Tereseng,Matatiele,Eastern Cape,31
176007,Tergniet,Mossel Bay,Western Cape,1264
472047,Thaba Bosiu,Maluti a Phofung,Free State,2935
295180,Thaba Chicha,Matatiele,Eastern Cape,846
873004,Thaba Chweu NU,Thaba Chweu,Mpumalanga,17527
982016,Thaba Letshoba,Mogalakwena,Limpopo,1586
474008,Thaba Phatswa,Mantsopa,Free State,915
666003,Thaba Sione,Tswaing,North West,1195
472063,Thaba Tshweu,Maluti a Phofung,Free State,275
472029,Thaba Tsoana,Maluti a Phofung,Free State,4806
877095,Thabakgolo,Bushbuckridge,Mpumalanga,5939
974091,Thabakgone,Polokwane,Limpopo,970
286080,Thabakhobelu,Elundini,Eastern Cape,299
984073,Thabakhubedu,Elias Motsoaledi,Limpopo,5924
286079,Thabakhubelu,Elundini,Eastern Cape,1369
984023,Thabaleboto,Elias Motsoaledi,Limpopo,1062
985013,Thabampje Ga Sefoka,Makhuduthamaga,Limpopo,3259
872017,Thabana,Dr JS Moroka,Mpumalanga,4329
969101,Thabananhlana,Blouberg,Limpopo,78
986090,Thabanaseso,Fetakgomo,Limpopo,350
499028,Thabanchu,Mangaung,Free State,70118
662042,Thabaneng,Rustenburg,North West,1587
985072,Thabaneng,Makhuduthamaga,Limpopo,6843
987133,Thabaneng,Greater Tubatse,Limpopo,2394
472050,Thabang,Maluti a Phofung,Free State,4322
286084,Thabaputsoa,Elundini,Eastern Cape,728
977010,Thabazimbi,Thabazimbi,Limpopo,3517
977002,Thabazimbi A,Thabazimbi,Limpopo,28847
977001,Thabazimbi NU,Thabazimbi,Limpopo,13738
282019,Thabazini,Intsika Yethu,Eastern Cape,755
295217,Thabeng,Matatiele,Eastern Cape,770
664054,Thabeng,Moses Kotane,North West,454
978023,Thabo Mbeki,Lephalale,Limpopo,2254
467007,Thabong,Matjhabeng,Free State,126013
290171,Thafabanzi,Ngquza Hill,Eastern Cape,1244
546020,Thafamasi,Maphumulo,KwaZulu-Natal,856
291058,Thafeni,Port St Johns,Eastern Cape,593
296018,Thafeni,Umzimvubu,Eastern Cape,990
295273,Thahathala,Matatiele,Eastern Cape,328
472055,Thajaneng,Maluti a Phofung,Free State,442
290205,Thakanelo,Ngquza Hill,Eastern Cape,458
961041,Thakgalane,Greater Letaba,Limpopo,4691
974080,Thakgalang,Polokwane,Limpopo,8657
962023,Thako,Greater Tzaneen,Limpopo,2656
670006,Thakwane,Naledi,North West,2760
542031,Thalaneni,Nkandla,KwaZulu-Natal,1250
270460,Thaleni,Mbhashe,Eastern Cape,1148
283029,Thaleni,Emalahleni,Eastern Cape,93
503086,Thaleni,Umzumbe,KwaZulu-Natal,649
542019,Thaleni,Nkandla,KwaZulu-Natal,743
976061,Thamangane,Lepele-Nkumpi,Limpopo,890
291221,Thambana,Port St Johns,Eastern Cape,1467
286057,Thambekeni,Elundini,Eastern Cape,694
293113,Thambekeni,Mhlontlo,Eastern Cape,45
876055,Thambokhulu,Nkomazi,Mpumalanga,1494
361013,Thamoeache,Ga-Segonyana,Northern Cape,691
295230,Thamsanga,Matatiele,Eastern Cape,285
585027,Thandanini,Hlabisa,KwaZulu-Natal,3317
599121,Thandaza,eThekwini,KwaZulu-Natal,3398
270648,Thandela,Mbhashe,Eastern Cape,414
582017,Thandizwe,Umhlabuyalingana,KwaZulu-Natal,4387
962039,Thapane,Greater Tzaneen,Limpopo,3282
463005,Thapelang,Naledi,Free State,925
274124,Tharfield,Ngqushwa,Eastern Cape,525
966090,Thathe Vondo,Thulamela,Limpopo,94
666005,Thawane,Tswaing,North West,316
589079,Thawini,uMlalazi,KwaZulu-Natal,1001
584015,The Big Five False Bay NU,The Big 5 False Bay,KwaZulu-Natal,2933
660053,The Carousel Casino and Entertainment World,Moretele,North West,435
799001,The Carousel Casino and Entertainment World,City of Tshwane,Gauteng,0
571021,The Downs,Okhahlamba,KwaZulu-Natal,1300
584002,The Greater St.Lucia,The Big 5 False Bay,KwaZulu-Natal,0
766014,The Hill,Merafong City,Gauteng,1060
566011,The Msunduzi NU,The Msunduzi,KwaZulu-Natal,3036
964031,The Oaks,Maruleng,Limpopo,4068
503019,The Ridge,Umzumbe,KwaZulu-Natal,1015
595005,The Ridge,Kwa Sani,KwaZulu-Natal,343
766015,The Village,Merafong City,Gauteng,698
964032,The Willows,Maruleng,Limpopo,3853
984055,Theareng,Elias Motsoaledi,Limpopo,865
969034,Thebere,Blouberg,Limpopo,357
860013,Theeboom,Albert Luthuli,Mpumalanga,418
598177,Theekloof,Umzimkhulu,KwaZulu-Natal,367
171002,Theewaterskloof NU,Theewaterskloof,Western Cape,34200
662058,Thekwane,Rustenburg,North West,2665
291172,Thekwini,Port St Johns,Eastern Cape,1459
292305,Thekwini,Nyandeni,Eastern Cape,1016
297282,Thekwini,Mbizana,Eastern Cape,1196
506039,Thelawayeka,Hibiscus Coast,KwaZulu-Natal,823
575010,Thelezini,Nqutu,KwaZulu-Natal,1209
274080,Themba,Ngqushwa,Eastern Cape,554
968038,Themba Luvhilo,Makhado,Limpopo,4107
261006,Thembalesizwe,Camdeboo,Eastern Cape,2029
177007,Thembalethu,George,Western Cape,43103
506045,Thembalethu,Hibiscus Coast,KwaZulu-Natal,1035
583092,Thembalethu,Jozini,KwaZulu-Natal,1228
473001,Thembalihle,Phumelela,Free State,15727
570007,Thembalihle,Umtshezi,KwaZulu-Natal,996
966057,Thembaluvhilo,Thulamela,Limpopo,43
271466,Thembani,Mnquma,Eastern Cape,321
281031,Thembani,Lukanji,Eastern Cape,494
503039,Thembelihle,Umzumbe,KwaZulu-Natal,361
374002,Thembelihle NU,Thembelihle,Northern Cape,2625
286026,Thembeni,Elundini,Eastern Cape,1396
290322,Thembeni,Ngquza Hill,Eastern Cape,104
292031,Thembeni,Nyandeni,Eastern Cape,1680
505011,Thembeni,Ezingoleni,KwaZulu-Natal,711
592024,Thembeni,KwaDukuza,KwaZulu-Natal,1377
293073,Thembisa,Mhlontlo,Eastern Cape,341
296073,Thembisa,Umzimvubu,Eastern Cape,670
968141,Thembisa,Makhado,Limpopo,562
799038,Thembisile,City of Tshwane,Gauteng,1809
871002,Thembisile NU,Thembisile,Mpumalanga,4841
564012,Thendele,Mpofana,KwaZulu-Natal,1118
503012,Thendeni,Umzumbe,KwaZulu-Natal,78
582024,Thengani,Umhlabuyalingana,KwaZulu-Natal,7486
965100,Thengwe,Mutale,Limpopo,14490
598066,Thenti,Umzimkhulu,KwaZulu-Natal,124
966047,Thenzheni,Thulamela,Limpopo,1845
472024,Theosane,Maluti a Phofung,Free State,1541
464001,Theunissen,Masilonyana,Free State,1549
472069,Thibela,Maluti a Phofung,Free State,459
797033,Thinasonke,Ekurhuleni,Gauteng,2727
589045,Thintumkhaba,uMlalazi,KwaZulu-Natal,596
985153,Thirathone,Makhuduthamaga,Limpopo,806
505006,Thistles,Ezingoleni,KwaZulu-Natal,2385
664071,Thlatlaganyane,Moses Kotane,North West,2539
986094,Thobehlale,Fetakgomo,Limpopo,178
598086,Thobo,Umzimkhulu,KwaZulu-Natal,428
271039,Thoboyi,Mnquma,Eastern Cape,725
965078,Thogani,Mutale,Limpopo,185
966131,Thohoyandou,Thulamela,Limpopo,69453
580044,Thokazi,Nongoma,KwaZulu-Natal,2250
582069,Thokazi,Umhlabuyalingana,KwaZulu-Natal,1411
581116,Thokoza,Ulundi,KwaZulu-Natal,6699
297218,Thokozani,Mbizana,Eastern Cape,1109
987027,Thokwane,Greater Tubatse,Limpopo,2661
295121,Tholang,Matatiele,Eastern Cape,3733
271281,Tholeni,Mnquma,Eastern Cape,696
296218,Tholeni A,Umzimvubu,Eastern Cape,5
296222,Tholeni B,Umzimvubu,Eastern Cape,49
974092,Tholongwe,Polokwane,Limpopo,5343
672041,Thomeng,Greater Taung,North West,575
960015,Thomo,Greater Giyani,Limpopo,5520
965024,Thondoni,Mutale,Limpopo,422
968074,Thondoni,Makhado,Limpopo,1777
506063,Thongasi,Hibiscus Coast,KwaZulu-Natal,2450
598036,Thonjeni,Umzimkhulu,KwaZulu-Natal,196
966082,Thononda,Thulamela,Limpopo,1944
594051,Thonsini,Ingwe,KwaZulu-Natal,452
470002,Thorisong,Dihlabeng,Free State,9558
276103,Thorn Park,Nkonkobe,Eastern Cape,386
877038,Thorndale,Bushbuckridge,Mpumalanga,514
279005,Thorneycroft,Tsolwana,Eastern Cape,757
260123,Thornfield,Buffalo City,Eastern Cape,57
269010,Thornham,Kou-Kamma,Eastern Cape,664
268005,Thornhill,Kouga,Eastern Cape,2462
279007,Thornhill,Tsolwana,Eastern Cape,5288
568001,Thornville,Richmond,KwaZulu-Natal,494
599150,Thornwood,eThekwini,KwaZulu-Natal,1608
598176,Thorny Bush,Umzimkhulu,KwaZulu-Natal,419
877004,Thornybush Game Reserve,Bushbuckridge,Mpumalanga,282
672065,Thota Ya Tau,Greater Taung,North West,231
286005,Thoteng,Elundini,Eastern Cape,406
968142,Thothololo,Makhado,Limpopo,609
985154,Thoto,Makhuduthamaga,Limpopo,2566
968127,Thovhalas-Kraal,Makhado,Limpopo,399
283105,Thozamisa,Emalahleni,Eastern Cape,344
868024,Thubelihle,Emalahleni,Mpumalanga,13251
271420,Thubeni,Mnquma,Eastern Cape,919
499026,Thubisi,Mangaung,Free State,220
877069,Thulamahashe,Bushbuckridge,Mpumalanga,13333
966002,Thulamela NU North,Thulamela,Limpopo,700
966002,Thulamela NU South,Thulamela,Limpopo,700
542056,Thulani,Nkandla,KwaZulu-Natal,943
877032,Thulani,Bushbuckridge,Mpumalanga,1551
576080,Thulini Lwezulu,Msinga,KwaZulu-Natal,1314
297255,Thulupa,Mbizana,Eastern Cape,159
660033,Thulwe,Moretele,North West,401
577026,Thulwini,Umvoti,KwaZulu-Natal,1007
542138,Thuma,Nkandla,KwaZulu-Natal,581
506062,Thundeza,Hibiscus Coast,KwaZulu-Natal,6348
974065,Thune,Polokwane,Limpopo,1639
271099,Thunga A,Mnquma,Eastern Cape,267
271121,Thunga B,Mnquma,Eastern Cape,416
294442,Thungwana,King Sabata Dalindyebo,Eastern Cape,367
582088,Thungwini,Umhlabuyalingana,KwaZulu-Natal,1525
503088,Thuntutha,Umzumbe,KwaZulu-Natal,661
282321,Thunzini,Intsika Yethu,Eastern Cape,281
979004,Thusang,Mookgopong,Limpopo,1085
599075,Thusumuntu,eThekwini,KwaZulu-Natal,1255
292201,Thuswini,Nyandeni,Eastern Cape,575
503011,Thuthuka,Umzumbe,KwaZulu-Natal,1251
864005,Thuthukani,Lekwa,Mpumalanga,2664
271401,Thuthurha,Mnquma,Eastern Cape,77
665020,Thutlwane,Ratlou,North West,1883
294409,Thwabe,King Sabata Dalindyebo,Eastern Cape,671
294397,Thwalikhulu,King Sabata Dalindyebo,Eastern Cape,1456
290043,Thwasi,Ngquza Hill,Eastern Cape,629
970039,Tibane,Aganang,Limpopo,1818
384006,Tidimalo,Dikgatlong,Northern Cape,5558
969054,Tiekieline,Blouberg,Limpopo,2345
287031,Tienbank,Senqu,Eastern Cape,2856
799075,Tierpoort,City of Tshwane,Gauteng,1167
677003,Tigane,City of Matlosana,North West,17141
598225,Tiger Hoek,Umzimkhulu,KwaZulu-Natal,565
499022,Tiger River,Mangaung,Free State,320
962077,Tikiline,Greater Tzaneen,Limpopo,7694
293296,Tikitiki,Mhlontlo,Eastern Cape,1528
293044,Tikolwana,Mhlontlo,Eastern Cape,632
466003,Tikwana,Tswelopele,Free State,14738
274036,Tildini,Ngqushwa,Eastern Cape,366
270130,Timani,Mbhashe,Eastern Cape,2058
877003,Timbavati,Bushbuckridge,Mpumalanga,349
599104,Tin Town,eThekwini,KwaZulu-Natal,882
293210,Tina Falls,Mhlontlo,Eastern Cape,1149
286025,Tinana,Elundini,Eastern Cape,1358
592039,Tinley Manor Beach,KwaDukuza,KwaZulu-Natal,427
982011,Tipeng,Mogalakwena,Limpopo,1327
295074,Tiping,Matatiele,Eastern Cape,1887
985074,Tisane,Makhuduthamaga,Limpopo,967
974016,Titibe,Polokwane,Limpopo,3380
285035,Tiwane,Sakhisizwe,Eastern Cape,265
968130,Tiyani,Makhado,Limpopo,9715
877116,Tiyimeleni A,Bushbuckridge,Mpumalanga,4989
877115,Tiyimeleni B,Bushbuckridge,Mpumalanga,2992
270021,Tizana,Mbhashe,Eastern Cape,421
860009,Tjakastad,Albert Luthuli,Mpumalanga,12711
976069,Tjiane,Lepele-Nkumpi,Limpopo,1351
283002,Tjoksville,Emalahleni,Eastern Cape,8238
660031,Tladistad,Moretele,North West,3007
674040,Tlakgameng,Kagisano/Molopo,North West,16028
287048,Tlakong,Senqu,Eastern Cape,426
662052,Tlapa,Rustenburg,North West,1757
978016,Tlapaliburethi,Lephalale,Limpopo,519
360047,Tlapeng,Joe Morolong,Northern Cape,162
667008,Tlapeng,Mafikeng,North West,1191
672023,Tlapeng A,Greater Taung,North West,2062
674046,Tlapeng A,Kagisano/Molopo,North West,1917
672021,Tlapeng B,Greater Taung,North West,286
674062,Tlapeng B,Kagisano/Molopo,North West,695
662018,Tlaseng,Rustenburg,North West,2598
961069,Tlatsa,Greater Letaba,Limpopo,557
662048,Tlhabane,Rustenburg,North West,50073
962084,Tlhabine,Greater Tzaneen,Limpopo,3600
668014,Tlhabologang,Ditsobotla,North West,15007
982029,Tlhohoyanku,Mogalakwena,Limpopo,1531
472006,Tlholong,Maluti a Phofung,Free State,7160
660021,Tlholwe,Moretele,North West,800
969019,Tlhona,Blouberg,Limpopo,1094
969014,Tlhonasedimong,Blouberg,Limpopo,550
676002,Tlokwe City Council NU,Tlokwe City Council,North West,11402
664098,Tlokweng,Moses Kotane,North West,11250
660022,Tlounane,Moretele,North West,246
667034,Tloung,Mafikeng,North West,2064
672022,Tobias,Greater Taung,North West,31
579012,Tobolsk,UPhongolo,KwaZulu-Natal,3613
271272,Toboshane,Mnquma,Eastern Cape,554
281011,Toisekraal,Lukanji,Eastern Cape,1467
465003,Tokologo NU,Tokologo,Free State,5608
797030,Tokoza,Ekurhuleni,Gauteng,105827
286078,Tokwana,Elundini,Eastern Cape,1705
271393,Toleni,Mnquma,Eastern Cape,61
260059,Tolofiyeni,Buffalo City,Eastern Cape,2613
294067,Tolofiyeni,King Sabata Dalindyebo,Eastern Cape,472
969038,Tolwe,Blouberg,Limpopo,271
293062,Tolweni,Mhlontlo,Eastern Cape,2074
291159,Tombo,Port St Johns,Eastern Cape,774
876029,Tonga A,Nkomazi,Mpumalanga,8676
876027,Tonga B,Nkomazi,Mpumalanga,17333
599002,Tongaat,eThekwini,KwaZulu-Natal,42554
599014,Tongaat Beach,eThekwini,KwaZulu-Natal,722
577006,Tongwe/Dakeni,Umvoti,KwaZulu-Natal,1668
505003,Tonjeni,Ezingoleni,KwaZulu-Natal,277
292236,Tonti,Nyandeni,Eastern Cape,495
298029,Tonti,Ntabankulu,Eastern Cape,1078
976074,Tooseng,Lepele-Nkumpi,Limpopo,2329
667047,Top Village,Mafikeng,North West,3258
293270,Tora,Mhlontlo,Eastern Cape,423
472068,Toropong,Maluti a Phofung,Free State,576
168001,Touwsrivier,Breede Valley,Western Cape,8126
564007,Townview,Mpofana,KwaZulu-Natal,6803
660004,Transaksie,Moretele,North West,533
260029,Trastini,Buffalo City,Eastern Cape,552
965043,Travenna,Mutale,Limpopo,843
866007,Trichardt,Govan Mbeki,Mpumalanga,3851
461011,Trompsburg,Kopanong,Free State,1880
678005,Trotsville,Maquassi Hills,North West,12626
273096,Trust,Amahlathi,Eastern Cape,161
285012,Trust,Sakhisizwe,Eastern Cape,249
562024,Trust Feed A,uMshwathi,KwaZulu-Natal,5760
562036,Trust Feed B,uMshwathi,KwaZulu-Natal,679
987135,Trustine,Greater Tubatse,Limpopo,3344
965088,Tsaande B,Mutale,Limpopo,49
260156,Tsaba,Buffalo City,Eastern Cape,457
360106,Tsaelengwe,Joe Morolong,Northern Cape,450
797026,Tsakane,Ekurhuleni,Gauteng,135994
987156,Tsakane,Greater Tubatse,Limpopo,920
877021,Tsakani,Bushbuckridge,Mpumalanga,8907
284093,Tsalaba A,Engcobo,Eastern Cape,158
284091,Tsalaba B,Engcobo,Eastern Cape,208
360090,Tsamaros,Joe Morolong,Northern Cape,405
381001,Tsantsabane NU,Tsantsabane,Northern Cape,3399
983003,Tsantsabela,Ephraim Mogale,Limpopo,4459
985035,Tsatane,Makhuduthamaga,Limpopo,1674
985034,Tsatang,Makhuduthamaga,Limpopo,554
598006,Tsaula,Umzimkhulu,KwaZulu-Natal,335
284285,Tsazo,Engcobo,Eastern Cape,688
799032,Tsebe,City of Tshwane,Gauteng,2702
974121,Tsebela,Polokwane,Limpopo,704
982117,Tsebeshi,Mogalakwena,Limpopo,7334
472040,Tseki,Maluti a Phofung,Free State,7888
286075,Tsekong,Elundini,Eastern Cape,1057
295132,Tsekong,Matatiele,Eastern Cape,452
283042,Tsembeyi,Emalahleni,Eastern Cape,676
674011,Tseng,Kagisano/Molopo,North West,716
285051,Tsengiwe,Sakhisizwe,Eastern Cape,325
674012,Tseoge,Kagisano/Molopo,North West,877
295154,Tsepisong,Matatiele,Eastern Cape,1823
667043,Tsetse,Mafikeng,North West,4003
874005,Tshabalala,Mbombela,Mpumalanga,15022
271052,Tshabaqu,Mnquma,Eastern Cape,248
260095,Tshabo 2,Buffalo City,Eastern Cape,1114
966140,Tshabvuma,Thulamela,Limpopo,2168
965120,Tshagwa,Mutale,Limpopo,395
968078,Tshakhuma,Makhado,Limpopo,17371
291121,Tshakude,Port St Johns,Eastern Cape,177
270471,Tshali,Mbhashe,Eastern Cape,250
961018,Tshamahansi,Greater Letaba,Limpopo,3173
982113,Tshamahansi,Mogalakwena,Limpopo,14274
271074,Tshamanzi,Mnquma,Eastern Cape,296
968073,Tshamavhudzi,Makhado,Limpopo,422
283044,Tshamazimba,Emalahleni,Eastern Cape,167
965058,Tshambuka,Mutale,Limpopo,295
281028,Tshamehlo,Lukanji,Eastern Cape,205
961034,Tshamiseka,Greater Letaba,Limpopo,423
965105,Tshamulungwi,Mutale,Limpopo,556
965015,Tshamutavha,Mutale,Limpopo,237
966108,Tshamutavha,Thulamela,Limpopo,184
966110,Tshamutilikwa,Thulamela,Limpopo,814
965056,Tshamutore,Mutale,Limpopo,80
583094,Tshaneni,Jozini,KwaZulu-Natal,2436
292329,Tshani,Nyandeni,Eastern Cape,1138
965092,Tshanzhe,Mutale,Limpopo,726
292294,Tshatshi,Nyandeni,Eastern Cape,633
282172,Tshatshu,Intsika Yethu,Eastern Cape,323
283189,Tshatshu,Emalahleni,Eastern Cape,1332
293297,Tshatshu,Mhlontlo,Eastern Cape,360
966019,Tshaulu,Thulamela,Limpopo,2077
968031,Tshavhalovhedzi,Makhado,Limpopo,950
282039,Tshayelela,Intsika Yethu,Eastern Cape,211
271019,Tshazibane,Mnquma,Eastern Cape,371
974053,Tshebeng,Polokwane,Limpopo,4021
968065,Tshedza,Makhado,Limpopo,1799
985133,Tshehlwaneng,Makhuduthamaga,Limpopo,3149
978014,Tshelamake,Lephalale,Limpopo,327
597058,Tsheleni,Ubuhlebezwe,KwaZulu-Natal,1999
599137,Tshelimnyama,eThekwini,KwaZulu-Natal,20689
294078,Tshemese,King Sabata Dalindyebo,Eastern Cape,761
291043,Tsheni,Port St Johns,Eastern Cape,182
987051,Tshenyane,Greater Tubatse,Limpopo,845
965004,Tshenzhelani,Mutale,Limpopo,361
760010,Tshepiso,Emfuleni,Gauteng,29268
798025,Tshepisong,City of Johannesburg,Gauteng,53260
464010,Tshepong,Masilonyana,Free State,2042
985112,Tshesane,Makhuduthamaga,Limpopo,1097
271007,Tshetshengwane,Mnquma,Eastern Cape,78
282302,Tshetshengwane,Intsika Yethu,Eastern Cape,549
674025,Tshetshu,Kagisano/Molopo,North West,263
986083,Tshewereng,Fetakgomo,Limpopo,741
294318,Tshezi,King Sabata Dalindyebo,Eastern Cape,234
472003,Tshiame,Maluti a Phofung,Free State,14856
965126,Tshiavha,Mutale,Limpopo,31
966053,Tshiavha,Thulamela,Limpopo,126
665009,Tshidilamolomo,Ratlou,North West,1274
966072,Tshidimbini,Thulamela,Limpopo,2501
966172,Tshidzate,Thulamela,Limpopo,781
966054,Tshidzini,Thulamela,Limpopo,3852
966067,Tshidzivhe,Thulamela,Limpopo,845
968072,Tshiendeulu,Makhado,Limpopo,1667
966137,Tshififi,Thulamela,Limpopo,2468
966038,Tshifudi,Thulamela,Limpopo,2343
965036,Tshifunguduwe,Mutale,Limpopo,139
966022,Tshihalwe,Thulamela,Limpopo,568
966096,Tshiheni,Thulamela,Limpopo,1435
966061,Tshiiwani,Thulamela,Limpopo,227
966055,Tshikambe,Thulamela,Limpopo,471
983062,Tshikanosi,Ephraim Mogale,Limpopo,1772
286167,Tshikaro,Elundini,Eastern Cape,217
966150,Tshikhudini,Thulamela,Limpopo,1464
968028,Tshikhudo,Makhado,Limpopo,1207
968045,Tshikikinini,Makhado,Limpopo,764
966100,Tshikombani,Thulamela,Limpopo,4084
965030,Tshikondeni A,Mutale,Limpopo,103
965032,Tshikondeni B,Mutale,Limpopo,431
966091,Tshikonelo,Thulamela,Limpopo,4809
966178,Tshikovha,Thulamela,Limpopo,2074
968117,Tshikumbu,Makhado,Limpopo,84
966127,Tshikunda,Thulamela,Limpopo,2177
968052,Tshikuwi,Makhado,Limpopo,5909
965008,Tshikuyu,Mutale,Limpopo,337
966141,Tshikweta,Thulamela,Limpopo,814
965101,Tshilamba,Mutale,Limpopo,2844
965010,Tshilamusa,Mutale,Limpopo,90
966078,Tshilapfene,Thulamela,Limpopo,1495
968090,Tshilaphala,Makhado,Limpopo,103
965107,Tshilavulu,Mutale,Limpopo,616
966154,Tshilungoma,Thulamela,Limpopo,2526
966065,Tshilungwi,Thulamela,Limpopo,663
968091,Tshimbupfe,Makhado,Limpopo,14653
675010,Tshing,Ventersdorp,North West,17869
298002,Tshingwana,Ntabankulu,Eastern Cape,965
966029,Tshiombo,Thulamela,Limpopo,1415
965082,Tshiozwi,Mutale,Limpopo,188
966064,Tshipako,Thulamela,Limpopo,800
965034,Tshipale,Mutale,Limpopo,453
965035,Tshipise,Mutale,Limpopo,1052
472046,Tshirela,Maluti a Phofung,Free State,1256
966101,Tshirenzheni,Thulamela,Limpopo,1248
968054,Tshirenzheni,Makhado,Limpopo,173
968046,Tshirolwe,Makhado,Limpopo,2697
965051,Tshirunzini,Mutale,Limpopo,178
295214,Tshisa,Matatiele,Eastern Cape,604
292161,Tshisabantu,Nyandeni,Eastern Cape,1019
966168,Tshisahulu,Thulamela,Limpopo,7342
296022,Tshisane,Umzimvubu,Eastern Cape,440
293298,Tshisani,Mhlontlo,Eastern Cape,1017
966112,Tshisinise,Thulamela,Limpopo,81
968059,Tshiswenda,Makhado,Limpopo,385
968014,Tshitadi,Makhado,Limpopo,455
968139,Tshitale,Makhado,Limpopo,1111
973014,Tshitale,Molemole,Limpopo,654
965069,Tshitambe,Mutale,Limpopo,267
965099,Tshitandani  A,Mutale,Limpopo,255
965097,Tshitandani B,Mutale,Limpopo,186
966122,Tshitanini,Thulamela,Limpopo,227
965061,Tshitanzhe,Mutale,Limpopo,206
966010,Tshitavha,Thulamela,Limpopo,2123
966075,Tshitereke,Thulamela,Limpopo,5788
966084,Tshithuthuni,Thulamela,Limpopo,2031
291110,Tshitshane,Port St Johns,Eastern Cape,742
968057,Tshituni A,Makhado,Limpopo,841
968034,Tshituni B,Makhado,Limpopo,4499
968016,Tshitwi,Makhado,Limpopo,82
965029,Tshiungani,Mutale,Limpopo,1138
968098,Tshivhade,Makhado,Limpopo,242
966107,Tshivhilidulu,Thulamela,Limpopo,1339
966056,Tshivhilwi,Thulamela,Limpopo,4334
965041,Tshivhongweni,Mutale,Limpopo,401
966132,Tshivhulani,Thulamela,Limpopo,2675
968114,Tshivhuyuni,Makhado,Limpopo,2676
965116,Tshixwadza,Mutale,Limpopo,429
965054,Tshokotshoko,Mutale,Limpopo,148
270214,Tsholora,Mbhashe,Eastern Cape,602
271173,Tshoma,Mnquma,Eastern Cape,162
580133,Tshonono,Nongoma,KwaZulu-Natal,1579
290219,Tshonya,Ngquza Hill,Eastern Cape,503
297101,Tshonya,Mbizana,Eastern Cape,526
985119,Tshopaneng,Makhuduthamaga,Limpopo,436
271307,Tshoveni,Mnquma,Eastern Cape,414
273080,Tshoxa,Amahlathi,Eastern Cape,1807
985088,Tshukudu,Makhuduthamaga,Limpopo,81
877068,Tshunelani A,Bushbuckridge,Mpumalanga,125
877063,Tshunelani B,Bushbuckridge,Mpumalanga,143
296213,Tshungwana,Umzimvubu,Eastern Cape,530
667062,Tshunyane,Mafikeng,North West,2478
291164,Tshusha,Port St Johns,Eastern Cape,363
297066,Tshuze,Mbizana,Eastern Cape,774
799026,Tshwane NU,City of Tshwane,Gauteng,10000
799026,Tshwane NU North,City of Tshwane,Gauteng,6831
974072,Tshware,Polokwane,Limpopo,689
664075,Tshwaro,Moses Kotane,North West,2329
297144,Tshwathi,Mbizana,Eastern Cape,162
270111,Tshwati,Mbhashe,Eastern Cape,41
974139,Tshwene,Polokwane,Limpopo,2018
660062,Tshwene Farm,Moretele,North West,336
968077,Tsianda,Makhado,Limpopo,7578
986039,Tsidintsing,Fetakgomo,Limpopo,130
295091,Tsikarong,Matatiele,Eastern Cape,354
360004,Tsilwana,Joe Morolong,Northern Cape,198
983023,Tsimanyane,Ephraim Mogale,Limpopo,1621
986010,Tsimeng,Fetakgomo,Limpopo,2323
360055,Tsineng,Joe Morolong,Northern Cape,2042
360044,Tsineng-Kop,Joe Morolong,Northern Cape,33
295101,Tsita,Matatiele,Eastern Cape,2446
295055,Tsitsa-Mvula,Matatiele,Eastern Cape,122
269013,Tsitsikamma National Park,Kou-Kamma,Eastern Cape,35
662017,Tsitsing,Rustenburg,North West,3467
295076,Tsitsong,Matatiele,Eastern Cape,454
360003,Tsoe,Joe Morolong,Northern Cape,777
672020,Tsokonyane,Greater Taung,North West,5441
969070,Tsolametse,Blouberg,Limpopo,646
293215,Tsolo,Mhlontlo,Eastern Cape,7794
283045,Tsolokazi A,Emalahleni,Eastern Cape,417
283203,Tsolokazi B,Emalahleni,Eastern Cape,278
279016,Tsolwana,Tsolwana,Eastern Cape,0
279003,Tsolwana NU,Tsolwana,Eastern Cape,3942
273032,Tsomo,Amahlathi,Eastern Cape,189
282268,Tsomo,Intsika Yethu,Eastern Cape,2108
282275,Tsomo Mission A,Intsika Yethu,Eastern Cape,580
282269,Tsomo Mission B,Intsika Yethu,Eastern Cape,172
285016,Tsomo Poort,Sakhisizwe,Eastern Cape,38
297164,Tsotsa,Mbizana,Eastern Cape,558
985004,Tswaing,Makhuduthamaga,Limpopo,647
666002,Tswaing NU,Tswaing,North West,33361
985041,Tswatago,Makhuduthamaga,Limpopo,1091
969075,Tswatsane,Blouberg,Limpopo,492
467017,Tswelangpele,Matjhabeng,Free State,2150
678006,Tswelelang,Maquassi Hills,North West,17233
291211,Tsweleni,Port St Johns,Eastern Cape,282
466004,Tswelopele NU,Tswelopele,Free State,8215
966023,Tswera,Thulamela,Limpopo,1001
986015,Tswereng,Fetakgomo,Limpopo,342
966179,Tswinga,Thulamela,Limpopo,3948
270202,Tubeni,Mbhashe,Eastern Cape,443
282252,Tubeni,Intsika Yethu,Eastern Cape,217
593003,Tucrose,Ndwedwe,KwaZulu-Natal,160
591021,Tugela,Mandeni,KwaZulu-Natal,10492
576055,Tugela Ferry,Msinga,KwaZulu-Natal,2093
591022,Tugela Mouth,Mandeni,KwaZulu-Natal,133
674017,Tuhutsang,Kagisano/Molopo,North West,101
987147,Tukakgomo,Greater Tubatse,Limpopo,11245
260004,Tukayi A,Buffalo City,Eastern Cape,838
260012,Tukayi B,Buffalo City,Eastern Cape,451
292176,Tukela,Nyandeni,Eastern Cape,675
294259,Tukuba,King Sabata Dalindyebo,Eastern Cape,355
165004,Tulbagh,Witzenberg,Western Cape,8969
542135,Tulwana,Nkandla,KwaZulu-Natal,452
477002,Tumahole,Ngwathe,Free State,37675
294435,Tungwane,King Sabata Dalindyebo,Eastern Cape,515
292099,Tungweni,Nyandeni,Eastern Cape,1569
294061,Tunxe,King Sabata Dalindyebo,Eastern Cape,804
270260,Tunzini,Mbhashe,Eastern Cape,87
664018,Turfbult,Moses Kotane,North West,561
976060,Turfpan,Lepele-Nkumpi,Limpopo,142
964022,Turkey,Maruleng,Limpopo,7597
598209,Tuse,Umzimkhulu,KwaZulu-Natal,274
295062,Tutaneng,Matatiele,Eastern Cape,706
864004,Tutuka,Lekwa,Mpumalanga,67
294084,Twane,King Sabata Dalindyebo,Eastern Cape,635
293182,Twatwa,Mhlontlo,Eastern Cape,82
274059,Twecu,Ngqushwa,Eastern Cape,451
260159,Twecwana,Buffalo City,Eastern Cape,571
799074,Tweedracht,City of Tshwane,Gauteng,439
499039,Tweefontein,Mangaung,Free State,247
797003,Tweefontein,Ekurhuleni,Gauteng,63
871013,Tweefontein,Thembisile,Mpumalanga,67902
974047,Tweefontein,Polokwane,Limpopo,2300
479009,Tweeling,Mafube,Free State,821
365012,Tweerivier,Kamiesberg,Northern Cape,252
474006,Tweespruit,Mantsopa,Free State,1046
526038,Twhatgwha,Dannhauser,KwaZulu-Natal,703
271035,Tyabana,Mnquma,Eastern Cape,288
294370,Tyalara,King Sabata Dalindyebo,Eastern Cape,626
292069,Tyara,Nyandeni,Eastern Cape,1302
274042,Tyata,Ngqushwa,Eastern Cape,497
276068,Tyatyora,Nkonkobe,Eastern Cape,434
282184,Tyawana,Intsika Yethu,Eastern Cape,390
271135,Tyekana,Mnquma,Eastern Cape,611
270172,Tyelekebende,Mbhashe,Eastern Cape,430
273104,Tyelimdaka,Amahlathi,Eastern Cape,127
296096,Tyemhlophe,Umzimvubu,Eastern Cape,24
260141,Tyeni,Buffalo City,Eastern Cape,303
274014,Tyeni,Ngqushwa,Eastern Cape,553
284358,Tyeni,Engcobo,Eastern Cape,561
286168,Tyeni,Elundini,Eastern Cape,68
290297,Tyeni,Ngquza Hill,Eastern Cape,1250
294058,Tyeni,King Sabata Dalindyebo,Eastern Cape,239
296048,Tyeni,Umzimvubu,Eastern Cape,1024
297173,Tyeni,Mbizana,Eastern Cape,38
271251,Tyhila,Mnquma,Eastern Cape,844
293057,Tyhume,Mhlontlo,Eastern Cape,462
260151,Tyhusha,Buffalo City,Eastern Cape,470
271094,Tyindye,Mnquma,Eastern Cape,114
271193,Tyinirha,Mnquma,Eastern Cape,309
274089,Tyityaba,Ngqushwa,Eastern Cape,163
295267,Tyiweni,Matatiele,Eastern Cape,472
281048,Tylden,Lukanji,Eastern Cape,572
294118,Tyumbu,King Sabata Dalindyebo,Eastern Cape,1902
260014,Tyusha,Buffalo City,Eastern Cape,1289
260043,Tyutyu,Buffalo City,Eastern Cape,2676
962048,Tzaneen,Greater Tzaneen,Limpopo,14571
962003,Tzaneen NU,Greater Tzaneen,Limpopo,25582
592017,UCC Informal,KwaDukuza,KwaZulu-Natal,4540
504008,UMuziwabantu NU,UMuziwabantu,KwaZulu-Natal,2341
579011,UPhongolo NU,UPhongolo,KwaZulu-Natal,21816
580012,Ubani,Nongoma,KwaZulu-Natal,828
582089,Ubombo,Umhlabuyalingana,KwaZulu-Natal,425
583080,Ubombo,Jozini,KwaZulu-Natal,1220
597009,Ubuhlebezwe NU,Ubuhlebezwe,KwaZulu-Natal,6852
369002,Ubuntu NU,Ubuntu,Northern Cape,2625
589003,Ufasimba,uMlalazi,KwaZulu-Natal,2108
286214,Ugie,Elundini,Eastern Cape,13467
299003,Uitenhage,Nelson Mandela Bay,Eastern Cape,103639
478012,Uitkoms,Metsimaholo,Free State,23
526017,Uitkyk,Dannhauser,KwaZulu-Natal,1230
664070,Uitkyk A,Moses Kotane,North West,3299
667076,Uitkyk B,Mafikeng,North West,1025
969118,Uitkyk B,Blouberg,Limpopo,58
982048,Uitspanning,Mogalakwena,Limpopo,885
984068,Uitspanning A,Elias Motsoaledi,Limpopo,1083
984067,Uitspanning B,Elias Motsoaledi,Limpopo,1112
569003,Uitvlugt,Indaka,KwaZulu-Natal,1221
983042,Uitvlugt,Ephraim Mogale,Limpopo,5022
982019,Uitzicht,Mogalakwena,Limpopo,2278
872030,Ukukhanya,Dr JS Moroka,Mpumalanga,2745
271012,Ulahlangubo,Mnquma,Eastern Cape,293
384004,Ulco,Dikgatlong,Northern Cape,860
286068,Ulundi,Elundini,Eastern Cape,356
581095,Ulundi,Ulundi,KwaZulu-Natal,19840
581015,Ulundi NU,Ulundi,KwaZulu-Natal,8451
877001,Umbabat Nature Reserve,Bushbuckridge,Mpumalanga,204
599005,Umbhayi,eThekwini,KwaZulu-Natal,1845
514022,Umbulwana,Emnambithi/Ladysmith,KwaZulu-Natal,1905
560041,Umbumbulu,Vulamehlo,KwaZulu-Natal,373
599170,Umbumbulu,eThekwini,KwaZulu-Natal,2684
593062,Umdloti,Ndwedwe,KwaZulu-Natal,1994
599049,Umdloti,eThekwini,KwaZulu-Natal,1778
561005,Umdoni NU,Umdoni,KwaZulu-Natal,1211
286088,Umfanta,Elundini,Eastern Cape,266
585037,Umfolozi,Hlabisa,KwaZulu-Natal,132
599171,Umgababa South,eThekwini,KwaZulu-Natal,10814
599058,Umgagaba,eThekwini,KwaZulu-Natal,1552
503020,Umgai,Umzumbe,KwaZulu-Natal,2506
503016,Umgayi,Umzumbe,KwaZulu-Natal,2623
599026,Umgeni,eThekwini,KwaZulu-Natal,811
561003,Umgwemphisi,Umdoni,KwaZulu-Natal,5198
568018,Umgwenya,Richmond,KwaZulu-Natal,461
597057,Umhlabatyan,Ubuhlebezwe,KwaZulu-Natal,309
582046,Umhlabuyalingana NU,Umhlabuyalingana,KwaZulu-Natal,368
592042,Umhlali,KwaDukuza,KwaZulu-Natal,338
599053,Umhlanga,eThekwini,KwaZulu-Natal,24238
569033,Umhlumayo,Indaka,KwaZulu-Natal,157
594057,Umjila,Ingwe,KwaZulu-Natal,1228
875002,Umjindi NU,Umjindi,Mpumalanga,14886
529013,Umkhamba,Abaqulusi,KwaZulu-Natal,725
599196,Umkomaas,eThekwini,KwaZulu-Natal,2716
283009,Umlanga,Emalahleni,Eastern Cape,277
580036,Umlaza,Nongoma,KwaZulu-Natal,616
599163,Umlazi,eThekwini,KwaZulu-Natal,404811
599041,Umngeni,eThekwini,KwaZulu-Natal,547
599189,Umnini,eThekwini,KwaZulu-Natal,17416
282017,Umntla/Maseleni Village,Intsika Yethu,Eastern Cape,165
546028,Umphumulo,Maphumulo,KwaZulu-Natal,5068
546052,Umshukangubo,Maphumulo,KwaZulu-Natal,1055
370003,Umsobomvu NU,Umsobomvu,Northern Cape,2461
546064,Umvoti,Maphumulo,KwaZulu-Natal,760
577002,Umvoti NU,Umvoti,KwaZulu-Natal,18907
546067,Umvozana,Maphumulo,KwaZulu-Natal,1410
546042,Umvumase,Maphumulo,KwaZulu-Natal,321
677011,Umzimhle,City of Matlosana,North West,6137
598114,Umzimkhulu,Umzimkhulu,KwaZulu-Natal,8399
598004,Umzimkhulu NU,Umzimkhulu,KwaZulu-Natal,314
296002,Umzimvubu NU,Umzimvubu,Eastern Cape,799
506001,Umzinto,Hibiscus Coast,KwaZulu-Natal,0
561006,Umzinto,Umdoni,KwaZulu-Natal,16205
504001,Umzokhanyoya,UMuziwabantu,KwaZulu-Natal,1392
598210,Umzokhanyoya,Umzimkhulu,KwaZulu-Natal,187
546050,Umzulwini,Maphumulo,KwaZulu-Natal,3963
503015,Umzumbe NU,Umzumbe,KwaZulu-Natal,1301
595011,Underberg,Kwa Sani,KwaZulu-Natal,2694
560003,Ungendwa,Vulamehlo,KwaZulu-Natal,1561
177004,Uniondale,George,Western Cape,4525
290265,Unity Park,Ngquza Hill,Eastern Cape,2227
583077,Uphande,Jozini,KwaZulu-Natal,979
379002,Upington,//Khara Hais,Northern Cape,57220
284324,Upper Beyele,Engcobo,Eastern Cape,489
285030,Upper Cala,Sakhisizwe,Eastern Cape,473
294148,Upper Centuli,King Sabata Dalindyebo,Eastern Cape,695
294212,Upper Cezu,King Sabata Dalindyebo,Eastern Cape,255
281057,Upper Didimana,Lukanji,Eastern Cape,330
271294,Upper Gcilishana,Mnquma,Eastern Cape,100
284036,Upper Gqaga,Engcobo,Eastern Cape,75
273068,Upper Gxulu,Amahlathi,Eastern Cape,810
281092,Upper Hackney,Lukanji,Eastern Cape,392
281059,Upper Hukuwa,Lukanji,Eastern Cape,171
281060,Upper Hukuwa 3,Lukanji,Eastern Cape,53
287083,Upper Joveleni,Senqu,Eastern Cape,583
284277,Upper Komkulu,Engcobo,Eastern Cape,374
293207,Upper Kroza,Mhlontlo,Eastern Cape,538
282314,Upper KuSabalele,Intsika Yethu,Eastern Cape,537
281071,Upper Lahlangubo,Lukanji,Eastern Cape,483
293285,Upper Lotana,Mhlontlo,Eastern Cape,1345
293033,Upper Lwandlana,Mhlontlo,Eastern Cape,932
271470,Upper Macibe,Mnquma,Eastern Cape,715
672054,Upper Majeakgoro,Greater Taung,North West,1887
293206,Upper Malepelepe,Mhlontlo,Eastern Cape,964
284223,Upper Mangxongweni,Engcobo,Eastern Cape,117
593061,Upper Mantungwa,Ndwedwe,KwaZulu-Natal,244
292072,Upper Maqanyeni,Nyandeni,Eastern Cape,822
292189,Upper Matanzima,Nyandeni,Eastern Cape,324
293299,Upper Mbinja,Mhlontlo,Eastern Cape,290
282360,Upper Mbulukweza,Intsika Yethu,Eastern Cape,241
271162,Upper Mchubakazi,Mnquma,Eastern Cape,521
284086,Upper Mgwalana,Engcobo,Eastern Cape,84
290239,Upper Mkata,Ngquza Hill,Eastern Cape,69
296003,Upper Mnyamana,Umzimvubu,Eastern Cape,590
273062,Upper Mnyameni,Amahlathi,Eastern Cape,893
274037,Upper Mtombe,Ngqushwa,Eastern Cape,259
295228,Upper Mvenyane,Matatiele,Eastern Cape,666
298040,Upper Ndlantaka,Ntabankulu,Eastern Cape,1106
283098,Upper Ndonga,Emalahleni,Eastern Cape,809
285057,Upper Ndwana,Sakhisizwe,Eastern Cape,224
284295,Upper Ngqokotho,Engcobo,Eastern Cape,274
273002,Upper Ngqolosa,Amahlathi,Eastern Cape,182
294162,Upper Ngqwarha,King Sabata Dalindyebo,Eastern Cape,1282
284224,Upper Nzolo,Engcobo,Eastern Cape,458
295236,Upper Rolweni,Matatiele,Eastern Cape,30
286201,Upper Sinxago,Elundini,Eastern Cape,107
286081,Upper Tokwana,Elundini,Eastern Cape,321
286117,Upper Tsitsana,Elundini,Eastern Cape,228
281077,Upper Tsitsikama,Lukanji,Eastern Cape,471
293303,Upper Xabane,Mhlontlo,Eastern Cape,733
284294,Upper Xuka,Engcobo,Eastern Cape,274
281041,Upper Zangqokwe,Lukanji,Eastern Cape,346
294146,Upper Zunqua,King Sabata Dalindyebo,Eastern Cape,488
546017,Uqaqa,Maphumulo,KwaZulu-Natal,286
594076,Uqaqani,Ingwe,KwaZulu-Natal,427
529040,Uqweqwe,Abaqulusi,KwaZulu-Natal,385
580137,Usuthu,Nongoma,KwaZulu-Natal,230
593038,Usuthu,Ndwedwe,KwaZulu-Natal,130
561012,Uswani,Umdoni,KwaZulu-Natal,7408
599094,Uthweba,eThekwini,KwaZulu-Natal,3351
877064,Utlha A,Bushbuckridge,Mpumalanga,880
877057,Utlha B,Bushbuckridge,Mpumalanga,650
673006,Utlwanang,Lekwa-Teemane,North West,14169
525003,Utrecht,Emadlangeni,KwaZulu-Natal,5290
660019,Utsane,Moretele,North West,111
970088,Utsane,Aganang,Limpopo,1512
538027,Uzimgwenya,uMhlathuze,KwaZulu-Natal,7324
761011,Vaal Marina,Midvaal,Gauteng,701
760014,Vaal Oewer,Emfuleni,Gauteng,696
384008,Vaal-Gamagara,Dikgatlong,Northern Cape,198
529010,Vaalbank,Abaqulusi,KwaZulu-Natal,534
799064,Vaalbank,City of Tshwane,Gauteng,1458
872032,Vaalbank,Dr JS Moroka,Mpumalanga,12814
983045,Vaalbank,Ephraim Mogale,Limpopo,1021
383001,Vaalbos National Park,Sol Plaatjie,Northern Cape,0
384011,Vaalbos National Park,Dikgatlong,Northern Cape,0
569006,Vaalkop,Indaka,KwaZulu-Natal,8390
974055,Vaalkop,Polokwane,Limpopo,1070
577020,Vaalkrans,Umvoti,KwaZulu-Natal,1461
961016,Vaalwater,Greater Letaba,Limpopo,1567
980002,Vaalwater,Modimolle,Limpopo,3964
166009,Val De Vie,Drakenstein,Western Cape,303
968089,Valdezia,Makhado,Limpopo,7516
172022,Van Dyks Bay,Overstrand,Western Cape,500
174006,Van Wyksdorp,Kannaland,Western Cape,833
372001,Van Wyksvlei,Kareeberg,Northern Cape,1721
760008,Vanderbijlpark,Emfuleni,Gauteng,95840
373001,Vanderkloof,Renosterberg,Northern Cape,1221
298150,Vane,Ntabankulu,Eastern Cape,981
160009,Vanrhynsdorp,Matzikama,Western Cape,6272
463006,Vanstadensrus,Naledi,Free State,820
799014,Vastfontein,City of Tshwane,Gauteng,837
297227,Vayi,Mbizana,Eastern Cape,573
589135,Vekeza,uMlalazi,KwaZulu-Natal,1413
546061,Velabahleke,Maphumulo,KwaZulu-Natal,211
587026,Velabandhla,Mfolozi,KwaZulu-Natal,3691
597041,Velabethuke,Ubuhlebezwe,KwaZulu-Natal,2634
276024,Velani,Nkonkobe,Eastern Cape,374
162006,Velddrif,Bergrivier,Western Cape,11017
503076,Velumemeze,Umzumbe,KwaZulu-Natal,1155
467015,Ventersburg,Matjhabeng,Free State,1297
675009,Ventersdorp,Ventersdorp,North West,4204
675002,Ventersdorp NU,Ventersdorp,North West,13940
765001,Venterspost,Westonaria,Gauteng,1272
289002,Venterstad,Gariep,Eastern Cape,3596
970073,Venus,Aganang,Limpopo,1179
874050,Verdoux,Mbombela,Mpumalanga,1070
526041,Verdriet,Dannhauser,KwaZulu-Natal,2140
668009,Verdwaal,Ditsobotla,North West,8104
760009,Vereeniging,Emfuleni,Gauteng,99787
761005,Vereeniging,Midvaal,Gauteng,3077
871020,Verena,Thembisile,Mpumalanga,20793
287063,Vergenoeg,Senqu,Eastern Cape,490
464009,Verkeerdevlei,Masilonyana,Free State,93
295096,Vermiljoenskuil,Matatiele,Eastern Cape,180
560049,Vernon Crookes,Vulamehlo,KwaZulu-Natal,9
873010,Vertroosting,Thaba Chweu,Mpumalanga,0
599034,Verulam,eThekwini,KwaZulu-Natal,37273
875005,Verulum,Umjindi,Mpumalanga,3420
581074,Vezunyawo,Ulundi,KwaZulu-Natal,2037
966116,Vhudimbilu,Thulamela,Limpopo,658
966076,Vhufuli,Thulamela,Limpopo,3626
968064,Vhulaudzi,Makhado,Limpopo,2684
965066,Vhurivhuri,Mutale,Limpopo,166
966004,Vhurivhuri,Thulamela,Limpopo,2215
966059,Vhutalu,Thulamela,Limpopo,430
968026,Vhutuwa nga Dzebu,Makhado,Limpopo,1443
982035,Vianen,Mogalakwena,Limpopo,1752
867002,Victor Khanye NU,Victor Khanye,Mpumalanga,12556
166011,Victor Verster,Drakenstein,Western Cape,2827
369005,Victoria West,Ubuntu,Northern Cape,8254
969120,Vienen,Blouberg,Limpopo,186
475001,Vierfontein,Moqhaka,Free State,825
974021,Vierhoek,Polokwane,Limpopo,443
580079,Vilani,Nongoma,KwaZulu-Natal,1082
478002,Viljoensdrift,Metsimaholo,Free State,751
475004,Viljoenskroon,Moqhaka,Free State,2091
874004,Villa Sabie,Mbombela,Mpumalanga,26
479002,Villiers,Mafube,Free State,1286
171001,Villiersdorp,Theewaterskloof,Western Cape,10004
292068,Vilo,Nyandeni,Eastern Cape,231
598208,Vimbane,Umzimkhulu,KwaZulu-Natal,591
580139,Vimbisikhala,Nongoma,KwaZulu-Natal,579
981001,Vingerkraal,Bela-Bela,Limpopo,827
292301,Vinitshi,Nyandeni,Eastern Cape,897
877076,Violetbank A,Bushbuckridge,Mpumalanga,376
877087,Violetbank B,Bushbuckridge,Mpumalanga,60
877079,Violetbank C,Bushbuckridge,Mpumalanga,2583
877074,Violetbank D,Bushbuckridge,Mpumalanga,3815
364003,Vioolsdrift,Nama Khoi,Northern Cape,599
467010,Virginia,Matjhabeng,Free State,21846
467019,Virginia Mine,Matjhabeng,Free State,983
762001,Viskuil,Lesedi,Gauteng,1433
291219,Vithini,Port St Johns,Eastern Cape,343
871014,Vlaaklaagte,Thembisile,Mpumalanga,12098
876011,Vlakbult,Nkomazi,Mpumalanga,7736
798031,Vlakfontein,City of Johannesburg,Gauteng,27291
984027,Vlakfontein,Elias Motsoaledi,Limpopo,931
578011,Vlakplaas,eDumbe,KwaZulu-Natal,279
860028,Vlakplaas,Albert Luthuli,Mpumalanga,598
176023,Vlees Bay,Mossel Bay,Western Cape,193
290111,Vlei,Ngquza Hill,Eastern Cape,786
968110,Vleifontein,Makhado,Limpopo,4982
675007,Vlieger,Ventersdorp,North West,4438
172016,Vogelgat,Overstrand,Western Cape,4
664076,Vogelstruisnek,Moses Kotane,North West,2305
863008,Volksrust,Pixley Ka Seme,Mpumalanga,24281
163017,Vondelingeiland,Saldanha Bay,Western Cape,0
966126,Vondo,Thulamela,Limpopo,766
966074,Vondwe,Thulamela,Limpopo,6521
589092,Vongotho,uMlalazi,KwaZulu-Natal,685
560061,Vonguzana,Vulamehlo,KwaZulu-Natal,1376
664053,Voordonker,Moses Kotane,North West,544
477012,Voorspoed Diamantmyn,Ngwathe,Free State,0
372003,Vosburg,Kareeberg,Northern Cape,1259
797032,Vosloorus,Ekurhuleni,Gauteng,163216
868004,Vosman,Emalahleni,Mpumalanga,18963
296158,Voveni,Umzimvubu,Eastern Cape,2561
285069,Voyizana,Sakhisizwe,Eastern Cape,169
287082,Voyizane,Senqu,Eastern Cape,4737
473002,Vrede,Phumelela,Free State,1962
664094,Vrede,Moses Kotane,North West,2575
477005,Vredefort,Ngwathe,Free State,1326
163004,Vredenburg,Saldanha Bay,Western Cape,38382
160010,Vredendal,Matzikama,Western Cape,18170
569032,Vreemdeburg,Indaka,KwaZulu-Natal,601
670004,Vryburg,Naledi,North West,21182
529014,Vryheid,Abaqulusi,KwaZulu-Natal,47365
581046,Vryheid,Ulundi,KwaZulu-Natal,2400
575035,Vryheid A,Nqutu,KwaZulu-Natal,677
575037,Vryheid B,Nqutu,KwaZulu-Natal,433
282320,Vrystad,Intsika Yethu,Eastern Cape,440
960053,Vuhehli,Greater Giyani,Limpopo,1703
470003,Vuka,Dihlabeng,Free State,7120
542022,Vuka,Nkandla,KwaZulu-Natal,666
598088,Vuka,Umzimkhulu,KwaZulu-Natal,85
291186,Vukandlule,Port St Johns,Eastern Cape,289
283017,Vukani,Emalahleni,Eastern Cape,889
577004,Vukaphanzi,Umvoti,KwaZulu-Natal,1839
282217,Vukuza,Intsika Yethu,Eastern Cape,1169
560051,Vulamehlo NU,Vulamehlo,KwaZulu-Natal,2303
599073,Vulindlala,eThekwini,KwaZulu-Natal,2735
297325,Vulindlela,Mbizana,Eastern Cape,1493
560039,Vulindlela,Vulamehlo,KwaZulu-Natal,381
589074,Vuma,uMlalazi,KwaZulu-Natal,125
546033,Vuma A,Maphumulo,KwaZulu-Natal,942
546054,Vuma B,Maphumulo,KwaZulu-Natal,95
542127,Vumanhlamvo,Nkandla,KwaZulu-Natal,552
575029,Vumankala,Nqutu,KwaZulu-Natal,976
546001,Vumbu,Maphumulo,KwaZulu-Natal,1223
271288,Vumenjani,Mnquma,Eastern Cape,184
580021,Vungama A,Nongoma,KwaZulu-Natal,311
580043,Vungama B,Nongoma,KwaZulu-Natal,256
270179,Vutha,Mbhashe,Eastern Cape,332
581056,Vuthela,Ulundi,KwaZulu-Natal,778
581067,Vuthele,Ulundi,KwaZulu-Natal,528
542089,Vutshini,Nkandla,KwaZulu-Natal,1448
968076,Vuvha A,Makhado,Limpopo,2970
965086,Vuvha B,Mutale,Limpopo,565
286063,Vuvu,Elundini,Eastern Cape,445
968092,Vuwani,Makhado,Limpopo,2791
963016,Vuyelani,Ba-Phalaborwa,Limpopo,291
297207,Vuyisile,Mbizana,Eastern Cape,62
267005,Vuyolwetho,Baviaans,Eastern Cape,2182
968085,Vyeboom,Makhado,Limpopo,5026
176012,Vyf Brakke Fonteinen,Mossel Bay,Western Cape,2632
860001,Vygeboomdam,Albert Luthuli,Mpumalanga,115
984040,Waalkraal,Elias Motsoaledi,Limpopo,2509
569018,Waayhoek,Indaka,KwaZulu-Natal,1623
284304,Waca,Engcobo,Eastern Cape,70
664035,Wag 'n Bietjie,Moses Kotane,North West,12
799063,Wageenbietjieskop,City of Tshwane,Gauteng,694
960014,Wagendrift,Greater Giyani,Limpopo,153
274115,Wakefield,Ngqushwa,Eastern Cape,338
863007,Wakkestroom,Pixley Ka Seme,Mpumalanga,6852
287028,Walaza,Senqu,Eastern Cape,3569
761004,Walkerville,Midvaal,Gauteng,9173
763008,Wallis Haven,Mogale City,Gauteng,333
799016,Wallmannsthal,City of Tshwane,Gauteng,646
660016,Walman,Moretele,North West,2164
588033,Wambaza,Ntambanana,KwaZulu-Natal,1095
590024,Wambaza,Mthonjaneni,KwaZulu-Natal,461
294087,Waqu,King Sabata Dalindyebo,Eastern Cape,321
861001,Warburton,Msukaligwa,Mpumalanga,2847
473007,Warden,Phumelela,Free State,2088
385002,Warrenton,Magareng,Northern Cape,5905
273055,Wartburg,Amahlathi,Eastern Cape,699
562028,Wartburg,uMshwathi,KwaZulu-Natal,906
574008,Wasbank,Endumeni,KwaZulu-Natal,1323
598148,Waschbank,Umzimkhulu,KwaZulu-Natal,1796
970060,Waschbank,Aganang,Limpopo,1189
360104,Washington,Joe Morolong,Northern Cape,722
166010,Water-Vliet,Drakenstein,Western Cape,476
283037,Waterfall,Emalahleni,Eastern Cape,137
293311,Waterfall,Mhlontlo,Eastern Cape,138
599063,Waterfall,eThekwini,KwaZulu-Natal,7525
263006,Waterford,Ikwezi,Eastern Cape,40
461017,Waterkloof,Kopanong,Free State,2
662064,Waterkloof,Rustenburg,North West,9866
765009,Waterpan,Westonaria,Gauteng,445
514003,Watershed,Emnambithi/Ladysmith,KwaZulu-Natal,1072
514009,Watersmeet,Emnambithi/Ladysmith,KwaZulu-Natal,14461
525005,Waterval,Emadlangeni,KwaZulu-Natal,1398
578026,Waterval,eDumbe,KwaZulu-Natal,414
662062,Waterval,Rustenburg,North West,688
799019,Waterval,City of Tshwane,Gauteng,2517
872040,Waterval,Dr JS Moroka,Mpumalanga,7381
877123,Waterval,Bushbuckridge,Mpumalanga,2506
982026,Waterval,Mogalakwena,Limpopo,961
870005,Waterval Boven,Emakhazeni,Mpumalanga,7
765005,Waterworks,Westonaria,Gauteng,2249
599132,Wathanga,eThekwini,KwaZulu-Natal,2983
797021,Wattville,Ekurhuleni,Gauteng,25667
860043,Waverley,Albert Luthuli,Mpumalanga,863
270074,Wawa,Mbhashe,Eastern Cape,417
292227,Wayisi,Nyandeni,Eastern Cape,162
766023,Wedela,Merafong City,Gauteng,17928
570002,Weenen,Umtshezi,KwaZulu-Natal,3126
380004,Wegdraai,!Kheis,Northern Cape,2189
969013,Wegdraai,Blouberg,Limpopo,1443
504057,Wela,UMuziwabantu,KwaZulu-Natal,260
580145,Wela A,Nongoma,KwaZulu-Natal,761
580131,Wela B,Nongoma,KwaZulu-Natal,858
582064,Welcome,Umhlabuyalingana,KwaZulu-Natal,911
260138,Welcomewood,Buffalo City,Eastern Cape,837
981006,Welgegund Village,Bela-Bela,Limpopo,1448
664065,Welgeval,Moses Kotane,North West,4842
167010,Welgevonden,Stellenbosch,Western Cape,2493
675003,Welgevonden,Ventersdorp,North West,3712
877051,Welgevonden State Forest,Bushbuckridge,Mpumalanga,11
467009,Welkom,Matjhabeng,Free State,64130
166005,Wellington,Drakenstein,Western Cape,55543
276007,Wellsdale,Nkonkobe,Eastern Cape,299
274045,Weltevrede,Ngqushwa,Eastern Cape,207
562009,Weltevreden,uMshwathi,KwaZulu-Natal,1029
667084,Weltevreden,Mafikeng,North West,1079
668005,Welverdiend,Ditsobotla,North West,888
766010,Welverdiend,Merafong City,Gauteng,2708
877014,Welverdiend,Bushbuckridge,Mpumalanga,7601
290327,Wema,Ngquza Hill,Eastern Cape,69
570014,Wembesi A,Umtshezi,KwaZulu-Natal,13544
573018,Wembesi A,Imbabazane,KwaZulu-Natal,1268
570012,Wembesi B,Umtshezi,KwaZulu-Natal,1450
570013,Wembesi C,Umtshezi,KwaZulu-Natal,5820
294347,Weni,King Sabata Dalindyebo,Eastern Cape,778
463003,Wepener,Naledi,Free State,1281
164015,Wesbank,Swartland,Western Cape,11861
274116,Wesley,Ngqushwa,Eastern Cape,1634
260153,Wesleyville,Buffalo City,Eastern Cape,418
468006,Wesselbron,Nala,Free State,1415
361024,West Derby,Ga-Segonyana,Northern Cape,2669
766013,West Village,Merafong City,Gauteng,207
766007,West-Driefontein,Merafong City,Gauteng,2857
599012,Westbrook,eThekwini,KwaZulu-Natal,1526
375003,Westerberg,Siyathemba,Northern Cape,73
765010,Western Areas Gold Mine,Westonaria,Gauteng,1895
766016,Western Deep Levels Mine,Merafong City,Gauteng,7641
765008,Westonaria,Westonaria,Gauteng,10259
765004,Westonaria NU,Westonaria,Gauteng,13639
973005,Westphalia,Molemole,Limpopo,1026
599115,Westville,eThekwini,KwaZulu-Natal,30508
593030,Wewe,Ndwedwe,KwaZulu-Natal,1001
270555,Weza,Mbhashe,Eastern Cape,431
504018,Weza,UMuziwabantu,KwaZulu-Natal,646
567002,White City,Mkhambathini,KwaZulu-Natal,1411
580089,White City,Nongoma,KwaZulu-Natal,1278
874033,White River,Mbombela,Mpumalanga,15816
579003,Whitecliff,UPhongolo,KwaZulu-Natal,6530
467013,Whites,Matjhabeng,Free State,366
281066,Whittlesea,Lukanji,Eastern Cape,14756
292017,Wicksdale,Nyandeni,Eastern Cape,460
167009,Wiesiesdraai,Stellenbosch,Western Cape,1727
662026,Wildebeesfontein,Rustenburg,North West,4920
177008,Wilderness,George,Western Cape,6164
177009,Wilderness Lake Area,George,Western Cape,149
295150,Wilfried Baur,Matatiele,Eastern Cape,0
868015,Wilge,Emalahleni,Mpumalanga,718
566052,Wilgefontein,The Msunduzi,KwaZulu-Natal,11232
271520,Wili,Mnquma,Eastern Cape,326
367001,Williston,Karoo Hoogland,Northern Cape,3368
270422,Willow,Mbhashe,Eastern Cape,1715
565037,Willowbrook,Impendle,KwaZulu-Natal,545
267003,Willowmore,Baviaans,Eastern Cape,7678
270550,Willowvale,Mbhashe,Eastern Cape,2522
526033,Wilts,Dannhauser,KwaZulu-Natal,332
464004,Winburg,Masilonyana,Free State,1373
384002,Windsorton,Dikgatlong,Northern Cape,2291
561018,Wingrove,Umdoni,KwaZulu-Natal,533
564004,Winterhoek,Mpofana,KwaZulu-Natal,762
667004,Wintershoek,Mafikeng,North West,41
571056,Winterton,Okhahlamba,KwaZulu-Natal,276
799029,Winterveld,City of Tshwane,Gauteng,120826
987005,Wismar,Greater Tubatse,Limpopo,811
368003,Witbank,Khâi-Ma,Northern Cape,210
984057,Witfontein,Elias Motsoaledi,Limpopo,2832
575062,Witkop,Nqutu,KwaZulu-Natal,994
666007,Witpan,Tswaing,North West,1148
678002,Witpoort,Maquassi Hills,North West,259
978019,Witpoort,Lephalale,Limpopo,856
664081,Witrandtjie,Moses Kotane,North West,2149
175009,Witsand,Hessequa,Western Cape,0
179005,Wittedrift,Bitou,Western Cape,1822
571001,Wittekop,Okhahlamba,KwaZulu-Natal,510
162011,Wittewater,Bergrivier,Western Cape,848
165001,Witzenberg NU,Witzenberg,Western Cape,52200
276053,Woburn,Nkonkobe,Eastern Cape,100
282207,Wodehouse,Intsika Yethu,Eastern Cape,365
270536,Wolela,Mbhashe,Eastern Cape,892
678004,Wolmaranstad,Maquassi Hills,North West,3633
165009,Wolseley,Witzenberg,Western Cape,1528
172026,Wolvengat,Overstrand,Western Cape,50
576039,Wolwane,Msinga,KwaZulu-Natal,2480
763009,Wolwekrans,Mogale City,Gauteng,571
868018,Wolwekrans,Emalahleni,Mpumalanga,249
546082,Wome,Maphumulo,KwaZulu-Natal,1208
661040,Wonderkoppies,Madibeng,North West,21783
478006,Wonderwater,Metsimaholo,Free State,9
263005,Wongalethu,Ikwezi,Eastern Cape,752
271037,Wongalethu,Mnquma,Eastern Cape,53
499043,Woodbridge,Mangaung,Free State,437
571020,Woodford,Okhahlamba,KwaZulu-Natal,3631
269014,Woodlands,Kou-Kamma,Eastern Cape,1882
274101,Woodlands,Ngqushwa,Eastern Cape,379
299010,Woodridge,Nelson Mandela Bay,Eastern Cape,362
286183,Woodstock,Elundini,Eastern Cape,111
274094,Wooldridge,Ngqushwa,Eastern Cape,179
168007,Worcester,Breede Valley,Western Cape,78906
964019,Worcester,Maruleng,Limpopo,1004
505010,Wosiyane,Ezingoleni,KwaZulu-Natal,133
503032,Wowana,Umzumbe,KwaZulu-Natal,255
546006,Woyisane,Maphumulo,KwaZulu-Natal,1104
506061,Woza,Hibiscus Coast,KwaZulu-Natal,2768
546055,Woza,Maphumulo,KwaZulu-Natal,669
576004,Woza,Msinga,KwaZulu-Natal,954
560016,Wubwini,Vulamehlo,KwaZulu-Natal,1329
982055,Wydhoek,Mogalakwena,Limpopo,1103
293312,Xabane,Mhlontlo,Eastern Cape,1155
293084,Xabano,Mhlontlo,Eastern Cape,286
282146,Xabisweni,Intsika Yethu,Eastern Cape,349
294265,Xalanga,King Sabata Dalindyebo,Eastern Cape,487
542054,Xalasho,Nkandla,KwaZulu-Natal,1417
281045,Xaleni,Lukanji,Eastern Cape,161
271321,Xamane,Mnquma,Eastern Cape,184
298076,Xamnyiba,Ntabankulu,Eastern Cape,627
542025,Xamukavinjelwa,Nkandla,KwaZulu-Natal,1210
566021,Xamuxolo,The Msunduzi,KwaZulu-Natal,1764
877101,Xanthia,Bushbuckridge,Mpumalanga,3615
270315,Xanxo,Mbhashe,Eastern Cape,274
581035,Xasana,Ulundi,KwaZulu-Natal,1021
966145,Xaswita,Thulamela,Limpopo,680
960060,Xawela,Greater Giyani,Limpopo,4037
961049,Xawela,Greater Letaba,Limpopo,1722
271481,Xaxasimba,Mnquma,Eastern Cape,206
286033,Xaxazana,Elundini,Eastern Cape,825
274010,Xengxe,Ngqushwa,Eastern Cape,963
270298,Xeni,Mbhashe,Eastern Cape,1158
283101,Xeni,Emalahleni,Eastern Cape,263
293267,Xeni,Mhlontlo,Eastern Cape,483
284101,Xentu,Engcobo,Eastern Cape,253
260170,Xhama,Buffalo City,Eastern Cape,993
298011,Xhama,Ntabankulu,Eastern Cape,1128
296041,Xhameni,Umzimvubu,Eastern Cape,615
290276,Xhamini,Ngquza Hill,Eastern Cape,157
293155,Xhentu,Mhlontlo,Eastern Cape,75
270238,Xhiba,Mbhashe,Eastern Cape,222
284160,Xhibeni,Engcobo,Eastern Cape,555
294392,Xhibeni,King Sabata Dalindyebo,Eastern Cape,301
293248,Xhokonxa,Mhlontlo,Eastern Cape,187
270580,Xholongada,Mbhashe,Eastern Cape,255
672032,Xhonyane,Greater Taung,North West,1431
294416,Xhrana,King Sabata Dalindyebo,Eastern Cape,289
294188,Xhugxwala,King Sabata Dalindyebo,Eastern Cape,769
290213,Xhurana,Ngquza Hill,Eastern Cape,22
292264,Xibeni,Nyandeni,Eastern Cape,535
274079,Xidolo,Ngqushwa,Eastern Cape,0
877022,Xikhusese,Bushbuckridge,Mpumalanga,13324
271009,Xilinxa,Mnquma,Eastern Cape,434
293177,Xilinxa,Mhlontlo,Eastern Cape,136
960048,Ximausa,Greater Giyani,Limpopo,2507
599095,Ximba,eThekwini,KwaZulu-Natal,1587
270311,Xobojiyane,Mbhashe,Eastern Cape,380
294115,Xojani,King Sabata Dalindyebo,Eastern Cape,774
284087,Xokonxa A,Engcobo,Eastern Cape,206
284035,Xokonxa B,Engcobo,Eastern Cape,80
296193,Xokoxa,Umzimvubu,Eastern Cape,262
296201,Xolo,Umzimvubu,Eastern Cape,155
581036,Xolo,Ulundi,KwaZulu-Natal,255
273008,Xolobe,Amahlathi,Eastern Cape,860
282343,Xolobe,Intsika Yethu,Eastern Cape,94
297385,Xolobeni A,Mbizana,Eastern Cape,324
297372,Xolobeni B,Mbizana,Eastern Cape,1676
294423,Xolweni A,King Sabata Dalindyebo,Eastern Cape,563
294426,Xolweni B,King Sabata Dalindyebo,Eastern Cape,447
294121,Xongora,King Sabata Dalindyebo,Eastern Cape,428
283183,Xonxa,Emalahleni,Eastern Cape,793
285007,Xonya,Sakhisizwe,Eastern Cape,289
298140,Xopo,Ntabankulu,Eastern Cape,1891
290024,Xoposo,Ngquza Hill,Eastern Cape,1976
270160,Xora Gonglo,Mbhashe,Eastern Cape,474
294431,Xorana,King Sabata Dalindyebo,Eastern Cape,15
594005,Xosheyakhe,Ingwe,KwaZulu-Natal,1036
291100,Xovula,Port St Johns,Eastern Cape,961
284253,Xuka,Engcobo,Eastern Cape,239
298097,Xukula,Ntabankulu,Eastern Cape,486
276157,Xukwane,Nkonkobe,Eastern Cape,976
542076,Xulu,Nkandla,KwaZulu-Natal,326
282240,Xuluxomo,Intsika Yethu,Eastern Cape,911
281010,Xuma,Lukanji,Eastern Cape,530
282289,Xume,Intsika Yethu,Eastern Cape,267
294215,Xume,King Sabata Dalindyebo,Eastern Cape,144
270233,Xwangu,Mbhashe,Eastern Cape,1042
581014,Xwayisane,Ulundi,KwaZulu-Natal,567
270404,Xwili,Mbhashe,Eastern Cape,82
260031,Yellow Wood,Buffalo City,Eastern Cape,242
272040,Yellowsands,Great Kei,Eastern Cape,93
589017,Yemeni,uMlalazi,KwaZulu-Natal,678
589091,Yetheni,uMlalazi,KwaZulu-Natal,898
281089,Yonda,Lukanji,Eastern Cape,823
499042,Yorksford,Mangaung,Free State,313
962085,Yosmite,Greater Tzaneen,Limpopo,1322
164007,Yzerfontein,Swartland,Western Cape,1140
260037,Zabalaza,Buffalo City,Eastern Cape,1188
284039,Zabasa,Engcobo,Eastern Cape,506
290046,Zadungeni,Ngquza Hill,Eastern Cape,533
598060,Zadungeni,Umzimkhulu,KwaZulu-Natal,522
271224,Zagwityi,Mnquma,Eastern Cape,858
293183,Zahobeni,Mhlontlo,Eastern Cape,101
798030,Zakariyya Park,City of Johannesburg,Gauteng,6200
287135,Zakhele,Senqu,Eastern Cape,623
276181,Zalaza,Nkonkobe,Eastern Cape,316
473005,Zamani,Phumelela,Free State,6523
478010,Zamdela,Metsimaholo,Free State,82339
569034,Zamokuhle,Indaka,KwaZulu-Natal,395
589126,Zamokuhle,uMlalazi,KwaZulu-Natal,1283
294258,Zanci,King Sabata Dalindyebo,Eastern Cape,693
664063,Zandfontein,Moses Kotane,North West,1999
292038,Zandukwana,Nyandeni,Eastern Cape,3322
962060,Zangoma,Greater Tzaneen,Limpopo,1910
271394,Zangwa,Mnquma,Eastern Cape,146
286061,Zanyeni,Elundini,Eastern Cape,131
273114,Zanyokwe,Amahlathi,Eastern Cape,608
462005,Zastron,Mohokare,Free State,1893
566014,Zayeka,The Msunduzi,KwaZulu-Natal,8762
271199,Zazulwana,Mnquma,Eastern Cape,534
295079,Zazulwana,Matatiele,Eastern Cape,625
986007,Zeekoegat,Fetakgomo,Limpopo,291
669036,Zeerust,Ramotshere Moiloa,North West,9093
292079,Zele,Nyandeni,Eastern Cape,1280
581013,Zembeni,Ulundi,KwaZulu-Natal,712
563004,Zenzani,uMngeni,KwaZulu-Natal,509
538016,Zenzele,uMhlathuze,KwaZulu-Natal,1587
576011,Zenzele,Msinga,KwaZulu-Natal,2771
764005,Zenzele,Randfontein,Gauteng,6403
473006,Zenzeleni,Phumelela,Free State,8889
798010,Zevenfontein,City of Johannesburg,Gauteng,0
562001,Ziba,uMshwathi,KwaZulu-Natal,0
577032,Ziba,Umvoti,KwaZulu-Natal,0
585008,Zibayeni,Hlabisa,KwaZulu-Natal,2991
290314,Zibele,Ngquza Hill,Eastern Cape,29
292066,Zibungu,Nyandeni,Eastern Cape,2085
293307,Zibungu,Mhlontlo,Eastern Cape,338
271434,Zibunu,Mnquma,Eastern Cape,109
282160,Zicubeni,Intsika Yethu,Eastern Cape,543
294446,Zidinzi,King Sabata Dalindyebo,Eastern Cape,1275
585028,Zidonini,Hlabisa,KwaZulu-Natal,785
282284,Zidulini,Intsika Yethu,Eastern Cape,268
294009,Zigadini,King Sabata Dalindyebo,Eastern Cape,132
296078,Zigadini,Umzimvubu,Eastern Cape,553
590034,Zigagayi,Mthonjaneni,KwaZulu-Natal,323
284051,Zigandleni,Engcobo,Eastern Cape,73
294427,Zigini,King Sabata Dalindyebo,Eastern Cape,251
270479,Zigodlo,Mbhashe,Eastern Cape,729
276177,Zigodlo,Nkonkobe,Eastern Cape,660
282013,Zigquthu,Intsika Yethu,Eastern Cape,263
294190,Zihasini,King Sabata Dalindyebo,Eastern Cape,614
276137,Zihlahleni,Nkonkobe,Eastern Cape,969
580076,Zihlakaniphele,Nongoma,KwaZulu-Natal,457
271405,Zikhovana,Mnquma,Eastern Cape,75
293116,Zikhoveni,Mhlontlo,Eastern Cape,178
297323,Zikhuba,Mbizana,Eastern Cape,901
294186,Zikotazi,King Sabata Dalindyebo,Eastern Cape,312
260181,Zikova,Buffalo City,Eastern Cape,474
260053,Zikwaba,Buffalo City,Eastern Cape,747
286200,Zilandana,Elundini,Eastern Cape,72
293126,Zilandana,Mhlontlo,Eastern Cape,863
292297,Zimanzi,Nyandeni,Eastern Cape,293
271542,Zimbaba,Mnquma,Eastern Cape,546
286091,Zimbane,Elundini,Eastern Cape,253
294160,Zimbane,King Sabata Dalindyebo,Eastern Cape,336
293009,Zimbengwini,Mhlontlo,Eastern Cape,219
589117,Zimbidli,uMlalazi,KwaZulu-Natal,363
296207,Zimbileni,Umzimvubu,Eastern Cape,775
270312,Zimbomvu,Mbhashe,Eastern Cape,220
590026,Zimbube,Mthonjaneni,KwaZulu-Natal,1569
270454,Zimbuku,Mbhashe,Eastern Cape,1144
296237,Zimito,Umzimvubu,Eastern Cape,535
295143,Zimokolweni,Matatiele,Eastern Cape,33
589034,Zimpisi B,uMlalazi,KwaZulu-Natal,176
295279,Zimpofu A,Matatiele,Eastern Cape,43
295272,Zimpofu B,Matatiele,Eastern Cape,314
290194,Zimpohleni,Ngquza Hill,Eastern Cape,513
589052,Zimpohlo,uMlalazi,KwaZulu-Natal,677
593059,Zimpondweni,Ndwedwe,KwaZulu-Natal,1013
270212,Zimtshe,Mbhashe,Eastern Cape,124
295277,Zincuka,Matatiele,Eastern Cape,954
292324,Zincukutwini,Nyandeni,Eastern Cape,596
286048,Zindawa,Elundini,Eastern Cape,71
282068,Zingadini,Intsika Yethu,Eastern Cape,689
283079,Zingcaceni,Emalahleni,Eastern Cape,1150
270305,Zingcuka,Mbhashe,Eastern Cape,141
271017,Zingcuka,Mnquma,Eastern Cape,400
273076,Zingcuka,Amahlathi,Eastern Cape,1012
293268,Zingcuka,Mhlontlo,Eastern Cape,743
286036,Zingonyameni,Elundini,Eastern Cape,987
271429,Zingqandana,Mnquma,Eastern Cape,333
283134,Zingqolweni,Emalahleni,Eastern Cape,1375
589119,Zinhlezuka,uMlalazi,KwaZulu-Natal,1012
297049,Zinini,Mbizana,Eastern Cape,33
292025,Zinkumbeni,Nyandeni,Eastern Cape,434
294018,Zinkumbini,King Sabata Dalindyebo,Eastern Cape,973
542037,Zinkunzini,Nkandla,KwaZulu-Natal,267
294448,Zinkuwu,King Sabata Dalindyebo,Eastern Cape,760
592025,Zinkwazi Beach,KwaDukuza,KwaZulu-Natal,693
293013,Zinqawe,Mhlontlo,Eastern Cape,24
290137,Zinyangeni,Ngquza Hill,Eastern Cape,410
260030,Zinyoka,Buffalo City,Eastern Cape,731
271474,Zinyoka,Mnquma,Eastern Cape,45
294264,Zinyoka,King Sabata Dalindyebo,Eastern Cape,356
295260,Zinyosini,Matatiele,Eastern Cape,502
291081,Ziphondo,Port St Johns,Eastern Cape,201
272011,Ziphunzana,Great Kei,Eastern Cape,738
271034,Ziqhamnganeni,Mnquma,Eastern Cape,474
283055,Zisoyini,Emalahleni,Eastern Cape,569
295251,Zitapile,Matatiele,Eastern Cape,612
292093,Zitatele,Nyandeni,Eastern Cape,1184
270340,Zitenjeni A,Mbhashe,Eastern Cape,420
270647,Zitenjeni B,Mbhashe,Eastern Cape,125
294341,Zitenjini,King Sabata Dalindyebo,Eastern Cape,436
294219,Zithembu,King Sabata Dalindyebo,Eastern Cape,686
270342,Zithenyini,Mbhashe,Eastern Cape,678
799061,Zithobeni,City of Tshwane,Gauteng,22434
294481,Zithulele,King Sabata Dalindyebo,Eastern Cape,231
271248,Zitulele,Mnquma,Eastern Cape,624
283093,Zitzpileni,Emalahleni,Eastern Cape,540
294369,Zixekeni,King Sabata Dalindyebo,Eastern Cape,225
292199,Zixholosini,Nyandeni,Eastern Cape,236
293258,Zixhotyeni,Mhlontlo,Eastern Cape,276
276051,Zixinene,Nkonkobe,Eastern Cape,219
283038,Zixinene,Emalahleni,Eastern Cape,495
260120,Zixothyeni,Buffalo City,Eastern Cape,371
276125,Zixotyeni,Nkonkobe,Eastern Cape,120
284083,Ziyekeni,Engcobo,Eastern Cape,699
589124,Ziyendane,uMlalazi,KwaZulu-Natal,1337
591008,Ziyendane,Mandeni,KwaZulu-Natal,1518
283132,Zizamele,Emalahleni,Eastern Cape,785
174004,Zoar,Kannaland,Western Cape,4659
877088,Zoeknog A,Bushbuckridge,Mpumalanga,4055
877053,Zoeknog B,Bushbuckridge,Mpumalanga,1660
279010,Zola,Tsolwana,Eastern Cape,4455
284181,Zola,Engcobo,Eastern Cape,374
169005,Zolani,Langeberg,Western Cape,5598
580160,Zomboda,Nongoma,KwaZulu-Natal,1394
569028,Zondagsrivierspoort,Indaka,KwaZulu-Natal,1205
580041,Zondane,Nongoma,KwaZulu-Natal,408
271472,Zondani,Mnquma,Eastern Cape,83
526022,Zondo,Dannhauser,KwaZulu-Natal,1558
284077,Zubura,Engcobo,Eastern Cape,405
294017,Zukezweni,King Sabata Dalindyebo,Eastern Cape,667
297057,Zulu,Mbizana,Eastern Cape,168
583055,Zulwini,Jozini,KwaZulu-Natal,300
580142,Zungu,Nongoma,KwaZulu-Natal,759
542049,Zungweni,Nkandla,KwaZulu-Natal,152
283104,Zwart Water,Emalahleni,Eastern Cape,302
579020,Zwartkloof,UPhongolo,KwaZulu-Natal,10169
763002,Zwartkop,Mogale City,Gauteng,2514
799066,Zwavelpoort,City of Tshwane,Gauteng,1148
274129,Zweledinga,Ngqushwa,Eastern Cape,2318
168006,Zweletemba,Breede Valley,Western Cape,18172
599145,Zwelibomvu,eThekwini,KwaZulu-Natal,8887
172018,Zwelihle,Overstrand,Western Cape,18210
571017,Zwelisha,Okhahlamba,KwaZulu-Natal,3369
573017,Zwelisha,Imbabazane,KwaZulu-Natal,5085
874045,Zwelisha,Mbombela,Mpumalanga,12636
260086,Zwelitsha,Buffalo City,Eastern Cape,18189
270287,Zwelitsha,Mbhashe,Eastern Cape,459
271328,Zwelitsha,Mnquma,Eastern Cape,227
273074,Zwelitsha,Amahlathi,Eastern Cape,1581
286125,Zwelitsha,Elundini,Eastern Cape,315
290264,Zwelitsha,Ngquza Hill,Eastern Cape,703
293265,Zwelitsha,Mhlontlo,Eastern Cape,857
294243,Zwelitsha,King Sabata Dalindyebo,Eastern Cape,253
295004,Zwelitsha,Matatiele,Eastern Cape,228
296049,Zwelitsha,Umzimvubu,Eastern Cape,66
298129,Zwelitsha,Ntabankulu,Eastern Cape,53
598009,Zwelitsha,Umzimkhulu,KwaZulu-Natal,453
965033,Zwigodini,Mutale,Limpopo,706
561002,aMahlongwa,Umdoni,KwaZulu-Natal,7455
270486,eBakaneni,Mbhashe,Eastern Cape,930
270448,eBelungwini,Mbhashe,Eastern Cape,314
260033,eBhalasi,Buffalo City,Eastern Cape,2457
271021,eBhisiniya,Mnquma,Eastern Cape,255
271437,eBhityolo,Mnquma,Eastern Cape,133
271206,eBhoyileni,Mnquma,Eastern Cape,363
286172,eBhusabelo,Elundini,Eastern Cape,0
271160,eBika,Mnquma,Eastern Cape,782
284175,eBiyoni,Engcobo,Eastern Cape,113
260125,eBongweni,Buffalo City,Eastern Cape,731
283133,eCacadu,Emalahleni,Eastern Cape,1961
283025,eChibini,Emalahleni,Eastern Cape,175
285008,eChibini,Sakhisizwe,Eastern Cape,370
290131,eChibini,Ngquza Hill,Eastern Cape,297
292112,eChibini,Nyandeni,Eastern Cape,402
284381,eChibini A,Engcobo,Eastern Cape,68
284371,eCibini,Engcobo,Eastern Cape,317
271064,eDakaneni,Mnquma,Eastern Cape,111
286133,eDiphini,Elundini,Eastern Cape,301
283156,eDipini,Emalahleni,Eastern Cape,461
260013,eDrayini,Buffalo City,Eastern Cape,534
276115,eDrayini,Nkonkobe,Eastern Cape,474
284217,eDrayini,Engcobo,Eastern Cape,257
295026,eDrayini,Matatiele,Eastern Cape,527
270393,eDrayini A,Mbhashe,Eastern Cape,1065
271496,eDrayini A,Mnquma,Eastern Cape,189
270586,eDrayini B,Mbhashe,Eastern Cape,199
271191,eDrayini B,Mnquma,Eastern Cape,599
295045,eDresini,Matatiele,Eastern Cape,83
578017,eDumbe,eDumbe,KwaZulu-Natal,9094
578002,eDumbe NU,eDumbe,KwaZulu-Natal,20352
270094,eGadini,Mbhashe,Eastern Cape,446
284047,eGcabalata,Engcobo,Eastern Cape,367
283184,eGcibhala,Emalahleni,Eastern Cape,554
271113,eGcukesi,Mnquma,Eastern Cape,312
575126,eGezahlala A,Nqutu,KwaZulu-Natal,429
575123,eGezahlala B,Nqutu,KwaZulu-Natal,128
575113,eGezahlala C,Nqutu,KwaZulu-Natal,1755
575117,eGezahlala D,Nqutu,KwaZulu-Natal,507
575078,eGezahlala E,Nqutu,KwaZulu-Natal,571
292245,eGoli,Nyandeni,Eastern Cape,225
271188,eGoso,Mnquma,Eastern Cape,273
292332,eGoso,Nyandeni,Eastern Cape,518
284383,eGotyibeni,Engcobo,Eastern Cape,488
293326,eGotyibeni,Mhlontlo,Eastern Cape,753
270482,eGotyibeni A,Mbhashe,Eastern Cape,581
270445,eGotyibeni B,Mbhashe,Eastern Cape,323
271194,eGqubeni,Mnquma,Eastern Cape,449
271337,eGrakhulu,Mnquma,Eastern Cape,225
583090,eGujini,Jozini,KwaZulu-Natal,2214
284048,eGxojeni,Engcobo,Eastern Cape,278
286154,eHlangalana,Elundini,Eastern Cape,90
561001,eHlanzeni,Umdoni,KwaZulu-Natal,997
284375,eHukwini,Engcobo,Eastern Cape,262
271027,eJekezi,Mnquma,Eastern Cape,426
260166,eJojweni,Buffalo City,Eastern Cape,1818
286132,eJojweni,Elundini,Eastern Cape,355
294354,eJojweni,King Sabata Dalindyebo,Eastern Cape,786
270247,eJojweni A,Mbhashe,Eastern Cape,912
273004,eJojweni A,Amahlathi,Eastern Cape,156
283087,eJojweni A,Emalahleni,Eastern Cape,362
284439,eJojweni A,Engcobo,Eastern Cape,152
270476,eJojweni B,Mbhashe,Eastern Cape,403
273013,eJojweni B,Amahlathi,Eastern Cape,404
283099,eJojweni B,Emalahleni,Eastern Cape,274
284243,eJojweni B,Engcobo,Eastern Cape,220
271184,eKomannishini,Mnquma,Eastern Cape,268
270611,eKrozweni,Mbhashe,Eastern Cape,204
582018,eKuhluphekeni,Umhlabuyalingana,KwaZulu-Natal,4441
284352,eKunene,Engcobo,Eastern Cape,1044
294360,eKunene,King Sabata Dalindyebo,Eastern Cape,253
273022,eLalini,Amahlathi,Eastern Cape,295
274088,eLalini,Ngqushwa,Eastern Cape,548
276105,eLalini,Nkonkobe,Eastern Cape,198
282353,eLalini,Intsika Yethu,Eastern Cape,166
286231,eLalini,Elundini,Eastern Cape,250
270492,eLalini A,Mbhashe,Eastern Cape,433
271156,eLalini A,Mnquma,Eastern Cape,175
284408,eLalini A,Engcobo,Eastern Cape,410
270531,eLalini B,Mbhashe,Eastern Cape,238
271115,eLalini B,Mnquma,Eastern Cape,277
284335,eLalini B,Engcobo,Eastern Cape,125
270133,eLalini C,Mbhashe,Eastern Cape,288
271365,eLalini C,Mnquma,Eastern Cape,227
270044,eLalini D,Mbhashe,Eastern Cape,407
271080,eLalini D,Mnquma,Eastern Cape,223
270470,eLalini E,Mbhashe,Eastern Cape,617
271128,eLalini E,Mnquma,Eastern Cape,265
270645,eLalini F,Mbhashe,Eastern Cape,213
271020,eLalini F,Mnquma,Eastern Cape,211
271010,eLalini G,Mnquma,Eastern Cape,255
270035,eLalini H,Mbhashe,Eastern Cape,311
271278,eLengeni,Mnquma,Eastern Cape,469
282005,eLeni,Intsika Yethu,Eastern Cape,202
270614,eLigwa,Mbhashe,Eastern Cape,162
284015,eLixeni,Engcobo,Eastern Cape,369
285082,eLixeni,Sakhisizwe,Eastern Cape,455
284088,eLokishini,Engcobo,Eastern Cape,284
283152,eLupindweni A,Emalahleni,Eastern Cape,146
283125,eLupindweni B,Emalahleni,Eastern Cape,437
282085,eLuqolweni,Intsika Yethu,Eastern Cape,697
271151,eLusuthu,Mnquma,Eastern Cape,540
270249,eLuthuthu,Mbhashe,Eastern Cape,235
283066,eLuxeni A,Emalahleni,Eastern Cape,253
283171,eLuxeni B,Emalahleni,Eastern Cape,351
270059,eLuxomo,Mbhashe,Eastern Cape,349
286098,eLuzie Drift,Elundini,Eastern Cape,651
270040,eMabheleni,Mbhashe,Eastern Cape,720
286104,eMabheleni,Elundini,Eastern Cape,84
284058,eMachibini,Engcobo,Eastern Cape,258
583035,eMachobeni,Jozini,KwaZulu-Natal,1504
284234,eMacwereni,Engcobo,Eastern Cape,409
284196,eMadizeni,Engcobo,Eastern Cape,352
271167,eMadopholweni,Mnquma,Eastern Cape,509
284200,eMafusini,Engcobo,Eastern Cape,211
271497,eMagiqweni,Mnquma,Eastern Cape,681
270253,eMagocweni,Mbhashe,Eastern Cape,191
575130,eMagogo,Nqutu,KwaZulu-Natal,601
271274,eMagotsini,Mnquma,Eastern Cape,360
273097,eMagqobhokeni,Amahlathi,Eastern Cape,261
271166,eMahemini,Mnquma,Eastern Cape,386
271340,eMahlathini,Mnquma,Eastern Cape,163
286129,eMahlathini,Elundini,Eastern Cape,145
270499,eMahliwane,Mbhashe,Eastern Cape,775
270011,eMahlubeni,Mbhashe,Eastern Cape,469
274099,eMahlubini,Ngqushwa,Eastern Cape,307
286218,eMahlubini,Elundini,Eastern Cape,645
271464,eMahlubini A,Mnquma,Eastern Cape,423
271001,eMahlubini B,Mnquma,Eastern Cape,197
870006,eMakhazeni A,Emakhazeni,Mpumalanga,4564
877131,eMakhazeni B,Bushbuckridge,Mpumalanga,6118
274054,eMakhuzeni,Ngqushwa,Eastern Cape,82
271093,eMakodisini,Mnquma,Eastern Cape,645
868002,eMalahleni,Emalahleni,Mpumalanga,108673
283003,eMalahleni NU,Emalahleni,Eastern Cape,4818
868010,eMalahleni NU,Emalahleni,Mpumalanga,20684
870003,eMalahleni NU East,Emakhazeni,Mpumalanga,3176
870003,eMalahleni NU West,Emakhazeni,Mpumalanga,6176
271302,eMambendeni,Mnquma,Eastern Cape,425
270420,eMamfeneni,Mbhashe,Eastern Cape,794
284419,eMamfeneni,Engcobo,Eastern Cape,511
284135,eMampingeni,Engcobo,Eastern Cape,231
270262,eMampondweni A,Mbhashe,Eastern Cape,449
270378,eMampondweni B,Mbhashe,Eastern Cape,648
284068,eMamvulaneni,Engcobo,Eastern Cape,310
560026,eMandlalathi,Vulamehlo,KwaZulu-Natal,1330
284361,eMandlaneni,Engcobo,Eastern Cape,393
271406,eMangqangqa,Mnquma,Eastern Cape,167
270297,eMangqosinini,Mbhashe,Eastern Cape,457
260018,eMangweni,Buffalo City,Eastern Cape,311
270032,eMangweni,Mbhashe,Eastern Cape,168
282133,eMangweni,Intsika Yethu,Eastern Cape,553
284336,eMangweni,Engcobo,Eastern Cape,204
582012,eMangweni,Umhlabuyalingana,KwaZulu-Natal,1387
583072,eManqayini,Jozini,KwaZulu-Natal,1514
284376,eMantlegoso,Engcobo,Eastern Cape,186
284271,eMantlwaneni,Engcobo,Eastern Cape,299
271165,eMaphiko,Mnquma,Eastern Cape,125
283207,eMaqwatini,Emalahleni,Eastern Cape,269
271006,eMarhawuleni,Mnquma,Eastern Cape,94
271295,eMarhedwaneni,Mnquma,Eastern Cape,410
292129,eMasameni,Nyandeni,Eastern Cape,1474
271011,eMaseleni,Mnquma,Eastern Cape,264
271110,eMasisini,Mnquma,Eastern Cape,441
271177,eMaswusheni,Mnquma,Eastern Cape,48
271409,eMatipheni,Mnquma,Eastern Cape,198
270030,eMatolweni,Mbhashe,Eastern Cape,419
271172,eMatolweni,Mnquma,Eastern Cape,265
276153,eMatsamraleni A,Nkonkobe,Eastern Cape,54
284428,eMatyabomvu,Engcobo,Eastern Cape,276
284027,eMatylolweni,Engcobo,Eastern Cape,231
282249,eMatyolweni,Intsika Yethu,Eastern Cape,329
282045,eMawusheni A,Intsika Yethu,Eastern Cape,396
282157,eMawusheni B,Intsika Yethu,Eastern Cape,349
295235,eMaxesibeni,Matatiele,Eastern Cape,278
270114,eMaxhame,Mbhashe,Eastern Cape,320
283208,eMazimeni,Emalahleni,Eastern Cape,275
270047,eMazizini,Mbhashe,Eastern Cape,275
274127,eMazizini,Ngqushwa,Eastern Cape,285
282187,eMazizini,Intsika Yethu,Eastern Cape,338
284397,eMazizini,Engcobo,Eastern Cape,236
286015,eMazizini,Elundini,Eastern Cape,41
294420,eMazizini,King Sabata Dalindyebo,Eastern Cape,532
271058,eMbangweni,Mnquma,Eastern Cape,263
298072,eMbangweni,Ntabankulu,Eastern Cape,184
860027,eMbangweni,Albert Luthuli,Mpumalanga,2879
285085,eMbewuleni,Sakhisizwe,Eastern Cape,233
292244,eMboleni,Nyandeni,Eastern Cape,650
286101,eMbonisiweni,Elundini,Eastern Cape,54
286102,eMbopisiweni,Elundini,Eastern Cape,165
271211,eMbovu,Mnquma,Eastern Cape,229
284212,eMdungunyeni,Engcobo,Eastern Cape,224
271062,eMfulamde,Mnquma,Eastern Cape,528
271069,eMgcwe,Mnquma,Eastern Cape,412
271186,eMgqigweni,Mnquma,Eastern Cape,64
270009,eMgudlwane,Mbhashe,Eastern Cape,354
276165,eMgwanisheni,Nkonkobe,Eastern Cape,282
292046,eMhlanga,Nyandeni,Eastern Cape,1209
575128,eMhosheni,Nqutu,KwaZulu-Natal,18
286047,eMjikelweni,Elundini,Eastern Cape,51
560043,eMjunundwini,Vulamehlo,KwaZulu-Natal,1365
284053,eMkalweni,Engcobo,Eastern Cape,317
270034,eMlenzeni,Mbhashe,Eastern Cape,498
860025,eMlondozi,Albert Luthuli,Mpumalanga,0
284373,eMmangweni,Engcobo,Eastern Cape,263
271426,eMmangweni A,Mnquma,Eastern Cape,175
271425,eMmangweni B,Mnquma,Eastern Cape,331
271185,eMncuncuno,Mnquma,Eastern Cape,513
270610,eMndwaxa,Mbhashe,Eastern Cape,181
271081,eMngcwe,Mnquma,Eastern Cape,297
583048,eMombeni,Jozini,KwaZulu-Natal,2087
286170,eMoyeni,Elundini,Eastern Cape,351
292081,eMpangala,Nyandeni,Eastern Cape,1275
271102,eMphahleni A,Mnquma,Eastern Cape,510
271082,eMphahleni B,Mnquma,Eastern Cape,90
860030,eMphelandaba,Albert Luthuli,Mpumalanga,532
283165,eMthonjeni,Emalahleni,Eastern Cape,565
583046,eMthonjeni,Jozini,KwaZulu-Natal,1684
271338,eMtonjeni,Mnquma,Eastern Cape,307
566033,eMunyini,The Msunduzi,KwaZulu-Natal,2320
598119,eMvubukazi,Umzimkhulu,KwaZulu-Natal,1469
274070,eMxaxa,Ngqushwa,Eastern Cape,4
260058,eMxhaxho,Buffalo City,Eastern Cape,1637
276098,eMxohelo,Nkonkobe,Eastern Cape,172
271385,eMzitheni,Mnquma,Eastern Cape,700
284407,eMzwini,Engcobo,Eastern Cape,210
271391,eNcalukeni,Mnquma,Eastern Cape,276
283109,eNcalukeni,Emalahleni,Eastern Cape,977
284014,eNcalukeni,Engcobo,Eastern Cape,177
286176,eNcalukeni,Elundini,Eastern Cape,150
270469,eNdelane,Mbhashe,Eastern Cape,537
271253,eNdenya,Mnquma,Eastern Cape,308
165008,eNduli,Witzenberg,Western Cape,9351
282190,eNdulini,Intsika Yethu,Eastern Cape,406
284338,eNdulini,Engcobo,Eastern Cape,545
270170,eNdulini A,Mbhashe,Eastern Cape,200
270005,eNdulini B,Mbhashe,Eastern Cape,76
284221,eNdungunyeni,Engcobo,Eastern Cape,159
284227,eNgcacu A,Engcobo,Eastern Cape,508
284229,eNgcacu B,Engcobo,Eastern Cape,249
271354,eNgcingcinikhwe,Mnquma,Eastern Cape,203
271171,eNgcwangu A,Mnquma,Eastern Cape,340
271178,eNgcwangu B,Mnquma,Eastern Cape,64
270244,eNgojini,Mbhashe,Eastern Cape,452
292130,eNgojini,Nyandeni,Eastern Cape,881
294378,eNgojini,King Sabata Dalindyebo,Eastern Cape,265
270361,eNgonyama,Mbhashe,Eastern Cape,743
582014,eNgozini,Umhlabuyalingana,KwaZulu-Natal,1860
284379,eNgqaba,Engcobo,Eastern Cape,145
283102,eNgqanda,Emalahleni,Eastern Cape,342
283103,eNgqanda A,Emalahleni,Eastern Cape,337
283129,eNgqanda B,Emalahleni,Eastern Cape,445
271284,eNgqaqeni,Mnquma,Eastern Cape,190
274028,eNgquthu,Ngqushwa,Eastern Cape,203
276079,eNgwabeni,Nkonkobe,Eastern Cape,659
271482,eNgwane,Mnquma,Eastern Cape,403
871008,eNgwengameni,Thembisile,Mpumalanga,721
271003,eNgxalawe,Mnquma,Eastern Cape,97
271305,eNgxewane,Mnquma,Eastern Cape,190
270052,eNgxingweni,Mbhashe,Eastern Cape,178
286062,eNgxingweni,Elundini,Eastern Cape,263
282257,eNgxingweni A,Intsika Yethu,Eastern Cape,400
282310,eNgxingweni B,Intsika Yethu,Eastern Cape,210
576075,eNhlalakahle,Msinga,KwaZulu-Natal,1112
286037,eNkalweni,Elundini,Eastern Cape,1434
271275,eNkanini,Mnquma,Eastern Cape,529
271372,eNkcalwini,Mnquma,Eastern Cape,260
271356,eNkelekethe,Mnquma,Eastern Cape,281
270497,eNkolweni,Mbhashe,Eastern Cape,494
582004,eNkovukeni,Umhlabuyalingana,KwaZulu-Natal,157
270360,eNkunkumeni,Mbhashe,Eastern Cape,467
270570,eNqileni,Mbhashe,Eastern Cape,423
271247,eNqileni,Mnquma,Eastern Cape,744
506036,eNtaba,Hibiscus Coast,KwaZulu-Natal,2330
284198,eNtabeni,Engcobo,Eastern Cape,284
286041,eNtabeni,Elundini,Eastern Cape,199
282315,eNtilini,Intsika Yethu,Eastern Cape,353
270426,eNtilini A,Mbhashe,Eastern Cape,379
270538,eNtilini B,Mbhashe,Eastern Cape,72
270565,eNtilini C,Mbhashe,Eastern Cape,249
270500,eNtilini D,Mbhashe,Eastern Cape,246
271070,eNtlakwendlela,Mnquma,Eastern Cape,349
284415,eNtlakwesikolo,Engcobo,Eastern Cape,448
283006,eNtlanjeni,Emalahleni,Eastern Cape,294
271004,eNtlekiseni,Mnquma,Eastern Cape,120
284429,eNtlekiseni A,Engcobo,Eastern Cape,328
284413,eNtlekiseni B,Engcobo,Eastern Cape,236
271192,eNtobeni,Mnquma,Eastern Cape,505
870008,eNtokozweni,Emakhazeni,Mpumalanga,8835
271228,eNtombo,Mnquma,Eastern Cape,489
270481,eNtshatshongo A,Mbhashe,Eastern Cape,99
270384,eNtshatshongo B,Mbhashe,Eastern Cape,414
270144,eNtshingeni,Mbhashe,Eastern Cape,208
271212,eNtshingeni,Mnquma,Eastern Cape,193
292242,eNtshingeni,Nyandeni,Eastern Cape,570
270181,eNtshingeni A,Mbhashe,Eastern Cape,375
287113,eNtsimekweni,Senqu,Eastern Cape,2870
271312,eNtsukazi,Mnquma,Eastern Cape,348
270012,eNtwashini B,Mbhashe,Eastern Cape,165
282141,eNtwashwini,Intsika Yethu,Eastern Cape,822
284351,eNtwashwini A,Engcobo,Eastern Cape,555
284321,eNtwashwini B,Engcobo,Eastern Cape,709
270015,eNyandeni,Mbhashe,Eastern Cape,305
295239,eNyanisweni,Matatiele,Eastern Cape,361
286188,eNyibibeni,Elundini,Eastern Cape,611
271243,ePhika,Mnquma,Eastern Cape,239
274044,ePhole,Ngqushwa,Eastern Cape,418
583012,ePhosheni,Jozini,KwaZulu-Natal,2378
286189,ePifane,Elundini,Eastern Cape,21
274117,eQeto,Ngqushwa,Eastern Cape,952
270036,eQhokama,Mbhashe,Eastern Cape,434
270054,eQolweni,Mbhashe,Eastern Cape,280
282063,eQolweni,Intsika Yethu,Eastern Cape,246
284435,eQolweni A,Engcobo,Eastern Cape,138
284267,eQolweni B,Engcobo,Eastern Cape,339
286174,eRamatiya,Elundini,Eastern Cape,348
271313,eRhala,Mnquma,Eastern Cape,409
273124,eRhamnyiba,Amahlathi,Eastern Cape,1294
270359,eRhwantsini A,Mbhashe,Eastern Cape,616
270090,eRhwantsini B,Mbhashe,Eastern Cape,542
271075,eSantini,Mnquma,Eastern Cape,207
294437,eSidikidini,King Sabata Dalindyebo,Eastern Cape,453
271187,eSidutyini,Mnquma,Eastern Cape,125
271180,eSigadini,Mnquma,Eastern Cape,480
284300,eSigangeni,Engcobo,Eastern Cape,742
285084,eSigangeni,Sakhisizwe,Eastern Cape,320
271531,eSigingqini,Mnquma,Eastern Cape,178
274119,eSigingqini,Ngqushwa,Eastern Cape,205
271195,eSigingqini A,Mnquma,Eastern Cape,177
276108,eSigingqini A,Nkonkobe,Eastern Cape,555
271348,eSigingqini B,Mnquma,Eastern Cape,526
276047,eSigingqini B,Nkonkobe,Eastern Cape,501
566043,eSigodini Esifishane,The Msunduzi,KwaZulu-Natal,1707
575119,eSigqokweni,Nqutu,KwaZulu-Natal,623
575093,eSigqumeni A,Nqutu,KwaZulu-Natal,750
575127,eSigqumeni B,Nqutu,KwaZulu-Natal,456
271066,eSihlabeni,Mnquma,Eastern Cape,378
283198,eSihlabeni,Emalahleni,Eastern Cape,275
284334,eSihlabeni,Engcobo,Eastern Cape,255
294177,eSihlabeni,King Sabata Dalindyebo,Eastern Cape,611
270043,eSihlabeni A,Mbhashe,Eastern Cape,183
270098,eSihlabeni B,Mbhashe,Eastern Cape,73
270254,eSihlabeni C,Mbhashe,Eastern Cape,348
270632,eSihlanini,Mbhashe,Eastern Cape,144
284427,eSikhobeni,Engcobo,Eastern Cape,78
284374,eSikhobotini,Engcobo,Eastern Cape,147
297045,eSikhumbeni (Mzamba),Mbizana,Eastern Cape,1190
284052,eSikhungwini,Engcobo,Eastern Cape,69
283174,eSikhwankqeni,Emalahleni,Eastern Cape,78
282244,eSikobeni,Intsika Yethu,Eastern Cape,49
270176,eSikolweni,Mbhashe,Eastern Cape,118
271033,eSikolweni,Mnquma,Eastern Cape,326
294371,eSikolweni,King Sabata Dalindyebo,Eastern Cape,743
284330,eSilevini,Engcobo,Eastern Cape,309
270334,eSingangeni,Mbhashe,Eastern Cape,96
260048,eSingeni,Buffalo City,Eastern Cape,1343
284045,eSingeni A,Engcobo,Eastern Cape,198
282131,eSingeni B,Intsika Yethu,Eastern Cape,309
284386,eSingeni B,Engcobo,Eastern Cape,108
282200,eSingeni C,Intsika Yethu,Eastern Cape,253
576086,eSinyameni,Msinga,KwaZulu-Natal,1184
271026,eSiqithini A,Mnquma,Eastern Cape,536
271023,eSirhosheni A,Mnquma,Eastern Cape,165
271175,eSirhosheni B,Mnquma,Eastern Cape,423
292232,eSitshayelweni,Nyandeni,Eastern Cape,545
583026,eSiweni,Jozini,KwaZulu-Natal,3847
283123,eSixekweni,Emalahleni,Eastern Cape,804
284213,eSixholosi,Engcobo,Eastern Cape,658
271311,eSixhotyeni,Mnquma,Eastern Cape,403
282258,eSixhotyeni,Intsika Yethu,Eastern Cape,69
294253,eSixhotyeni,King Sabata Dalindyebo,Eastern Cape,296
271057,eSizindini,Mnquma,Eastern Cape,292
286199,eSizindini,Elundini,Eastern Cape,311
284343,eTaleni,Engcobo,Eastern Cape,750
283163,eThafeni,Emalahleni,Eastern Cape,613
286131,eThembalethu,Elundini,Eastern Cape,123
270364,eThembeni,Mbhashe,Eastern Cape,170
271181,eThika,Mnquma,Eastern Cape,371
273040,eThwishini,Amahlathi,Eastern Cape,68
286152,eTombelihle,Elundini,Eastern Cape,244
560036,eTshenkombo,Vulamehlo,KwaZulu-Natal,810
270557,eTshingeni,Mbhashe,Eastern Cape,159
286138,eTshubutshezi,Elundini,Eastern Cape,196
287093,eTyinindini,Senqu,Eastern Cape,1614
271438,eTyiweni A,Mnquma,Eastern Cape,63
271428,eTyiweni B,Mnquma,Eastern Cape,83
271330,eVotini,Mnquma,Eastern Cape,148
270029,eXeni,Mbhashe,Eastern Cape,355
284339,eXibeni,Engcobo,Eastern Cape,95
284199,eXuka,Engcobo,Eastern Cape,343
270255,eZantsi,Mbhashe,Eastern Cape,416
566019,eZibomvini,The Msunduzi,KwaZulu-Natal,1182
271203,eZibondeni,Mnquma,Eastern Cape,604
270638,eZimfeneni,Mbhashe,Eastern Cape,99
292102,eZinduneni,Nyandeni,Eastern Cape,955
271112,eZingqayi,Mnquma,Eastern Cape,402
271498,eZingxondoreni,Mnquma,Eastern Cape,143
583041,eZinhlwathini,Jozini,KwaZulu-Natal,1039
294048,eZintabeni,King Sabata Dalindyebo,Eastern Cape,1059
271032,eZintukwini,Mnquma,Eastern Cape,398
295250,eZipamprini,Matatiele,Eastern Cape,66
270534,eZiqhorhana,Mbhashe,Eastern Cape,347
271480,eZisoyini,Mnquma,Eastern Cape,181
270228,eZithenjini,Mbhashe,Eastern Cape,784
271129,eZixhotyeni,Mnquma,Eastern Cape,185
270418,iBende,Mbhashe,Eastern Cape,615
299005,iBhayi,Nelson Mandela Bay,Eastern Cape,237799
270251,iCumakala,Mbhashe,Eastern Cape,539
283096,iCumakala,Emalahleni,Eastern Cape,2212
271280,iDyaba,Mnquma,Eastern Cape,475
260165,iKhiwane,Buffalo City,Eastern Cape,1039
270593,iNcedana,Mbhashe,Eastern Cape,361
542063,iNdanyana,Nkandla,KwaZulu-Natal,471
576002,iNdanyana  B,Msinga,KwaZulu-Natal,746
542062,iNdanyana A,Nkandla,KwaZulu-Natal,5
270442,iNgcingwane,Mbhashe,Eastern Cape,691
575116,iNhlabamkhosi,Nqutu,KwaZulu-Natal,1363
271344,iNkonkwane,Mnquma,Eastern Cape,364
271176,iNtlambonkulu,Mnquma,Eastern Cape,358
581029,iThaka,Ulundi,KwaZulu-Natal,209
270025,iXeni,Mbhashe,Eastern Cape,77
966224,ka-Maveke,Thulamela,Limpopo,1207
560020,kaMpuco,Vulamehlo,KwaZulu-Natal,648
276166,kuDikidikana,Nkonkobe,Eastern Cape,634
294477,kuMine,King Sabata Dalindyebo,Eastern Cape,179
276122,kwaSawu,Nkonkobe,Eastern Cape,947
285004,uLahlangubo,Sakhisizwe,Eastern Cape,154
270308,uMangathi,Mbhashe,Eastern Cape,703
261004,uMasizakhe,Camdeboo,Eastern Cape,9087
271141,uMgagasi,Mnquma,Eastern Cape,534
285026,uMgwalana,Sakhisizwe,Eastern Cape,551
538010,uMhlathuze NU,uMhlathuze,KwaZulu-Natal,9112
571072,uMhlwanzini,Okhahlamba,KwaZulu-Natal,1258
589002,uMlalazi NU,uMlalazi,KwaZulu-Natal,7396
563002,uMngeni NU,uMngeni,KwaZulu-Natal,14433
271050,uMntla,Mnquma,Eastern Cape,583
562008,uMshwathi NU,uMshwathi,KwaZulu-Natal,21127
570004,uMtshezi NU,Umtshezi,KwaZulu-Natal,21639
577036,uMvoti,Umvoti,KwaZulu-Natal,112
260050,uMzantsi,Buffalo City,Eastern Cape,1373
271258,uMzantsi A,Mnquma,Eastern Cape,257
282138,uMzantsi A,Intsika Yethu,Eastern Cape,90
271143,uMzantsi B,Mnquma,Eastern Cape,232
282351,uMzantsi B,Intsika Yethu,Eastern Cape,436
271270,uMzantsi C,Mnquma,Eastern Cape,265
282124,uMzantsi C,Intsika Yethu,Eastern Cape,403
